{
  "type": "FeatureCollection",
  "features": [
    {
      "type": "Feature",
      "geometry": {
        "type": "Point",
        "coordinates": [
          121.5104886,
          25.0301048
        ]
      },
      "properties": {
        "source_city": "臺北市",
        "source": "data.taipei Todaywork.json",
        "case_no": "104003395",
        "project_name": "市政建設(捷運局-捷運工程)",
        "organizer": "捷運二工處(南區)",
        "district": "中正區",
        "address": "南海路南海路牯嶺街口至和平西路(含路口)穿越平房至西藏路惠安街",
        "start_date": "115/04/22",
        "end_date": "115/07/15",
        "date_range": "115/04/22~115/07/15"
      }
    },
    {
      "type": "Feature",
      "geometry": {
        "type": "Point",
        "coordinates": [
          121.5851987,
          25.041808
        ]
      },
      "properties": {
        "source_city": "臺北市",
        "source": "data.taipei Todaywork.json",
        "case_no": "105006940",
        "project_name": "市政建設(捷運局-捷運工程)",
        "organizer": "捷運二工處(南區)",
        "district": "信義區",
        "address": "福德街福德街/松山路口(向南至松山路639號前)至中坡南路/福德街西側(含巷道、林口街、大道路)，及中坡南路口往北60.2公尺/中坡南路201巷口36.2公尺",
        "start_date": "113/01/24",
        "end_date": "115/12/31",
        "date_range": "113/01/24~115/12/31"
      }
    },
    {
      "type": "Feature",
      "geometry": {
        "type": "Point",
        "coordinates": [
          121.5785339,
          25.0363432
        ]
      },
      "properties": {
        "source_city": "臺北市",
        "source": "data.taipei Todaywork.json",
        "case_no": "105006940",
        "project_name": "市政建設(捷運局-捷運工程)",
        "organizer": "捷運二工處(南區)",
        "district": "信義區",
        "address": "福德街福德街/松山路口(向南至松山路639號前)至中坡南路/福德街西側(含巷道、林口街、大道路)，及中坡南路口往北60.2公尺/中坡南路201巷口36.2公尺",
        "start_date": "113/01/24",
        "end_date": "115/12/31",
        "date_range": "113/01/24~115/12/31"
      }
    },
    {
      "type": "Feature",
      "geometry": {
        "type": "Point",
        "coordinates": [
          121.4995055,
          25.0226564
        ]
      },
      "properties": {
        "source_city": "臺北市",
        "source": "data.taipei Todaywork.json",
        "case_no": "106000338",
        "project_name": "市政建設(捷運局-捷運工程)",
        "organizer": "捷運二工處(南區)",
        "district": "萬華區",
        "address": "萬大萬大路上344巷至493巷間；萬大路至長泰街73巷口；萬大路至萬大路423巷20弄巷口；萬大路至萬大路322巷5弄巷口；萬大路至東園街215號；萬大路至長泰街100號；萬大路387巷11號",
        "start_date": "113/06/03",
        "end_date": "116/02/01",
        "date_range": "113/06/03~116/02/01"
      }
    },
    {
      "type": "Feature",
      "geometry": {
        "type": "Point",
        "coordinates": [
          121.5162246,
          25.032462
        ]
      },
      "properties": {
        "source_city": "臺北市",
        "source": "data.taipei Todaywork.json",
        "case_no": "106001039",
        "project_name": "市政建設(捷運局-捷運工程)",
        "organizer": "捷運二工處(南區)",
        "district": "中正區",
        "address": "南海路南海路:從羅斯福路至重慶南路口；南昌路:從南昌路一段51巷至南海路口；南海路至南昌路一段10巷邊10-2菸酒公司大門；牿嶺街:南海路至牿嶺街5巷口；重慶南路二段19巷:南海路至重慶南路二段19巷6號前。",
        "start_date": "114/02/01",
        "end_date": "115/09/19",
        "date_range": "114/02/01~115/09/19"
      }
    },
    {
      "type": "Feature",
      "geometry": {
        "type": "Point",
        "coordinates": [
          121.5042935,
          25.029917
        ]
      },
      "properties": {
        "source_city": "臺北市",
        "source": "data.taipei Todaywork.json",
        "case_no": "106001240-1",
        "project_name": "市政建設(捷運局-捷運工程)",
        "organizer": "捷運二工處(南區)",
        "district": "中正區",
        "address": "西藏路西藏路段:從汀洲路一段路口至西藏路182旁(莒光路153巷口)。中華路二段315巷段:從西藏路口至中華路二段303巷口。萬大路段:從萬大路與西藏路口至萬大路322巷口。",
        "start_date": "114/02/20",
        "end_date": "115/09/19",
        "date_range": "114/02/20~115/09/19"
      }
    },
    {
      "type": "Feature",
      "geometry": {
        "type": "Point",
        "coordinates": [
          121.5324049,
          25.0458882
        ]
      },
      "properties": {
        "source_city": "臺北市",
        "source": "data.taipei Todaywork.json",
        "case_no": "112001840",
        "project_name": "其他(行政院核定國家重大公共建設工程)",
        "organizer": "台電輸變電",
        "district": "中山區",
        "address": "新生北路1段36號及松江路交會路口，沿新生北路1段，至新生北路2段(橋旁平面道路)與林森北路383巷交叉口旁中山DS變電所",
        "start_date": "115/01/01",
        "end_date": "115/12/31",
        "date_range": "115/01/01~115/12/31"
      }
    },
    {
      "type": "Feature",
      "geometry": {
        "type": "Point",
        "coordinates": [
          121.5791736,
          24.9979665
        ]
      },
      "properties": {
        "source_city": "臺北市",
        "source": "data.taipei Todaywork.json",
        "case_no": "113000851",
        "project_name": "市政建設(捷運局-捷運工程)",
        "organizer": "捷運二工處(南區)",
        "district": "文山區",
        "address": "新光路2段8號至32號、秀明路二段與萬壽路交叉路口",
        "start_date": "115/01/01",
        "end_date": "121/04/10",
        "date_range": "115/01/01~121/04/10"
      }
    },
    {
      "type": "Feature",
      "geometry": {
        "type": "Point",
        "coordinates": [
          121.5185755,
          25.0924147
        ]
      },
      "properties": {
        "source_city": "臺北市",
        "source": "data.taipei Todaywork.json",
        "case_no": "113003842",
        "project_name": "市政建設(捷運局-捷運工程)",
        "organizer": "捷運一工處(東區)",
        "district": "士林區",
        "address": "中正路(中正路493號至521號)、通河西街二段10旁",
        "start_date": "115/01/01",
        "end_date": "121/09/07",
        "date_range": "115/01/01~121/09/07"
      }
    },
    {
      "type": "Feature",
      "geometry": {
        "type": "Point",
        "coordinates": [
          121.5958402,
          25.0629143
        ]
      },
      "properties": {
        "source_city": "臺北市",
        "source": "data.taipei Todaywork.json",
        "case_no": "114001822-2",
        "project_name": "管線單位需求-建設需求",
        "organizer": "台電輸變電",
        "district": "內湖區",
        "address": "南京東路6段463號前，經成功路2段、安康路25巷口、永保街與安康路口至永保街142號旁",
        "start_date": "114/12/17",
        "end_date": "116/01/03",
        "date_range": "114/12/17~116/01/03"
      }
    },
    {
      "type": "Feature",
      "geometry": {
        "type": "Point",
        "coordinates": [
          121.5465856,
          25.0982549
        ]
      },
      "properties": {
        "source_city": "臺北市",
        "source": "data.taipei Todaywork.json",
        "case_no": "114002532-1",
        "project_name": "市政建設(捷運局-捷運工程)",
        "organizer": "捷運一工處(東區)",
        "district": "士林區",
        "address": "至善路2段113巷交叉口(故宮路)至2段221號(故宮博物院前)",
        "start_date": "115/01/01",
        "end_date": "123/09/18",
        "date_range": "115/01/01~123/09/18"
      }
    },
    {
      "type": "Feature",
      "geometry": {
        "type": "Point",
        "coordinates": [
          121.5562166,
          25.084552
        ]
      },
      "properties": {
        "source_city": "臺北市",
        "source": "data.taipei Todaywork.json",
        "case_no": "114003091",
        "project_name": "市政建設(捷運局-捷運工程)",
        "organizer": "捷運一工處(東區)",
        "district": "中山區",
        "address": "敬業二路(植福路至北安路口間)，北安路(敬業二路至敬業三路口間，東西向車道)，敬業三路(植福路口至121號前)",
        "start_date": "115/01/01",
        "end_date": "123/09/18",
        "date_range": "115/01/01~123/09/18"
      }
    },
    {
      "type": "Feature",
      "geometry": {
        "type": "Point",
        "coordinates": [
          121.594164,
          25.0486381
        ]
      },
      "properties": {
        "source_city": "臺北市",
        "source": "data.taipei Todaywork.json",
        "case_no": "114003216",
        "project_name": "民生需求-新建房屋",
        "organizer": "台電北區",
        "district": "南港區",
        "address": "昆陽街163巷與東新街口至(沿東新街至昆陽街171巷1弄口)，(沿昆陽街163巷近光華營區口旁)及(昆陽街154-2號與昆陽街158-1號間)",
        "start_date": "115/04/20",
        "end_date": "115/05/31",
        "date_range": "115/04/20~115/05/31"
      }
    },
    {
      "type": "Feature",
      "geometry": {
        "type": "Point",
        "coordinates": [
          121.5708635,
          24.9903482
        ]
      },
      "properties": {
        "source_city": "臺北市",
        "source": "data.taipei Todaywork.json",
        "case_no": "114003599",
        "project_name": "市政建設(捷運局-捷運工程)",
        "organizer": "捷運二工處(南區)",
        "district": "文山區",
        "address": "木新路1段木新路一段開元街口至木柵路三段246號",
        "start_date": "115/01/01",
        "end_date": "124/01/13",
        "date_range": "115/01/01~124/01/13"
      }
    },
    {
      "type": "Feature",
      "geometry": {
        "type": "Point",
        "coordinates": [
          121.5606771,
          24.9887375
        ]
      },
      "properties": {
        "source_city": "臺北市",
        "source": "data.taipei Todaywork.json",
        "case_no": "114003796",
        "project_name": "市政建設(捷運局-捷運工程)",
        "organizer": "捷運二工處(南區)",
        "district": "文山區",
        "address": "木柵路2段木柵路二段67巷至木柵路二段125號",
        "start_date": "114/11/01",
        "end_date": "124/01/13",
        "date_range": "114/11/01~124/01/13"
      }
    },
    {
      "type": "Feature",
      "geometry": {
        "type": "Point",
        "coordinates": [
          121.5515875,
          24.9876901
        ]
      },
      "properties": {
        "source_city": "臺北市",
        "source": "data.taipei Todaywork.json",
        "case_no": "114004032",
        "project_name": "市政建設(捷運局-捷運工程)",
        "organizer": "捷運二工處(南區)",
        "district": "文山區",
        "address": "木柵路1段木柵路一段(試院路雙號-辛亥路6段)",
        "start_date": "114/11/15",
        "end_date": "124/01/13",
        "date_range": "114/11/15~124/01/13"
      }
    },
    {
      "type": "Feature",
      "geometry": {
        "type": "Point",
        "coordinates": [
          121.5319952,
          25.0966484
        ]
      },
      "properties": {
        "source_city": "臺北市",
        "source": "data.taipei Todaywork.json",
        "case_no": "114004083-1",
        "project_name": "市政建設(捷運局-捷運工程)",
        "organizer": "捷運一工處(東區)",
        "district": "士林區",
        "address": "中正路(中正路229號至雨農路)、志成街(中正路至志成街22巷)、雨農路2號對面(志成公園旁)及福林路(四號廣場前)",
        "start_date": "114/11/07",
        "end_date": "123/08/31",
        "date_range": "114/11/07~123/08/31"
      }
    },
    {
      "type": "Feature",
      "geometry": {
        "type": "Point",
        "coordinates": [
          121.5198252,
          25.093447
        ]
      },
      "properties": {
        "source_city": "臺北市",
        "source": "data.taipei Todaywork.json",
        "case_no": "114004157-3",
        "project_name": "市政建設(捷運局-捷運工程)",
        "organizer": "捷運一工處(東區)",
        "district": "士林區",
        "address": "中正路中正路281號至493號旁及中正路435巷5號",
        "start_date": "114/11/14",
        "end_date": "123/08/31",
        "date_range": "114/11/14~123/08/31"
      }
    },
    {
      "type": "Feature",
      "geometry": {
        "type": "Point",
        "coordinates": [
          121.5261275,
          25.0953768
        ]
      },
      "properties": {
        "source_city": "臺北市",
        "source": "data.taipei Todaywork.json",
        "case_no": "114004157-6",
        "project_name": "市政建設(捷運局-捷運工程)",
        "organizer": "捷運一工處(東區)",
        "district": "士林區",
        "address": "中正路220至281號、文林路424至464號",
        "start_date": "114/12/11",
        "end_date": "123/08/31",
        "date_range": "114/12/11~123/08/31"
      }
    },
    {
      "type": "Feature",
      "geometry": {
        "type": "Point",
        "coordinates": [
          121.5815917,
          24.9994978
        ]
      },
      "properties": {
        "source_city": "臺北市",
        "source": "data.taipei Todaywork.json",
        "case_no": "114004238",
        "project_name": "市政建設(捷運局-捷運工程)",
        "organizer": "捷運二工處(南區)",
        "district": "文山區",
        "address": "新光路2段台北市立動物園前",
        "start_date": "114/11/17",
        "end_date": "115/11/16",
        "date_range": "114/11/17~115/11/16"
      }
    },
    {
      "type": "Feature",
      "geometry": {
        "type": "Point",
        "coordinates": [
          121.5812162,
          24.9992352
        ]
      },
      "properties": {
        "source_city": "臺北市",
        "source": "data.taipei Todaywork.json",
        "case_no": "114004238",
        "project_name": "市政建設(捷運局-捷運工程)",
        "organizer": "捷運二工處(南區)",
        "district": "文山區",
        "address": "新光路2段台北市立動物園前",
        "start_date": "114/11/17",
        "end_date": "115/11/16",
        "date_range": "114/11/17~115/11/16"
      }
    },
    {
      "type": "Feature",
      "geometry": {
        "type": "Point",
        "coordinates": [
          121.580836,
          24.999019
        ]
      },
      "properties": {
        "source_city": "臺北市",
        "source": "data.taipei Todaywork.json",
        "case_no": "114004238",
        "project_name": "市政建設(捷運局-捷運工程)",
        "organizer": "捷運二工處(南區)",
        "district": "文山區",
        "address": "新光路2段台北市立動物園前",
        "start_date": "114/11/17",
        "end_date": "115/11/16",
        "date_range": "114/11/17~115/11/16"
      }
    },
    {
      "type": "Feature",
      "geometry": {
        "type": "Point",
        "coordinates": [
          121.5310492,
          25.0460453
        ]
      },
      "properties": {
        "source_city": "臺北市",
        "source": "data.taipei Todaywork.json",
        "case_no": "114004620",
        "project_name": "民生需求-新建房屋",
        "organizer": "台電市區",
        "district": "中山區",
        "address": "市民大道3段5號沿市民大道3段至金山北路一帶(市民大道3段至新生北路1段北上新生高架橋下平面道路)、新生北路1段46號至58號",
        "start_date": "115/05/02",
        "end_date": "115/05/10",
        "date_range": "115/05/02~115/05/10"
      }
    },
    {
      "type": "Feature",
      "geometry": {
        "type": "Point",
        "coordinates": [
          121.5051725,
          25.0922222
        ]
      },
      "properties": {
        "source_city": "臺北市",
        "source": "data.taipei Todaywork.json",
        "case_no": "115000076-3",
        "project_name": "民生需求-新建房屋",
        "organizer": "台電北區",
        "district": "士林區",
        "address": "社中街344號至永平街59號旁",
        "start_date": "115/04/23",
        "end_date": "115/05/08",
        "date_range": "115/04/23~115/05/08"
      }
    },
    {
      "type": "Feature",
      "geometry": {
        "type": "Point",
        "coordinates": [
          121.5791192,
          25.0601583
        ]
      },
      "properties": {
        "source_city": "臺北市",
        "source": "data.taipei Todaywork.json",
        "case_no": "115000221",
        "project_name": "市政建設(衛工處-污水管線)",
        "organizer": "衛工處",
        "district": "內湖區",
        "address": "舊宗路1段84號至100號、新湖一路185號至新湖一路與舊宗路1段交叉口附近地區",
        "start_date": "115/05/07",
        "end_date": "115/06/07",
        "date_range": "115/05/07~115/06/07"
      }
    },
    {
      "type": "Feature",
      "geometry": {
        "type": "Point",
        "coordinates": [
          121.5596609,
          25.0850578
        ]
      },
      "properties": {
        "source_city": "臺北市",
        "source": "data.taipei Todaywork.json",
        "case_no": "115000518-1",
        "project_name": "搶修-管(溝)渠損壞",
        "organizer": "水利處",
        "district": "內湖區",
        "address": "文湖街1號前",
        "start_date": "115/04/02",
        "end_date": "115/05/15",
        "date_range": "115/04/02~115/05/15"
      }
    },
    {
      "type": "Feature",
      "geometry": {
        "type": "Point",
        "coordinates": [
          121.5209333,
          25.0208161
        ]
      },
      "properties": {
        "source_city": "臺北市",
        "source": "data.taipei Todaywork.json",
        "case_no": "115000546",
        "project_name": "市政建設",
        "organizer": "自來水西區",
        "district": "中正區",
        "address": "同安街101巷與水源路交口",
        "start_date": "115/03/23",
        "end_date": "115/03/31",
        "date_range": "115/03/23~115/03/31"
      }
    },
    {
      "type": "Feature",
      "geometry": {
        "type": "Point",
        "coordinates": [
          121.5262823,
          25.0428884
        ]
      },
      "properties": {
        "source_city": "臺北市",
        "source": "data.taipei Todaywork.json",
        "case_no": "115000765",
        "project_name": "市政建設(自來水-計畫性汰管)",
        "organizer": "自來水南區",
        "district": "中正區",
        "address": "青島東路(林森南路至杭州南路1段)、濟南路1段(林森南路至杭州南路1段)",
        "start_date": "115/04/13",
        "end_date": "115/05/06",
        "date_range": "115/04/13~115/05/06"
      }
    },
    {
      "type": "Feature",
      "geometry": {
        "type": "Point",
        "coordinates": [
          121.5897767,
          25.0586524
        ]
      },
      "properties": {
        "source_city": "臺北市",
        "source": "data.taipei Todaywork.json",
        "case_no": "115000830",
        "project_name": "市政建設",
        "organizer": "台電北區",
        "district": "內湖區",
        "address": "潭美街與新明路143巷交岔口",
        "start_date": "115/04/18",
        "end_date": "115/05/03",
        "date_range": "115/04/18~115/05/03"
      }
    },
    {
      "type": "Feature",
      "geometry": {
        "type": "Point",
        "coordinates": [
          121.5736042,
          25.0473812
        ]
      },
      "properties": {
        "source_city": "臺北市",
        "source": "data.taipei Todaywork.json",
        "case_no": "115000896",
        "project_name": "市政建設",
        "organizer": "台電市區",
        "district": "信義區",
        "address": "永吉路225巷52弄與松隆路交叉口至永吉路225巷52弄一帶",
        "start_date": "115/04/29",
        "end_date": "115/05/09",
        "date_range": "115/04/29~115/05/09"
      }
    },
    {
      "type": "Feature",
      "geometry": {
        "type": "Point",
        "coordinates": [
          121.5687621,
          25.0451304
        ]
      },
      "properties": {
        "source_city": "臺北市",
        "source": "data.taipei Todaywork.json",
        "case_no": "115000990",
        "project_name": "民生需求-舊有用戶",
        "organizer": "台電市區",
        "district": "信義區",
        "address": "永吉路30巷與永吉路30巷12弄交叉口至永吉路30巷12弄一帶",
        "start_date": "115/04/30",
        "end_date": "115/05/03",
        "date_range": "115/04/30~115/05/03"
      }
    },
    {
      "type": "Feature",
      "geometry": {
        "type": "Point",
        "coordinates": [
          121.5570684,
          25.0439901
        ]
      },
      "properties": {
        "source_city": "臺北市",
        "source": "data.taipei Todaywork.json",
        "case_no": "AE1150027",
        "project_name": "搶修",
        "organizer": "水利處",
        "district": "大安區",
        "address": "光復南路96巷2號",
        "start_date": "115/04/30",
        "end_date": "115/05/05",
        "date_range": "115/04/30~115/05/05"
      }
    },
    {
      "type": "Feature",
      "geometry": {
        "type": "Point",
        "coordinates": [
          121.5179673,
          25.1074232
        ]
      },
      "properties": {
        "source_city": "臺北市",
        "source": "data.taipei Todaywork.json",
        "case_no": "WY1150061",
        "project_name": "搶修",
        "organizer": "自來水陽明",
        "district": "北投區",
        "address": "明德路38巷口與明德路交口",
        "start_date": "115/05/01",
        "end_date": "115/05/03",
        "date_range": "115/05/01~115/05/03"
      }
    },
    {
      "type": "Feature",
      "geometry": {
        "type": "Point",
        "coordinates": [
          121.5039325,
          25.0300803
        ]
      },
      "properties": {
        "source_city": "臺北市",
        "source": "data.taipei Todaywork.json",
        "case_no": "11200189-19",
        "project_name": "道路維護",
        "organizer": "捷運二工處(南區)",
        "district": "萬華區",
        "address": "南海路/羅斯福路至南海路/和平西路口西藏路/汀洲路口至萬大路/長泰街口",
        "start_date": "115/01/01",
        "end_date": "115/06/30",
        "date_range": "115/01/01~115/06/30"
      }
    },
    {
      "type": "Feature",
      "geometry": {
        "type": "Point",
        "coordinates": [
          121.5760594,
          25.0347221
        ]
      },
      "properties": {
        "source_city": "臺北市",
        "source": "data.taipei Todaywork.json",
        "case_no": "11300943-5",
        "project_name": "道路維護",
        "organizer": "捷運二工處(南區)",
        "district": "信義區",
        "address": "信義路6段(26巷~76巷)",
        "start_date": "115/01/01",
        "end_date": "115/05/31",
        "date_range": "115/01/01~115/05/31"
      }
    },
    {
      "type": "Feature",
      "geometry": {
        "type": "Point",
        "coordinates": [
          121.516771,
          25.022998
        ]
      },
      "properties": {
        "source_city": "臺北市",
        "source": "data.taipei Todaywork.json",
        "case_no": "11302033-1",
        "project_name": "道路維護",
        "organizer": "新工處",
        "district": "中正區",
        "address": "重慶南路3段道路、水源路及中正橋",
        "start_date": "114/12/01",
        "end_date": "115/05/15",
        "date_range": "114/12/01~115/05/15"
      }
    },
    {
      "type": "Feature",
      "geometry": {
        "type": "Point",
        "coordinates": [
          121.500147,
          25.017876
        ]
      },
      "properties": {
        "source_city": "臺北市",
        "source": "data.taipei Todaywork.json",
        "case_no": "11400992",
        "project_name": "道路維護",
        "organizer": "新工處",
        "district": "萬華區",
        "address": "富民路(151號至富民路155巷口)、富民路155巷(155巷口至水源路口)",
        "start_date": "114/04/01",
        "end_date": "115/06/30",
        "date_range": "114/04/01~115/06/30"
      }
    },
    {
      "type": "Feature",
      "geometry": {
        "type": "Point",
        "coordinates": [
          121.493842,
          25.0350053
        ]
      },
      "properties": {
        "source_city": "臺北市",
        "source": "data.taipei Todaywork.json",
        "case_no": "11404794-1",
        "project_name": "道路維護",
        "organizer": "新工處",
        "district": "萬華區",
        "address": "環河南路2段162號至276-5號間",
        "start_date": "115/03/26",
        "end_date": "115/05/31",
        "date_range": "115/03/26~115/05/31"
      }
    },
    {
      "type": "Feature",
      "geometry": {
        "type": "Point",
        "coordinates": [
          121.5610839,
          25.0846098
        ]
      },
      "properties": {
        "source_city": "臺北市",
        "source": "data.taipei Todaywork.json",
        "case_no": "11500323",
        "project_name": "道路維護",
        "organizer": "新工處",
        "district": "內湖區",
        "address": "內湖區內湖路1段27號至內湖路1段91巷13號前人行道更新工程",
        "start_date": "115/02/23",
        "end_date": "115/06/02",
        "date_range": "115/02/23~115/06/02"
      }
    },
    {
      "type": "Feature",
      "geometry": {
        "type": "Point",
        "coordinates": [
          121.55138,
          25.044425
        ]
      },
      "properties": {
        "source_city": "臺北市",
        "source": "data.taipei Todaywork.json",
        "case_no": "11500406",
        "project_name": "道路維護",
        "organizer": "新工處",
        "district": "大安區",
        "address": "市民大道4段南側(忠孝東路4段147巷至忠孝東路4段223巷)人行道",
        "start_date": "115/03/10",
        "end_date": "115/06/07",
        "date_range": "115/03/10~115/06/07"
      }
    },
    {
      "type": "Feature",
      "geometry": {
        "type": "Point",
        "coordinates": [
          121.4939048,
          25.0300822
        ]
      },
      "properties": {
        "source_city": "臺北市",
        "source": "data.taipei Todaywork.json",
        "case_no": "11500462-1",
        "project_name": "道路維護",
        "organizer": "新工處",
        "district": "萬華區",
        "address": "雙園街60巷(西藏路至雙園街)",
        "start_date": "115/05/01",
        "end_date": "115/05/31",
        "date_range": "115/05/01~115/05/31"
      }
    },
    {
      "type": "Feature",
      "geometry": {
        "type": "Point",
        "coordinates": [
          121.5516709,
          25.0333638
        ]
      },
      "properties": {
        "source_city": "臺北市",
        "source": "data.taipei Todaywork.json",
        "case_no": "11500687",
        "project_name": "道路維護",
        "organizer": "新工處",
        "district": "大安區",
        "address": "信義路4段199巷(信義路4段至敦化南路1段295巷)路面",
        "start_date": "115/04/16",
        "end_date": "115/05/30",
        "date_range": "115/04/16~115/05/30"
      }
    },
    {
      "type": "Feature",
      "geometry": {
        "type": "Point",
        "coordinates": [
          121.5229424,
          25.1055228
        ]
      },
      "properties": {
        "source_city": "臺北市",
        "source": "data.taipei Todaywork.json",
        "case_no": "11500694",
        "project_name": "道路維護",
        "organizer": "新工處",
        "district": "士林區",
        "address": "德行西路49號至63號人行道",
        "start_date": "115/04/16",
        "end_date": "115/05/31",
        "date_range": "115/04/16~115/05/31"
      }
    },
    {
      "type": "Feature",
      "geometry": {
        "type": "Point",
        "coordinates": [
          121.5538483,
          24.9819984
        ]
      },
      "properties": {
        "source_city": "臺北市",
        "source": "data.taipei Todaywork.json",
        "case_no": "11500697",
        "project_name": "道路維護",
        "organizer": "新工處",
        "district": "文山區",
        "address": "樟文里辛亥路7段76巷含31弄路面更新",
        "start_date": "115/04/10",
        "end_date": "115/05/10",
        "date_range": "115/04/10~115/05/10"
      }
    },
    {
      "type": "Feature",
      "geometry": {
        "type": "Point",
        "coordinates": [
          121.520056,
          25.1152539
        ]
      },
      "properties": {
        "source_city": "臺北市",
        "source": "data.taipei Todaywork.json",
        "case_no": "11500739",
        "project_name": "道路維護",
        "organizer": "新工處",
        "district": "北投區",
        "address": "北投區明德路(振華街至明德路337巷間)雙側人行道拓寬工程",
        "start_date": "115/04/13",
        "end_date": "115/08/15",
        "date_range": "115/04/13~115/08/15"
      }
    },
    {
      "type": "Feature",
      "geometry": {
        "type": "Point",
        "coordinates": [
          121.546764,
          25.0246017
        ]
      },
      "properties": {
        "source_city": "臺北市",
        "source": "data.taipei Todaywork.json",
        "case_no": "11500780",
        "project_name": "道路維護",
        "organizer": "新工處",
        "district": "大安區",
        "address": "和平東路3段(雙號側)(基隆路2段至臥龍街)",
        "start_date": "115/04/23",
        "end_date": "115/05/18",
        "date_range": "115/04/23~115/05/18"
      }
    },
    {
      "type": "Feature",
      "geometry": {
        "type": "Point",
        "coordinates": [
          121.5817975,
          25.0428336
        ]
      },
      "properties": {
        "source_city": "臺北市",
        "source": "data.taipei Todaywork.json",
        "case_no": "11500788",
        "project_name": "道路維護",
        "organizer": "水利處",
        "district": "信義區",
        "address": "大道路7巷1弄雙側側溝",
        "start_date": "115/04/27",
        "end_date": "115/05/26",
        "date_range": "115/04/27~115/05/26"
      }
    },
    {
      "type": "Feature",
      "geometry": {
        "type": "Point",
        "coordinates": [
          121.5029969,
          25.1344696
        ]
      },
      "properties": {
        "source_city": "臺北市",
        "source": "data.taipei Todaywork.json",
        "case_no": "11500805",
        "project_name": "道路維護",
        "organizer": "新工處",
        "district": "北投區",
        "address": "北投區溫泉路37巷",
        "start_date": "115/04/20",
        "end_date": "115/05/29",
        "date_range": "115/04/20~115/05/29"
      }
    },
    {
      "type": "Feature",
      "geometry": {
        "type": "Point",
        "coordinates": [
          121.5055557,
          25.1176374
        ]
      },
      "properties": {
        "source_city": "臺北市",
        "source": "data.taipei Todaywork.json",
        "case_no": "11500816",
        "project_name": "道路維護",
        "organizer": "新工處",
        "district": "北投區",
        "address": "尊賢街251巷",
        "start_date": "115/04/23",
        "end_date": "115/05/24",
        "date_range": "115/04/23~115/05/24"
      }
    },
    {
      "type": "Feature",
      "geometry": {
        "type": "Point",
        "coordinates": [
          121.5138227,
          25.0647468
        ]
      },
      "properties": {
        "source_city": "臺北市",
        "source": "data.taipei Todaywork.json",
        "case_no": "11500833",
        "project_name": "道路維護",
        "organizer": "新工處",
        "district": "大同區",
        "address": "昌吉街110巷及重慶北路3段25巷路面更新工程",
        "start_date": "115/04/23",
        "end_date": "115/05/07",
        "date_range": "115/04/23~115/05/07"
      }
    },
    {
      "type": "Feature",
      "geometry": {
        "type": "Point",
        "coordinates": [
          121.4792976,
          25.1355331
        ]
      },
      "properties": {
        "source_city": "臺北市",
        "source": "data.taipei Todaywork.json",
        "case_no": "11500887",
        "project_name": "道路維護",
        "organizer": "新工處",
        "district": "北投區",
        "address": "中央北路3段(全線)雙側溝蓋更新工程",
        "start_date": "115/04/29",
        "end_date": "115/07/01",
        "date_range": "115/04/29~115/07/01"
      }
    },
    {
      "type": "Feature",
      "geometry": {
        "type": "Point",
        "coordinates": [
          121.6081425,
          25.0521325
        ]
      },
      "properties": {
        "source_city": "臺北市",
        "source": "data.taipei Todaywork.json",
        "case_no": "11500903",
        "project_name": "道路維護",
        "organizer": "新工處",
        "district": "南港區",
        "address": "忠孝東路7段與興中路路口及研究院路1段130巷",
        "start_date": "115/04/27",
        "end_date": "115/06/30",
        "date_range": "115/04/27~115/06/30"
      }
    },
    {
      "type": "Feature",
      "geometry": {
        "type": "Point",
        "coordinates": [
          121.5542856,
          25.0001207
        ]
      },
      "properties": {
        "source_city": "臺北市",
        "source": "data.taipei Todaywork.json",
        "case_no": "11500920",
        "project_name": "道路維護",
        "organizer": "新工處",
        "district": "文山區",
        "address": "辛亥路四段128號、辛亥路五段94-1號、辛亥路五段96號、辛亥路五段19號，共4處設施修復工程",
        "start_date": "115/04/28",
        "end_date": "115/05/17",
        "date_range": "115/04/28~115/05/17"
      }
    },
    {
      "type": "Feature",
      "geometry": {
        "type": "Point",
        "coordinates": [
          121.5160036,
          25.0658199
        ]
      },
      "properties": {
        "source_city": "臺北市",
        "source": "data.taipei Todaywork.json",
        "case_no": "11500941",
        "project_name": "道路維護",
        "organizer": "新工處",
        "district": "大同區",
        "address": "115年度大同區昌吉街(大龍街至重慶北路3段)側溝蓋更新工程",
        "start_date": "115/04/27",
        "end_date": "115/05/21",
        "date_range": "115/04/27~115/05/21"
      }
    },
    {
      "type": "Feature",
      "geometry": {
        "type": "Point",
        "coordinates": [
          121.565409,
          25.038967
        ]
      },
      "properties": {
        "source_city": "臺北市",
        "source": "data.taipei Todaywork.json",
        "case_no": "11500946",
        "project_name": "道路維護",
        "organizer": "新工處",
        "district": "信義區",
        "address": "松智路(松高路至松壽路)人行道退縮及新設側溝路面更新工程",
        "start_date": "115/04/29",
        "end_date": "115/09/06",
        "date_range": "115/04/29~115/09/06"
      }
    },
    {
      "type": "Feature",
      "geometry": {
        "type": "Point",
        "coordinates": [
          121.5378574,
          25.0595729
        ]
      },
      "properties": {
        "source_city": "臺北市",
        "source": "data.taipei Todaywork.json",
        "case_no": "11500969",
        "project_name": "道路維護",
        "organizer": "水利處",
        "district": "中山區",
        "address": "合江街130巷27號前",
        "start_date": "115/04/29",
        "end_date": "115/05/05",
        "date_range": "115/04/29~115/05/05"
      }
    },
    {
      "type": "Feature",
      "geometry": {
        "type": "Point",
        "coordinates": [
          121.5790717,
          25.0736745
        ]
      },
      "properties": {
        "source_city": "臺北市",
        "source": "data.taipei Todaywork.json",
        "case_no": "1150006433",
        "project_name": "人手孔提升",
        "organizer": "麗冠有線",
        "district": "內湖區",
        "address": "陽光街與瑞光路交叉路口、瑞光路160號附近(共兩顆)",
        "start_date": "115/05/01",
        "end_date": "115/05/03",
        "date_range": "115/05/01~115/05/03"
      }
    },
    {
      "type": "Feature",
      "geometry": {
        "type": "Point",
        "coordinates": [
          121.5719469,
          25.0503696
        ]
      },
      "properties": {
        "source_city": "臺北市",
        "source": "data.taipei Todaywork.json",
        "case_no": "1150006581",
        "project_name": "人手孔啟閉-抽水清淤",
        "organizer": "衛工處",
        "district": "松山區",
        "address": "民權東路5段與撫遠街路口.塔悠路19號",
        "start_date": "115/05/02",
        "end_date": "115/05/06",
        "date_range": "115/05/02~115/05/06"
      }
    },
    {
      "type": "Feature",
      "geometry": {
        "type": "Point",
        "coordinates": [
          121.4971267,
          25.0317206
        ]
      },
      "properties": {
        "source_city": "臺北市",
        "source": "data.taipei Todaywork.json",
        "case_no": "1150006732",
        "project_name": "人手孔提升",
        "organizer": "水利處",
        "district": "萬華區",
        "address": "西園路2段42-7號",
        "start_date": "115/05/02",
        "end_date": "115/05/04",
        "date_range": "115/05/02~115/05/04"
      }
    },
    {
      "type": "Feature",
      "geometry": {
        "type": "Point",
        "coordinates": [
          121.582315,
          25.0610664
        ]
      },
      "properties": {
        "source_city": "臺北市",
        "source": "data.taipei Todaywork.json",
        "case_no": "1154105831",
        "project_name": "人手孔啟閉-抽水清淤",
        "organizer": "台電輸變電",
        "district": "內湖區",
        "address": "行愛路沿新湖一路至新湖一路36巷口",
        "start_date": "115/05/02",
        "end_date": "115/05/07",
        "date_range": "115/05/02~115/05/07"
      }
    },
    {
      "type": "Feature",
      "geometry": {
        "type": "Point",
        "coordinates": [
          121.561093,
          25.035881
        ]
      },
      "properties": {
        "source_city": "臺北市",
        "source": "data.taipei Todaywork.json",
        "case_no": "108-0015-8",
        "project_name": "建案公設復舊",
        "organizer": "新東陽營造股份有限公司",
        "district": "信義區",
        "address": "基隆路一段360號前",
        "start_date": "115/05/01",
        "end_date": "115/05/03",
        "date_range": "115/05/01~115/05/03"
      }
    },
    {
      "type": "Feature",
      "geometry": {
        "type": "Point",
        "coordinates": [
          121.6050453,
          25.058717
        ]
      },
      "properties": {
        "source_city": "臺北市",
        "source": "data.taipei Todaywork.json",
        "case_no": "111-0190-2",
        "project_name": "建案公設復舊",
        "organizer": "宏林營造廠股份有限公司",
        "district": "南港區",
        "address": "松河街；興華路；重陽路",
        "start_date": "115/04/28",
        "end_date": "115/05/11",
        "date_range": "115/04/28~115/05/11"
      }
    },
    {
      "type": "Feature",
      "geometry": {
        "type": "Point",
        "coordinates": [
          121.5097525,
          25.0305985
        ]
      },
      "properties": {
        "source_city": "臺北市",
        "source": "data.taipei Todaywork.json",
        "case_no": "104003395",
        "project_name": "市政建設(捷運局-捷運工程)",
        "organizer": "捷運二工處(南區)",
        "district": "中正區",
        "address": "南海路南海路牯嶺街口至和平西路(含路口)穿越平房至西藏路惠安街",
        "start_date": "104/05/12",
        "end_date": "115/07/15",
        "date_range": "104/05/12~115/07/15"
      }
    },
    {
      "type": "Feature",
      "geometry": {
        "type": "Point",
        "coordinates": [
          121.5097461,
          25.0305985
        ]
      },
      "properties": {
        "source_city": "臺北市",
        "source": "data.taipei Todaywork.json",
        "case_no": "104003395",
        "project_name": "市政建設(捷運局-捷運工程)",
        "organizer": "捷運二工處(南區)",
        "district": "中正區",
        "address": "南海路南海路牯嶺街口至和平西路(含路口)穿越平房至西藏路惠安街",
        "start_date": "104/05/12",
        "end_date": "115/07/15",
        "date_range": "104/05/12~115/07/15"
      }
    },
    {
      "type": "Feature",
      "geometry": {
        "type": "Point",
        "coordinates": [
          121.5097461,
          25.0305985
        ]
      },
      "properties": {
        "source_city": "臺北市",
        "source": "data.taipei Todaywork.json",
        "case_no": "104003395",
        "project_name": "市政建設(捷運局-捷運工程)",
        "organizer": "捷運二工處(南區)",
        "district": "中正區",
        "address": "南海路南海路牯嶺街口至和平西路(含路口)穿越平房至西藏路惠安街",
        "start_date": "104/05/12",
        "end_date": "115/07/15",
        "date_range": "104/05/12~115/07/15"
      }
    },
    {
      "type": "Feature",
      "geometry": {
        "type": "Point",
        "coordinates": [
          121.5104886,
          25.0301048
        ]
      },
      "properties": {
        "source_city": "臺北市",
        "source": "data.taipei Todaywork.json",
        "case_no": "104003395",
        "project_name": "市政建設(捷運局-捷運工程)",
        "organizer": "捷運二工處(南區)",
        "district": "中正區",
        "address": "南海路南海路牯嶺街口至和平西路(含路口)穿越平房至西藏路惠安街",
        "start_date": "104/05/12",
        "end_date": "115/07/15",
        "date_range": "104/05/12~115/07/15"
      }
    },
    {
      "type": "Feature",
      "geometry": {
        "type": "Point",
        "coordinates": [
          121.5149442,
          25.0321632
        ]
      },
      "properties": {
        "source_city": "臺北市",
        "source": "data.taipei Todaywork.json",
        "case_no": "106001039",
        "project_name": "市政建設(捷運局-捷運工程)",
        "organizer": "捷運二工處(南區)",
        "district": "中正區",
        "address": "南海路南海路:從羅斯福路至重慶南路口；南昌路:從南昌路一段51巷至南海路口；南海路至南昌路一段10巷邊10-2菸酒公司大門；牿嶺街:南海路至牿嶺街5巷口；重慶南路二段19巷:南海路至重慶南路二段19巷6號前。",
        "start_date": "106/03/10",
        "end_date": "115/09/19",
        "date_range": "106/03/10~115/09/19"
      }
    },
    {
      "type": "Feature",
      "geometry": {
        "type": "Point",
        "coordinates": [
          121.5148359,
          25.0321069
        ]
      },
      "properties": {
        "source_city": "臺北市",
        "source": "data.taipei Todaywork.json",
        "case_no": "106001039",
        "project_name": "市政建設(捷運局-捷運工程)",
        "organizer": "捷運二工處(南區)",
        "district": "中正區",
        "address": "南海路南海路:從羅斯福路至重慶南路口；南昌路:從南昌路一段51巷至南海路口；南海路至南昌路一段10巷邊10-2菸酒公司大門；牿嶺街:南海路至牿嶺街5巷口；重慶南路二段19巷:南海路至重慶南路二段19巷6號前。",
        "start_date": "106/03/10",
        "end_date": "115/09/19",
        "date_range": "106/03/10~115/09/19"
      }
    },
    {
      "type": "Feature",
      "geometry": {
        "type": "Point",
        "coordinates": [
          121.5149442,
          25.0321632
        ]
      },
      "properties": {
        "source_city": "臺北市",
        "source": "data.taipei Todaywork.json",
        "case_no": "106001039",
        "project_name": "市政建設(捷運局-捷運工程)",
        "organizer": "捷運二工處(南區)",
        "district": "中正區",
        "address": "南海路南海路:從羅斯福路至重慶南路口；南昌路:從南昌路一段51巷至南海路口；南海路至南昌路一段10巷邊10-2菸酒公司大門；牿嶺街:南海路至牿嶺街5巷口；重慶南路二段19巷:南海路至重慶南路二段19巷6號前。",
        "start_date": "106/03/10",
        "end_date": "115/09/19",
        "date_range": "106/03/10~115/09/19"
      }
    },
    {
      "type": "Feature",
      "geometry": {
        "type": "Point",
        "coordinates": [
          121.5042477,
          25.0300241
        ]
      },
      "properties": {
        "source_city": "臺北市",
        "source": "data.taipei Todaywork.json",
        "case_no": "106001240-1",
        "project_name": "市政建設(捷運局-捷運工程)",
        "organizer": "捷運二工處(南區)",
        "district": "中正區",
        "address": "西藏路西藏路段:從汀洲路一段路口至西藏路182旁(莒光路153巷口)。中華路二段315巷段:從西藏路口至中華路二段303巷口。萬大路段:從萬大路與西藏路口至萬大路322巷口。",
        "start_date": "106/04/05",
        "end_date": "115/09/19",
        "date_range": "106/04/05~115/09/19"
      }
    },
    {
      "type": "Feature",
      "geometry": {
        "type": "Point",
        "coordinates": [
          121.5003338,
          25.0263797
        ]
      },
      "properties": {
        "source_city": "臺北市",
        "source": "data.taipei Todaywork.json",
        "case_no": "106001240-1",
        "project_name": "市政建設(捷運局-捷運工程)",
        "organizer": "捷運二工處(南區)",
        "district": "中正區",
        "address": "西藏路西藏路段:從汀洲路一段路口至西藏路182旁(莒光路153巷口)。中華路二段315巷段:從西藏路口至中華路二段303巷口。萬大路段:從萬大路與西藏路口至萬大路322巷口。",
        "start_date": "106/04/05",
        "end_date": "115/09/19",
        "date_range": "106/04/05~115/09/19"
      }
    },
    {
      "type": "Feature",
      "geometry": {
        "type": "Point",
        "coordinates": [
          121.5324961,
          25.0459094
        ]
      },
      "properties": {
        "source_city": "臺北市",
        "source": "data.taipei Todaywork.json",
        "case_no": "112001840",
        "project_name": "其他(行政院核定國家重大公共建設工程)",
        "organizer": "台電輸變電",
        "district": "中山區",
        "address": "新生北路1段36號及松江路交會路口，沿新生北路1段，至新生北路2段(橋旁平面道路)與林森北路383巷交叉口旁中山DS變電所",
        "start_date": "112/05/22",
        "end_date": "115/12/31",
        "date_range": "112/05/22~115/12/31"
      }
    },
    {
      "type": "Feature",
      "geometry": {
        "type": "Point",
        "coordinates": [
          121.5166255,
          25.0911365
        ]
      },
      "properties": {
        "source_city": "臺北市",
        "source": "data.taipei Todaywork.json",
        "case_no": "113003842",
        "project_name": "市政建設(捷運局-捷運工程)",
        "organizer": "捷運一工處(東區)",
        "district": "士林區",
        "address": "中正路(中正路493號至521號)、通河西街二段10旁",
        "start_date": "113/09/30",
        "end_date": "121/09/07",
        "date_range": "113/09/30~121/09/07"
      }
    },
    {
      "type": "Feature",
      "geometry": {
        "type": "Point",
        "coordinates": [
          121.5166255,
          25.0911365
        ]
      },
      "properties": {
        "source_city": "臺北市",
        "source": "data.taipei Todaywork.json",
        "case_no": "113003842",
        "project_name": "市政建設(捷運局-捷運工程)",
        "organizer": "捷運一工處(東區)",
        "district": "士林區",
        "address": "中正路(中正路493號至521號)、通河西街二段10旁",
        "start_date": "113/09/30",
        "end_date": "121/09/07",
        "date_range": "113/09/30~121/09/07"
      }
    },
    {
      "type": "Feature",
      "geometry": {
        "type": "Point",
        "coordinates": [
          121.5117522,
          25.0881503
        ]
      },
      "properties": {
        "source_city": "臺北市",
        "source": "data.taipei Todaywork.json",
        "case_no": "113003842",
        "project_name": "市政建設(捷運局-捷運工程)",
        "organizer": "捷運一工處(東區)",
        "district": "士林區",
        "address": "中正路(中正路493號至521號)、通河西街二段10旁",
        "start_date": "113/09/30",
        "end_date": "121/09/07",
        "date_range": "113/09/30~121/09/07"
      }
    },
    {
      "type": "Feature",
      "geometry": {
        "type": "Point",
        "coordinates": [
          121.5496819,
          25.0998745
        ]
      },
      "properties": {
        "source_city": "臺北市",
        "source": "data.taipei Todaywork.json",
        "case_no": "114002532-1",
        "project_name": "市政建設(捷運局-捷運工程)",
        "organizer": "捷運一工處(東區)",
        "district": "士林區",
        "address": "至善路2段113巷交叉口(故宮路)至2段221號(故宮博物院前)",
        "start_date": "114/09/08",
        "end_date": "123/09/18",
        "date_range": "114/09/08~123/09/18"
      }
    },
    {
      "type": "Feature",
      "geometry": {
        "type": "Point",
        "coordinates": [
          121.5496819,
          25.0998745
        ]
      },
      "properties": {
        "source_city": "臺北市",
        "source": "data.taipei Todaywork.json",
        "case_no": "114002532-1",
        "project_name": "市政建設(捷運局-捷運工程)",
        "organizer": "捷運一工處(東區)",
        "district": "士林區",
        "address": "至善路2段113巷交叉口(故宮路)至2段221號(故宮博物院前)",
        "start_date": "114/09/08",
        "end_date": "123/09/18",
        "date_range": "114/09/08~123/09/18"
      }
    },
    {
      "type": "Feature",
      "geometry": {
        "type": "Point",
        "coordinates": [
          121.5489647,
          25.0994013
        ]
      },
      "properties": {
        "source_city": "臺北市",
        "source": "data.taipei Todaywork.json",
        "case_no": "114002532-1",
        "project_name": "市政建設(捷運局-捷運工程)",
        "organizer": "捷運一工處(東區)",
        "district": "士林區",
        "address": "至善路2段113巷交叉口(故宮路)至2段221號(故宮博物院前)",
        "start_date": "114/09/08",
        "end_date": "123/09/18",
        "date_range": "114/09/08~123/09/18"
      }
    },
    {
      "type": "Feature",
      "geometry": {
        "type": "Point",
        "coordinates": [
          121.5489647,
          25.0994013
        ]
      },
      "properties": {
        "source_city": "臺北市",
        "source": "data.taipei Todaywork.json",
        "case_no": "114002532-1",
        "project_name": "市政建設(捷運局-捷運工程)",
        "organizer": "捷運一工處(東區)",
        "district": "士林區",
        "address": "至善路2段113巷交叉口(故宮路)至2段221號(故宮博物院前)",
        "start_date": "114/09/08",
        "end_date": "123/09/18",
        "date_range": "114/09/08~123/09/18"
      }
    },
    {
      "type": "Feature",
      "geometry": {
        "type": "Point",
        "coordinates": [
          121.5617624,
          24.9890488
        ]
      },
      "properties": {
        "source_city": "臺北市",
        "source": "data.taipei Todaywork.json",
        "case_no": "114003534",
        "project_name": "市政建設(捷運局-捷運工程)",
        "organizer": "捷運二工處(南區)",
        "district": "文山區",
        "address": "木柵路2段138巷",
        "start_date": "114/09/20",
        "end_date": "115/07/31",
        "date_range": "114/09/20~115/07/31"
      }
    },
    {
      "type": "Feature",
      "geometry": {
        "type": "Point",
        "coordinates": [
          121.5308376,
          25.1109424
        ]
      },
      "properties": {
        "source_city": "臺北市",
        "source": "data.taipei Todaywork.json",
        "case_no": "114003917",
        "project_name": "市政建設(衛工處-污水管線)",
        "organizer": "衛工處",
        "district": "士林區",
        "address": "忠誠路2段54號至46之1、德行東路109巷與忠誠路2段40巷交叉口及忠誠路2段40巷與德行東路109巷交叉口附近地區",
        "start_date": "114/10/21",
        "end_date": "115/05/11",
        "date_range": "114/10/21~115/05/11"
      }
    },
    {
      "type": "Feature",
      "geometry": {
        "type": "Point",
        "coordinates": [
          121.5308376,
          25.1109424
        ]
      },
      "properties": {
        "source_city": "臺北市",
        "source": "data.taipei Todaywork.json",
        "case_no": "114003917",
        "project_name": "市政建設(衛工處-污水管線)",
        "organizer": "衛工處",
        "district": "士林區",
        "address": "忠誠路2段54號至46之1、德行東路109巷與忠誠路2段40巷交叉口及忠誠路2段40巷與德行東路109巷交叉口附近地區",
        "start_date": "114/10/21",
        "end_date": "115/05/11",
        "date_range": "114/10/21~115/05/11"
      }
    },
    {
      "type": "Feature",
      "geometry": {
        "type": "Point",
        "coordinates": [
          121.5319952,
          25.0966484
        ]
      },
      "properties": {
        "source_city": "臺北市",
        "source": "data.taipei Todaywork.json",
        "case_no": "114004083-1",
        "project_name": "市政建設(捷運局-捷運工程)",
        "organizer": "捷運一工處(東區)",
        "district": "士林區",
        "address": "中正路(中正路229號至雨農路)、志成街(中正路至志成街22巷)、雨農路2號對面(志成公園旁)及福林路(四號廣場前)",
        "start_date": "114/11/07",
        "end_date": "123/08/31",
        "date_range": "114/11/07~123/08/31"
      }
    },
    {
      "type": "Feature",
      "geometry": {
        "type": "Point",
        "coordinates": [
          121.5319952,
          25.0966484
        ]
      },
      "properties": {
        "source_city": "臺北市",
        "source": "data.taipei Todaywork.json",
        "case_no": "114004083-1",
        "project_name": "市政建設(捷運局-捷運工程)",
        "organizer": "捷運一工處(東區)",
        "district": "士林區",
        "address": "中正路(中正路229號至雨農路)、志成街(中正路至志成街22巷)、雨農路2號對面(志成公園旁)及福林路(四號廣場前)",
        "start_date": "114/11/07",
        "end_date": "123/08/31",
        "date_range": "114/11/07~123/08/31"
      }
    },
    {
      "type": "Feature",
      "geometry": {
        "type": "Point",
        "coordinates": [
          121.532026,
          25.0965135
        ]
      },
      "properties": {
        "source_city": "臺北市",
        "source": "data.taipei Todaywork.json",
        "case_no": "114004083-1",
        "project_name": "市政建設(捷運局-捷運工程)",
        "organizer": "捷運一工處(東區)",
        "district": "士林區",
        "address": "中正路(中正路229號至雨農路)、志成街(中正路至志成街22巷)、雨農路2號對面(志成公園旁)及福林路(四號廣場前)",
        "start_date": "114/11/07",
        "end_date": "123/08/31",
        "date_range": "114/11/07~123/08/31"
      }
    },
    {
      "type": "Feature",
      "geometry": {
        "type": "Point",
        "coordinates": [
          121.5319952,
          25.0966484
        ]
      },
      "properties": {
        "source_city": "臺北市",
        "source": "data.taipei Todaywork.json",
        "case_no": "114004083-1",
        "project_name": "市政建設(捷運局-捷運工程)",
        "organizer": "捷運一工處(東區)",
        "district": "士林區",
        "address": "中正路(中正路229號至雨農路)、志成街(中正路至志成街22巷)、雨農路2號對面(志成公園旁)及福林路(四號廣場前)",
        "start_date": "114/11/07",
        "end_date": "123/08/31",
        "date_range": "114/11/07~123/08/31"
      }
    },
    {
      "type": "Feature",
      "geometry": {
        "type": "Point",
        "coordinates": [
          121.5319952,
          25.0966484
        ]
      },
      "properties": {
        "source_city": "臺北市",
        "source": "data.taipei Todaywork.json",
        "case_no": "114004083-1",
        "project_name": "市政建設(捷運局-捷運工程)",
        "organizer": "捷運一工處(東區)",
        "district": "士林區",
        "address": "中正路(中正路229號至雨農路)、志成街(中正路至志成街22巷)、雨農路2號對面(志成公園旁)及福林路(四號廣場前)",
        "start_date": "114/11/07",
        "end_date": "123/08/31",
        "date_range": "114/11/07~123/08/31"
      }
    },
    {
      "type": "Feature",
      "geometry": {
        "type": "Point",
        "coordinates": [
          121.5319952,
          25.0966484
        ]
      },
      "properties": {
        "source_city": "臺北市",
        "source": "data.taipei Todaywork.json",
        "case_no": "114004083-1",
        "project_name": "市政建設(捷運局-捷運工程)",
        "organizer": "捷運一工處(東區)",
        "district": "士林區",
        "address": "中正路(中正路229號至雨農路)、志成街(中正路至志成街22巷)、雨農路2號對面(志成公園旁)及福林路(四號廣場前)",
        "start_date": "114/11/07",
        "end_date": "123/08/31",
        "date_range": "114/11/07~123/08/31"
      }
    },
    {
      "type": "Feature",
      "geometry": {
        "type": "Point",
        "coordinates": [
          121.532026,
          25.0965135
        ]
      },
      "properties": {
        "source_city": "臺北市",
        "source": "data.taipei Todaywork.json",
        "case_no": "114004083-1",
        "project_name": "市政建設(捷運局-捷運工程)",
        "organizer": "捷運一工處(東區)",
        "district": "士林區",
        "address": "中正路(中正路229號至雨農路)、志成街(中正路至志成街22巷)、雨農路2號對面(志成公園旁)及福林路(四號廣場前)",
        "start_date": "114/11/07",
        "end_date": "123/08/31",
        "date_range": "114/11/07~123/08/31"
      }
    },
    {
      "type": "Feature",
      "geometry": {
        "type": "Point",
        "coordinates": [
          121.5200425,
          25.0931798
        ]
      },
      "properties": {
        "source_city": "臺北市",
        "source": "data.taipei Todaywork.json",
        "case_no": "114004157-3",
        "project_name": "市政建設(捷運局-捷運工程)",
        "organizer": "捷運一工處(東區)",
        "district": "士林區",
        "address": "中正路中正路281號至493號旁及中正路435巷5號",
        "start_date": "114/11/14",
        "end_date": "123/08/31",
        "date_range": "114/11/14~123/08/31"
      }
    },
    {
      "type": "Feature",
      "geometry": {
        "type": "Point",
        "coordinates": [
          121.5791895,
          24.9980358
        ]
      },
      "properties": {
        "source_city": "臺北市",
        "source": "data.taipei Todaywork.json",
        "case_no": "114004238",
        "project_name": "市政建設(捷運局-捷運工程)",
        "organizer": "捷運二工處(南區)",
        "district": "文山區",
        "address": "新光路2段台北市立動物園前",
        "start_date": "114/11/17",
        "end_date": "115/11/16",
        "date_range": "114/11/17~115/11/16"
      }
    },
    {
      "type": "Feature",
      "geometry": {
        "type": "Point",
        "coordinates": [
          121.5606875,
          24.9869799
        ]
      },
      "properties": {
        "source_city": "臺北市",
        "source": "data.taipei Todaywork.json",
        "case_no": "115000194",
        "project_name": "市政建設(交通局-候車亭)",
        "organizer": "都發局",
        "district": "文山區",
        "address": "興隆路4段西側木柵公園候車亭",
        "start_date": "115/01/28",
        "end_date": "115/05/29",
        "date_range": "115/01/28~115/05/29"
      }
    },
    {
      "type": "Feature",
      "geometry": {
        "type": "Point",
        "coordinates": [
          121.5607046,
          24.9869356
        ]
      },
      "properties": {
        "source_city": "臺北市",
        "source": "data.taipei Todaywork.json",
        "case_no": "115000194",
        "project_name": "市政建設(交通局-候車亭)",
        "organizer": "都發局",
        "district": "文山區",
        "address": "興隆路4段西側木柵公園候車亭",
        "start_date": "115/01/28",
        "end_date": "115/05/29",
        "date_range": "115/01/28~115/05/29"
      }
    },
    {
      "type": "Feature",
      "geometry": {
        "type": "Point",
        "coordinates": [
          121.5606875,
          24.9869799
        ]
      },
      "properties": {
        "source_city": "臺北市",
        "source": "data.taipei Todaywork.json",
        "case_no": "115000194",
        "project_name": "市政建設(交通局-候車亭)",
        "organizer": "都發局",
        "district": "文山區",
        "address": "興隆路4段西側木柵公園候車亭",
        "start_date": "115/01/28",
        "end_date": "115/05/29",
        "date_range": "115/01/28~115/05/29"
      }
    },
    {
      "type": "Feature",
      "geometry": {
        "type": "Point",
        "coordinates": [
          121.5606875,
          24.9869799
        ]
      },
      "properties": {
        "source_city": "臺北市",
        "source": "data.taipei Todaywork.json",
        "case_no": "115000194",
        "project_name": "市政建設(交通局-候車亭)",
        "organizer": "都發局",
        "district": "文山區",
        "address": "興隆路4段西側木柵公園候車亭",
        "start_date": "115/01/28",
        "end_date": "115/05/29",
        "date_range": "115/01/28~115/05/29"
      }
    },
    {
      "type": "Feature",
      "geometry": {
        "type": "Point",
        "coordinates": [
          121.5606875,
          24.9869799
        ]
      },
      "properties": {
        "source_city": "臺北市",
        "source": "data.taipei Todaywork.json",
        "case_no": "115000194",
        "project_name": "市政建設(交通局-候車亭)",
        "organizer": "都發局",
        "district": "文山區",
        "address": "興隆路4段西側木柵公園候車亭",
        "start_date": "115/01/28",
        "end_date": "115/05/29",
        "date_range": "115/01/28~115/05/29"
      }
    },
    {
      "type": "Feature",
      "geometry": {
        "type": "Point",
        "coordinates": [
          121.5606875,
          24.9869799
        ]
      },
      "properties": {
        "source_city": "臺北市",
        "source": "data.taipei Todaywork.json",
        "case_no": "115000194",
        "project_name": "市政建設(交通局-候車亭)",
        "organizer": "都發局",
        "district": "文山區",
        "address": "興隆路4段西側木柵公園候車亭",
        "start_date": "115/01/28",
        "end_date": "115/05/29",
        "date_range": "115/01/28~115/05/29"
      }
    },
    {
      "type": "Feature",
      "geometry": {
        "type": "Point",
        "coordinates": [
          121.5596609,
          25.0850578
        ]
      },
      "properties": {
        "source_city": "臺北市",
        "source": "data.taipei Todaywork.json",
        "case_no": "115000518-1",
        "project_name": "搶修-管(溝)渠損壞",
        "organizer": "水利處",
        "district": "內湖區",
        "address": "文湖街1號前",
        "start_date": "115/03/17",
        "end_date": "115/05/15",
        "date_range": "115/03/17~115/05/15"
      }
    },
    {
      "type": "Feature",
      "geometry": {
        "type": "Point",
        "coordinates": [
          121.5596555,
          25.0850317
        ]
      },
      "properties": {
        "source_city": "臺北市",
        "source": "data.taipei Todaywork.json",
        "case_no": "115000518-1",
        "project_name": "搶修-管(溝)渠損壞",
        "organizer": "水利處",
        "district": "內湖區",
        "address": "文湖街1號前",
        "start_date": "115/03/17",
        "end_date": "115/05/15",
        "date_range": "115/03/17~115/05/15"
      }
    },
    {
      "type": "Feature",
      "geometry": {
        "type": "Point",
        "coordinates": [
          121.5596609,
          25.0850578
        ]
      },
      "properties": {
        "source_city": "臺北市",
        "source": "data.taipei Todaywork.json",
        "case_no": "115000518-1",
        "project_name": "搶修-管(溝)渠損壞",
        "organizer": "水利處",
        "district": "內湖區",
        "address": "文湖街1號前",
        "start_date": "115/03/17",
        "end_date": "115/05/15",
        "date_range": "115/03/17~115/05/15"
      }
    },
    {
      "type": "Feature",
      "geometry": {
        "type": "Point",
        "coordinates": [
          121.5596609,
          25.0850578
        ]
      },
      "properties": {
        "source_city": "臺北市",
        "source": "data.taipei Todaywork.json",
        "case_no": "115000518-1",
        "project_name": "搶修-管(溝)渠損壞",
        "organizer": "水利處",
        "district": "內湖區",
        "address": "文湖街1號前",
        "start_date": "115/03/17",
        "end_date": "115/05/15",
        "date_range": "115/03/17~115/05/15"
      }
    },
    {
      "type": "Feature",
      "geometry": {
        "type": "Point",
        "coordinates": [
          121.5596609,
          25.0850578
        ]
      },
      "properties": {
        "source_city": "臺北市",
        "source": "data.taipei Todaywork.json",
        "case_no": "115000518-1",
        "project_name": "搶修-管(溝)渠損壞",
        "organizer": "水利處",
        "district": "內湖區",
        "address": "文湖街1號前",
        "start_date": "115/03/17",
        "end_date": "115/05/15",
        "date_range": "115/03/17~115/05/15"
      }
    },
    {
      "type": "Feature",
      "geometry": {
        "type": "Point",
        "coordinates": [
          121.5596609,
          25.0850578
        ]
      },
      "properties": {
        "source_city": "臺北市",
        "source": "data.taipei Todaywork.json",
        "case_no": "115000518-1",
        "project_name": "搶修-管(溝)渠損壞",
        "organizer": "水利處",
        "district": "內湖區",
        "address": "文湖街1號前",
        "start_date": "115/03/17",
        "end_date": "115/05/15",
        "date_range": "115/03/17~115/05/15"
      }
    },
    {
      "type": "Feature",
      "geometry": {
        "type": "Point",
        "coordinates": [
          121.5596555,
          25.0850317
        ]
      },
      "properties": {
        "source_city": "臺北市",
        "source": "data.taipei Todaywork.json",
        "case_no": "115000518-1",
        "project_name": "搶修-管(溝)渠損壞",
        "organizer": "水利處",
        "district": "內湖區",
        "address": "文湖街1號前",
        "start_date": "115/03/17",
        "end_date": "115/05/15",
        "date_range": "115/03/17~115/05/15"
      }
    },
    {
      "type": "Feature",
      "geometry": {
        "type": "Point",
        "coordinates": [
          121.5596555,
          25.0850317
        ]
      },
      "properties": {
        "source_city": "臺北市",
        "source": "data.taipei Todaywork.json",
        "case_no": "115000518-1",
        "project_name": "搶修-管(溝)渠損壞",
        "organizer": "水利處",
        "district": "內湖區",
        "address": "文湖街1號前",
        "start_date": "115/03/17",
        "end_date": "115/05/15",
        "date_range": "115/03/17~115/05/15"
      }
    },
    {
      "type": "Feature",
      "geometry": {
        "type": "Point",
        "coordinates": [
          121.5596609,
          25.0850578
        ]
      },
      "properties": {
        "source_city": "臺北市",
        "source": "data.taipei Todaywork.json",
        "case_no": "115000518-1",
        "project_name": "搶修-管(溝)渠損壞",
        "organizer": "水利處",
        "district": "內湖區",
        "address": "文湖街1號前",
        "start_date": "115/03/17",
        "end_date": "115/05/15",
        "date_range": "115/03/17~115/05/15"
      }
    },
    {
      "type": "Feature",
      "geometry": {
        "type": "Point",
        "coordinates": [
          121.5596609,
          25.0850578
        ]
      },
      "properties": {
        "source_city": "臺北市",
        "source": "data.taipei Todaywork.json",
        "case_no": "115000518-1",
        "project_name": "搶修-管(溝)渠損壞",
        "organizer": "水利處",
        "district": "內湖區",
        "address": "文湖街1號前",
        "start_date": "115/03/17",
        "end_date": "115/05/15",
        "date_range": "115/03/17~115/05/15"
      }
    },
    {
      "type": "Feature",
      "geometry": {
        "type": "Point",
        "coordinates": [
          121.5596555,
          25.0850317
        ]
      },
      "properties": {
        "source_city": "臺北市",
        "source": "data.taipei Todaywork.json",
        "case_no": "115000518-1",
        "project_name": "搶修-管(溝)渠損壞",
        "organizer": "水利處",
        "district": "內湖區",
        "address": "文湖街1號前",
        "start_date": "115/03/17",
        "end_date": "115/05/15",
        "date_range": "115/03/17~115/05/15"
      }
    },
    {
      "type": "Feature",
      "geometry": {
        "type": "Point",
        "coordinates": [
          121.5011542,
          25.1337757
        ]
      },
      "properties": {
        "source_city": "臺北市",
        "source": "data.taipei Todaywork.json",
        "case_no": "115000648",
        "project_name": "市政建設(衛工處-污水管線)",
        "organizer": "衛工處",
        "district": "北投區",
        "address": "中央北路1段2號至12號附近地區",
        "start_date": "115/03/30",
        "end_date": "115/05/08",
        "date_range": "115/03/30~115/05/08"
      }
    },
    {
      "type": "Feature",
      "geometry": {
        "type": "Point",
        "coordinates": [
          121.5011578,
          25.1337492
        ]
      },
      "properties": {
        "source_city": "臺北市",
        "source": "data.taipei Todaywork.json",
        "case_no": "115000648",
        "project_name": "市政建設(衛工處-污水管線)",
        "organizer": "衛工處",
        "district": "北投區",
        "address": "中央北路1段2號至12號附近地區",
        "start_date": "115/03/30",
        "end_date": "115/05/08",
        "date_range": "115/03/30~115/05/08"
      }
    },
    {
      "type": "Feature",
      "geometry": {
        "type": "Point",
        "coordinates": [
          121.5011578,
          25.1337492
        ]
      },
      "properties": {
        "source_city": "臺北市",
        "source": "data.taipei Todaywork.json",
        "case_no": "115000648",
        "project_name": "市政建設(衛工處-污水管線)",
        "organizer": "衛工處",
        "district": "北投區",
        "address": "中央北路1段2號至12號附近地區",
        "start_date": "115/03/30",
        "end_date": "115/05/08",
        "date_range": "115/03/30~115/05/08"
      }
    },
    {
      "type": "Feature",
      "geometry": {
        "type": "Point",
        "coordinates": [
          121.5011542,
          25.1337757
        ]
      },
      "properties": {
        "source_city": "臺北市",
        "source": "data.taipei Todaywork.json",
        "case_no": "115000648",
        "project_name": "市政建設(衛工處-污水管線)",
        "organizer": "衛工處",
        "district": "北投區",
        "address": "中央北路1段2號至12號附近地區",
        "start_date": "115/03/30",
        "end_date": "115/05/08",
        "date_range": "115/03/30~115/05/08"
      }
    },
    {
      "type": "Feature",
      "geometry": {
        "type": "Point",
        "coordinates": [
          121.5011578,
          25.1337492
        ]
      },
      "properties": {
        "source_city": "臺北市",
        "source": "data.taipei Todaywork.json",
        "case_no": "115000648",
        "project_name": "市政建設(衛工處-污水管線)",
        "organizer": "衛工處",
        "district": "北投區",
        "address": "中央北路1段2號至12號附近地區",
        "start_date": "115/03/30",
        "end_date": "115/05/08",
        "date_range": "115/03/30~115/05/08"
      }
    },
    {
      "type": "Feature",
      "geometry": {
        "type": "Point",
        "coordinates": [
          121.5015583,
          25.1335066
        ]
      },
      "properties": {
        "source_city": "臺北市",
        "source": "data.taipei Todaywork.json",
        "case_no": "115000648",
        "project_name": "市政建設(衛工處-污水管線)",
        "organizer": "衛工處",
        "district": "北投區",
        "address": "中央北路1段2號至12號附近地區",
        "start_date": "115/03/30",
        "end_date": "115/05/08",
        "date_range": "115/03/30~115/05/08"
      }
    },
    {
      "type": "Feature",
      "geometry": {
        "type": "Point",
        "coordinates": [
          121.5041892,
          25.0300108
        ]
      },
      "properties": {
        "source_city": "臺北市",
        "source": "data.taipei Todaywork.json",
        "case_no": "115000657",
        "project_name": "市政建設(自來水-計畫性汰管)",
        "organizer": "自來水工總",
        "district": "中正區",
        "address": "西藏路與中華路2段口",
        "start_date": "115/04/02",
        "end_date": "115/06/06",
        "date_range": "115/04/02~115/06/06"
      }
    },
    {
      "type": "Feature",
      "geometry": {
        "type": "Point",
        "coordinates": [
          121.5041892,
          25.0300108
        ]
      },
      "properties": {
        "source_city": "臺北市",
        "source": "data.taipei Todaywork.json",
        "case_no": "115000657",
        "project_name": "市政建設(自來水-計畫性汰管)",
        "organizer": "自來水工總",
        "district": "中正區",
        "address": "西藏路與中華路2段口",
        "start_date": "115/04/02",
        "end_date": "115/06/06",
        "date_range": "115/04/02~115/06/06"
      }
    },
    {
      "type": "Feature",
      "geometry": {
        "type": "Point",
        "coordinates": [
          121.5041892,
          25.0300108
        ]
      },
      "properties": {
        "source_city": "臺北市",
        "source": "data.taipei Todaywork.json",
        "case_no": "115000657",
        "project_name": "市政建設(自來水-計畫性汰管)",
        "organizer": "自來水工總",
        "district": "中正區",
        "address": "西藏路與中華路2段口",
        "start_date": "115/04/02",
        "end_date": "115/06/06",
        "date_range": "115/04/02~115/06/06"
      }
    },
    {
      "type": "Feature",
      "geometry": {
        "type": "Point",
        "coordinates": [
          121.5041892,
          25.0300108
        ]
      },
      "properties": {
        "source_city": "臺北市",
        "source": "data.taipei Todaywork.json",
        "case_no": "115000657",
        "project_name": "市政建設(自來水-計畫性汰管)",
        "organizer": "自來水工總",
        "district": "中正區",
        "address": "西藏路與中華路2段口",
        "start_date": "115/04/02",
        "end_date": "115/06/06",
        "date_range": "115/04/02~115/06/06"
      }
    },
    {
      "type": "Feature",
      "geometry": {
        "type": "Point",
        "coordinates": [
          121.5041892,
          25.0300108
        ]
      },
      "properties": {
        "source_city": "臺北市",
        "source": "data.taipei Todaywork.json",
        "case_no": "115000657",
        "project_name": "市政建設(自來水-計畫性汰管)",
        "organizer": "自來水工總",
        "district": "中正區",
        "address": "西藏路與中華路2段口",
        "start_date": "115/04/02",
        "end_date": "115/06/06",
        "date_range": "115/04/02~115/06/06"
      }
    },
    {
      "type": "Feature",
      "geometry": {
        "type": "Point",
        "coordinates": [
          121.5001774,
          25.1205229
        ]
      },
      "properties": {
        "source_city": "臺北市",
        "source": "data.taipei Todaywork.json",
        "case_no": "115000806",
        "project_name": "管線單位需求-建設需求",
        "organizer": "台電北區",
        "district": "北投區",
        "address": "承德路7段與公館路附近一帶",
        "start_date": "115/04/13",
        "end_date": "115/05/29",
        "date_range": "115/04/13~115/05/29"
      }
    },
    {
      "type": "Feature",
      "geometry": {
        "type": "Point",
        "coordinates": [
          121.5001774,
          25.1205229
        ]
      },
      "properties": {
        "source_city": "臺北市",
        "source": "data.taipei Todaywork.json",
        "case_no": "115000806",
        "project_name": "管線單位需求-建設需求",
        "organizer": "台電北區",
        "district": "北投區",
        "address": "承德路7段與公館路附近一帶",
        "start_date": "115/04/13",
        "end_date": "115/05/29",
        "date_range": "115/04/13~115/05/29"
      }
    },
    {
      "type": "Feature",
      "geometry": {
        "type": "Point",
        "coordinates": [
          121.5001774,
          25.1205229
        ]
      },
      "properties": {
        "source_city": "臺北市",
        "source": "data.taipei Todaywork.json",
        "case_no": "115000806",
        "project_name": "管線單位需求-建設需求",
        "organizer": "台電北區",
        "district": "北投區",
        "address": "承德路7段與公館路附近一帶",
        "start_date": "115/04/13",
        "end_date": "115/05/29",
        "date_range": "115/04/13~115/05/29"
      }
    },
    {
      "type": "Feature",
      "geometry": {
        "type": "Point",
        "coordinates": [
          121.5016098,
          25.1192833
        ]
      },
      "properties": {
        "source_city": "臺北市",
        "source": "data.taipei Todaywork.json",
        "case_no": "115000806",
        "project_name": "管線單位需求-建設需求",
        "organizer": "台電北區",
        "district": "北投區",
        "address": "承德路7段與公館路附近一帶",
        "start_date": "115/04/13",
        "end_date": "115/05/29",
        "date_range": "115/04/13~115/05/29"
      }
    },
    {
      "type": "Feature",
      "geometry": {
        "type": "Point",
        "coordinates": [
          121.5016098,
          25.1192833
        ]
      },
      "properties": {
        "source_city": "臺北市",
        "source": "data.taipei Todaywork.json",
        "case_no": "115000806",
        "project_name": "管線單位需求-建設需求",
        "organizer": "台電北區",
        "district": "北投區",
        "address": "承德路7段與公館路附近一帶",
        "start_date": "115/04/13",
        "end_date": "115/05/29",
        "date_range": "115/04/13~115/05/29"
      }
    },
    {
      "type": "Feature",
      "geometry": {
        "type": "Point",
        "coordinates": [
          121.5001774,
          25.1205229
        ]
      },
      "properties": {
        "source_city": "臺北市",
        "source": "data.taipei Todaywork.json",
        "case_no": "115000806",
        "project_name": "管線單位需求-建設需求",
        "organizer": "台電北區",
        "district": "北投區",
        "address": "承德路7段與公館路附近一帶",
        "start_date": "115/04/13",
        "end_date": "115/05/29",
        "date_range": "115/04/13~115/05/29"
      }
    },
    {
      "type": "Feature",
      "geometry": {
        "type": "Point",
        "coordinates": [
          121.49617,
          25.0295368
        ]
      },
      "properties": {
        "source_city": "臺北市",
        "source": "data.taipei Todaywork.json",
        "case_no": "115000819",
        "project_name": "市政建設(交通局-候車亭)",
        "organizer": "公運處",
        "district": "萬華區",
        "address": "西園路2段133號(華江高中(西園)往北)",
        "start_date": "115/04/20",
        "end_date": "115/05/06",
        "date_range": "115/04/20~115/05/06"
      }
    },
    {
      "type": "Feature",
      "geometry": {
        "type": "Point",
        "coordinates": [
          121.49617,
          25.0295368
        ]
      },
      "properties": {
        "source_city": "臺北市",
        "source": "data.taipei Todaywork.json",
        "case_no": "115000819",
        "project_name": "市政建設(交通局-候車亭)",
        "organizer": "公運處",
        "district": "萬華區",
        "address": "西園路2段133號(華江高中(西園)往北)",
        "start_date": "115/04/20",
        "end_date": "115/05/06",
        "date_range": "115/04/20~115/05/06"
      }
    },
    {
      "type": "Feature",
      "geometry": {
        "type": "Point",
        "coordinates": [
          121.5375496,
          25.0097944
        ]
      },
      "properties": {
        "source_city": "臺北市",
        "source": "data.taipei Todaywork.json",
        "case_no": "115000845",
        "project_name": "市政建設(交通局-交通號誌)",
        "organizer": "交工處",
        "district": "大安區",
        "address": "羅斯福路4段與羅斯福路4段123巷21弄口(東側道路)",
        "start_date": "115/04/20",
        "end_date": "115/05/05",
        "date_range": "115/04/20~115/05/05"
      }
    },
    {
      "type": "Feature",
      "geometry": {
        "type": "Point",
        "coordinates": [
          121.6129181,
          25.0620198
        ]
      },
      "properties": {
        "source_city": "臺北市",
        "source": "data.taipei Todaywork.json",
        "case_no": "115000878",
        "project_name": "市政建設(衛工處-污水管線)",
        "organizer": "衛工處",
        "district": "南港區",
        "address": "重陽路501號至551號附近地區(南港抽水站)",
        "start_date": "115/04/20",
        "end_date": "115/06/20",
        "date_range": "115/04/20~115/06/20"
      }
    },
    {
      "type": "Feature",
      "geometry": {
        "type": "Point",
        "coordinates": [
          121.6129181,
          25.0620198
        ]
      },
      "properties": {
        "source_city": "臺北市",
        "source": "data.taipei Todaywork.json",
        "case_no": "115000878",
        "project_name": "市政建設(衛工處-污水管線)",
        "organizer": "衛工處",
        "district": "南港區",
        "address": "重陽路501號至551號附近地區(南港抽水站)",
        "start_date": "115/04/20",
        "end_date": "115/06/20",
        "date_range": "115/04/20~115/06/20"
      }
    },
    {
      "type": "Feature",
      "geometry": {
        "type": "Point",
        "coordinates": [
          121.6132605,
          25.0623382
        ]
      },
      "properties": {
        "source_city": "臺北市",
        "source": "data.taipei Todaywork.json",
        "case_no": "115000878",
        "project_name": "市政建設(衛工處-污水管線)",
        "organizer": "衛工處",
        "district": "南港區",
        "address": "重陽路501號至551號附近地區(南港抽水站)",
        "start_date": "115/04/20",
        "end_date": "115/06/20",
        "date_range": "115/04/20~115/06/20"
      }
    },
    {
      "type": "Feature",
      "geometry": {
        "type": "Point",
        "coordinates": [
          121.6132605,
          25.0623382
        ]
      },
      "properties": {
        "source_city": "臺北市",
        "source": "data.taipei Todaywork.json",
        "case_no": "115000878",
        "project_name": "市政建設(衛工處-污水管線)",
        "organizer": "衛工處",
        "district": "南港區",
        "address": "重陽路501號至551號附近地區(南港抽水站)",
        "start_date": "115/04/20",
        "end_date": "115/06/20",
        "date_range": "115/04/20~115/06/20"
      }
    },
    {
      "type": "Feature",
      "geometry": {
        "type": "Point",
        "coordinates": [
          121.6132605,
          25.0623382
        ]
      },
      "properties": {
        "source_city": "臺北市",
        "source": "data.taipei Todaywork.json",
        "case_no": "115000878",
        "project_name": "市政建設(衛工處-污水管線)",
        "organizer": "衛工處",
        "district": "南港區",
        "address": "重陽路501號至551號附近地區(南港抽水站)",
        "start_date": "115/04/20",
        "end_date": "115/06/20",
        "date_range": "115/04/20~115/06/20"
      }
    },
    {
      "type": "Feature",
      "geometry": {
        "type": "Point",
        "coordinates": [
          121.6131894,
          25.0630135
        ]
      },
      "properties": {
        "source_city": "臺北市",
        "source": "data.taipei Todaywork.json",
        "case_no": "115000878",
        "project_name": "市政建設(衛工處-污水管線)",
        "organizer": "衛工處",
        "district": "南港區",
        "address": "重陽路501號至551號附近地區(南港抽水站)",
        "start_date": "115/04/20",
        "end_date": "115/06/20",
        "date_range": "115/04/20~115/06/20"
      }
    },
    {
      "type": "Feature",
      "geometry": {
        "type": "Point",
        "coordinates": [
          121.6131894,
          25.0630135
        ]
      },
      "properties": {
        "source_city": "臺北市",
        "source": "data.taipei Todaywork.json",
        "case_no": "115000878",
        "project_name": "市政建設(衛工處-污水管線)",
        "organizer": "衛工處",
        "district": "南港區",
        "address": "重陽路501號至551號附近地區(南港抽水站)",
        "start_date": "115/04/20",
        "end_date": "115/06/20",
        "date_range": "115/04/20~115/06/20"
      }
    },
    {
      "type": "Feature",
      "geometry": {
        "type": "Point",
        "coordinates": [
          121.6132605,
          25.0623382
        ]
      },
      "properties": {
        "source_city": "臺北市",
        "source": "data.taipei Todaywork.json",
        "case_no": "115000878",
        "project_name": "市政建設(衛工處-污水管線)",
        "organizer": "衛工處",
        "district": "南港區",
        "address": "重陽路501號至551號附近地區(南港抽水站)",
        "start_date": "115/04/20",
        "end_date": "115/06/20",
        "date_range": "115/04/20~115/06/20"
      }
    },
    {
      "type": "Feature",
      "geometry": {
        "type": "Point",
        "coordinates": [
          121.5363143,
          25.0726674
        ]
      },
      "properties": {
        "source_city": "臺北市",
        "source": "data.taipei Todaywork.json",
        "case_no": "115000882",
        "project_name": "市政建設(衛工處-污水管線)",
        "organizer": "衛工處",
        "district": "中山區",
        "address": "濱江街142號對面一帶",
        "start_date": "115/04/27",
        "end_date": "115/07/15",
        "date_range": "115/04/27~115/07/15"
      }
    },
    {
      "type": "Feature",
      "geometry": {
        "type": "Point",
        "coordinates": [
          121.5363148,
          25.0726834
        ]
      },
      "properties": {
        "source_city": "臺北市",
        "source": "data.taipei Todaywork.json",
        "case_no": "115000882",
        "project_name": "市政建設(衛工處-污水管線)",
        "organizer": "衛工處",
        "district": "中山區",
        "address": "濱江街142號對面一帶",
        "start_date": "115/04/27",
        "end_date": "115/07/15",
        "date_range": "115/04/27~115/07/15"
      }
    },
    {
      "type": "Feature",
      "geometry": {
        "type": "Point",
        "coordinates": [
          121.5363148,
          25.0726555
        ]
      },
      "properties": {
        "source_city": "臺北市",
        "source": "data.taipei Todaywork.json",
        "case_no": "115000882",
        "project_name": "市政建設(衛工處-污水管線)",
        "organizer": "衛工處",
        "district": "中山區",
        "address": "濱江街142號對面一帶",
        "start_date": "115/04/27",
        "end_date": "115/07/15",
        "date_range": "115/04/27~115/07/15"
      }
    },
    {
      "type": "Feature",
      "geometry": {
        "type": "Point",
        "coordinates": [
          121.5367269,
          25.0345945
        ]
      },
      "properties": {
        "source_city": "臺北市",
        "source": "data.taipei Todaywork.json",
        "case_no": "115000933",
        "project_name": "市政建設(水利處-側溝更新)",
        "organizer": "水利處",
        "district": "大安區",
        "address": "新生南路1段161巷31號",
        "start_date": "115/04/28",
        "end_date": "115/07/21",
        "date_range": "115/04/28~115/07/21"
      }
    },
    {
      "type": "Feature",
      "geometry": {
        "type": "Point",
        "coordinates": [
          121.536909,
          25.0345883
        ]
      },
      "properties": {
        "source_city": "臺北市",
        "source": "data.taipei Todaywork.json",
        "case_no": "115000933",
        "project_name": "市政建設(水利處-側溝更新)",
        "organizer": "水利處",
        "district": "大安區",
        "address": "新生南路1段161巷31號",
        "start_date": "115/04/28",
        "end_date": "115/07/21",
        "date_range": "115/04/28~115/07/21"
      }
    },
    {
      "type": "Feature",
      "geometry": {
        "type": "Point",
        "coordinates": [
          121.536909,
          25.0345883
        ]
      },
      "properties": {
        "source_city": "臺北市",
        "source": "data.taipei Todaywork.json",
        "case_no": "115000933",
        "project_name": "市政建設(水利處-側溝更新)",
        "organizer": "水利處",
        "district": "大安區",
        "address": "新生南路1段161巷31號",
        "start_date": "115/04/28",
        "end_date": "115/07/21",
        "date_range": "115/04/28~115/07/21"
      }
    },
    {
      "type": "Feature",
      "geometry": {
        "type": "Point",
        "coordinates": [
          121.5410771,
          25.0222583
        ]
      },
      "properties": {
        "source_city": "臺北市",
        "source": "data.taipei Todaywork.json",
        "case_no": "99015156",
        "project_name": "16",
        "organizer": "新工處",
        "district": "中正區",
        "address": "全市APP測試",
        "start_date": "99/08/17",
        "end_date": "199/12/31",
        "date_range": "99/08/17~199/12/31"
      }
    },
    {
      "type": "Feature",
      "geometry": {
        "type": "Point",
        "coordinates": [
          121.5745341,
          25.0321359
        ]
      },
      "properties": {
        "source_city": "臺北市",
        "source": "data.taipei Todaywork.json",
        "case_no": "99015156",
        "project_name": "16",
        "organizer": "新工處",
        "district": "中正區",
        "address": "全市APP測試",
        "start_date": "99/08/17",
        "end_date": "199/12/31",
        "date_range": "99/08/17~199/12/31"
      }
    },
    {
      "type": "Feature",
      "geometry": {
        "type": "Point",
        "coordinates": [
          121.5745341,
          25.0321359
        ]
      },
      "properties": {
        "source_city": "臺北市",
        "source": "data.taipei Todaywork.json",
        "case_no": "99015156",
        "project_name": "16",
        "organizer": "新工處",
        "district": "中正區",
        "address": "全市APP測試",
        "start_date": "99/08/17",
        "end_date": "199/12/31",
        "date_range": "99/08/17~199/12/31"
      }
    },
    {
      "type": "Feature",
      "geometry": {
        "type": "Point",
        "coordinates": [
          121.5197232,
          25.0266499
        ]
      },
      "properties": {
        "source_city": "臺北市",
        "source": "data.taipei Todaywork.json",
        "case_no": "99015156",
        "project_name": "16",
        "organizer": "新工處",
        "district": "中正區",
        "address": "全市APP測試",
        "start_date": "99/08/17",
        "end_date": "199/12/31",
        "date_range": "99/08/17~199/12/31"
      }
    },
    {
      "type": "Feature",
      "geometry": {
        "type": "Point",
        "coordinates": [
          121.5197429,
          25.0266318
        ]
      },
      "properties": {
        "source_city": "臺北市",
        "source": "data.taipei Todaywork.json",
        "case_no": "99015156",
        "project_name": "16",
        "organizer": "新工處",
        "district": "中正區",
        "address": "全市APP測試",
        "start_date": "99/08/17",
        "end_date": "199/12/31",
        "date_range": "99/08/17~199/12/31"
      }
    },
    {
      "type": "Feature",
      "geometry": {
        "type": "Point",
        "coordinates": [
          121.5197429,
          25.0266318
        ]
      },
      "properties": {
        "source_city": "臺北市",
        "source": "data.taipei Todaywork.json",
        "case_no": "99015156",
        "project_name": "16",
        "organizer": "新工處",
        "district": "中正區",
        "address": "全市APP測試",
        "start_date": "99/08/17",
        "end_date": "199/12/31",
        "date_range": "99/08/17~199/12/31"
      }
    },
    {
      "type": "Feature",
      "geometry": {
        "type": "Point",
        "coordinates": [
          121.5745244,
          25.0321901
        ]
      },
      "properties": {
        "source_city": "臺北市",
        "source": "data.taipei Todaywork.json",
        "case_no": "10100034",
        "project_name": "道路維護",
        "organizer": "新工處",
        "district": "中正區",
        "address": "全區道路APP測試",
        "start_date": "101/07/25",
        "end_date": "123/12/31",
        "date_range": "101/07/25~123/12/31"
      }
    },
    {
      "type": "Feature",
      "geometry": {
        "type": "Point",
        "coordinates": [
          121.6168958,
          25.058845
        ]
      },
      "properties": {
        "source_city": "臺北市",
        "source": "data.taipei Todaywork.json",
        "case_no": "11105465-22",
        "project_name": "道路維護",
        "organizer": "台灣人壽保險股份有限公司",
        "district": "南港區",
        "address": "南港區南港區經貿二路105巷至經貿二路157巷中央分隔島雙向內側車道",
        "start_date": "115/02/23",
        "end_date": "115/04/30",
        "date_range": "115/02/23~115/04/30"
      }
    },
    {
      "type": "Feature",
      "geometry": {
        "type": "Point",
        "coordinates": [
          121.5759634,
          25.0346226
        ]
      },
      "properties": {
        "source_city": "臺北市",
        "source": "data.taipei Todaywork.json",
        "case_no": "11300943-5",
        "project_name": "道路維護",
        "organizer": "捷運二工處(南區)",
        "district": "信義區",
        "address": "信義路6段(26巷~76巷)",
        "start_date": "115/01/01",
        "end_date": "115/05/31",
        "date_range": "115/01/01~115/05/31"
      }
    },
    {
      "type": "Feature",
      "geometry": {
        "type": "Point",
        "coordinates": [
          121.576175,
          25.0347727
        ]
      },
      "properties": {
        "source_city": "臺北市",
        "source": "data.taipei Todaywork.json",
        "case_no": "11300943-5",
        "project_name": "道路維護",
        "organizer": "捷運二工處(南區)",
        "district": "信義區",
        "address": "信義路6段(26巷~76巷)",
        "start_date": "115/01/01",
        "end_date": "115/05/31",
        "date_range": "115/01/01~115/05/31"
      }
    },
    {
      "type": "Feature",
      "geometry": {
        "type": "Point",
        "coordinates": [
          121.500105,
          25.017878
        ]
      },
      "properties": {
        "source_city": "臺北市",
        "source": "data.taipei Todaywork.json",
        "case_no": "11400992",
        "project_name": "道路維護",
        "organizer": "新工處",
        "district": "萬華區",
        "address": "富民路(151號至富民路155巷口)、富民路155巷(155巷口至水源路口)",
        "start_date": "114/04/01",
        "end_date": "115/06/30",
        "date_range": "114/04/01~115/06/30"
      }
    },
    {
      "type": "Feature",
      "geometry": {
        "type": "Point",
        "coordinates": [
          121.5044822,
          25.0198291
        ]
      },
      "properties": {
        "source_city": "臺北市",
        "source": "data.taipei Todaywork.json",
        "case_no": "11403924-1",
        "project_name": "道路維護",
        "organizer": "新工處",
        "district": "中正區",
        "address": "水源快速道路(華中橋至師大路)南側人行道",
        "start_date": "115/04/19",
        "end_date": "115/05/31",
        "date_range": "115/04/19~115/05/31"
      }
    },
    {
      "type": "Feature",
      "geometry": {
        "type": "Point",
        "coordinates": [
          121.504601,
          25.019938
        ]
      },
      "properties": {
        "source_city": "臺北市",
        "source": "data.taipei Todaywork.json",
        "case_no": "11403924-1",
        "project_name": "道路維護",
        "organizer": "新工處",
        "district": "中正區",
        "address": "水源快速道路(華中橋至師大路)南側人行道",
        "start_date": "115/04/19",
        "end_date": "115/05/31",
        "date_range": "115/04/19~115/05/31"
      }
    },
    {
      "type": "Feature",
      "geometry": {
        "type": "Point",
        "coordinates": [
          121.5044822,
          25.0198291
        ]
      },
      "properties": {
        "source_city": "臺北市",
        "source": "data.taipei Todaywork.json",
        "case_no": "11403924-1",
        "project_name": "道路維護",
        "organizer": "新工處",
        "district": "中正區",
        "address": "水源快速道路(華中橋至師大路)南側人行道",
        "start_date": "115/04/19",
        "end_date": "115/05/31",
        "date_range": "115/04/19~115/05/31"
      }
    },
    {
      "type": "Feature",
      "geometry": {
        "type": "Point",
        "coordinates": [
          121.5044822,
          25.0198291
        ]
      },
      "properties": {
        "source_city": "臺北市",
        "source": "data.taipei Todaywork.json",
        "case_no": "11403924-1",
        "project_name": "道路維護",
        "organizer": "新工處",
        "district": "中正區",
        "address": "水源快速道路(華中橋至師大路)南側人行道",
        "start_date": "115/04/19",
        "end_date": "115/05/31",
        "date_range": "115/04/19~115/05/31"
      }
    },
    {
      "type": "Feature",
      "geometry": {
        "type": "Point",
        "coordinates": [
          121.504615,
          25.019923
        ]
      },
      "properties": {
        "source_city": "臺北市",
        "source": "data.taipei Todaywork.json",
        "case_no": "11403924-1",
        "project_name": "道路維護",
        "organizer": "新工處",
        "district": "中正區",
        "address": "水源快速道路(華中橋至師大路)南側人行道",
        "start_date": "115/04/19",
        "end_date": "115/05/31",
        "date_range": "115/04/19~115/05/31"
      }
    },
    {
      "type": "Feature",
      "geometry": {
        "type": "Point",
        "coordinates": [
          121.5044822,
          25.0198291
        ]
      },
      "properties": {
        "source_city": "臺北市",
        "source": "data.taipei Todaywork.json",
        "case_no": "11403924-1",
        "project_name": "道路維護",
        "organizer": "新工處",
        "district": "中正區",
        "address": "水源快速道路(華中橋至師大路)南側人行道",
        "start_date": "115/04/19",
        "end_date": "115/05/31",
        "date_range": "115/04/19~115/05/31"
      }
    },
    {
      "type": "Feature",
      "geometry": {
        "type": "Point",
        "coordinates": [
          121.5313214,
          25.0233013
        ]
      },
      "properties": {
        "source_city": "臺北市",
        "source": "data.taipei Todaywork.json",
        "case_no": "11404311-1",
        "project_name": "道路維護",
        "organizer": "新工處",
        "district": "大安區",
        "address": "龍坡里泰順街46-1號對向溝蓋更新",
        "start_date": "115/04/29",
        "end_date": "115/05/29",
        "date_range": "115/04/29~115/05/29"
      }
    },
    {
      "type": "Feature",
      "geometry": {
        "type": "Point",
        "coordinates": [
          121.5313214,
          25.0233013
        ]
      },
      "properties": {
        "source_city": "臺北市",
        "source": "data.taipei Todaywork.json",
        "case_no": "11404311-1",
        "project_name": "道路維護",
        "organizer": "新工處",
        "district": "大安區",
        "address": "龍坡里泰順街46-1號對向溝蓋更新",
        "start_date": "115/04/29",
        "end_date": "115/05/29",
        "date_range": "115/04/29~115/05/29"
      }
    },
    {
      "type": "Feature",
      "geometry": {
        "type": "Point",
        "coordinates": [
          121.6136661,
          25.0669993
        ]
      },
      "properties": {
        "source_city": "臺北市",
        "source": "data.taipei Todaywork.json",
        "case_no": "11404720-2",
        "project_name": "道路維護",
        "organizer": "新工處",
        "district": "內湖區",
        "address": "五分街(6號至14巷西側)人行道更新工程",
        "start_date": "115/04/08",
        "end_date": "115/05/08",
        "date_range": "115/04/08~115/05/08"
      }
    },
    {
      "type": "Feature",
      "geometry": {
        "type": "Point",
        "coordinates": [
          121.5459442,
          25.0343378
        ]
      },
      "properties": {
        "source_city": "臺北市",
        "source": "data.taipei Todaywork.json",
        "case_no": "11404744",
        "project_name": "道路維護",
        "organizer": "新工處",
        "district": "大安區",
        "address": "大安路一段(信義路至市民大道)",
        "start_date": "114/11/17",
        "end_date": "115/08/18",
        "date_range": "114/11/17~115/08/18"
      }
    },
    {
      "type": "Feature",
      "geometry": {
        "type": "Point",
        "coordinates": [
          121.545979,
          25.0381899
        ]
      },
      "properties": {
        "source_city": "臺北市",
        "source": "data.taipei Todaywork.json",
        "case_no": "11404744",
        "project_name": "道路維護",
        "organizer": "新工處",
        "district": "大安區",
        "address": "大安路一段(信義路至市民大道)",
        "start_date": "114/11/17",
        "end_date": "115/08/18",
        "date_range": "114/11/17~115/08/18"
      }
    },
    {
      "type": "Feature",
      "geometry": {
        "type": "Point",
        "coordinates": [
          121.5459891,
          25.0386364
        ]
      },
      "properties": {
        "source_city": "臺北市",
        "source": "data.taipei Todaywork.json",
        "case_no": "11404744",
        "project_name": "道路維護",
        "organizer": "新工處",
        "district": "大安區",
        "address": "大安路一段(信義路至市民大道)",
        "start_date": "114/11/17",
        "end_date": "115/08/18",
        "date_range": "114/11/17~115/08/18"
      }
    },
    {
      "type": "Feature",
      "geometry": {
        "type": "Point",
        "coordinates": [
          121.546137,
          25.0389311
        ]
      },
      "properties": {
        "source_city": "臺北市",
        "source": "data.taipei Todaywork.json",
        "case_no": "11404744",
        "project_name": "道路維護",
        "organizer": "新工處",
        "district": "大安區",
        "address": "大安路一段(信義路至市民大道)",
        "start_date": "114/11/17",
        "end_date": "115/08/18",
        "date_range": "114/11/17~115/08/18"
      }
    },
    {
      "type": "Feature",
      "geometry": {
        "type": "Point",
        "coordinates": [
          121.5461111,
          25.0385736
        ]
      },
      "properties": {
        "source_city": "臺北市",
        "source": "data.taipei Todaywork.json",
        "case_no": "11404744",
        "project_name": "道路維護",
        "organizer": "新工處",
        "district": "大安區",
        "address": "大安路一段(信義路至市民大道)",
        "start_date": "114/11/17",
        "end_date": "115/08/18",
        "date_range": "114/11/17~115/08/18"
      }
    },
    {
      "type": "Feature",
      "geometry": {
        "type": "Point",
        "coordinates": [
          121.5460259,
          25.0393515
        ]
      },
      "properties": {
        "source_city": "臺北市",
        "source": "data.taipei Todaywork.json",
        "case_no": "11404744",
        "project_name": "道路維護",
        "organizer": "新工處",
        "district": "大安區",
        "address": "大安路一段(信義路至市民大道)",
        "start_date": "114/11/17",
        "end_date": "115/08/18",
        "date_range": "114/11/17~115/08/18"
      }
    },
    {
      "type": "Feature",
      "geometry": {
        "type": "Point",
        "coordinates": [
          121.5461111,
          25.0385736
        ]
      },
      "properties": {
        "source_city": "臺北市",
        "source": "data.taipei Todaywork.json",
        "case_no": "11404744",
        "project_name": "道路維護",
        "organizer": "新工處",
        "district": "大安區",
        "address": "大安路一段(信義路至市民大道)",
        "start_date": "114/11/17",
        "end_date": "115/08/18",
        "date_range": "114/11/17~115/08/18"
      }
    },
    {
      "type": "Feature",
      "geometry": {
        "type": "Point",
        "coordinates": [
          121.546152,
          25.0390864
        ]
      },
      "properties": {
        "source_city": "臺北市",
        "source": "data.taipei Todaywork.json",
        "case_no": "11404744",
        "project_name": "道路維護",
        "organizer": "新工處",
        "district": "大安區",
        "address": "大安路一段(信義路至市民大道)",
        "start_date": "114/11/17",
        "end_date": "115/08/18",
        "date_range": "114/11/17~115/08/18"
      }
    },
    {
      "type": "Feature",
      "geometry": {
        "type": "Point",
        "coordinates": [
          121.5460045,
          25.0381758
        ]
      },
      "properties": {
        "source_city": "臺北市",
        "source": "data.taipei Todaywork.json",
        "case_no": "11404744",
        "project_name": "道路維護",
        "organizer": "新工處",
        "district": "大安區",
        "address": "大安路一段(信義路至市民大道)",
        "start_date": "114/11/17",
        "end_date": "115/08/18",
        "date_range": "114/11/17~115/08/18"
      }
    },
    {
      "type": "Feature",
      "geometry": {
        "type": "Point",
        "coordinates": [
          121.5461339,
          25.0384071
        ]
      },
      "properties": {
        "source_city": "臺北市",
        "source": "data.taipei Todaywork.json",
        "case_no": "11404744",
        "project_name": "道路維護",
        "organizer": "新工處",
        "district": "大安區",
        "address": "大安路一段(信義路至市民大道)",
        "start_date": "114/11/17",
        "end_date": "115/08/18",
        "date_range": "114/11/17~115/08/18"
      }
    },
    {
      "type": "Feature",
      "geometry": {
        "type": "Point",
        "coordinates": [
          121.546002,
          25.0384706
        ]
      },
      "properties": {
        "source_city": "臺北市",
        "source": "data.taipei Todaywork.json",
        "case_no": "11404744",
        "project_name": "道路維護",
        "organizer": "新工處",
        "district": "大安區",
        "address": "大安路一段(信義路至市民大道)",
        "start_date": "114/11/17",
        "end_date": "115/08/18",
        "date_range": "114/11/17~115/08/18"
      }
    },
    {
      "type": "Feature",
      "geometry": {
        "type": "Point",
        "coordinates": [
          121.5461261,
          25.0391702
        ]
      },
      "properties": {
        "source_city": "臺北市",
        "source": "data.taipei Todaywork.json",
        "case_no": "11404744",
        "project_name": "道路維護",
        "organizer": "新工處",
        "district": "大安區",
        "address": "大安路一段(信義路至市民大道)",
        "start_date": "114/11/17",
        "end_date": "115/08/18",
        "date_range": "114/11/17~115/08/18"
      }
    },
    {
      "type": "Feature",
      "geometry": {
        "type": "Point",
        "coordinates": [
          121.546152,
          25.0390864
        ]
      },
      "properties": {
        "source_city": "臺北市",
        "source": "data.taipei Todaywork.json",
        "case_no": "11404744",
        "project_name": "道路維護",
        "organizer": "新工處",
        "district": "大安區",
        "address": "大安路一段(信義路至市民大道)",
        "start_date": "114/11/17",
        "end_date": "115/08/18",
        "date_range": "114/11/17~115/08/18"
      }
    },
    {
      "type": "Feature",
      "geometry": {
        "type": "Point",
        "coordinates": [
          121.493926,
          25.035059
        ]
      },
      "properties": {
        "source_city": "臺北市",
        "source": "data.taipei Todaywork.json",
        "case_no": "11404794-1",
        "project_name": "道路維護",
        "organizer": "新工處",
        "district": "萬華區",
        "address": "環河南路2段162號至276-5號間",
        "start_date": "115/03/26",
        "end_date": "115/05/31",
        "date_range": "115/03/26~115/05/31"
      }
    },
    {
      "type": "Feature",
      "geometry": {
        "type": "Point",
        "coordinates": [
          121.493842,
          25.0350053
        ]
      },
      "properties": {
        "source_city": "臺北市",
        "source": "data.taipei Todaywork.json",
        "case_no": "11404794-1",
        "project_name": "道路維護",
        "organizer": "新工處",
        "district": "萬華區",
        "address": "環河南路2段162號至276-5號間",
        "start_date": "115/03/26",
        "end_date": "115/05/31",
        "date_range": "115/03/26~115/05/31"
      }
    },
    {
      "type": "Feature",
      "geometry": {
        "type": "Point",
        "coordinates": [
          121.493842,
          25.0350053
        ]
      },
      "properties": {
        "source_city": "臺北市",
        "source": "data.taipei Todaywork.json",
        "case_no": "11404794-1",
        "project_name": "道路維護",
        "organizer": "新工處",
        "district": "萬華區",
        "address": "環河南路2段162號至276-5號間",
        "start_date": "115/03/26",
        "end_date": "115/05/31",
        "date_range": "115/03/26~115/05/31"
      }
    },
    {
      "type": "Feature",
      "geometry": {
        "type": "Point",
        "coordinates": [
          121.4940403,
          25.0352406
        ]
      },
      "properties": {
        "source_city": "臺北市",
        "source": "data.taipei Todaywork.json",
        "case_no": "11404794-1",
        "project_name": "道路維護",
        "organizer": "新工處",
        "district": "萬華區",
        "address": "環河南路2段162號至276-5號間",
        "start_date": "115/03/26",
        "end_date": "115/05/31",
        "date_range": "115/03/26~115/05/31"
      }
    },
    {
      "type": "Feature",
      "geometry": {
        "type": "Point",
        "coordinates": [
          121.4936074,
          25.0346967
        ]
      },
      "properties": {
        "source_city": "臺北市",
        "source": "data.taipei Todaywork.json",
        "case_no": "11404794-1",
        "project_name": "道路維護",
        "organizer": "新工處",
        "district": "萬華區",
        "address": "環河南路2段162號至276-5號間",
        "start_date": "115/03/26",
        "end_date": "115/05/31",
        "date_range": "115/03/26~115/05/31"
      }
    },
    {
      "type": "Feature",
      "geometry": {
        "type": "Point",
        "coordinates": [
          121.493842,
          25.0350053
        ]
      },
      "properties": {
        "source_city": "臺北市",
        "source": "data.taipei Todaywork.json",
        "case_no": "11404794-1",
        "project_name": "道路維護",
        "organizer": "新工處",
        "district": "萬華區",
        "address": "環河南路2段162號至276-5號間",
        "start_date": "115/03/26",
        "end_date": "115/05/31",
        "date_range": "115/03/26~115/05/31"
      }
    },
    {
      "type": "Feature",
      "geometry": {
        "type": "Point",
        "coordinates": [
          121.4939884,
          25.0351439
        ]
      },
      "properties": {
        "source_city": "臺北市",
        "source": "data.taipei Todaywork.json",
        "case_no": "11404794-1",
        "project_name": "道路維護",
        "organizer": "新工處",
        "district": "萬華區",
        "address": "環河南路2段162號至276-5號間",
        "start_date": "115/03/26",
        "end_date": "115/05/31",
        "date_range": "115/03/26~115/05/31"
      }
    },
    {
      "type": "Feature",
      "geometry": {
        "type": "Point",
        "coordinates": [
          121.5286058,
          25.1364477
        ]
      },
      "properties": {
        "source_city": "臺北市",
        "source": "data.taipei Todaywork.json",
        "case_no": "11405284-4",
        "project_name": "道路維護",
        "organizer": "農水署七星管理處",
        "district": "北投區",
        "address": "行義路249號",
        "start_date": "115/04/17",
        "end_date": "115/04/30",
        "date_range": "115/04/17~115/04/30"
      }
    },
    {
      "type": "Feature",
      "geometry": {
        "type": "Point",
        "coordinates": [
          121.5684434,
          25.0225395
        ]
      },
      "properties": {
        "source_city": "臺北市",
        "source": "data.taipei Todaywork.json",
        "case_no": "11405308-1",
        "project_name": "道路維護",
        "organizer": "新工處",
        "district": "信義區",
        "address": "信義區吳興街（自吳興街467巷2弄至吳興街524巷）等多處",
        "start_date": "115/04/27",
        "end_date": "115/07/31",
        "date_range": "115/04/27~115/07/31"
      }
    },
    {
      "type": "Feature",
      "geometry": {
        "type": "Point",
        "coordinates": [
          121.5684006,
          25.0223187
        ]
      },
      "properties": {
        "source_city": "臺北市",
        "source": "data.taipei Todaywork.json",
        "case_no": "11405308-1",
        "project_name": "道路維護",
        "organizer": "新工處",
        "district": "信義區",
        "address": "信義區吳興街（自吳興街467巷2弄至吳興街524巷）等多處",
        "start_date": "115/04/27",
        "end_date": "115/07/31",
        "date_range": "115/04/27~115/07/31"
      }
    },
    {
      "type": "Feature",
      "geometry": {
        "type": "Point",
        "coordinates": [
          121.568439,
          25.0224151
        ]
      },
      "properties": {
        "source_city": "臺北市",
        "source": "data.taipei Todaywork.json",
        "case_no": "11405308-1",
        "project_name": "道路維護",
        "organizer": "新工處",
        "district": "信義區",
        "address": "信義區吳興街（自吳興街467巷2弄至吳興街524巷）等多處",
        "start_date": "115/04/27",
        "end_date": "115/07/31",
        "date_range": "115/04/27~115/07/31"
      }
    },
    {
      "type": "Feature",
      "geometry": {
        "type": "Point",
        "coordinates": [
          121.5684519,
          25.0224695
        ]
      },
      "properties": {
        "source_city": "臺北市",
        "source": "data.taipei Todaywork.json",
        "case_no": "11405308-1",
        "project_name": "道路維護",
        "organizer": "新工處",
        "district": "信義區",
        "address": "信義區吳興街（自吳興街467巷2弄至吳興街524巷）等多處",
        "start_date": "115/04/27",
        "end_date": "115/07/31",
        "date_range": "115/04/27~115/07/31"
      }
    },
    {
      "type": "Feature",
      "geometry": {
        "type": "Point",
        "coordinates": [
          121.464964,
          25.1234544
        ]
      },
      "properties": {
        "source_city": "臺北市",
        "source": "data.taipei Todaywork.json",
        "case_no": "11405325-1",
        "project_name": "道路維護",
        "organizer": "新北市新工處",
        "district": "北投區",
        "address": "北投區往台北方向台2乙10K+888至10K+799M東南側人行道側道路施工。",
        "start_date": "115/02/06",
        "end_date": "115/07/29",
        "date_range": "115/02/06~115/07/29"
      }
    },
    {
      "type": "Feature",
      "geometry": {
        "type": "Point",
        "coordinates": [
          121.4653741,
          25.1232974
        ]
      },
      "properties": {
        "source_city": "臺北市",
        "source": "data.taipei Todaywork.json",
        "case_no": "11405325-1",
        "project_name": "道路維護",
        "organizer": "新北市新工處",
        "district": "北投區",
        "address": "北投區往台北方向台2乙10K+888至10K+799M東南側人行道側道路施工。",
        "start_date": "115/02/06",
        "end_date": "115/07/29",
        "date_range": "115/02/06~115/07/29"
      }
    },
    {
      "type": "Feature",
      "geometry": {
        "type": "Point",
        "coordinates": [
          121.464964,
          25.1234544
        ]
      },
      "properties": {
        "source_city": "臺北市",
        "source": "data.taipei Todaywork.json",
        "case_no": "11405325-1",
        "project_name": "道路維護",
        "organizer": "新北市新工處",
        "district": "北投區",
        "address": "北投區往台北方向台2乙10K+888至10K+799M東南側人行道側道路施工。",
        "start_date": "115/02/06",
        "end_date": "115/07/29",
        "date_range": "115/02/06~115/07/29"
      }
    },
    {
      "type": "Feature",
      "geometry": {
        "type": "Point",
        "coordinates": [
          121.4649073,
          25.1233403
        ]
      },
      "properties": {
        "source_city": "臺北市",
        "source": "data.taipei Todaywork.json",
        "case_no": "11405325-1",
        "project_name": "道路維護",
        "organizer": "新北市新工處",
        "district": "北投區",
        "address": "北投區往台北方向台2乙10K+888至10K+799M東南側人行道側道路施工。",
        "start_date": "115/02/06",
        "end_date": "115/07/29",
        "date_range": "115/02/06~115/07/29"
      }
    },
    {
      "type": "Feature",
      "geometry": {
        "type": "Point",
        "coordinates": [
          121.4648084,
          25.1234923
        ]
      },
      "properties": {
        "source_city": "臺北市",
        "source": "data.taipei Todaywork.json",
        "case_no": "11405325-1",
        "project_name": "道路維護",
        "organizer": "新北市新工處",
        "district": "北投區",
        "address": "北投區往台北方向台2乙10K+888至10K+799M東南側人行道側道路施工。",
        "start_date": "115/02/06",
        "end_date": "115/07/29",
        "date_range": "115/02/06~115/07/29"
      }
    },
    {
      "type": "Feature",
      "geometry": {
        "type": "Point",
        "coordinates": [
          121.4652772,
          25.1233113
        ]
      },
      "properties": {
        "source_city": "臺北市",
        "source": "data.taipei Todaywork.json",
        "case_no": "11405325-1",
        "project_name": "道路維護",
        "organizer": "新北市新工處",
        "district": "北投區",
        "address": "北投區往台北方向台2乙10K+888至10K+799M東南側人行道側道路施工。",
        "start_date": "115/02/06",
        "end_date": "115/07/29",
        "date_range": "115/02/06~115/07/29"
      }
    },
    {
      "type": "Feature",
      "geometry": {
        "type": "Point",
        "coordinates": [
          121.4642505,
          25.1237652
        ]
      },
      "properties": {
        "source_city": "臺北市",
        "source": "data.taipei Todaywork.json",
        "case_no": "11405325-1",
        "project_name": "道路維護",
        "organizer": "新北市新工處",
        "district": "北投區",
        "address": "北投區往台北方向台2乙10K+888至10K+799M東南側人行道側道路施工。",
        "start_date": "115/02/06",
        "end_date": "115/07/29",
        "date_range": "115/02/06~115/07/29"
      }
    },
    {
      "type": "Feature",
      "geometry": {
        "type": "Point",
        "coordinates": [
          121.6201606,
          25.036346
        ]
      },
      "properties": {
        "source_city": "臺北市",
        "source": "data.taipei Todaywork.json",
        "case_no": "11405367-1",
        "project_name": "道路維護",
        "organizer": "新工處",
        "district": "南港區",
        "address": "南深路(21巷至舊莊街)標線型人行道、南深路舊庄段一小段至南深路33號",
        "start_date": "115/04/11",
        "end_date": "115/06/29",
        "date_range": "115/04/11~115/06/29"
      }
    },
    {
      "type": "Feature",
      "geometry": {
        "type": "Point",
        "coordinates": [
          121.6197851,
          25.0356791
        ]
      },
      "properties": {
        "source_city": "臺北市",
        "source": "data.taipei Todaywork.json",
        "case_no": "11405367-1",
        "project_name": "道路維護",
        "organizer": "新工處",
        "district": "南港區",
        "address": "南深路(21巷至舊莊街)標線型人行道、南深路舊庄段一小段至南深路33號",
        "start_date": "115/04/11",
        "end_date": "115/06/29",
        "date_range": "115/04/11~115/06/29"
      }
    },
    {
      "type": "Feature",
      "geometry": {
        "type": "Point",
        "coordinates": [
          121.6198784,
          25.0358036
        ]
      },
      "properties": {
        "source_city": "臺北市",
        "source": "data.taipei Todaywork.json",
        "case_no": "11405367-1",
        "project_name": "道路維護",
        "organizer": "新工處",
        "district": "南港區",
        "address": "南深路(21巷至舊莊街)標線型人行道、南深路舊庄段一小段至南深路33號",
        "start_date": "115/04/11",
        "end_date": "115/06/29",
        "date_range": "115/04/11~115/06/29"
      }
    },
    {
      "type": "Feature",
      "geometry": {
        "type": "Point",
        "coordinates": [
          121.6198784,
          25.0358036
        ]
      },
      "properties": {
        "source_city": "臺北市",
        "source": "data.taipei Todaywork.json",
        "case_no": "11405367-1",
        "project_name": "道路維護",
        "organizer": "新工處",
        "district": "南港區",
        "address": "南深路(21巷至舊莊街)標線型人行道、南深路舊庄段一小段至南深路33號",
        "start_date": "115/04/11",
        "end_date": "115/06/29",
        "date_range": "115/04/11~115/06/29"
      }
    },
    {
      "type": "Feature",
      "geometry": {
        "type": "Point",
        "coordinates": [
          121.6200136,
          25.0360087
        ]
      },
      "properties": {
        "source_city": "臺北市",
        "source": "data.taipei Todaywork.json",
        "case_no": "11405367-1",
        "project_name": "道路維護",
        "organizer": "新工處",
        "district": "南港區",
        "address": "南深路(21巷至舊莊街)標線型人行道、南深路舊庄段一小段至南深路33號",
        "start_date": "115/04/11",
        "end_date": "115/06/29",
        "date_range": "115/04/11~115/06/29"
      }
    },
    {
      "type": "Feature",
      "geometry": {
        "type": "Point",
        "coordinates": [
          121.619878,
          25.035801
        ]
      },
      "properties": {
        "source_city": "臺北市",
        "source": "data.taipei Todaywork.json",
        "case_no": "11405367-1",
        "project_name": "道路維護",
        "organizer": "新工處",
        "district": "南港區",
        "address": "南深路(21巷至舊莊街)標線型人行道、南深路舊庄段一小段至南深路33號",
        "start_date": "115/04/11",
        "end_date": "115/06/29",
        "date_range": "115/04/11~115/06/29"
      }
    },
    {
      "type": "Feature",
      "geometry": {
        "type": "Point",
        "coordinates": [
          121.6106771,
          25.0718501
        ]
      },
      "properties": {
        "source_city": "臺北市",
        "source": "data.taipei Todaywork.json",
        "case_no": "11500217",
        "project_name": "道路維護",
        "organizer": "新工處",
        "district": "內湖區",
        "address": "五分街(6號至14巷西側)人行道更新工程",
        "start_date": "115/01/28",
        "end_date": "115/05/30",
        "date_range": "115/01/28~115/05/30"
      }
    },
    {
      "type": "Feature",
      "geometry": {
        "type": "Point",
        "coordinates": [
          121.6106771,
          25.0718501
        ]
      },
      "properties": {
        "source_city": "臺北市",
        "source": "data.taipei Todaywork.json",
        "case_no": "11500217",
        "project_name": "道路維護",
        "organizer": "新工處",
        "district": "內湖區",
        "address": "五分街(6號至14巷西側)人行道更新工程",
        "start_date": "115/01/28",
        "end_date": "115/05/30",
        "date_range": "115/01/28~115/05/30"
      }
    },
    {
      "type": "Feature",
      "geometry": {
        "type": "Point",
        "coordinates": [
          121.6106771,
          25.0718501
        ]
      },
      "properties": {
        "source_city": "臺北市",
        "source": "data.taipei Todaywork.json",
        "case_no": "11500217",
        "project_name": "道路維護",
        "organizer": "新工處",
        "district": "內湖區",
        "address": "五分街(6號至14巷西側)人行道更新工程",
        "start_date": "115/01/28",
        "end_date": "115/05/30",
        "date_range": "115/01/28~115/05/30"
      }
    },
    {
      "type": "Feature",
      "geometry": {
        "type": "Point",
        "coordinates": [
          121.6111589,
          25.0703735
        ]
      },
      "properties": {
        "source_city": "臺北市",
        "source": "data.taipei Todaywork.json",
        "case_no": "11500217",
        "project_name": "道路維護",
        "organizer": "新工處",
        "district": "內湖區",
        "address": "五分街(6號至14巷西側)人行道更新工程",
        "start_date": "115/01/28",
        "end_date": "115/05/30",
        "date_range": "115/01/28~115/05/30"
      }
    },
    {
      "type": "Feature",
      "geometry": {
        "type": "Point",
        "coordinates": [
          121.611121,
          25.0704288
        ]
      },
      "properties": {
        "source_city": "臺北市",
        "source": "data.taipei Todaywork.json",
        "case_no": "11500217",
        "project_name": "道路維護",
        "organizer": "新工處",
        "district": "內湖區",
        "address": "五分街(6號至14巷西側)人行道更新工程",
        "start_date": "115/01/28",
        "end_date": "115/05/30",
        "date_range": "115/01/28~115/05/30"
      }
    },
    {
      "type": "Feature",
      "geometry": {
        "type": "Point",
        "coordinates": [
          121.611121,
          25.0704288
        ]
      },
      "properties": {
        "source_city": "臺北市",
        "source": "data.taipei Todaywork.json",
        "case_no": "11500217",
        "project_name": "道路維護",
        "organizer": "新工處",
        "district": "內湖區",
        "address": "五分街(6號至14巷西側)人行道更新工程",
        "start_date": "115/01/28",
        "end_date": "115/05/30",
        "date_range": "115/01/28~115/05/30"
      }
    },
    {
      "type": "Feature",
      "geometry": {
        "type": "Point",
        "coordinates": [
          121.611168,
          25.070393
        ]
      },
      "properties": {
        "source_city": "臺北市",
        "source": "data.taipei Todaywork.json",
        "case_no": "11500217",
        "project_name": "道路維護",
        "organizer": "新工處",
        "district": "內湖區",
        "address": "五分街(6號至14巷西側)人行道更新工程",
        "start_date": "115/01/28",
        "end_date": "115/05/30",
        "date_range": "115/01/28~115/05/30"
      }
    },
    {
      "type": "Feature",
      "geometry": {
        "type": "Point",
        "coordinates": [
          121.611121,
          25.0704288
        ]
      },
      "properties": {
        "source_city": "臺北市",
        "source": "data.taipei Todaywork.json",
        "case_no": "11500217",
        "project_name": "道路維護",
        "organizer": "新工處",
        "district": "內湖區",
        "address": "五分街(6號至14巷西側)人行道更新工程",
        "start_date": "115/01/28",
        "end_date": "115/05/30",
        "date_range": "115/01/28~115/05/30"
      }
    },
    {
      "type": "Feature",
      "geometry": {
        "type": "Point",
        "coordinates": [
          121.5755431,
          25.0564882
        ]
      },
      "properties": {
        "source_city": "臺北市",
        "source": "data.taipei Todaywork.json",
        "case_no": "11500309-1",
        "project_name": "道路維護",
        "organizer": "新工處",
        "district": "內湖區",
        "address": "內湖區行善路25巷部分人行道更新工程",
        "start_date": "115/04/14",
        "end_date": "115/05/13",
        "date_range": "115/04/14~115/05/13"
      }
    },
    {
      "type": "Feature",
      "geometry": {
        "type": "Point",
        "coordinates": [
          121.5760131,
          25.0557769
        ]
      },
      "properties": {
        "source_city": "臺北市",
        "source": "data.taipei Todaywork.json",
        "case_no": "11500309-1",
        "project_name": "道路維護",
        "organizer": "新工處",
        "district": "內湖區",
        "address": "內湖區行善路25巷部分人行道更新工程",
        "start_date": "115/04/14",
        "end_date": "115/05/13",
        "date_range": "115/04/14~115/05/13"
      }
    },
    {
      "type": "Feature",
      "geometry": {
        "type": "Point",
        "coordinates": [
          121.5760849,
          25.0557587
        ]
      },
      "properties": {
        "source_city": "臺北市",
        "source": "data.taipei Todaywork.json",
        "case_no": "11500309-1",
        "project_name": "道路維護",
        "organizer": "新工處",
        "district": "內湖區",
        "address": "內湖區行善路25巷部分人行道更新工程",
        "start_date": "115/04/14",
        "end_date": "115/05/13",
        "date_range": "115/04/14~115/05/13"
      }
    },
    {
      "type": "Feature",
      "geometry": {
        "type": "Point",
        "coordinates": [
          121.5761023,
          25.0557301
        ]
      },
      "properties": {
        "source_city": "臺北市",
        "source": "data.taipei Todaywork.json",
        "case_no": "11500309-1",
        "project_name": "道路維護",
        "organizer": "新工處",
        "district": "內湖區",
        "address": "內湖區行善路25巷部分人行道更新工程",
        "start_date": "115/04/14",
        "end_date": "115/05/13",
        "date_range": "115/04/14~115/05/13"
      }
    },
    {
      "type": "Feature",
      "geometry": {
        "type": "Point",
        "coordinates": [
          121.5761023,
          25.0557301
        ]
      },
      "properties": {
        "source_city": "臺北市",
        "source": "data.taipei Todaywork.json",
        "case_no": "11500309-1",
        "project_name": "道路維護",
        "organizer": "新工處",
        "district": "內湖區",
        "address": "內湖區行善路25巷部分人行道更新工程",
        "start_date": "115/04/14",
        "end_date": "115/05/13",
        "date_range": "115/04/14~115/05/13"
      }
    },
    {
      "type": "Feature",
      "geometry": {
        "type": "Point",
        "coordinates": [
          121.5755337,
          25.0564828
        ]
      },
      "properties": {
        "source_city": "臺北市",
        "source": "data.taipei Todaywork.json",
        "case_no": "11500309-1",
        "project_name": "道路維護",
        "organizer": "新工處",
        "district": "內湖區",
        "address": "內湖區行善路25巷部分人行道更新工程",
        "start_date": "115/04/14",
        "end_date": "115/05/13",
        "date_range": "115/04/14~115/05/13"
      }
    },
    {
      "type": "Feature",
      "geometry": {
        "type": "Point",
        "coordinates": [
          121.5765744,
          25.0559689
        ]
      },
      "properties": {
        "source_city": "臺北市",
        "source": "data.taipei Todaywork.json",
        "case_no": "11500309-1",
        "project_name": "道路維護",
        "organizer": "新工處",
        "district": "內湖區",
        "address": "內湖區行善路25巷部分人行道更新工程",
        "start_date": "115/04/14",
        "end_date": "115/05/13",
        "date_range": "115/04/14~115/05/13"
      }
    },
    {
      "type": "Feature",
      "geometry": {
        "type": "Point",
        "coordinates": [
          121.5765744,
          25.0559689
        ]
      },
      "properties": {
        "source_city": "臺北市",
        "source": "data.taipei Todaywork.json",
        "case_no": "11500309-1",
        "project_name": "道路維護",
        "organizer": "新工處",
        "district": "內湖區",
        "address": "內湖區行善路25巷部分人行道更新工程",
        "start_date": "115/04/14",
        "end_date": "115/05/13",
        "date_range": "115/04/14~115/05/13"
      }
    },
    {
      "type": "Feature",
      "geometry": {
        "type": "Point",
        "coordinates": [
          121.5761023,
          25.0557301
        ]
      },
      "properties": {
        "source_city": "臺北市",
        "source": "data.taipei Todaywork.json",
        "case_no": "11500309-1",
        "project_name": "道路維護",
        "organizer": "新工處",
        "district": "內湖區",
        "address": "內湖區行善路25巷部分人行道更新工程",
        "start_date": "115/04/14",
        "end_date": "115/05/13",
        "date_range": "115/04/14~115/05/13"
      }
    },
    {
      "type": "Feature",
      "geometry": {
        "type": "Point",
        "coordinates": [
          121.5765744,
          25.0559689
        ]
      },
      "properties": {
        "source_city": "臺北市",
        "source": "data.taipei Todaywork.json",
        "case_no": "11500309-1",
        "project_name": "道路維護",
        "organizer": "新工處",
        "district": "內湖區",
        "address": "內湖區行善路25巷部分人行道更新工程",
        "start_date": "115/04/14",
        "end_date": "115/05/13",
        "date_range": "115/04/14~115/05/13"
      }
    },
    {
      "type": "Feature",
      "geometry": {
        "type": "Point",
        "coordinates": [
          121.5765744,
          25.0559689
        ]
      },
      "properties": {
        "source_city": "臺北市",
        "source": "data.taipei Todaywork.json",
        "case_no": "11500309-1",
        "project_name": "道路維護",
        "organizer": "新工處",
        "district": "內湖區",
        "address": "內湖區行善路25巷部分人行道更新工程",
        "start_date": "115/04/14",
        "end_date": "115/05/13",
        "date_range": "115/04/14~115/05/13"
      }
    },
    {
      "type": "Feature",
      "geometry": {
        "type": "Point",
        "coordinates": [
          121.5769425,
          25.0561535
        ]
      },
      "properties": {
        "source_city": "臺北市",
        "source": "data.taipei Todaywork.json",
        "case_no": "11500309-1",
        "project_name": "道路維護",
        "organizer": "新工處",
        "district": "內湖區",
        "address": "內湖區行善路25巷部分人行道更新工程",
        "start_date": "115/04/14",
        "end_date": "115/05/13",
        "date_range": "115/04/14~115/05/13"
      }
    },
    {
      "type": "Feature",
      "geometry": {
        "type": "Point",
        "coordinates": [
          121.5773335,
          25.0564271
        ]
      },
      "properties": {
        "source_city": "臺北市",
        "source": "data.taipei Todaywork.json",
        "case_no": "11500309-1",
        "project_name": "道路維護",
        "organizer": "新工處",
        "district": "內湖區",
        "address": "內湖區行善路25巷部分人行道更新工程",
        "start_date": "115/04/14",
        "end_date": "115/05/13",
        "date_range": "115/04/14~115/05/13"
      }
    },
    {
      "type": "Feature",
      "geometry": {
        "type": "Point",
        "coordinates": [
          121.5610667,
          25.0846017
        ]
      },
      "properties": {
        "source_city": "臺北市",
        "source": "data.taipei Todaywork.json",
        "case_no": "11500323",
        "project_name": "道路維護",
        "organizer": "新工處",
        "district": "內湖區",
        "address": "內湖區內湖路1段27號至內湖路1段91巷13號前人行道更新工程",
        "start_date": "115/02/23",
        "end_date": "115/06/02",
        "date_range": "115/02/23~115/06/02"
      }
    },
    {
      "type": "Feature",
      "geometry": {
        "type": "Point",
        "coordinates": [
          121.5601867,
          25.0849463
        ]
      },
      "properties": {
        "source_city": "臺北市",
        "source": "data.taipei Todaywork.json",
        "case_no": "11500323",
        "project_name": "道路維護",
        "organizer": "新工處",
        "district": "內湖區",
        "address": "內湖區內湖路1段27號至內湖路1段91巷13號前人行道更新工程",
        "start_date": "115/02/23",
        "end_date": "115/06/02",
        "date_range": "115/02/23~115/06/02"
      }
    },
    {
      "type": "Feature",
      "geometry": {
        "type": "Point",
        "coordinates": [
          121.5612958,
          25.0847276
        ]
      },
      "properties": {
        "source_city": "臺北市",
        "source": "data.taipei Todaywork.json",
        "case_no": "11500323",
        "project_name": "道路維護",
        "organizer": "新工處",
        "district": "內湖區",
        "address": "內湖區內湖路1段27號至內湖路1段91巷13號前人行道更新工程",
        "start_date": "115/02/23",
        "end_date": "115/06/02",
        "date_range": "115/02/23~115/06/02"
      }
    },
    {
      "type": "Feature",
      "geometry": {
        "type": "Point",
        "coordinates": [
          121.5610839,
          25.0846098
        ]
      },
      "properties": {
        "source_city": "臺北市",
        "source": "data.taipei Todaywork.json",
        "case_no": "11500323",
        "project_name": "道路維護",
        "organizer": "新工處",
        "district": "內湖區",
        "address": "內湖區內湖路1段27號至內湖路1段91巷13號前人行道更新工程",
        "start_date": "115/02/23",
        "end_date": "115/06/02",
        "date_range": "115/02/23~115/06/02"
      }
    },
    {
      "type": "Feature",
      "geometry": {
        "type": "Point",
        "coordinates": [
          121.5600248,
          25.0849689
        ]
      },
      "properties": {
        "source_city": "臺北市",
        "source": "data.taipei Todaywork.json",
        "case_no": "11500323",
        "project_name": "道路維護",
        "organizer": "新工處",
        "district": "內湖區",
        "address": "內湖區內湖路1段27號至內湖路1段91巷13號前人行道更新工程",
        "start_date": "115/02/23",
        "end_date": "115/06/02",
        "date_range": "115/02/23~115/06/02"
      }
    },
    {
      "type": "Feature",
      "geometry": {
        "type": "Point",
        "coordinates": [
          121.5610839,
          25.0846098
        ]
      },
      "properties": {
        "source_city": "臺北市",
        "source": "data.taipei Todaywork.json",
        "case_no": "11500323",
        "project_name": "道路維護",
        "organizer": "新工處",
        "district": "內湖區",
        "address": "內湖區內湖路1段27號至內湖路1段91巷13號前人行道更新工程",
        "start_date": "115/02/23",
        "end_date": "115/06/02",
        "date_range": "115/02/23~115/06/02"
      }
    },
    {
      "type": "Feature",
      "geometry": {
        "type": "Point",
        "coordinates": [
          121.5611336,
          25.0846159
        ]
      },
      "properties": {
        "source_city": "臺北市",
        "source": "data.taipei Todaywork.json",
        "case_no": "11500323",
        "project_name": "道路維護",
        "organizer": "新工處",
        "district": "內湖區",
        "address": "內湖區內湖路1段27號至內湖路1段91巷13號前人行道更新工程",
        "start_date": "115/02/23",
        "end_date": "115/06/02",
        "date_range": "115/02/23~115/06/02"
      }
    },
    {
      "type": "Feature",
      "geometry": {
        "type": "Point",
        "coordinates": [
          121.5601774,
          25.0849062
        ]
      },
      "properties": {
        "source_city": "臺北市",
        "source": "data.taipei Todaywork.json",
        "case_no": "11500323",
        "project_name": "道路維護",
        "organizer": "新工處",
        "district": "內湖區",
        "address": "內湖區內湖路1段27號至內湖路1段91巷13號前人行道更新工程",
        "start_date": "115/02/23",
        "end_date": "115/06/02",
        "date_range": "115/02/23~115/06/02"
      }
    },
    {
      "type": "Feature",
      "geometry": {
        "type": "Point",
        "coordinates": [
          121.5601774,
          25.0849062
        ]
      },
      "properties": {
        "source_city": "臺北市",
        "source": "data.taipei Todaywork.json",
        "case_no": "11500323",
        "project_name": "道路維護",
        "organizer": "新工處",
        "district": "內湖區",
        "address": "內湖區內湖路1段27號至內湖路1段91巷13號前人行道更新工程",
        "start_date": "115/02/23",
        "end_date": "115/06/02",
        "date_range": "115/02/23~115/06/02"
      }
    },
    {
      "type": "Feature",
      "geometry": {
        "type": "Point",
        "coordinates": [
          121.5604224,
          25.0848264
        ]
      },
      "properties": {
        "source_city": "臺北市",
        "source": "data.taipei Todaywork.json",
        "case_no": "11500323",
        "project_name": "道路維護",
        "organizer": "新工處",
        "district": "內湖區",
        "address": "內湖區內湖路1段27號至內湖路1段91巷13號前人行道更新工程",
        "start_date": "115/02/23",
        "end_date": "115/06/02",
        "date_range": "115/02/23~115/06/02"
      }
    },
    {
      "type": "Feature",
      "geometry": {
        "type": "Point",
        "coordinates": [
          121.5601867,
          25.0849463
        ]
      },
      "properties": {
        "source_city": "臺北市",
        "source": "data.taipei Todaywork.json",
        "case_no": "11500323",
        "project_name": "道路維護",
        "organizer": "新工處",
        "district": "內湖區",
        "address": "內湖區內湖路1段27號至內湖路1段91巷13號前人行道更新工程",
        "start_date": "115/02/23",
        "end_date": "115/06/02",
        "date_range": "115/02/23~115/06/02"
      }
    },
    {
      "type": "Feature",
      "geometry": {
        "type": "Point",
        "coordinates": [
          121.5601774,
          25.0849062
        ]
      },
      "properties": {
        "source_city": "臺北市",
        "source": "data.taipei Todaywork.json",
        "case_no": "11500323",
        "project_name": "道路維護",
        "organizer": "新工處",
        "district": "內湖區",
        "address": "內湖區內湖路1段27號至內湖路1段91巷13號前人行道更新工程",
        "start_date": "115/02/23",
        "end_date": "115/06/02",
        "date_range": "115/02/23~115/06/02"
      }
    },
    {
      "type": "Feature",
      "geometry": {
        "type": "Point",
        "coordinates": [
          121.5611336,
          25.0846159
        ]
      },
      "properties": {
        "source_city": "臺北市",
        "source": "data.taipei Todaywork.json",
        "case_no": "11500323",
        "project_name": "道路維護",
        "organizer": "新工處",
        "district": "內湖區",
        "address": "內湖區內湖路1段27號至內湖路1段91巷13號前人行道更新工程",
        "start_date": "115/02/23",
        "end_date": "115/06/02",
        "date_range": "115/02/23~115/06/02"
      }
    },
    {
      "type": "Feature",
      "geometry": {
        "type": "Point",
        "coordinates": [
          121.5600248,
          25.0849689
        ]
      },
      "properties": {
        "source_city": "臺北市",
        "source": "data.taipei Todaywork.json",
        "case_no": "11500323",
        "project_name": "道路維護",
        "organizer": "新工處",
        "district": "內湖區",
        "address": "內湖區內湖路1段27號至內湖路1段91巷13號前人行道更新工程",
        "start_date": "115/02/23",
        "end_date": "115/06/02",
        "date_range": "115/02/23~115/06/02"
      }
    },
    {
      "type": "Feature",
      "geometry": {
        "type": "Point",
        "coordinates": [
          121.5601774,
          25.0849062
        ]
      },
      "properties": {
        "source_city": "臺北市",
        "source": "data.taipei Todaywork.json",
        "case_no": "11500323",
        "project_name": "道路維護",
        "organizer": "新工處",
        "district": "內湖區",
        "address": "內湖區內湖路1段27號至內湖路1段91巷13號前人行道更新工程",
        "start_date": "115/02/23",
        "end_date": "115/06/02",
        "date_range": "115/02/23~115/06/02"
      }
    },
    {
      "type": "Feature",
      "geometry": {
        "type": "Point",
        "coordinates": [
          121.5590062,
          25.0851338
        ]
      },
      "properties": {
        "source_city": "臺北市",
        "source": "data.taipei Todaywork.json",
        "case_no": "11500323",
        "project_name": "道路維護",
        "organizer": "新工處",
        "district": "內湖區",
        "address": "內湖區內湖路1段27號至內湖路1段91巷13號前人行道更新工程",
        "start_date": "115/02/23",
        "end_date": "115/06/02",
        "date_range": "115/02/23~115/06/02"
      }
    },
    {
      "type": "Feature",
      "geometry": {
        "type": "Point",
        "coordinates": [
          121.5590947,
          25.085132
        ]
      },
      "properties": {
        "source_city": "臺北市",
        "source": "data.taipei Todaywork.json",
        "case_no": "11500323",
        "project_name": "道路維護",
        "organizer": "新工處",
        "district": "內湖區",
        "address": "內湖區內湖路1段27號至內湖路1段91巷13號前人行道更新工程",
        "start_date": "115/02/23",
        "end_date": "115/06/02",
        "date_range": "115/02/23~115/06/02"
      }
    },
    {
      "type": "Feature",
      "geometry": {
        "type": "Point",
        "coordinates": [
          121.559148,
          25.085157
        ]
      },
      "properties": {
        "source_city": "臺北市",
        "source": "data.taipei Todaywork.json",
        "case_no": "11500323",
        "project_name": "道路維護",
        "organizer": "新工處",
        "district": "內湖區",
        "address": "內湖區內湖路1段27號至內湖路1段91巷13號前人行道更新工程",
        "start_date": "115/02/23",
        "end_date": "115/06/02",
        "date_range": "115/02/23~115/06/02"
      }
    },
    {
      "type": "Feature",
      "geometry": {
        "type": "Point",
        "coordinates": [
          121.5610839,
          25.0846098
        ]
      },
      "properties": {
        "source_city": "臺北市",
        "source": "data.taipei Todaywork.json",
        "case_no": "11500323",
        "project_name": "道路維護",
        "organizer": "新工處",
        "district": "內湖區",
        "address": "內湖區內湖路1段27號至內湖路1段91巷13號前人行道更新工程",
        "start_date": "115/02/23",
        "end_date": "115/06/02",
        "date_range": "115/02/23~115/06/02"
      }
    },
    {
      "type": "Feature",
      "geometry": {
        "type": "Point",
        "coordinates": [
          121.5610839,
          25.0846098
        ]
      },
      "properties": {
        "source_city": "臺北市",
        "source": "data.taipei Todaywork.json",
        "case_no": "11500323",
        "project_name": "道路維護",
        "organizer": "新工處",
        "district": "內湖區",
        "address": "內湖區內湖路1段27號至內湖路1段91巷13號前人行道更新工程",
        "start_date": "115/02/23",
        "end_date": "115/06/02",
        "date_range": "115/02/23~115/06/02"
      }
    },
    {
      "type": "Feature",
      "geometry": {
        "type": "Point",
        "coordinates": [
          121.560526,
          25.084791
        ]
      },
      "properties": {
        "source_city": "臺北市",
        "source": "data.taipei Todaywork.json",
        "case_no": "11500323",
        "project_name": "道路維護",
        "organizer": "新工處",
        "district": "內湖區",
        "address": "內湖區內湖路1段27號至內湖路1段91巷13號前人行道更新工程",
        "start_date": "115/02/23",
        "end_date": "115/06/02",
        "date_range": "115/02/23~115/06/02"
      }
    },
    {
      "type": "Feature",
      "geometry": {
        "type": "Point",
        "coordinates": [
          121.5602925,
          25.0848777
        ]
      },
      "properties": {
        "source_city": "臺北市",
        "source": "data.taipei Todaywork.json",
        "case_no": "11500323",
        "project_name": "道路維護",
        "organizer": "新工處",
        "district": "內湖區",
        "address": "內湖區內湖路1段27號至內湖路1段91巷13號前人行道更新工程",
        "start_date": "115/02/23",
        "end_date": "115/06/02",
        "date_range": "115/02/23~115/06/02"
      }
    },
    {
      "type": "Feature",
      "geometry": {
        "type": "Point",
        "coordinates": [
          121.5601774,
          25.0849062
        ]
      },
      "properties": {
        "source_city": "臺北市",
        "source": "data.taipei Todaywork.json",
        "case_no": "11500323",
        "project_name": "道路維護",
        "organizer": "新工處",
        "district": "內湖區",
        "address": "內湖區內湖路1段27號至內湖路1段91巷13號前人行道更新工程",
        "start_date": "115/02/23",
        "end_date": "115/06/02",
        "date_range": "115/02/23~115/06/02"
      }
    },
    {
      "type": "Feature",
      "geometry": {
        "type": "Point",
        "coordinates": [
          121.5601867,
          25.0849463
        ]
      },
      "properties": {
        "source_city": "臺北市",
        "source": "data.taipei Todaywork.json",
        "case_no": "11500323",
        "project_name": "道路維護",
        "organizer": "新工處",
        "district": "內湖區",
        "address": "內湖區內湖路1段27號至內湖路1段91巷13號前人行道更新工程",
        "start_date": "115/02/23",
        "end_date": "115/06/02",
        "date_range": "115/02/23~115/06/02"
      }
    },
    {
      "type": "Feature",
      "geometry": {
        "type": "Point",
        "coordinates": [
          121.5601774,
          25.0849062
        ]
      },
      "properties": {
        "source_city": "臺北市",
        "source": "data.taipei Todaywork.json",
        "case_no": "11500323",
        "project_name": "道路維護",
        "organizer": "新工處",
        "district": "內湖區",
        "address": "內湖區內湖路1段27號至內湖路1段91巷13號前人行道更新工程",
        "start_date": "115/02/23",
        "end_date": "115/06/02",
        "date_range": "115/02/23~115/06/02"
      }
    },
    {
      "type": "Feature",
      "geometry": {
        "type": "Point",
        "coordinates": [
          121.5601867,
          25.0849463
        ]
      },
      "properties": {
        "source_city": "臺北市",
        "source": "data.taipei Todaywork.json",
        "case_no": "11500323",
        "project_name": "道路維護",
        "organizer": "新工處",
        "district": "內湖區",
        "address": "內湖區內湖路1段27號至內湖路1段91巷13號前人行道更新工程",
        "start_date": "115/02/23",
        "end_date": "115/06/02",
        "date_range": "115/02/23~115/06/02"
      }
    },
    {
      "type": "Feature",
      "geometry": {
        "type": "Point",
        "coordinates": [
          121.5601867,
          25.0849463
        ]
      },
      "properties": {
        "source_city": "臺北市",
        "source": "data.taipei Todaywork.json",
        "case_no": "11500323",
        "project_name": "道路維護",
        "organizer": "新工處",
        "district": "內湖區",
        "address": "內湖區內湖路1段27號至內湖路1段91巷13號前人行道更新工程",
        "start_date": "115/02/23",
        "end_date": "115/06/02",
        "date_range": "115/02/23~115/06/02"
      }
    },
    {
      "type": "Feature",
      "geometry": {
        "type": "Point",
        "coordinates": [
          121.5601867,
          25.0849463
        ]
      },
      "properties": {
        "source_city": "臺北市",
        "source": "data.taipei Todaywork.json",
        "case_no": "11500323",
        "project_name": "道路維護",
        "organizer": "新工處",
        "district": "內湖區",
        "address": "內湖區內湖路1段27號至內湖路1段91巷13號前人行道更新工程",
        "start_date": "115/02/23",
        "end_date": "115/06/02",
        "date_range": "115/02/23~115/06/02"
      }
    },
    {
      "type": "Feature",
      "geometry": {
        "type": "Point",
        "coordinates": [
          121.5610839,
          25.0846098
        ]
      },
      "properties": {
        "source_city": "臺北市",
        "source": "data.taipei Todaywork.json",
        "case_no": "11500323",
        "project_name": "道路維護",
        "organizer": "新工處",
        "district": "內湖區",
        "address": "內湖區內湖路1段27號至內湖路1段91巷13號前人行道更新工程",
        "start_date": "115/02/23",
        "end_date": "115/06/02",
        "date_range": "115/02/23~115/06/02"
      }
    },
    {
      "type": "Feature",
      "geometry": {
        "type": "Point",
        "coordinates": [
          121.5601774,
          25.0849062
        ]
      },
      "properties": {
        "source_city": "臺北市",
        "source": "data.taipei Todaywork.json",
        "case_no": "11500323",
        "project_name": "道路維護",
        "organizer": "新工處",
        "district": "內湖區",
        "address": "內湖區內湖路1段27號至內湖路1段91巷13號前人行道更新工程",
        "start_date": "115/02/23",
        "end_date": "115/06/02",
        "date_range": "115/02/23~115/06/02"
      }
    },
    {
      "type": "Feature",
      "geometry": {
        "type": "Point",
        "coordinates": [
          121.5600248,
          25.0849689
        ]
      },
      "properties": {
        "source_city": "臺北市",
        "source": "data.taipei Todaywork.json",
        "case_no": "11500323",
        "project_name": "道路維護",
        "organizer": "新工處",
        "district": "內湖區",
        "address": "內湖區內湖路1段27號至內湖路1段91巷13號前人行道更新工程",
        "start_date": "115/02/23",
        "end_date": "115/06/02",
        "date_range": "115/02/23~115/06/02"
      }
    },
    {
      "type": "Feature",
      "geometry": {
        "type": "Point",
        "coordinates": [
          121.5601774,
          25.0849062
        ]
      },
      "properties": {
        "source_city": "臺北市",
        "source": "data.taipei Todaywork.json",
        "case_no": "11500323",
        "project_name": "道路維護",
        "organizer": "新工處",
        "district": "內湖區",
        "address": "內湖區內湖路1段27號至內湖路1段91巷13號前人行道更新工程",
        "start_date": "115/02/23",
        "end_date": "115/06/02",
        "date_range": "115/02/23~115/06/02"
      }
    },
    {
      "type": "Feature",
      "geometry": {
        "type": "Point",
        "coordinates": [
          121.5605867,
          25.084785
        ]
      },
      "properties": {
        "source_city": "臺北市",
        "source": "data.taipei Todaywork.json",
        "case_no": "11500323",
        "project_name": "道路維護",
        "organizer": "新工處",
        "district": "內湖區",
        "address": "內湖區內湖路1段27號至內湖路1段91巷13號前人行道更新工程",
        "start_date": "115/02/23",
        "end_date": "115/06/02",
        "date_range": "115/02/23~115/06/02"
      }
    },
    {
      "type": "Feature",
      "geometry": {
        "type": "Point",
        "coordinates": [
          121.5601774,
          25.0849062
        ]
      },
      "properties": {
        "source_city": "臺北市",
        "source": "data.taipei Todaywork.json",
        "case_no": "11500323",
        "project_name": "道路維護",
        "organizer": "新工處",
        "district": "內湖區",
        "address": "內湖區內湖路1段27號至內湖路1段91巷13號前人行道更新工程",
        "start_date": "115/02/23",
        "end_date": "115/06/02",
        "date_range": "115/02/23~115/06/02"
      }
    },
    {
      "type": "Feature",
      "geometry": {
        "type": "Point",
        "coordinates": [
          121.548525,
          25.000471
        ]
      },
      "properties": {
        "source_city": "臺北市",
        "source": "data.taipei Todaywork.json",
        "case_no": "11500325-1",
        "project_name": "道路維護",
        "organizer": "新工處",
        "district": "文山區",
        "address": "興隆路2段78巷至88號",
        "start_date": "115/04/01",
        "end_date": "115/05/07",
        "date_range": "115/04/01~115/05/07"
      }
    },
    {
      "type": "Feature",
      "geometry": {
        "type": "Point",
        "coordinates": [
          121.5481609,
          25.0000446
        ]
      },
      "properties": {
        "source_city": "臺北市",
        "source": "data.taipei Todaywork.json",
        "case_no": "11500325-1",
        "project_name": "道路維護",
        "organizer": "新工處",
        "district": "文山區",
        "address": "興隆路2段78巷至88號",
        "start_date": "115/04/01",
        "end_date": "115/05/07",
        "date_range": "115/04/01~115/05/07"
      }
    },
    {
      "type": "Feature",
      "geometry": {
        "type": "Point",
        "coordinates": [
          121.6166319,
          25.0589878
        ]
      },
      "properties": {
        "source_city": "臺北市",
        "source": "data.taipei Todaywork.json",
        "case_no": "11500360",
        "project_name": "道路維護",
        "organizer": "榮工工程股份有限公司",
        "district": "南港區",
        "address": "南港區經貿二路西側人行道(經貿二路105巷-157巷間)",
        "start_date": "115/02/25",
        "end_date": "116/04/30",
        "date_range": "115/02/25~116/04/30"
      }
    },
    {
      "type": "Feature",
      "geometry": {
        "type": "Point",
        "coordinates": [
          121.5506005,
          25.0445168
        ]
      },
      "properties": {
        "source_city": "臺北市",
        "source": "data.taipei Todaywork.json",
        "case_no": "11500406",
        "project_name": "道路維護",
        "organizer": "新工處",
        "district": "大安區",
        "address": "市民大道4段南側(忠孝東路4段147巷至忠孝東路4段223巷)人行道",
        "start_date": "115/03/10",
        "end_date": "115/06/07",
        "date_range": "115/03/10~115/06/07"
      }
    },
    {
      "type": "Feature",
      "geometry": {
        "type": "Point",
        "coordinates": [
          121.5497177,
          25.044564
        ]
      },
      "properties": {
        "source_city": "臺北市",
        "source": "data.taipei Todaywork.json",
        "case_no": "11500406",
        "project_name": "道路維護",
        "organizer": "新工處",
        "district": "大安區",
        "address": "市民大道4段南側(忠孝東路4段147巷至忠孝東路4段223巷)人行道",
        "start_date": "115/03/10",
        "end_date": "115/06/07",
        "date_range": "115/03/10~115/06/07"
      }
    },
    {
      "type": "Feature",
      "geometry": {
        "type": "Point",
        "coordinates": [
          121.5497177,
          25.044564
        ]
      },
      "properties": {
        "source_city": "臺北市",
        "source": "data.taipei Todaywork.json",
        "case_no": "11500406",
        "project_name": "道路維護",
        "organizer": "新工處",
        "district": "大安區",
        "address": "市民大道4段南側(忠孝東路4段147巷至忠孝東路4段223巷)人行道",
        "start_date": "115/03/10",
        "end_date": "115/06/07",
        "date_range": "115/03/10~115/06/07"
      }
    },
    {
      "type": "Feature",
      "geometry": {
        "type": "Point",
        "coordinates": [
          121.550276,
          25.044507
        ]
      },
      "properties": {
        "source_city": "臺北市",
        "source": "data.taipei Todaywork.json",
        "case_no": "11500406",
        "project_name": "道路維護",
        "organizer": "新工處",
        "district": "大安區",
        "address": "市民大道4段南側(忠孝東路4段147巷至忠孝東路4段223巷)人行道",
        "start_date": "115/03/10",
        "end_date": "115/06/07",
        "date_range": "115/03/10~115/06/07"
      }
    },
    {
      "type": "Feature",
      "geometry": {
        "type": "Point",
        "coordinates": [
          121.552534,
          25.0443025
        ]
      },
      "properties": {
        "source_city": "臺北市",
        "source": "data.taipei Todaywork.json",
        "case_no": "11500406",
        "project_name": "道路維護",
        "organizer": "新工處",
        "district": "大安區",
        "address": "市民大道4段南側(忠孝東路4段147巷至忠孝東路4段223巷)人行道",
        "start_date": "115/03/10",
        "end_date": "115/06/07",
        "date_range": "115/03/10~115/06/07"
      }
    },
    {
      "type": "Feature",
      "geometry": {
        "type": "Point",
        "coordinates": [
          121.5497326,
          25.0446028
        ]
      },
      "properties": {
        "source_city": "臺北市",
        "source": "data.taipei Todaywork.json",
        "case_no": "11500406",
        "project_name": "道路維護",
        "organizer": "新工處",
        "district": "大安區",
        "address": "市民大道4段南側(忠孝東路4段147巷至忠孝東路4段223巷)人行道",
        "start_date": "115/03/10",
        "end_date": "115/06/07",
        "date_range": "115/03/10~115/06/07"
      }
    },
    {
      "type": "Feature",
      "geometry": {
        "type": "Point",
        "coordinates": [
          121.5497326,
          25.0446028
        ]
      },
      "properties": {
        "source_city": "臺北市",
        "source": "data.taipei Todaywork.json",
        "case_no": "11500406",
        "project_name": "道路維護",
        "organizer": "新工處",
        "district": "大安區",
        "address": "市民大道4段南側(忠孝東路4段147巷至忠孝東路4段223巷)人行道",
        "start_date": "115/03/10",
        "end_date": "115/06/07",
        "date_range": "115/03/10~115/06/07"
      }
    },
    {
      "type": "Feature",
      "geometry": {
        "type": "Point",
        "coordinates": [
          121.552876,
          25.044216
        ]
      },
      "properties": {
        "source_city": "臺北市",
        "source": "data.taipei Todaywork.json",
        "case_no": "11500406",
        "project_name": "道路維護",
        "organizer": "新工處",
        "district": "大安區",
        "address": "市民大道4段南側(忠孝東路4段147巷至忠孝東路4段223巷)人行道",
        "start_date": "115/03/10",
        "end_date": "115/06/07",
        "date_range": "115/03/10~115/06/07"
      }
    },
    {
      "type": "Feature",
      "geometry": {
        "type": "Point",
        "coordinates": [
          121.552927,
          25.0442063
        ]
      },
      "properties": {
        "source_city": "臺北市",
        "source": "data.taipei Todaywork.json",
        "case_no": "11500406",
        "project_name": "道路維護",
        "organizer": "新工處",
        "district": "大安區",
        "address": "市民大道4段南側(忠孝東路4段147巷至忠孝東路4段223巷)人行道",
        "start_date": "115/03/10",
        "end_date": "115/06/07",
        "date_range": "115/03/10~115/06/07"
      }
    },
    {
      "type": "Feature",
      "geometry": {
        "type": "Point",
        "coordinates": [
          121.552892,
          25.044222
        ]
      },
      "properties": {
        "source_city": "臺北市",
        "source": "data.taipei Todaywork.json",
        "case_no": "11500406",
        "project_name": "道路維護",
        "organizer": "新工處",
        "district": "大安區",
        "address": "市民大道4段南側(忠孝東路4段147巷至忠孝東路4段223巷)人行道",
        "start_date": "115/03/10",
        "end_date": "115/06/07",
        "date_range": "115/03/10~115/06/07"
      }
    },
    {
      "type": "Feature",
      "geometry": {
        "type": "Point",
        "coordinates": [
          121.552534,
          25.0443025
        ]
      },
      "properties": {
        "source_city": "臺北市",
        "source": "data.taipei Todaywork.json",
        "case_no": "11500406",
        "project_name": "道路維護",
        "organizer": "新工處",
        "district": "大安區",
        "address": "市民大道4段南側(忠孝東路4段147巷至忠孝東路4段223巷)人行道",
        "start_date": "115/03/10",
        "end_date": "115/06/07",
        "date_range": "115/03/10~115/06/07"
      }
    },
    {
      "type": "Feature",
      "geometry": {
        "type": "Point",
        "coordinates": [
          121.5497177,
          25.044564
        ]
      },
      "properties": {
        "source_city": "臺北市",
        "source": "data.taipei Todaywork.json",
        "case_no": "11500406",
        "project_name": "道路維護",
        "organizer": "新工處",
        "district": "大安區",
        "address": "市民大道4段南側(忠孝東路4段147巷至忠孝東路4段223巷)人行道",
        "start_date": "115/03/10",
        "end_date": "115/06/07",
        "date_range": "115/03/10~115/06/07"
      }
    },
    {
      "type": "Feature",
      "geometry": {
        "type": "Point",
        "coordinates": [
          121.5497177,
          25.044564
        ]
      },
      "properties": {
        "source_city": "臺北市",
        "source": "data.taipei Todaywork.json",
        "case_no": "11500406",
        "project_name": "道路維護",
        "organizer": "新工處",
        "district": "大安區",
        "address": "市民大道4段南側(忠孝東路4段147巷至忠孝東路4段223巷)人行道",
        "start_date": "115/03/10",
        "end_date": "115/06/07",
        "date_range": "115/03/10~115/06/07"
      }
    },
    {
      "type": "Feature",
      "geometry": {
        "type": "Point",
        "coordinates": [
          121.5497177,
          25.044564
        ]
      },
      "properties": {
        "source_city": "臺北市",
        "source": "data.taipei Todaywork.json",
        "case_no": "11500406",
        "project_name": "道路維護",
        "organizer": "新工處",
        "district": "大安區",
        "address": "市民大道4段南側(忠孝東路4段147巷至忠孝東路4段223巷)人行道",
        "start_date": "115/03/10",
        "end_date": "115/06/07",
        "date_range": "115/03/10~115/06/07"
      }
    },
    {
      "type": "Feature",
      "geometry": {
        "type": "Point",
        "coordinates": [
          121.5497177,
          25.044564
        ]
      },
      "properties": {
        "source_city": "臺北市",
        "source": "data.taipei Todaywork.json",
        "case_no": "11500406",
        "project_name": "道路維護",
        "organizer": "新工處",
        "district": "大安區",
        "address": "市民大道4段南側(忠孝東路4段147巷至忠孝東路4段223巷)人行道",
        "start_date": "115/03/10",
        "end_date": "115/06/07",
        "date_range": "115/03/10~115/06/07"
      }
    },
    {
      "type": "Feature",
      "geometry": {
        "type": "Point",
        "coordinates": [
          121.5497177,
          25.044564
        ]
      },
      "properties": {
        "source_city": "臺北市",
        "source": "data.taipei Todaywork.json",
        "case_no": "11500406",
        "project_name": "道路維護",
        "organizer": "新工處",
        "district": "大安區",
        "address": "市民大道4段南側(忠孝東路4段147巷至忠孝東路4段223巷)人行道",
        "start_date": "115/03/10",
        "end_date": "115/06/07",
        "date_range": "115/03/10~115/06/07"
      }
    },
    {
      "type": "Feature",
      "geometry": {
        "type": "Point",
        "coordinates": [
          121.5497326,
          25.0446028
        ]
      },
      "properties": {
        "source_city": "臺北市",
        "source": "data.taipei Todaywork.json",
        "case_no": "11500406",
        "project_name": "道路維護",
        "organizer": "新工處",
        "district": "大安區",
        "address": "市民大道4段南側(忠孝東路4段147巷至忠孝東路4段223巷)人行道",
        "start_date": "115/03/10",
        "end_date": "115/06/07",
        "date_range": "115/03/10~115/06/07"
      }
    },
    {
      "type": "Feature",
      "geometry": {
        "type": "Point",
        "coordinates": [
          121.5506005,
          25.0445168
        ]
      },
      "properties": {
        "source_city": "臺北市",
        "source": "data.taipei Todaywork.json",
        "case_no": "11500406",
        "project_name": "道路維護",
        "organizer": "新工處",
        "district": "大安區",
        "address": "市民大道4段南側(忠孝東路4段147巷至忠孝東路4段223巷)人行道",
        "start_date": "115/03/10",
        "end_date": "115/06/07",
        "date_range": "115/03/10~115/06/07"
      }
    },
    {
      "type": "Feature",
      "geometry": {
        "type": "Point",
        "coordinates": [
          121.5528667,
          25.0442583
        ]
      },
      "properties": {
        "source_city": "臺北市",
        "source": "data.taipei Todaywork.json",
        "case_no": "11500406",
        "project_name": "道路維護",
        "organizer": "新工處",
        "district": "大安區",
        "address": "市民大道4段南側(忠孝東路4段147巷至忠孝東路4段223巷)人行道",
        "start_date": "115/03/10",
        "end_date": "115/06/07",
        "date_range": "115/03/10~115/06/07"
      }
    },
    {
      "type": "Feature",
      "geometry": {
        "type": "Point",
        "coordinates": [
          121.5512717,
          25.0444467
        ]
      },
      "properties": {
        "source_city": "臺北市",
        "source": "data.taipei Todaywork.json",
        "case_no": "11500406",
        "project_name": "道路維護",
        "organizer": "新工處",
        "district": "大安區",
        "address": "市民大道4段南側(忠孝東路4段147巷至忠孝東路4段223巷)人行道",
        "start_date": "115/03/10",
        "end_date": "115/06/07",
        "date_range": "115/03/10~115/06/07"
      }
    },
    {
      "type": "Feature",
      "geometry": {
        "type": "Point",
        "coordinates": [
          121.55057,
          25.044489
        ]
      },
      "properties": {
        "source_city": "臺北市",
        "source": "data.taipei Todaywork.json",
        "case_no": "11500406",
        "project_name": "道路維護",
        "organizer": "新工處",
        "district": "大安區",
        "address": "市民大道4段南側(忠孝東路4段147巷至忠孝東路4段223巷)人行道",
        "start_date": "115/03/10",
        "end_date": "115/06/07",
        "date_range": "115/03/10~115/06/07"
      }
    },
    {
      "type": "Feature",
      "geometry": {
        "type": "Point",
        "coordinates": [
          121.550278,
          25.044518
        ]
      },
      "properties": {
        "source_city": "臺北市",
        "source": "data.taipei Todaywork.json",
        "case_no": "11500406",
        "project_name": "道路維護",
        "organizer": "新工處",
        "district": "大安區",
        "address": "市民大道4段南側(忠孝東路4段147巷至忠孝東路4段223巷)人行道",
        "start_date": "115/03/10",
        "end_date": "115/06/07",
        "date_range": "115/03/10~115/06/07"
      }
    },
    {
      "type": "Feature",
      "geometry": {
        "type": "Point",
        "coordinates": [
          121.5506005,
          25.0445168
        ]
      },
      "properties": {
        "source_city": "臺北市",
        "source": "data.taipei Todaywork.json",
        "case_no": "11500406",
        "project_name": "道路維護",
        "organizer": "新工處",
        "district": "大安區",
        "address": "市民大道4段南側(忠孝東路4段147巷至忠孝東路4段223巷)人行道",
        "start_date": "115/03/10",
        "end_date": "115/06/07",
        "date_range": "115/03/10~115/06/07"
      }
    },
    {
      "type": "Feature",
      "geometry": {
        "type": "Point",
        "coordinates": [
          121.5506005,
          25.0445168
        ]
      },
      "properties": {
        "source_city": "臺北市",
        "source": "data.taipei Todaywork.json",
        "case_no": "11500406",
        "project_name": "道路維護",
        "organizer": "新工處",
        "district": "大安區",
        "address": "市民大道4段南側(忠孝東路4段147巷至忠孝東路4段223巷)人行道",
        "start_date": "115/03/10",
        "end_date": "115/06/07",
        "date_range": "115/03/10~115/06/07"
      }
    },
    {
      "type": "Feature",
      "geometry": {
        "type": "Point",
        "coordinates": [
          121.5506005,
          25.0445168
        ]
      },
      "properties": {
        "source_city": "臺北市",
        "source": "data.taipei Todaywork.json",
        "case_no": "11500406",
        "project_name": "道路維護",
        "organizer": "新工處",
        "district": "大安區",
        "address": "市民大道4段南側(忠孝東路4段147巷至忠孝東路4段223巷)人行道",
        "start_date": "115/03/10",
        "end_date": "115/06/07",
        "date_range": "115/03/10~115/06/07"
      }
    },
    {
      "type": "Feature",
      "geometry": {
        "type": "Point",
        "coordinates": [
          121.5506005,
          25.0445168
        ]
      },
      "properties": {
        "source_city": "臺北市",
        "source": "data.taipei Todaywork.json",
        "case_no": "11500406",
        "project_name": "道路維護",
        "organizer": "新工處",
        "district": "大安區",
        "address": "市民大道4段南側(忠孝東路4段147巷至忠孝東路4段223巷)人行道",
        "start_date": "115/03/10",
        "end_date": "115/06/07",
        "date_range": "115/03/10~115/06/07"
      }
    },
    {
      "type": "Feature",
      "geometry": {
        "type": "Point",
        "coordinates": [
          121.550007,
          25.0445448
        ]
      },
      "properties": {
        "source_city": "臺北市",
        "source": "data.taipei Todaywork.json",
        "case_no": "11500406",
        "project_name": "道路維護",
        "organizer": "新工處",
        "district": "大安區",
        "address": "市民大道4段南側(忠孝東路4段147巷至忠孝東路4段223巷)人行道",
        "start_date": "115/03/10",
        "end_date": "115/06/07",
        "date_range": "115/03/10~115/06/07"
      }
    },
    {
      "type": "Feature",
      "geometry": {
        "type": "Point",
        "coordinates": [
          121.5497177,
          25.044564
        ]
      },
      "properties": {
        "source_city": "臺北市",
        "source": "data.taipei Todaywork.json",
        "case_no": "11500406",
        "project_name": "道路維護",
        "organizer": "新工處",
        "district": "大安區",
        "address": "市民大道4段南側(忠孝東路4段147巷至忠孝東路4段223巷)人行道",
        "start_date": "115/03/10",
        "end_date": "115/06/07",
        "date_range": "115/03/10~115/06/07"
      }
    },
    {
      "type": "Feature",
      "geometry": {
        "type": "Point",
        "coordinates": [
          121.5497326,
          25.0446028
        ]
      },
      "properties": {
        "source_city": "臺北市",
        "source": "data.taipei Todaywork.json",
        "case_no": "11500406",
        "project_name": "道路維護",
        "organizer": "新工處",
        "district": "大安區",
        "address": "市民大道4段南側(忠孝東路4段147巷至忠孝東路4段223巷)人行道",
        "start_date": "115/03/10",
        "end_date": "115/06/07",
        "date_range": "115/03/10~115/06/07"
      }
    },
    {
      "type": "Feature",
      "geometry": {
        "type": "Point",
        "coordinates": [
          121.5506005,
          25.0445168
        ]
      },
      "properties": {
        "source_city": "臺北市",
        "source": "data.taipei Todaywork.json",
        "case_no": "11500406",
        "project_name": "道路維護",
        "organizer": "新工處",
        "district": "大安區",
        "address": "市民大道4段南側(忠孝東路4段147巷至忠孝東路4段223巷)人行道",
        "start_date": "115/03/10",
        "end_date": "115/06/07",
        "date_range": "115/03/10~115/06/07"
      }
    },
    {
      "type": "Feature",
      "geometry": {
        "type": "Point",
        "coordinates": [
          121.5497177,
          25.044564
        ]
      },
      "properties": {
        "source_city": "臺北市",
        "source": "data.taipei Todaywork.json",
        "case_no": "11500406",
        "project_name": "道路維護",
        "organizer": "新工處",
        "district": "大安區",
        "address": "市民大道4段南側(忠孝東路4段147巷至忠孝東路4段223巷)人行道",
        "start_date": "115/03/10",
        "end_date": "115/06/07",
        "date_range": "115/03/10~115/06/07"
      }
    },
    {
      "type": "Feature",
      "geometry": {
        "type": "Point",
        "coordinates": [
          121.5506005,
          25.0445168
        ]
      },
      "properties": {
        "source_city": "臺北市",
        "source": "data.taipei Todaywork.json",
        "case_no": "11500406",
        "project_name": "道路維護",
        "organizer": "新工處",
        "district": "大安區",
        "address": "市民大道4段南側(忠孝東路4段147巷至忠孝東路4段223巷)人行道",
        "start_date": "115/03/10",
        "end_date": "115/06/07",
        "date_range": "115/03/10~115/06/07"
      }
    },
    {
      "type": "Feature",
      "geometry": {
        "type": "Point",
        "coordinates": [
          121.550192,
          25.044542
        ]
      },
      "properties": {
        "source_city": "臺北市",
        "source": "data.taipei Todaywork.json",
        "case_no": "11500406",
        "project_name": "道路維護",
        "organizer": "新工處",
        "district": "大安區",
        "address": "市民大道4段南側(忠孝東路4段147巷至忠孝東路4段223巷)人行道",
        "start_date": "115/03/10",
        "end_date": "115/06/07",
        "date_range": "115/03/10~115/06/07"
      }
    },
    {
      "type": "Feature",
      "geometry": {
        "type": "Point",
        "coordinates": [
          121.5524092,
          25.0442906
        ]
      },
      "properties": {
        "source_city": "臺北市",
        "source": "data.taipei Todaywork.json",
        "case_no": "11500406",
        "project_name": "道路維護",
        "organizer": "新工處",
        "district": "大安區",
        "address": "市民大道4段南側(忠孝東路4段147巷至忠孝東路4段223巷)人行道",
        "start_date": "115/03/10",
        "end_date": "115/06/07",
        "date_range": "115/03/10~115/06/07"
      }
    },
    {
      "type": "Feature",
      "geometry": {
        "type": "Point",
        "coordinates": [
          121.5506005,
          25.0445168
        ]
      },
      "properties": {
        "source_city": "臺北市",
        "source": "data.taipei Todaywork.json",
        "case_no": "11500406",
        "project_name": "道路維護",
        "organizer": "新工處",
        "district": "大安區",
        "address": "市民大道4段南側(忠孝東路4段147巷至忠孝東路4段223巷)人行道",
        "start_date": "115/03/10",
        "end_date": "115/06/07",
        "date_range": "115/03/10~115/06/07"
      }
    },
    {
      "type": "Feature",
      "geometry": {
        "type": "Point",
        "coordinates": [
          121.5506005,
          25.0445168
        ]
      },
      "properties": {
        "source_city": "臺北市",
        "source": "data.taipei Todaywork.json",
        "case_no": "11500406",
        "project_name": "道路維護",
        "organizer": "新工處",
        "district": "大安區",
        "address": "市民大道4段南側(忠孝東路4段147巷至忠孝東路4段223巷)人行道",
        "start_date": "115/03/10",
        "end_date": "115/06/07",
        "date_range": "115/03/10~115/06/07"
      }
    },
    {
      "type": "Feature",
      "geometry": {
        "type": "Point",
        "coordinates": [
          121.5497177,
          25.044564
        ]
      },
      "properties": {
        "source_city": "臺北市",
        "source": "data.taipei Todaywork.json",
        "case_no": "11500406",
        "project_name": "道路維護",
        "organizer": "新工處",
        "district": "大安區",
        "address": "市民大道4段南側(忠孝東路4段147巷至忠孝東路4段223巷)人行道",
        "start_date": "115/03/10",
        "end_date": "115/06/07",
        "date_range": "115/03/10~115/06/07"
      }
    },
    {
      "type": "Feature",
      "geometry": {
        "type": "Point",
        "coordinates": [
          121.552534,
          25.0443025
        ]
      },
      "properties": {
        "source_city": "臺北市",
        "source": "data.taipei Todaywork.json",
        "case_no": "11500406",
        "project_name": "道路維護",
        "organizer": "新工處",
        "district": "大安區",
        "address": "市民大道4段南側(忠孝東路4段147巷至忠孝東路4段223巷)人行道",
        "start_date": "115/03/10",
        "end_date": "115/06/07",
        "date_range": "115/03/10~115/06/07"
      }
    },
    {
      "type": "Feature",
      "geometry": {
        "type": "Point",
        "coordinates": [
          121.552534,
          25.0443025
        ]
      },
      "properties": {
        "source_city": "臺北市",
        "source": "data.taipei Todaywork.json",
        "case_no": "11500406",
        "project_name": "道路維護",
        "organizer": "新工處",
        "district": "大安區",
        "address": "市民大道4段南側(忠孝東路4段147巷至忠孝東路4段223巷)人行道",
        "start_date": "115/03/10",
        "end_date": "115/06/07",
        "date_range": "115/03/10~115/06/07"
      }
    },
    {
      "type": "Feature",
      "geometry": {
        "type": "Point",
        "coordinates": [
          121.5497326,
          25.0446028
        ]
      },
      "properties": {
        "source_city": "臺北市",
        "source": "data.taipei Todaywork.json",
        "case_no": "11500406",
        "project_name": "道路維護",
        "organizer": "新工處",
        "district": "大安區",
        "address": "市民大道4段南側(忠孝東路4段147巷至忠孝東路4段223巷)人行道",
        "start_date": "115/03/10",
        "end_date": "115/06/07",
        "date_range": "115/03/10~115/06/07"
      }
    },
    {
      "type": "Feature",
      "geometry": {
        "type": "Point",
        "coordinates": [
          121.5497177,
          25.044564
        ]
      },
      "properties": {
        "source_city": "臺北市",
        "source": "data.taipei Todaywork.json",
        "case_no": "11500406",
        "project_name": "道路維護",
        "organizer": "新工處",
        "district": "大安區",
        "address": "市民大道4段南側(忠孝東路4段147巷至忠孝東路4段223巷)人行道",
        "start_date": "115/03/10",
        "end_date": "115/06/07",
        "date_range": "115/03/10~115/06/07"
      }
    },
    {
      "type": "Feature",
      "geometry": {
        "type": "Point",
        "coordinates": [
          121.5497177,
          25.044564
        ]
      },
      "properties": {
        "source_city": "臺北市",
        "source": "data.taipei Todaywork.json",
        "case_no": "11500406",
        "project_name": "道路維護",
        "organizer": "新工處",
        "district": "大安區",
        "address": "市民大道4段南側(忠孝東路4段147巷至忠孝東路4段223巷)人行道",
        "start_date": "115/03/10",
        "end_date": "115/06/07",
        "date_range": "115/03/10~115/06/07"
      }
    },
    {
      "type": "Feature",
      "geometry": {
        "type": "Point",
        "coordinates": [
          121.5506005,
          25.0445168
        ]
      },
      "properties": {
        "source_city": "臺北市",
        "source": "data.taipei Todaywork.json",
        "case_no": "11500406",
        "project_name": "道路維護",
        "organizer": "新工處",
        "district": "大安區",
        "address": "市民大道4段南側(忠孝東路4段147巷至忠孝東路4段223巷)人行道",
        "start_date": "115/03/10",
        "end_date": "115/06/07",
        "date_range": "115/03/10~115/06/07"
      }
    },
    {
      "type": "Feature",
      "geometry": {
        "type": "Point",
        "coordinates": [
          121.5506005,
          25.0445168
        ]
      },
      "properties": {
        "source_city": "臺北市",
        "source": "data.taipei Todaywork.json",
        "case_no": "11500406",
        "project_name": "道路維護",
        "organizer": "新工處",
        "district": "大安區",
        "address": "市民大道4段南側(忠孝東路4段147巷至忠孝東路4段223巷)人行道",
        "start_date": "115/03/10",
        "end_date": "115/06/07",
        "date_range": "115/03/10~115/06/07"
      }
    },
    {
      "type": "Feature",
      "geometry": {
        "type": "Point",
        "coordinates": [
          121.5497177,
          25.044564
        ]
      },
      "properties": {
        "source_city": "臺北市",
        "source": "data.taipei Todaywork.json",
        "case_no": "11500406",
        "project_name": "道路維護",
        "organizer": "新工處",
        "district": "大安區",
        "address": "市民大道4段南側(忠孝東路4段147巷至忠孝東路4段223巷)人行道",
        "start_date": "115/03/10",
        "end_date": "115/06/07",
        "date_range": "115/03/10~115/06/07"
      }
    },
    {
      "type": "Feature",
      "geometry": {
        "type": "Point",
        "coordinates": [
          121.5497326,
          25.0446028
        ]
      },
      "properties": {
        "source_city": "臺北市",
        "source": "data.taipei Todaywork.json",
        "case_no": "11500406",
        "project_name": "道路維護",
        "organizer": "新工處",
        "district": "大安區",
        "address": "市民大道4段南側（忠孝東路4段147巷至忠孝東路4段223巷）人行道鋪面更新工程",
        "start_date": "115/03/10",
        "end_date": "115/06/07",
        "date_range": "115/03/10~115/06/07"
      }
    },
    {
      "type": "Feature",
      "geometry": {
        "type": "Point",
        "coordinates": [
          121.5524092,
          25.0442906
        ]
      },
      "properties": {
        "source_city": "臺北市",
        "source": "data.taipei Todaywork.json",
        "case_no": "11500406",
        "project_name": "道路維護",
        "organizer": "新工處",
        "district": "大安區",
        "address": "市民大道4段南側（忠孝東路4段147巷至忠孝東路4段223巷）人行道鋪面更新工程",
        "start_date": "115/03/10",
        "end_date": "115/06/07",
        "date_range": "115/03/10~115/06/07"
      }
    },
    {
      "type": "Feature",
      "geometry": {
        "type": "Point",
        "coordinates": [
          121.5506005,
          25.0445168
        ]
      },
      "properties": {
        "source_city": "臺北市",
        "source": "data.taipei Todaywork.json",
        "case_no": "11500406",
        "project_name": "道路維護",
        "organizer": "新工處",
        "district": "大安區",
        "address": "市民大道4段南側（忠孝東路4段147巷至忠孝東路4段223巷）人行道鋪面更新工程",
        "start_date": "115/03/10",
        "end_date": "115/06/07",
        "date_range": "115/03/10~115/06/07"
      }
    },
    {
      "type": "Feature",
      "geometry": {
        "type": "Point",
        "coordinates": [
          121.5528953,
          25.0442636
        ]
      },
      "properties": {
        "source_city": "臺北市",
        "source": "data.taipei Todaywork.json",
        "case_no": "11500406",
        "project_name": "道路維護",
        "organizer": "新工處",
        "district": "大安區",
        "address": "市民大道4段南側（忠孝東路4段147巷至忠孝東路4段223巷）人行道鋪面更新工程",
        "start_date": "115/03/10",
        "end_date": "115/06/07",
        "date_range": "115/03/10~115/06/07"
      }
    },
    {
      "type": "Feature",
      "geometry": {
        "type": "Point",
        "coordinates": [
          121.5507533,
          25.044451
        ]
      },
      "properties": {
        "source_city": "臺北市",
        "source": "data.taipei Todaywork.json",
        "case_no": "11500406",
        "project_name": "道路維護",
        "organizer": "新工處",
        "district": "大安區",
        "address": "市民大道4段南側（忠孝東路4段147巷至忠孝東路4段223巷）人行道鋪面更新工程",
        "start_date": "115/03/10",
        "end_date": "115/06/07",
        "date_range": "115/03/10~115/06/07"
      }
    },
    {
      "type": "Feature",
      "geometry": {
        "type": "Point",
        "coordinates": [
          121.54977,
          25.0445667
        ]
      },
      "properties": {
        "source_city": "臺北市",
        "source": "data.taipei Todaywork.json",
        "case_no": "11500406",
        "project_name": "道路維護",
        "organizer": "新工處",
        "district": "大安區",
        "address": "市民大道4段南側（忠孝東路4段147巷至忠孝東路4段223巷）人行道鋪面更新工程",
        "start_date": "115/03/10",
        "end_date": "115/06/07",
        "date_range": "115/03/10~115/06/07"
      }
    },
    {
      "type": "Feature",
      "geometry": {
        "type": "Point",
        "coordinates": [
          121.5506005,
          25.0445168
        ]
      },
      "properties": {
        "source_city": "臺北市",
        "source": "data.taipei Todaywork.json",
        "case_no": "11500406",
        "project_name": "道路維護",
        "organizer": "新工處",
        "district": "大安區",
        "address": "市民大道4段南側（忠孝東路4段147巷至忠孝東路4段223巷）人行道鋪面更新工程",
        "start_date": "115/03/10",
        "end_date": "115/06/07",
        "date_range": "115/03/10~115/06/07"
      }
    },
    {
      "type": "Feature",
      "geometry": {
        "type": "Point",
        "coordinates": [
          121.5511151,
          24.9994975
        ]
      },
      "properties": {
        "source_city": "臺北市",
        "source": "data.taipei Todaywork.json",
        "case_no": "11500444",
        "project_name": "道路維護",
        "organizer": "新工處",
        "district": "文山區",
        "address": "興隆路2段96巷23之1號至興隆路2段220巷65弄29號",
        "start_date": "115/03/16",
        "end_date": "115/05/18",
        "date_range": "115/03/16~115/05/18"
      }
    },
    {
      "type": "Feature",
      "geometry": {
        "type": "Point",
        "coordinates": [
          121.5508237,
          24.9996667
        ]
      },
      "properties": {
        "source_city": "臺北市",
        "source": "data.taipei Todaywork.json",
        "case_no": "11500444",
        "project_name": "道路維護",
        "organizer": "新工處",
        "district": "文山區",
        "address": "興隆路2段96巷23之1號至興隆路2段220巷65弄29號",
        "start_date": "115/03/16",
        "end_date": "115/05/18",
        "date_range": "115/03/16~115/05/18"
      }
    },
    {
      "type": "Feature",
      "geometry": {
        "type": "Point",
        "coordinates": [
          121.5511124,
          24.9994744
        ]
      },
      "properties": {
        "source_city": "臺北市",
        "source": "data.taipei Todaywork.json",
        "case_no": "11500444",
        "project_name": "道路維護",
        "organizer": "新工處",
        "district": "文山區",
        "address": "興隆路2段96巷23之1號至興隆路2段220巷65弄29號",
        "start_date": "115/03/16",
        "end_date": "115/05/18",
        "date_range": "115/03/16~115/05/18"
      }
    },
    {
      "type": "Feature",
      "geometry": {
        "type": "Point",
        "coordinates": [
          121.5508237,
          24.9996667
        ]
      },
      "properties": {
        "source_city": "臺北市",
        "source": "data.taipei Todaywork.json",
        "case_no": "11500444",
        "project_name": "道路維護",
        "organizer": "新工處",
        "district": "文山區",
        "address": "興隆路2段96巷23之1號至興隆路2段220巷65弄29號",
        "start_date": "115/03/16",
        "end_date": "115/05/18",
        "date_range": "115/03/16~115/05/18"
      }
    },
    {
      "type": "Feature",
      "geometry": {
        "type": "Point",
        "coordinates": [
          121.5511124,
          24.9994744
        ]
      },
      "properties": {
        "source_city": "臺北市",
        "source": "data.taipei Todaywork.json",
        "case_no": "11500444",
        "project_name": "道路維護",
        "organizer": "新工處",
        "district": "文山區",
        "address": "興隆路2段96巷23之1號至興隆路2段220巷65弄29號",
        "start_date": "115/03/16",
        "end_date": "115/05/18",
        "date_range": "115/03/16~115/05/18"
      }
    },
    {
      "type": "Feature",
      "geometry": {
        "type": "Point",
        "coordinates": [
          121.5511031,
          24.9995016
        ]
      },
      "properties": {
        "source_city": "臺北市",
        "source": "data.taipei Todaywork.json",
        "case_no": "11500444",
        "project_name": "道路維護",
        "organizer": "新工處",
        "district": "文山區",
        "address": "興隆路2段96巷23之1號至興隆路2段220巷65弄29號",
        "start_date": "115/03/16",
        "end_date": "115/05/18",
        "date_range": "115/03/16~115/05/18"
      }
    },
    {
      "type": "Feature",
      "geometry": {
        "type": "Point",
        "coordinates": [
          121.5511053,
          24.9994753
        ]
      },
      "properties": {
        "source_city": "臺北市",
        "source": "data.taipei Todaywork.json",
        "case_no": "11500444",
        "project_name": "道路維護",
        "organizer": "新工處",
        "district": "文山區",
        "address": "興隆路2段96巷23之1號至興隆路2段220巷65弄29號",
        "start_date": "115/03/16",
        "end_date": "115/05/18",
        "date_range": "115/03/16~115/05/18"
      }
    },
    {
      "type": "Feature",
      "geometry": {
        "type": "Point",
        "coordinates": [
          121.5511151,
          24.9994975
        ]
      },
      "properties": {
        "source_city": "臺北市",
        "source": "data.taipei Todaywork.json",
        "case_no": "11500444",
        "project_name": "道路維護",
        "organizer": "新工處",
        "district": "文山區",
        "address": "興隆路2段96巷23之1號至興隆路2段220巷65弄29號",
        "start_date": "115/03/16",
        "end_date": "115/05/18",
        "date_range": "115/03/16~115/05/18"
      }
    },
    {
      "type": "Feature",
      "geometry": {
        "type": "Point",
        "coordinates": [
          121.5511151,
          24.9994975
        ]
      },
      "properties": {
        "source_city": "臺北市",
        "source": "data.taipei Todaywork.json",
        "case_no": "11500444",
        "project_name": "道路維護",
        "organizer": "新工處",
        "district": "文山區",
        "address": "興隆路2段96巷23之1號至興隆路2段220巷65弄29號",
        "start_date": "115/03/16",
        "end_date": "115/05/18",
        "date_range": "115/03/16~115/05/18"
      }
    },
    {
      "type": "Feature",
      "geometry": {
        "type": "Point",
        "coordinates": [
          121.5511124,
          24.9994744
        ]
      },
      "properties": {
        "source_city": "臺北市",
        "source": "data.taipei Todaywork.json",
        "case_no": "11500444",
        "project_name": "道路維護",
        "organizer": "新工處",
        "district": "文山區",
        "address": "興隆路2段96巷23之1號至興隆路2段220巷65弄29號",
        "start_date": "115/03/16",
        "end_date": "115/05/18",
        "date_range": "115/03/16~115/05/18"
      }
    },
    {
      "type": "Feature",
      "geometry": {
        "type": "Point",
        "coordinates": [
          121.5510986,
          24.9994808
        ]
      },
      "properties": {
        "source_city": "臺北市",
        "source": "data.taipei Todaywork.json",
        "case_no": "11500444",
        "project_name": "道路維護",
        "organizer": "新工處",
        "district": "文山區",
        "address": "興隆路2段96巷23之1號至興隆路2段220巷65弄29號",
        "start_date": "115/03/16",
        "end_date": "115/05/18",
        "date_range": "115/03/16~115/05/18"
      }
    },
    {
      "type": "Feature",
      "geometry": {
        "type": "Point",
        "coordinates": [
          121.5511918,
          24.9990687
        ]
      },
      "properties": {
        "source_city": "臺北市",
        "source": "data.taipei Todaywork.json",
        "case_no": "11500444",
        "project_name": "道路維護",
        "organizer": "新工處",
        "district": "文山區",
        "address": "興隆路2段96巷23之1號至興隆路2段220巷65弄29號",
        "start_date": "115/03/16",
        "end_date": "115/05/18",
        "date_range": "115/03/16~115/05/18"
      }
    },
    {
      "type": "Feature",
      "geometry": {
        "type": "Point",
        "coordinates": [
          121.4937128,
          25.0299082
        ]
      },
      "properties": {
        "source_city": "臺北市",
        "source": "data.taipei Todaywork.json",
        "case_no": "11500462-1",
        "project_name": "道路維護",
        "organizer": "新工處",
        "district": "萬華區",
        "address": "雙園街60巷 (西藏路至雙園街)",
        "start_date": "115/05/01",
        "end_date": "115/05/31",
        "date_range": "115/05/01~115/05/31"
      }
    },
    {
      "type": "Feature",
      "geometry": {
        "type": "Point",
        "coordinates": [
          121.5716451,
          24.9950141
        ]
      },
      "properties": {
        "source_city": "臺北市",
        "source": "data.taipei Todaywork.json",
        "case_no": "11500489",
        "project_name": "道路維護",
        "organizer": "新工處",
        "district": "文山區",
        "address": "萬芳路東側(自木柵路四段至原野運動公園前)人行道鋪面更新工程",
        "start_date": "115/03/23",
        "end_date": "115/06/20",
        "date_range": "115/03/23~115/06/20"
      }
    },
    {
      "type": "Feature",
      "geometry": {
        "type": "Point",
        "coordinates": [
          121.5709102,
          24.9955392
        ]
      },
      "properties": {
        "source_city": "臺北市",
        "source": "data.taipei Todaywork.json",
        "case_no": "11500489",
        "project_name": "道路維護",
        "organizer": "新工處",
        "district": "文山區",
        "address": "萬芳路東側(自木柵路四段至原野運動公園前)人行道鋪面更新工程",
        "start_date": "115/03/23",
        "end_date": "115/06/20",
        "date_range": "115/03/23~115/06/20"
      }
    },
    {
      "type": "Feature",
      "geometry": {
        "type": "Point",
        "coordinates": [
          121.570823,
          24.995719
        ]
      },
      "properties": {
        "source_city": "臺北市",
        "source": "data.taipei Todaywork.json",
        "case_no": "11500489",
        "project_name": "道路維護",
        "organizer": "新工處",
        "district": "文山區",
        "address": "萬芳路東側(自木柵路四段至原野運動公園前)人行道鋪面更新工程",
        "start_date": "115/03/23",
        "end_date": "115/06/20",
        "date_range": "115/03/23~115/06/20"
      }
    },
    {
      "type": "Feature",
      "geometry": {
        "type": "Point",
        "coordinates": [
          121.5711141,
          24.9953398
        ]
      },
      "properties": {
        "source_city": "臺北市",
        "source": "data.taipei Todaywork.json",
        "case_no": "11500489",
        "project_name": "道路維護",
        "organizer": "新工處",
        "district": "文山區",
        "address": "萬芳路東側(自木柵路四段至原野運動公園前)人行道鋪面更新工程",
        "start_date": "115/03/23",
        "end_date": "115/06/20",
        "date_range": "115/03/23~115/06/20"
      }
    },
    {
      "type": "Feature",
      "geometry": {
        "type": "Point",
        "coordinates": [
          121.5711838,
          24.9976201
        ]
      },
      "properties": {
        "source_city": "臺北市",
        "source": "data.taipei Todaywork.json",
        "case_no": "11500489",
        "project_name": "道路維護",
        "organizer": "新工處",
        "district": "文山區",
        "address": "萬芳路東側(自木柵路四段至原野運動公園前)人行道鋪面更新工程",
        "start_date": "115/03/23",
        "end_date": "115/06/20",
        "date_range": "115/03/23~115/06/20"
      }
    },
    {
      "type": "Feature",
      "geometry": {
        "type": "Point",
        "coordinates": [
          121.5713072,
          24.9951745
        ]
      },
      "properties": {
        "source_city": "臺北市",
        "source": "data.taipei Todaywork.json",
        "case_no": "11500489",
        "project_name": "道路維護",
        "organizer": "新工處",
        "district": "文山區",
        "address": "萬芳路東側(自木柵路四段至原野運動公園前)人行道鋪面更新工程",
        "start_date": "115/03/23",
        "end_date": "115/06/20",
        "date_range": "115/03/23~115/06/20"
      }
    },
    {
      "type": "Feature",
      "geometry": {
        "type": "Point",
        "coordinates": [
          121.570974,
          24.996897
        ]
      },
      "properties": {
        "source_city": "臺北市",
        "source": "data.taipei Todaywork.json",
        "case_no": "11500489",
        "project_name": "道路維護",
        "organizer": "新工處",
        "district": "文山區",
        "address": "萬芳路東側(自木柵路四段至原野運動公園前)人行道鋪面更新工程",
        "start_date": "115/03/23",
        "end_date": "115/06/20",
        "date_range": "115/03/23~115/06/20"
      }
    },
    {
      "type": "Feature",
      "geometry": {
        "type": "Point",
        "coordinates": [
          121.5380698,
          25.0288887
        ]
      },
      "properties": {
        "source_city": "臺北市",
        "source": "data.taipei Todaywork.json",
        "case_no": "11500490",
        "project_name": "道路維護",
        "organizer": "新工處",
        "district": "大安區",
        "address": "建國南路2段79巷至建國南路2段151巷間人行道鋪面更新工程",
        "start_date": "115/03/23",
        "end_date": "115/06/30",
        "date_range": "115/03/23~115/06/30"
      }
    },
    {
      "type": "Feature",
      "geometry": {
        "type": "Point",
        "coordinates": [
          121.5380819,
          25.0292457
        ]
      },
      "properties": {
        "source_city": "臺北市",
        "source": "data.taipei Todaywork.json",
        "case_no": "11500490",
        "project_name": "道路維護",
        "organizer": "新工處",
        "district": "大安區",
        "address": "建國南路2段79巷至建國南路2段151巷間人行道鋪面更新工程",
        "start_date": "115/03/23",
        "end_date": "115/06/30",
        "date_range": "115/03/23~115/06/30"
      }
    },
    {
      "type": "Feature",
      "geometry": {
        "type": "Point",
        "coordinates": [
          121.5380819,
          25.0292457
        ]
      },
      "properties": {
        "source_city": "臺北市",
        "source": "data.taipei Todaywork.json",
        "case_no": "11500490",
        "project_name": "道路維護",
        "organizer": "新工處",
        "district": "大安區",
        "address": "建國南路2段79巷至建國南路2段151巷間人行道鋪面更新工程",
        "start_date": "115/03/23",
        "end_date": "115/06/30",
        "date_range": "115/03/23~115/06/30"
      }
    },
    {
      "type": "Feature",
      "geometry": {
        "type": "Point",
        "coordinates": [
          121.538081,
          25.0294339
        ]
      },
      "properties": {
        "source_city": "臺北市",
        "source": "data.taipei Todaywork.json",
        "case_no": "11500490",
        "project_name": "道路維護",
        "organizer": "新工處",
        "district": "大安區",
        "address": "建國南路2段79巷至建國南路2段151巷間人行道鋪面更新工程",
        "start_date": "115/03/23",
        "end_date": "115/06/30",
        "date_range": "115/03/23~115/06/30"
      }
    },
    {
      "type": "Feature",
      "geometry": {
        "type": "Point",
        "coordinates": [
          121.5380922,
          25.0306626
        ]
      },
      "properties": {
        "source_city": "臺北市",
        "source": "data.taipei Todaywork.json",
        "case_no": "11500490",
        "project_name": "道路維護",
        "organizer": "新工處",
        "district": "大安區",
        "address": "建國南路2段79巷至建國南路2段151巷間人行道鋪面更新工程",
        "start_date": "115/03/23",
        "end_date": "115/06/30",
        "date_range": "115/03/23~115/06/30"
      }
    },
    {
      "type": "Feature",
      "geometry": {
        "type": "Point",
        "coordinates": [
          121.5380698,
          25.0288887
        ]
      },
      "properties": {
        "source_city": "臺北市",
        "source": "data.taipei Todaywork.json",
        "case_no": "11500490",
        "project_name": "道路維護",
        "organizer": "新工處",
        "district": "大安區",
        "address": "建國南路2段79巷至建國南路2段151巷間人行道鋪面更新工程",
        "start_date": "115/03/23",
        "end_date": "115/06/30",
        "date_range": "115/03/23~115/06/30"
      }
    },
    {
      "type": "Feature",
      "geometry": {
        "type": "Point",
        "coordinates": [
          121.538081,
          25.0294339
        ]
      },
      "properties": {
        "source_city": "臺北市",
        "source": "data.taipei Todaywork.json",
        "case_no": "11500490",
        "project_name": "道路維護",
        "organizer": "新工處",
        "district": "大安區",
        "address": "建國南路2段79巷至建國南路2段151巷間人行道鋪面更新工程",
        "start_date": "115/03/23",
        "end_date": "115/06/30",
        "date_range": "115/03/23~115/06/30"
      }
    },
    {
      "type": "Feature",
      "geometry": {
        "type": "Point",
        "coordinates": [
          121.5250504,
          25.0862352
        ]
      },
      "properties": {
        "source_city": "臺北市",
        "source": "data.taipei Todaywork.json",
        "case_no": "11500524",
        "project_name": "道路維護",
        "organizer": "新工處",
        "district": "士林區",
        "address": "士林夜市商圈意象改造工程",
        "start_date": "115/04/07",
        "end_date": "115/06/05",
        "date_range": "115/04/07~115/06/05"
      }
    },
    {
      "type": "Feature",
      "geometry": {
        "type": "Point",
        "coordinates": [
          121.5449601,
          25.0533478
        ]
      },
      "properties": {
        "source_city": "臺北市",
        "source": "data.taipei Todaywork.json",
        "case_no": "11500575-1",
        "project_name": "道路維護",
        "organizer": "璞致營造股份有限公司",
        "district": "松山區",
        "address": "復興北路141巷及141巷6弄交叉口",
        "start_date": "115/04/23",
        "end_date": "115/04/29",
        "date_range": "115/04/23~115/04/29"
      }
    },
    {
      "type": "Feature",
      "geometry": {
        "type": "Point",
        "coordinates": [
          121.5449607,
          25.0533387
        ]
      },
      "properties": {
        "source_city": "臺北市",
        "source": "data.taipei Todaywork.json",
        "case_no": "11500575-1",
        "project_name": "道路維護",
        "organizer": "璞致營造股份有限公司",
        "district": "松山區",
        "address": "復興北路141巷及141巷6弄交叉口",
        "start_date": "115/04/23",
        "end_date": "115/04/29",
        "date_range": "115/04/23~115/04/29"
      }
    },
    {
      "type": "Feature",
      "geometry": {
        "type": "Point",
        "coordinates": [
          121.5449607,
          25.0533387
        ]
      },
      "properties": {
        "source_city": "臺北市",
        "source": "data.taipei Todaywork.json",
        "case_no": "11500575-1",
        "project_name": "道路維護",
        "organizer": "璞致營造股份有限公司",
        "district": "松山區",
        "address": "復興北路141巷及141巷6弄交叉口",
        "start_date": "115/04/23",
        "end_date": "115/04/29",
        "date_range": "115/04/23~115/04/29"
      }
    },
    {
      "type": "Feature",
      "geometry": {
        "type": "Point",
        "coordinates": [
          121.5449607,
          25.0533387
        ]
      },
      "properties": {
        "source_city": "臺北市",
        "source": "data.taipei Todaywork.json",
        "case_no": "11500575-1",
        "project_name": "道路維護",
        "organizer": "璞致營造股份有限公司",
        "district": "松山區",
        "address": "復興北路141巷及141巷6弄交叉口",
        "start_date": "115/04/23",
        "end_date": "115/04/29",
        "date_range": "115/04/23~115/04/29"
      }
    },
    {
      "type": "Feature",
      "geometry": {
        "type": "Point",
        "coordinates": [
          121.5084486,
          25.0568206
        ]
      },
      "properties": {
        "source_city": "臺北市",
        "source": "data.taipei Todaywork.json",
        "case_no": "11500580",
        "project_name": "道路維護",
        "organizer": "新工處",
        "district": "大同區",
        "address": "大同區民生西路(西寧北路至貴德街)人行道鋪面更新工程",
        "start_date": "115/03/27",
        "end_date": "115/05/27",
        "date_range": "115/03/27~115/05/27"
      }
    },
    {
      "type": "Feature",
      "geometry": {
        "type": "Point",
        "coordinates": [
          121.5088751,
          25.0568102
        ]
      },
      "properties": {
        "source_city": "臺北市",
        "source": "data.taipei Todaywork.json",
        "case_no": "11500580",
        "project_name": "道路維護",
        "organizer": "新工處",
        "district": "大同區",
        "address": "大同區民生西路(西寧北路至貴德街)人行道鋪面更新工程",
        "start_date": "115/03/27",
        "end_date": "115/05/27",
        "date_range": "115/03/27~115/05/27"
      }
    },
    {
      "type": "Feature",
      "geometry": {
        "type": "Point",
        "coordinates": [
          121.508719,
          25.056824
        ]
      },
      "properties": {
        "source_city": "臺北市",
        "source": "data.taipei Todaywork.json",
        "case_no": "11500580",
        "project_name": "道路維護",
        "organizer": "新工處",
        "district": "大同區",
        "address": "大同區民生西路(西寧北路至貴德街)人行道鋪面更新工程",
        "start_date": "115/03/27",
        "end_date": "115/05/27",
        "date_range": "115/03/27~115/05/27"
      }
    },
    {
      "type": "Feature",
      "geometry": {
        "type": "Point",
        "coordinates": [
          121.5088751,
          25.0568102
        ]
      },
      "properties": {
        "source_city": "臺北市",
        "source": "data.taipei Todaywork.json",
        "case_no": "11500580",
        "project_name": "道路維護",
        "organizer": "新工處",
        "district": "大同區",
        "address": "大同區民生西路(西寧北路至貴德街)人行道鋪面更新工程",
        "start_date": "115/03/27",
        "end_date": "115/05/27",
        "date_range": "115/03/27~115/05/27"
      }
    },
    {
      "type": "Feature",
      "geometry": {
        "type": "Point",
        "coordinates": [
          121.5088751,
          25.0568102
        ]
      },
      "properties": {
        "source_city": "臺北市",
        "source": "data.taipei Todaywork.json",
        "case_no": "11500580",
        "project_name": "道路維護",
        "organizer": "新工處",
        "district": "大同區",
        "address": "大同區民生西路(西寧北路至貴德街)人行道鋪面更新工程",
        "start_date": "115/03/27",
        "end_date": "115/05/27",
        "date_range": "115/03/27~115/05/27"
      }
    },
    {
      "type": "Feature",
      "geometry": {
        "type": "Point",
        "coordinates": [
          121.508914,
          25.0568303
        ]
      },
      "properties": {
        "source_city": "臺北市",
        "source": "data.taipei Todaywork.json",
        "case_no": "11500580",
        "project_name": "道路維護",
        "organizer": "新工處",
        "district": "大同區",
        "address": "大同區民生西路(西寧北路至貴德街)人行道鋪面更新工程",
        "start_date": "115/03/27",
        "end_date": "115/05/27",
        "date_range": "115/03/27~115/05/27"
      }
    },
    {
      "type": "Feature",
      "geometry": {
        "type": "Point",
        "coordinates": [
          121.508872,
          25.056815
        ]
      },
      "properties": {
        "source_city": "臺北市",
        "source": "data.taipei Todaywork.json",
        "case_no": "11500580",
        "project_name": "道路維護",
        "organizer": "新工處",
        "district": "大同區",
        "address": "大同區民生西路(西寧北路至貴德街)人行道鋪面更新工程",
        "start_date": "115/03/27",
        "end_date": "115/05/27",
        "date_range": "115/03/27~115/05/27"
      }
    },
    {
      "type": "Feature",
      "geometry": {
        "type": "Point",
        "coordinates": [
          121.508727,
          25.056826
        ]
      },
      "properties": {
        "source_city": "臺北市",
        "source": "data.taipei Todaywork.json",
        "case_no": "11500580",
        "project_name": "道路維護",
        "organizer": "新工處",
        "district": "大同區",
        "address": "大同區民生西路(西寧北路至貴德街)人行道鋪面更新工程",
        "start_date": "115/03/27",
        "end_date": "115/05/27",
        "date_range": "115/03/27~115/05/27"
      }
    },
    {
      "type": "Feature",
      "geometry": {
        "type": "Point",
        "coordinates": [
          121.5086964,
          25.0423622
        ]
      },
      "properties": {
        "source_city": "臺北市",
        "source": "data.taipei Todaywork.json",
        "case_no": "11500613",
        "project_name": "道路維護",
        "organizer": "新工處",
        "district": "萬華區",
        "address": "西門町(萬華區、中正區)、心中山(中山區、大同區)",
        "start_date": "115/04/01",
        "end_date": "115/04/30",
        "date_range": "115/04/01~115/04/30"
      }
    },
    {
      "type": "Feature",
      "geometry": {
        "type": "Point",
        "coordinates": [
          121.508691,
          25.0423452
        ]
      },
      "properties": {
        "source_city": "臺北市",
        "source": "data.taipei Todaywork.json",
        "case_no": "11500613",
        "project_name": "道路維護",
        "organizer": "新工處",
        "district": "萬華區",
        "address": "西門町(萬華區、中正區)、心中山(中山區、大同區)",
        "start_date": "115/04/01",
        "end_date": "115/04/30",
        "date_range": "115/04/01~115/04/30"
      }
    },
    {
      "type": "Feature",
      "geometry": {
        "type": "Point",
        "coordinates": [
          121.5083242,
          25.0433846
        ]
      },
      "properties": {
        "source_city": "臺北市",
        "source": "data.taipei Todaywork.json",
        "case_no": "11500613",
        "project_name": "道路維護",
        "organizer": "新工處",
        "district": "萬華區",
        "address": "西門町(萬華區、中正區)、心中山(中山區、大同區)",
        "start_date": "115/04/01",
        "end_date": "115/04/30",
        "date_range": "115/04/01~115/04/30"
      }
    },
    {
      "type": "Feature",
      "geometry": {
        "type": "Point",
        "coordinates": [
          121.5083182,
          25.0433658
        ]
      },
      "properties": {
        "source_city": "臺北市",
        "source": "data.taipei Todaywork.json",
        "case_no": "11500613",
        "project_name": "道路維護",
        "organizer": "新工處",
        "district": "萬華區",
        "address": "西門町(萬華區、中正區)、心中山(中山區、大同區)",
        "start_date": "115/04/01",
        "end_date": "115/04/30",
        "date_range": "115/04/01~115/04/30"
      }
    },
    {
      "type": "Feature",
      "geometry": {
        "type": "Point",
        "coordinates": [
          121.5076094,
          25.0446938
        ]
      },
      "properties": {
        "source_city": "臺北市",
        "source": "data.taipei Todaywork.json",
        "case_no": "11500613",
        "project_name": "道路維護",
        "organizer": "新工處",
        "district": "萬華區",
        "address": "西門町(萬華區、中正區)、心中山(中山區、大同區)",
        "start_date": "115/04/01",
        "end_date": "115/04/30",
        "date_range": "115/04/01~115/04/30"
      }
    },
    {
      "type": "Feature",
      "geometry": {
        "type": "Point",
        "coordinates": [
          121.5076094,
          25.0446938
        ]
      },
      "properties": {
        "source_city": "臺北市",
        "source": "data.taipei Todaywork.json",
        "case_no": "11500613",
        "project_name": "道路維護",
        "organizer": "新工處",
        "district": "萬華區",
        "address": "西門町(萬華區、中正區)、心中山(中山區、大同區)",
        "start_date": "115/04/01",
        "end_date": "115/04/30",
        "date_range": "115/04/01~115/04/30"
      }
    },
    {
      "type": "Feature",
      "geometry": {
        "type": "Point",
        "coordinates": [
          121.5204723,
          25.0532032
        ]
      },
      "properties": {
        "source_city": "臺北市",
        "source": "data.taipei Todaywork.json",
        "case_no": "11500613",
        "project_name": "道路維護",
        "organizer": "新工處",
        "district": "萬華區",
        "address": "西門町(萬華區、中正區)、心中山(中山區、大同區)",
        "start_date": "115/04/01",
        "end_date": "115/04/30",
        "date_range": "115/04/01~115/04/30"
      }
    },
    {
      "type": "Feature",
      "geometry": {
        "type": "Point",
        "coordinates": [
          121.5204612,
          25.0532199
        ]
      },
      "properties": {
        "source_city": "臺北市",
        "source": "data.taipei Todaywork.json",
        "case_no": "11500613",
        "project_name": "道路維護",
        "organizer": "新工處",
        "district": "萬華區",
        "address": "西門町(萬華區、中正區)、心中山(中山區、大同區)",
        "start_date": "115/04/01",
        "end_date": "115/04/30",
        "date_range": "115/04/01~115/04/30"
      }
    },
    {
      "type": "Feature",
      "geometry": {
        "type": "Point",
        "coordinates": [
          121.5076215,
          25.0447242
        ]
      },
      "properties": {
        "source_city": "臺北市",
        "source": "data.taipei Todaywork.json",
        "case_no": "11500613",
        "project_name": "道路維護",
        "organizer": "新工處",
        "district": "萬華區",
        "address": "西門町(萬華區、中正區)、心中山(中山區、大同區)",
        "start_date": "115/04/01",
        "end_date": "115/04/30",
        "date_range": "115/04/01~115/04/30"
      }
    },
    {
      "type": "Feature",
      "geometry": {
        "type": "Point",
        "coordinates": [
          121.5076215,
          25.0447242
        ]
      },
      "properties": {
        "source_city": "臺北市",
        "source": "data.taipei Todaywork.json",
        "case_no": "11500613",
        "project_name": "道路維護",
        "organizer": "新工處",
        "district": "萬華區",
        "address": "西門町(萬華區、中正區)、心中山(中山區、大同區)",
        "start_date": "115/04/01",
        "end_date": "115/04/30",
        "date_range": "115/04/01~115/04/30"
      }
    },
    {
      "type": "Feature",
      "geometry": {
        "type": "Point",
        "coordinates": [
          121.5083242,
          25.0433846
        ]
      },
      "properties": {
        "source_city": "臺北市",
        "source": "data.taipei Todaywork.json",
        "case_no": "11500613",
        "project_name": "道路維護",
        "organizer": "新工處",
        "district": "萬華區",
        "address": "西門町(萬華區、中正區)、心中山(中山區、大同區)",
        "start_date": "115/04/01",
        "end_date": "115/04/30",
        "date_range": "115/04/01~115/04/30"
      }
    },
    {
      "type": "Feature",
      "geometry": {
        "type": "Point",
        "coordinates": [
          121.4749795,
          25.1325719
        ]
      },
      "properties": {
        "source_city": "臺北市",
        "source": "data.taipei Todaywork.json",
        "case_no": "11500651",
        "project_name": "道路維護",
        "organizer": "新工處",
        "district": "北投區",
        "address": "中央北路4段(一心路至中央北路3段)雙側溝蓋",
        "start_date": "115/04/13",
        "end_date": "115/06/10",
        "date_range": "115/04/13~115/06/10"
      }
    },
    {
      "type": "Feature",
      "geometry": {
        "type": "Point",
        "coordinates": [
          121.4749795,
          25.1325719
        ]
      },
      "properties": {
        "source_city": "臺北市",
        "source": "data.taipei Todaywork.json",
        "case_no": "11500651",
        "project_name": "道路維護",
        "organizer": "新工處",
        "district": "北投區",
        "address": "中央北路4段(一心路至中央北路3段)雙側溝蓋",
        "start_date": "115/04/13",
        "end_date": "115/06/10",
        "date_range": "115/04/13~115/06/10"
      }
    },
    {
      "type": "Feature",
      "geometry": {
        "type": "Point",
        "coordinates": [
          121.4754313,
          25.1331084
        ]
      },
      "properties": {
        "source_city": "臺北市",
        "source": "data.taipei Todaywork.json",
        "case_no": "11500651",
        "project_name": "道路維護",
        "organizer": "新工處",
        "district": "北投區",
        "address": "中央北路4段(一心路至中央北路3段)雙側溝蓋",
        "start_date": "115/04/13",
        "end_date": "115/06/10",
        "date_range": "115/04/13~115/06/10"
      }
    },
    {
      "type": "Feature",
      "geometry": {
        "type": "Point",
        "coordinates": [
          121.4756495,
          25.1331133
        ]
      },
      "properties": {
        "source_city": "臺北市",
        "source": "data.taipei Todaywork.json",
        "case_no": "11500651",
        "project_name": "道路維護",
        "organizer": "新工處",
        "district": "北投區",
        "address": "中央北路4段(一心路至中央北路3段)雙側溝蓋",
        "start_date": "115/04/13",
        "end_date": "115/06/10",
        "date_range": "115/04/13~115/06/10"
      }
    },
    {
      "type": "Feature",
      "geometry": {
        "type": "Point",
        "coordinates": [
          121.4749869,
          25.1325624
        ]
      },
      "properties": {
        "source_city": "臺北市",
        "source": "data.taipei Todaywork.json",
        "case_no": "11500651",
        "project_name": "道路維護",
        "organizer": "新工處",
        "district": "北投區",
        "address": "中央北路4段(一心路至中央北路3段)雙側溝蓋",
        "start_date": "115/04/13",
        "end_date": "115/06/10",
        "date_range": "115/04/13~115/06/10"
      }
    },
    {
      "type": "Feature",
      "geometry": {
        "type": "Point",
        "coordinates": [
          121.4749869,
          25.1325624
        ]
      },
      "properties": {
        "source_city": "臺北市",
        "source": "data.taipei Todaywork.json",
        "case_no": "11500651",
        "project_name": "道路維護",
        "organizer": "新工處",
        "district": "北投區",
        "address": "中央北路4段(一心路至中央北路3段)雙側溝蓋",
        "start_date": "115/04/13",
        "end_date": "115/06/10",
        "date_range": "115/04/13~115/06/10"
      }
    },
    {
      "type": "Feature",
      "geometry": {
        "type": "Point",
        "coordinates": [
          121.4749795,
          25.1325719
        ]
      },
      "properties": {
        "source_city": "臺北市",
        "source": "data.taipei Todaywork.json",
        "case_no": "11500651",
        "project_name": "道路維護",
        "organizer": "新工處",
        "district": "北投區",
        "address": "中央北路4段(一心路至中央北路3段)雙側溝蓋",
        "start_date": "115/04/13",
        "end_date": "115/06/10",
        "date_range": "115/04/13~115/06/10"
      }
    },
    {
      "type": "Feature",
      "geometry": {
        "type": "Point",
        "coordinates": [
          121.4756495,
          25.1331133
        ]
      },
      "properties": {
        "source_city": "臺北市",
        "source": "data.taipei Todaywork.json",
        "case_no": "11500651",
        "project_name": "道路維護",
        "organizer": "新工處",
        "district": "北投區",
        "address": "中央北路4段(一心路至中央北路3段)雙側溝蓋",
        "start_date": "115/04/13",
        "end_date": "115/06/10",
        "date_range": "115/04/13~115/06/10"
      }
    },
    {
      "type": "Feature",
      "geometry": {
        "type": "Point",
        "coordinates": [
          121.4756495,
          25.1331133
        ]
      },
      "properties": {
        "source_city": "臺北市",
        "source": "data.taipei Todaywork.json",
        "case_no": "11500651",
        "project_name": "道路維護",
        "organizer": "新工處",
        "district": "北投區",
        "address": "中央北路4段(一心路至中央北路3段)雙側溝蓋",
        "start_date": "115/04/13",
        "end_date": "115/06/10",
        "date_range": "115/04/13~115/06/10"
      }
    },
    {
      "type": "Feature",
      "geometry": {
        "type": "Point",
        "coordinates": [
          121.4773049,
          25.1344313
        ]
      },
      "properties": {
        "source_city": "臺北市",
        "source": "data.taipei Todaywork.json",
        "case_no": "11500651",
        "project_name": "道路維護",
        "organizer": "新工處",
        "district": "北投區",
        "address": "中央北路4段(一心路至中央北路3段)雙側溝蓋",
        "start_date": "115/04/13",
        "end_date": "115/06/10",
        "date_range": "115/04/13~115/06/10"
      }
    },
    {
      "type": "Feature",
      "geometry": {
        "type": "Point",
        "coordinates": [
          121.4769586,
          25.1341362
        ]
      },
      "properties": {
        "source_city": "臺北市",
        "source": "data.taipei Todaywork.json",
        "case_no": "11500651",
        "project_name": "道路維護",
        "organizer": "新工處",
        "district": "北投區",
        "address": "中央北路4段(一心路至中央北路3段)雙側溝蓋",
        "start_date": "115/04/13",
        "end_date": "115/06/10",
        "date_range": "115/04/13~115/06/10"
      }
    },
    {
      "type": "Feature",
      "geometry": {
        "type": "Point",
        "coordinates": [
          121.4773168,
          25.1346098
        ]
      },
      "properties": {
        "source_city": "臺北市",
        "source": "data.taipei Todaywork.json",
        "case_no": "11500651",
        "project_name": "道路維護",
        "organizer": "新工處",
        "district": "北投區",
        "address": "中央北路4段(一心路至中央北路3段)雙側溝蓋",
        "start_date": "115/04/13",
        "end_date": "115/06/10",
        "date_range": "115/04/13~115/06/10"
      }
    },
    {
      "type": "Feature",
      "geometry": {
        "type": "Point",
        "coordinates": [
          121.4773049,
          25.1344313
        ]
      },
      "properties": {
        "source_city": "臺北市",
        "source": "data.taipei Todaywork.json",
        "case_no": "11500651",
        "project_name": "道路維護",
        "organizer": "新工處",
        "district": "北投區",
        "address": "中央北路4段(一心路至中央北路3段)",
        "start_date": "115/04/13",
        "end_date": "115/06/10",
        "date_range": "115/04/13~115/06/10"
      }
    },
    {
      "type": "Feature",
      "geometry": {
        "type": "Point",
        "coordinates": [
          121.4781321,
          25.134984
        ]
      },
      "properties": {
        "source_city": "臺北市",
        "source": "data.taipei Todaywork.json",
        "case_no": "11500651",
        "project_name": "道路維護",
        "organizer": "新工處",
        "district": "北投區",
        "address": "中央北路4段(一心路至中央北路3段)",
        "start_date": "115/04/13",
        "end_date": "115/06/10",
        "date_range": "115/04/13~115/06/10"
      }
    },
    {
      "type": "Feature",
      "geometry": {
        "type": "Point",
        "coordinates": [
          121.4766397,
          25.1339029
        ]
      },
      "properties": {
        "source_city": "臺北市",
        "source": "data.taipei Todaywork.json",
        "case_no": "11500651",
        "project_name": "道路維護",
        "organizer": "新工處",
        "district": "北投區",
        "address": "中央北路4段(一心路至中央北路3段)",
        "start_date": "115/04/13",
        "end_date": "115/06/10",
        "date_range": "115/04/13~115/06/10"
      }
    },
    {
      "type": "Feature",
      "geometry": {
        "type": "Point",
        "coordinates": [
          121.478084,
          25.1349298
        ]
      },
      "properties": {
        "source_city": "臺北市",
        "source": "data.taipei Todaywork.json",
        "case_no": "11500651",
        "project_name": "道路維護",
        "organizer": "新工處",
        "district": "北投區",
        "address": "中央北路4段(一心路至中央北路3段)",
        "start_date": "115/04/13",
        "end_date": "115/06/10",
        "date_range": "115/04/13~115/06/10"
      }
    },
    {
      "type": "Feature",
      "geometry": {
        "type": "Point",
        "coordinates": [
          121.4778922,
          25.1350005
        ]
      },
      "properties": {
        "source_city": "臺北市",
        "source": "data.taipei Todaywork.json",
        "case_no": "11500651",
        "project_name": "道路維護",
        "organizer": "新工處",
        "district": "北投區",
        "address": "中央北路4段(一心路至中央北路3段)",
        "start_date": "115/04/13",
        "end_date": "115/06/10",
        "date_range": "115/04/13~115/06/10"
      }
    },
    {
      "type": "Feature",
      "geometry": {
        "type": "Point",
        "coordinates": [
          121.4780797,
          25.1351139
        ]
      },
      "properties": {
        "source_city": "臺北市",
        "source": "data.taipei Todaywork.json",
        "case_no": "11500651",
        "project_name": "道路維護",
        "organizer": "新工處",
        "district": "北投區",
        "address": "中央北路4段(一心路至中央北路3段)",
        "start_date": "115/04/13",
        "end_date": "115/06/10",
        "date_range": "115/04/13~115/06/10"
      }
    },
    {
      "type": "Feature",
      "geometry": {
        "type": "Point",
        "coordinates": [
          121.5229424,
          25.1055228
        ]
      },
      "properties": {
        "source_city": "臺北市",
        "source": "data.taipei Todaywork.json",
        "case_no": "11500694",
        "project_name": "道路維護",
        "organizer": "新工處",
        "district": "士林區",
        "address": "德行西路49號至63號人行道",
        "start_date": "115/04/16",
        "end_date": "115/05/31",
        "date_range": "115/04/16~115/05/31"
      }
    },
    {
      "type": "Feature",
      "geometry": {
        "type": "Point",
        "coordinates": [
          121.5229395,
          25.1054619
        ]
      },
      "properties": {
        "source_city": "臺北市",
        "source": "data.taipei Todaywork.json",
        "case_no": "11500694",
        "project_name": "道路維護",
        "organizer": "新工處",
        "district": "士林區",
        "address": "德行西路49號至63號人行道",
        "start_date": "115/04/16",
        "end_date": "115/05/31",
        "date_range": "115/04/16~115/05/31"
      }
    },
    {
      "type": "Feature",
      "geometry": {
        "type": "Point",
        "coordinates": [
          121.5229424,
          25.1055228
        ]
      },
      "properties": {
        "source_city": "臺北市",
        "source": "data.taipei Todaywork.json",
        "case_no": "11500694",
        "project_name": "道路維護",
        "organizer": "新工處",
        "district": "士林區",
        "address": "德行西路49號至63號人行道",
        "start_date": "115/04/16",
        "end_date": "115/05/31",
        "date_range": "115/04/16~115/05/31"
      }
    },
    {
      "type": "Feature",
      "geometry": {
        "type": "Point",
        "coordinates": [
          121.5229424,
          25.1055228
        ]
      },
      "properties": {
        "source_city": "臺北市",
        "source": "data.taipei Todaywork.json",
        "case_no": "11500694",
        "project_name": "道路維護",
        "organizer": "新工處",
        "district": "士林區",
        "address": "德行西路49號至63號人行道",
        "start_date": "115/04/16",
        "end_date": "115/05/31",
        "date_range": "115/04/16~115/05/31"
      }
    },
    {
      "type": "Feature",
      "geometry": {
        "type": "Point",
        "coordinates": [
          121.5229424,
          25.1055228
        ]
      },
      "properties": {
        "source_city": "臺北市",
        "source": "data.taipei Todaywork.json",
        "case_no": "11500694",
        "project_name": "道路維護",
        "organizer": "新工處",
        "district": "士林區",
        "address": "德行西路49號至63號人行道",
        "start_date": "115/04/16",
        "end_date": "115/05/31",
        "date_range": "115/04/16~115/05/31"
      }
    },
    {
      "type": "Feature",
      "geometry": {
        "type": "Point",
        "coordinates": [
          121.5229424,
          25.1055228
        ]
      },
      "properties": {
        "source_city": "臺北市",
        "source": "data.taipei Todaywork.json",
        "case_no": "11500694",
        "project_name": "道路維護",
        "organizer": "新工處",
        "district": "士林區",
        "address": "德行西路49號至63號人行道",
        "start_date": "115/04/16",
        "end_date": "115/05/31",
        "date_range": "115/04/16~115/05/31"
      }
    },
    {
      "type": "Feature",
      "geometry": {
        "type": "Point",
        "coordinates": [
          121.5229424,
          25.1055228
        ]
      },
      "properties": {
        "source_city": "臺北市",
        "source": "data.taipei Todaywork.json",
        "case_no": "11500694",
        "project_name": "道路維護",
        "organizer": "新工處",
        "district": "士林區",
        "address": "德行西路49號至63號人行道",
        "start_date": "115/04/16",
        "end_date": "115/05/31",
        "date_range": "115/04/16~115/05/31"
      }
    },
    {
      "type": "Feature",
      "geometry": {
        "type": "Point",
        "coordinates": [
          121.5229424,
          25.1055228
        ]
      },
      "properties": {
        "source_city": "臺北市",
        "source": "data.taipei Todaywork.json",
        "case_no": "11500694",
        "project_name": "道路維護",
        "organizer": "新工處",
        "district": "士林區",
        "address": "德行西路49號至63號人行道",
        "start_date": "115/04/16",
        "end_date": "115/05/31",
        "date_range": "115/04/16~115/05/31"
      }
    },
    {
      "type": "Feature",
      "geometry": {
        "type": "Point",
        "coordinates": [
          121.5229424,
          25.1055228
        ]
      },
      "properties": {
        "source_city": "臺北市",
        "source": "data.taipei Todaywork.json",
        "case_no": "11500694",
        "project_name": "道路維護",
        "organizer": "新工處",
        "district": "士林區",
        "address": "德行西路49號至63號人行道",
        "start_date": "115/04/16",
        "end_date": "115/05/31",
        "date_range": "115/04/16~115/05/31"
      }
    },
    {
      "type": "Feature",
      "geometry": {
        "type": "Point",
        "coordinates": [
          121.5229424,
          25.1055228
        ]
      },
      "properties": {
        "source_city": "臺北市",
        "source": "data.taipei Todaywork.json",
        "case_no": "11500694",
        "project_name": "道路維護",
        "organizer": "新工處",
        "district": "士林區",
        "address": "德行西路49號至63號人行道",
        "start_date": "115/04/16",
        "end_date": "115/05/31",
        "date_range": "115/04/16~115/05/31"
      }
    },
    {
      "type": "Feature",
      "geometry": {
        "type": "Point",
        "coordinates": [
          121.5545183,
          24.9795298
        ]
      },
      "properties": {
        "source_city": "臺北市",
        "source": "data.taipei Todaywork.json",
        "case_no": "11500696",
        "project_name": "道路維護",
        "organizer": "新工處",
        "district": "文山區",
        "address": "文山區樟新里樟新街8巷5弄、樟新街15巷(樟新街至一壽街20巷)路面及溝蓋更新",
        "start_date": "115/04/10",
        "end_date": "115/05/31",
        "date_range": "115/04/10~115/05/31"
      }
    },
    {
      "type": "Feature",
      "geometry": {
        "type": "Point",
        "coordinates": [
          121.5545572,
          24.9795115
        ]
      },
      "properties": {
        "source_city": "臺北市",
        "source": "data.taipei Todaywork.json",
        "case_no": "11500696",
        "project_name": "道路維護",
        "organizer": "新工處",
        "district": "文山區",
        "address": "文山區樟新里樟新街8巷5弄、樟新街15巷(樟新街至一壽街20巷)路面及溝蓋更新",
        "start_date": "115/04/10",
        "end_date": "115/05/31",
        "date_range": "115/04/10~115/05/31"
      }
    },
    {
      "type": "Feature",
      "geometry": {
        "type": "Point",
        "coordinates": [
          121.5548295,
          24.9786812
        ]
      },
      "properties": {
        "source_city": "臺北市",
        "source": "data.taipei Todaywork.json",
        "case_no": "11500696",
        "project_name": "道路維護",
        "organizer": "新工處",
        "district": "文山區",
        "address": "文山區樟新里樟新街8巷5弄、樟新街15巷(樟新街至一壽街20巷)路面及溝蓋更新",
        "start_date": "115/04/10",
        "end_date": "115/05/31",
        "date_range": "115/04/10~115/05/31"
      }
    },
    {
      "type": "Feature",
      "geometry": {
        "type": "Point",
        "coordinates": [
          121.554639,
          24.9795334
        ]
      },
      "properties": {
        "source_city": "臺北市",
        "source": "data.taipei Todaywork.json",
        "case_no": "11500696",
        "project_name": "道路維護",
        "organizer": "新工處",
        "district": "文山區",
        "address": "文山區樟新里樟新街8巷5弄、樟新街15巷(樟新街至一壽街20巷)路面及溝蓋更新",
        "start_date": "115/04/10",
        "end_date": "115/05/31",
        "date_range": "115/04/10~115/05/31"
      }
    },
    {
      "type": "Feature",
      "geometry": {
        "type": "Point",
        "coordinates": [
          121.554639,
          24.9795334
        ]
      },
      "properties": {
        "source_city": "臺北市",
        "source": "data.taipei Todaywork.json",
        "case_no": "11500696",
        "project_name": "道路維護",
        "organizer": "新工處",
        "district": "文山區",
        "address": "文山區樟新里樟新街8巷5弄、樟新街15巷(樟新街至一壽街20巷)路面及溝蓋更新",
        "start_date": "115/04/10",
        "end_date": "115/05/31",
        "date_range": "115/04/10~115/05/31"
      }
    },
    {
      "type": "Feature",
      "geometry": {
        "type": "Point",
        "coordinates": [
          121.5220712,
          25.0648161
        ]
      },
      "properties": {
        "source_city": "臺北市",
        "source": "data.taipei Todaywork.json",
        "case_no": "11500704",
        "project_name": "道路維護",
        "organizer": "新工處",
        "district": "中山區",
        "address": "中山北路3段與中山北路3段36巷交叉口西北角隅斜坡道改善工程及中山北路3段與民權西路1段交叉口西北角隅斜坡道工程等2項工程、中山區民權西路35號至47號人行道更新工程、中山區新生北路1段31號前斜坡道",
        "start_date": "115/04/13",
        "end_date": "115/06/15",
        "date_range": "115/04/13~115/06/15"
      }
    },
    {
      "type": "Feature",
      "geometry": {
        "type": "Point",
        "coordinates": [
          121.5220622,
          25.0649327
        ]
      },
      "properties": {
        "source_city": "臺北市",
        "source": "data.taipei Todaywork.json",
        "case_no": "11500704",
        "project_name": "道路維護",
        "organizer": "新工處",
        "district": "中山區",
        "address": "中山北路3段與中山北路3段36巷交叉口西北角隅斜坡道改善工程及中山北路3段與民權西路1段交叉口西北角隅斜坡道工程等2項工程、中山區民權西路35號至47號人行道更新工程、中山區新生北路1段31號前斜坡道",
        "start_date": "115/04/13",
        "end_date": "115/06/15",
        "date_range": "115/04/13~115/06/15"
      }
    },
    {
      "type": "Feature",
      "geometry": {
        "type": "Point",
        "coordinates": [
          121.5212408,
          25.0629598
        ]
      },
      "properties": {
        "source_city": "臺北市",
        "source": "data.taipei Todaywork.json",
        "case_no": "11500704",
        "project_name": "道路維護",
        "organizer": "新工處",
        "district": "中山區",
        "address": "中山北路3段與中山北路3段36巷交叉口西北角隅斜坡道改善工程及中山北路3段與民權西路1段交叉口西北角隅斜坡道工程等2項工程、中山區民權西路35號至47號人行道更新工程、中山區新生北路1段31號前斜坡道",
        "start_date": "115/04/13",
        "end_date": "115/06/15",
        "date_range": "115/04/13~115/06/15"
      }
    },
    {
      "type": "Feature",
      "geometry": {
        "type": "Point",
        "coordinates": [
          121.5212408,
          25.0629598
        ]
      },
      "properties": {
        "source_city": "臺北市",
        "source": "data.taipei Todaywork.json",
        "case_no": "11500704",
        "project_name": "道路維護",
        "organizer": "新工處",
        "district": "中山區",
        "address": "中山北路3段與中山北路3段36巷交叉口西北角隅斜坡道改善工程及中山北路3段與民權西路1段交叉口西北角隅斜坡道工程等2項工程、中山區民權西路35號至47號人行道更新工程、中山區新生北路1段31號前斜坡道",
        "start_date": "115/04/13",
        "end_date": "115/06/15",
        "date_range": "115/04/13~115/06/15"
      }
    },
    {
      "type": "Feature",
      "geometry": {
        "type": "Point",
        "coordinates": [
          121.5212408,
          25.0629598
        ]
      },
      "properties": {
        "source_city": "臺北市",
        "source": "data.taipei Todaywork.json",
        "case_no": "11500704",
        "project_name": "道路維護",
        "organizer": "新工處",
        "district": "中山區",
        "address": "中山北路3段與中山北路3段36巷交叉口西北角隅斜坡道改善工程及中山北路3段與民權西路1段交叉口西北角隅斜坡道工程等2項工程、中山區民權西路35號至47號人行道更新工程、中山區新生北路1段31號前斜坡道",
        "start_date": "115/04/13",
        "end_date": "115/06/15",
        "date_range": "115/04/13~115/06/15"
      }
    },
    {
      "type": "Feature",
      "geometry": {
        "type": "Point",
        "coordinates": [
          121.5309705,
          25.0472183
        ]
      },
      "properties": {
        "source_city": "臺北市",
        "source": "data.taipei Todaywork.json",
        "case_no": "11500704",
        "project_name": "道路維護",
        "organizer": "新工處",
        "district": "中山區",
        "address": "中山北路3段與中山北路3段36巷交叉口西北角隅斜坡道改善工程及中山北路3段與民權西路1段交叉口西北角隅斜坡道工程等2項工程、中山區民權西路35號至47號人行道更新工程、中山區新生北路1段31號前斜坡道",
        "start_date": "115/04/13",
        "end_date": "115/06/15",
        "date_range": "115/04/13~115/06/15"
      }
    },
    {
      "type": "Feature",
      "geometry": {
        "type": "Point",
        "coordinates": [
          121.5223686,
          25.0629295
        ]
      },
      "properties": {
        "source_city": "臺北市",
        "source": "data.taipei Todaywork.json",
        "case_no": "11500704",
        "project_name": "道路維護",
        "organizer": "新工處",
        "district": "中山區",
        "address": "中山北路3段與中山北路3段36巷交叉口西北角隅斜坡道改善工程及中山北路3段與民權西路1段交叉口西北角隅斜坡道工程等2項工程、中山區民權西路35號至47號人行道更新工程、中山區新生北路1段31號前斜坡道",
        "start_date": "115/04/13",
        "end_date": "115/06/15",
        "date_range": "115/04/13~115/06/15"
      }
    },
    {
      "type": "Feature",
      "geometry": {
        "type": "Point",
        "coordinates": [
          121.5223069,
          25.0629198
        ]
      },
      "properties": {
        "source_city": "臺北市",
        "source": "data.taipei Todaywork.json",
        "case_no": "11500704",
        "project_name": "道路維護",
        "organizer": "新工處",
        "district": "中山區",
        "address": "中山北路3段與中山北路3段36巷交叉口西北角隅斜坡道改善工程及中山北路3段與民權西路1段交叉口西北角隅斜坡道工程等2項工程、中山區民權西路35號至47號人行道更新工程、中山區新生北路1段31號前斜坡道",
        "start_date": "115/04/13",
        "end_date": "115/06/15",
        "date_range": "115/04/13~115/06/15"
      }
    },
    {
      "type": "Feature",
      "geometry": {
        "type": "Point",
        "coordinates": [
          121.5309705,
          25.0472183
        ]
      },
      "properties": {
        "source_city": "臺北市",
        "source": "data.taipei Todaywork.json",
        "case_no": "11500704",
        "project_name": "道路維護",
        "organizer": "新工處",
        "district": "中山區",
        "address": "中山北路3段與中山北路3段36巷交叉口西北角隅斜坡道改善工程及中山北路3段與民權西路1段交叉口西北角隅斜坡道工程等2項工程、中山區民權西路35號至47號人行道更新工程、中山區新生北路1段31號前斜坡道",
        "start_date": "115/04/13",
        "end_date": "115/06/15",
        "date_range": "115/04/13~115/06/15"
      }
    },
    {
      "type": "Feature",
      "geometry": {
        "type": "Point",
        "coordinates": [
          121.5223686,
          25.0629295
        ]
      },
      "properties": {
        "source_city": "臺北市",
        "source": "data.taipei Todaywork.json",
        "case_no": "11500704",
        "project_name": "道路維護",
        "organizer": "新工處",
        "district": "中山區",
        "address": "中山北路3段與中山北路3段36巷交叉口西北角隅斜坡道改善工程及中山北路3段與民權西路1段交叉口西北角隅斜坡道工程等2項工程、中山區民權西路35號至47號人行道更新工程、中山區新生北路1段31號前斜坡道",
        "start_date": "115/04/13",
        "end_date": "115/06/15",
        "date_range": "115/04/13~115/06/15"
      }
    },
    {
      "type": "Feature",
      "geometry": {
        "type": "Point",
        "coordinates": [
          121.5223069,
          25.0629198
        ]
      },
      "properties": {
        "source_city": "臺北市",
        "source": "data.taipei Todaywork.json",
        "case_no": "11500704",
        "project_name": "道路維護",
        "organizer": "新工處",
        "district": "中山區",
        "address": "中山北路3段與中山北路3段36巷交叉口西北角隅斜坡道改善工程及中山北路3段與民權西路1段交叉口西北角隅斜坡道工程等2項工程、中山區民權西路35號至47號人行道更新工程、中山區新生北路1段31號前斜坡道",
        "start_date": "115/04/13",
        "end_date": "115/06/15",
        "date_range": "115/04/13~115/06/15"
      }
    },
    {
      "type": "Feature",
      "geometry": {
        "type": "Point",
        "coordinates": [
          121.5208653,
          25.0629987
        ]
      },
      "properties": {
        "source_city": "臺北市",
        "source": "data.taipei Todaywork.json",
        "case_no": "11500704",
        "project_name": "道路維護",
        "organizer": "新工處",
        "district": "中山區",
        "address": "中山北路3段與中山北路3段36巷交叉口西北角隅斜坡道改善工程及中山北路3段與民權西路1段交叉口西北角隅斜坡道工程等2項工程、中山區民權西路35號至47號人行道更新工程、中山區新生北路1段31號前斜坡道",
        "start_date": "115/04/13",
        "end_date": "115/06/15",
        "date_range": "115/04/13~115/06/15"
      }
    },
    {
      "type": "Feature",
      "geometry": {
        "type": "Point",
        "coordinates": [
          121.5899124,
          25.0464877
        ]
      },
      "properties": {
        "source_city": "臺北市",
        "source": "data.taipei Todaywork.json",
        "case_no": "11500705",
        "project_name": "道路維護",
        "organizer": "新工處",
        "district": "南港區",
        "address": "115年度南港區東新街(168巷至170巷)南側及東新街170巷(全線)西側溝蓋更新工程",
        "start_date": "115/04/17",
        "end_date": "115/06/23",
        "date_range": "115/04/17~115/06/23"
      }
    },
    {
      "type": "Feature",
      "geometry": {
        "type": "Point",
        "coordinates": [
          121.5899124,
          25.0464877
        ]
      },
      "properties": {
        "source_city": "臺北市",
        "source": "data.taipei Todaywork.json",
        "case_no": "11500705",
        "project_name": "道路維護",
        "organizer": "新工處",
        "district": "南港區",
        "address": "115年度南港區東新街(168巷至170巷)南側及東新街170巷(全線)西側溝蓋更新工程",
        "start_date": "115/04/17",
        "end_date": "115/06/23",
        "date_range": "115/04/17~115/06/23"
      }
    },
    {
      "type": "Feature",
      "geometry": {
        "type": "Point",
        "coordinates": [
          121.5899124,
          25.0464877
        ]
      },
      "properties": {
        "source_city": "臺北市",
        "source": "data.taipei Todaywork.json",
        "case_no": "11500705",
        "project_name": "道路維護",
        "organizer": "新工處",
        "district": "南港區",
        "address": "115年度南港區東新街(168巷至170巷)南側及東新街170巷(全線)西側溝蓋更新工程",
        "start_date": "115/04/17",
        "end_date": "115/06/23",
        "date_range": "115/04/17~115/06/23"
      }
    },
    {
      "type": "Feature",
      "geometry": {
        "type": "Point",
        "coordinates": [
          121.5912535,
          25.0461524
        ]
      },
      "properties": {
        "source_city": "臺北市",
        "source": "data.taipei Todaywork.json",
        "case_no": "11500705",
        "project_name": "道路維護",
        "organizer": "新工處",
        "district": "南港區",
        "address": "115年度南港區東新街(168巷至170巷)南側及東新街170巷(全線)西側溝蓋更新工程",
        "start_date": "115/04/17",
        "end_date": "115/06/23",
        "date_range": "115/04/17~115/06/23"
      }
    },
    {
      "type": "Feature",
      "geometry": {
        "type": "Point",
        "coordinates": [
          121.591027,
          25.046218
        ]
      },
      "properties": {
        "source_city": "臺北市",
        "source": "data.taipei Todaywork.json",
        "case_no": "11500705",
        "project_name": "道路維護",
        "organizer": "新工處",
        "district": "南港區",
        "address": "115年度南港區東新街(168巷至170巷)南側及東新街170巷(全線)西側溝蓋更新工程",
        "start_date": "115/04/17",
        "end_date": "115/06/23",
        "date_range": "115/04/17~115/06/23"
      }
    },
    {
      "type": "Feature",
      "geometry": {
        "type": "Point",
        "coordinates": [
          121.5912535,
          25.0461524
        ]
      },
      "properties": {
        "source_city": "臺北市",
        "source": "data.taipei Todaywork.json",
        "case_no": "11500705",
        "project_name": "道路維護",
        "organizer": "新工處",
        "district": "南港區",
        "address": "115年度南港區東新街(168巷至170巷)南側及東新街170巷(全線)西側溝蓋更新工程",
        "start_date": "115/04/17",
        "end_date": "115/06/23",
        "date_range": "115/04/17~115/06/23"
      }
    },
    {
      "type": "Feature",
      "geometry": {
        "type": "Point",
        "coordinates": [
          121.5899124,
          25.0464877
        ]
      },
      "properties": {
        "source_city": "臺北市",
        "source": "data.taipei Todaywork.json",
        "case_no": "11500705",
        "project_name": "道路維護",
        "organizer": "新工處",
        "district": "南港區",
        "address": "115年度南港區東新街(168巷至170巷)南側及東新街170巷(全線)西側溝蓋更新工程",
        "start_date": "115/04/17",
        "end_date": "115/06/23",
        "date_range": "115/04/17~115/06/23"
      }
    },
    {
      "type": "Feature",
      "geometry": {
        "type": "Point",
        "coordinates": [
          121.5899124,
          25.0464877
        ]
      },
      "properties": {
        "source_city": "臺北市",
        "source": "data.taipei Todaywork.json",
        "case_no": "11500705",
        "project_name": "道路維護",
        "organizer": "新工處",
        "district": "南港區",
        "address": "115年度南港區東新街(168巷至170巷)南側及東新街170巷(全線)西側溝蓋更新工程",
        "start_date": "115/04/17",
        "end_date": "115/06/23",
        "date_range": "115/04/17~115/06/23"
      }
    },
    {
      "type": "Feature",
      "geometry": {
        "type": "Point",
        "coordinates": [
          121.5899124,
          25.0464877
        ]
      },
      "properties": {
        "source_city": "臺北市",
        "source": "data.taipei Todaywork.json",
        "case_no": "11500705",
        "project_name": "道路維護",
        "organizer": "新工處",
        "district": "南港區",
        "address": "115年度南港區東新街(168巷至170巷)南側及東新街170巷(全線)西側溝蓋更新工程",
        "start_date": "115/04/17",
        "end_date": "115/06/23",
        "date_range": "115/04/17~115/06/23"
      }
    },
    {
      "type": "Feature",
      "geometry": {
        "type": "Point",
        "coordinates": [
          121.5899124,
          25.0464877
        ]
      },
      "properties": {
        "source_city": "臺北市",
        "source": "data.taipei Todaywork.json",
        "case_no": "11500705",
        "project_name": "道路維護",
        "organizer": "新工處",
        "district": "南港區",
        "address": "115年度南港區東新街(168巷至170巷)南側及東新街170巷(全線)西側溝蓋更新工程",
        "start_date": "115/04/17",
        "end_date": "115/06/23",
        "date_range": "115/04/17~115/06/23"
      }
    },
    {
      "type": "Feature",
      "geometry": {
        "type": "Point",
        "coordinates": [
          121.592016,
          25.0459688
        ]
      },
      "properties": {
        "source_city": "臺北市",
        "source": "data.taipei Todaywork.json",
        "case_no": "11500705",
        "project_name": "道路維護",
        "organizer": "新工處",
        "district": "南港區",
        "address": "115年度南港區東新街(168巷至170巷)南側及東新街170巷(全線)西側溝蓋更新工程",
        "start_date": "115/04/17",
        "end_date": "115/06/23",
        "date_range": "115/04/17~115/06/23"
      }
    },
    {
      "type": "Feature",
      "geometry": {
        "type": "Point",
        "coordinates": [
          121.5920214,
          25.04598
        ]
      },
      "properties": {
        "source_city": "臺北市",
        "source": "data.taipei Todaywork.json",
        "case_no": "11500705",
        "project_name": "道路維護",
        "organizer": "新工處",
        "district": "南港區",
        "address": "115年度南港區東新街(168巷至170巷)南側及東新街170巷(全線)西側溝蓋更新工程",
        "start_date": "115/04/17",
        "end_date": "115/06/23",
        "date_range": "115/04/17~115/06/23"
      }
    },
    {
      "type": "Feature",
      "geometry": {
        "type": "Point",
        "coordinates": [
          121.59176,
          25.04604
        ]
      },
      "properties": {
        "source_city": "臺北市",
        "source": "data.taipei Todaywork.json",
        "case_no": "11500705",
        "project_name": "道路維護",
        "organizer": "新工處",
        "district": "南港區",
        "address": "115年度南港區東新街(168巷至170巷)南側及東新街170巷(全線)西側溝蓋更新工程",
        "start_date": "115/04/17",
        "end_date": "115/06/23",
        "date_range": "115/04/17~115/06/23"
      }
    },
    {
      "type": "Feature",
      "geometry": {
        "type": "Point",
        "coordinates": [
          121.5926742,
          25.0456689
        ]
      },
      "properties": {
        "source_city": "臺北市",
        "source": "data.taipei Todaywork.json",
        "case_no": "11500705",
        "project_name": "道路維護",
        "organizer": "新工處",
        "district": "南港區",
        "address": "115年度南港區東新街(168巷至170巷)南側及東新街170巷(全線)西側溝蓋更新工程",
        "start_date": "115/04/17",
        "end_date": "115/06/23",
        "date_range": "115/04/17~115/06/23"
      }
    },
    {
      "type": "Feature",
      "geometry": {
        "type": "Point",
        "coordinates": [
          121.5879279,
          25.0428718
        ]
      },
      "properties": {
        "source_city": "臺北市",
        "source": "data.taipei Todaywork.json",
        "case_no": "11500707",
        "project_name": "道路維護",
        "organizer": "新工處",
        "district": "南港區",
        "address": "115年度南港區成福路121巷56弄旁擋土牆美化工程",
        "start_date": "115/04/15",
        "end_date": "115/07/01",
        "date_range": "115/04/15~115/07/01"
      }
    },
    {
      "type": "Feature",
      "geometry": {
        "type": "Point",
        "coordinates": [
          121.5879686,
          25.0429369
        ]
      },
      "properties": {
        "source_city": "臺北市",
        "source": "data.taipei Todaywork.json",
        "case_no": "11500707",
        "project_name": "道路維護",
        "organizer": "新工處",
        "district": "南港區",
        "address": "115年度南港區成福路121巷56弄旁擋土牆美化工程",
        "start_date": "115/04/15",
        "end_date": "115/07/01",
        "date_range": "115/04/15~115/07/01"
      }
    },
    {
      "type": "Feature",
      "geometry": {
        "type": "Point",
        "coordinates": [
          121.5877401,
          25.0425296
        ]
      },
      "properties": {
        "source_city": "臺北市",
        "source": "data.taipei Todaywork.json",
        "case_no": "11500707",
        "project_name": "道路維護",
        "organizer": "新工處",
        "district": "南港區",
        "address": "115年度南港區成福路121巷56弄旁擋土牆美化工程",
        "start_date": "115/04/15",
        "end_date": "115/07/01",
        "date_range": "115/04/15~115/07/01"
      }
    },
    {
      "type": "Feature",
      "geometry": {
        "type": "Point",
        "coordinates": [
          121.5877605,
          25.0425267
        ]
      },
      "properties": {
        "source_city": "臺北市",
        "source": "data.taipei Todaywork.json",
        "case_no": "11500707",
        "project_name": "道路維護",
        "organizer": "新工處",
        "district": "南港區",
        "address": "115年度南港區成福路121巷56弄旁擋土牆美化工程",
        "start_date": "115/04/15",
        "end_date": "115/07/01",
        "date_range": "115/04/15~115/07/01"
      }
    },
    {
      "type": "Feature",
      "geometry": {
        "type": "Point",
        "coordinates": [
          121.5879279,
          25.0428718
        ]
      },
      "properties": {
        "source_city": "臺北市",
        "source": "data.taipei Todaywork.json",
        "case_no": "11500707",
        "project_name": "道路維護",
        "organizer": "新工處",
        "district": "南港區",
        "address": "115年度南港區成福路121巷56弄旁擋土牆美化工程",
        "start_date": "115/04/15",
        "end_date": "115/07/01",
        "date_range": "115/04/15~115/07/01"
      }
    },
    {
      "type": "Feature",
      "geometry": {
        "type": "Point",
        "coordinates": [
          121.5879279,
          25.0428718
        ]
      },
      "properties": {
        "source_city": "臺北市",
        "source": "data.taipei Todaywork.json",
        "case_no": "11500707",
        "project_name": "道路維護",
        "organizer": "新工處",
        "district": "南港區",
        "address": "115年度南港區成福路121巷56弄旁擋土牆美化工程",
        "start_date": "115/04/15",
        "end_date": "115/07/01",
        "date_range": "115/04/15~115/07/01"
      }
    },
    {
      "type": "Feature",
      "geometry": {
        "type": "Point",
        "coordinates": [
          121.564256,
          24.9885906
        ]
      },
      "properties": {
        "source_city": "臺北市",
        "source": "data.taipei Todaywork.json",
        "case_no": "11500711",
        "project_name": "道路維護",
        "organizer": "新工處",
        "district": "文山區",
        "address": "木柵路2段(169號至久康街口)及木柵路3段(77號至125號及104號至144號)",
        "start_date": "115/04/16",
        "end_date": "115/06/30",
        "date_range": "115/04/16~115/06/30"
      }
    },
    {
      "type": "Feature",
      "geometry": {
        "type": "Point",
        "coordinates": [
          121.5656609,
          24.9884042
        ]
      },
      "properties": {
        "source_city": "臺北市",
        "source": "data.taipei Todaywork.json",
        "case_no": "11500711",
        "project_name": "道路維護",
        "organizer": "新工處",
        "district": "文山區",
        "address": "木柵路2段(169號至久康街口)及木柵路3段(77號至125號及104號至144號)",
        "start_date": "115/04/16",
        "end_date": "115/06/30",
        "date_range": "115/04/16~115/06/30"
      }
    },
    {
      "type": "Feature",
      "geometry": {
        "type": "Point",
        "coordinates": [
          121.5643196,
          24.988567
        ]
      },
      "properties": {
        "source_city": "臺北市",
        "source": "data.taipei Todaywork.json",
        "case_no": "11500711",
        "project_name": "道路維護",
        "organizer": "新工處",
        "district": "文山區",
        "address": "木柵路2段(169號至久康街口)及木柵路3段(77號至125號及104號至144號)",
        "start_date": "115/04/16",
        "end_date": "115/06/30",
        "date_range": "115/04/16~115/06/30"
      }
    },
    {
      "type": "Feature",
      "geometry": {
        "type": "Point",
        "coordinates": [
          121.5669556,
          24.9886215
        ]
      },
      "properties": {
        "source_city": "臺北市",
        "source": "data.taipei Todaywork.json",
        "case_no": "11500711",
        "project_name": "道路維護",
        "organizer": "新工處",
        "district": "文山區",
        "address": "木柵路2段(169號至久康街口)及木柵路3段(77號至125號及104號至144號)",
        "start_date": "115/04/16",
        "end_date": "115/06/30",
        "date_range": "115/04/16~115/06/30"
      }
    },
    {
      "type": "Feature",
      "geometry": {
        "type": "Point",
        "coordinates": [
          121.5646522,
          24.9885217
        ]
      },
      "properties": {
        "source_city": "臺北市",
        "source": "data.taipei Todaywork.json",
        "case_no": "11500711",
        "project_name": "道路維護",
        "organizer": "新工處",
        "district": "文山區",
        "address": "木柵路2段(169號至久康街口)及木柵路3段(77號至125號及104號至144號)",
        "start_date": "115/04/16",
        "end_date": "115/06/30",
        "date_range": "115/04/16~115/06/30"
      }
    },
    {
      "type": "Feature",
      "geometry": {
        "type": "Point",
        "coordinates": [
          121.567923,
          24.9888275
        ]
      },
      "properties": {
        "source_city": "臺北市",
        "source": "data.taipei Todaywork.json",
        "case_no": "11500711",
        "project_name": "道路維護",
        "organizer": "新工處",
        "district": "文山區",
        "address": "木柵路2段(169號至久康街口)及木柵路3段(77號至125號及104號至144號)",
        "start_date": "115/04/16",
        "end_date": "115/06/30",
        "date_range": "115/04/16~115/06/30"
      }
    },
    {
      "type": "Feature",
      "geometry": {
        "type": "Point",
        "coordinates": [
          121.5605571,
          24.9881169
        ]
      },
      "properties": {
        "source_city": "臺北市",
        "source": "data.taipei Todaywork.json",
        "case_no": "11500712",
        "project_name": "道路維護",
        "organizer": "新工處",
        "district": "文山區",
        "address": "文山區興隆路4段101巷(興隆路至木柵路2段138巷)及木柵路2段138巷(26號至27號)",
        "start_date": "115/04/18",
        "end_date": "115/05/05",
        "date_range": "115/04/18~115/05/05"
      }
    },
    {
      "type": "Feature",
      "geometry": {
        "type": "Point",
        "coordinates": [
          121.5608511,
          24.9881528
        ]
      },
      "properties": {
        "source_city": "臺北市",
        "source": "data.taipei Todaywork.json",
        "case_no": "11500712",
        "project_name": "道路維護",
        "organizer": "新工處",
        "district": "文山區",
        "address": "文山區興隆路4段101巷(興隆路至木柵路2段138巷)及木柵路2段138巷(26號至27號)",
        "start_date": "115/04/18",
        "end_date": "115/05/05",
        "date_range": "115/04/18~115/05/05"
      }
    },
    {
      "type": "Feature",
      "geometry": {
        "type": "Point",
        "coordinates": [
          121.565213,
          24.9845854
        ]
      },
      "properties": {
        "source_city": "臺北市",
        "source": "data.taipei Todaywork.json",
        "case_no": "11500713",
        "project_name": "道路維護",
        "organizer": "新工處",
        "district": "文山區",
        "address": "忠順街2段90巷",
        "start_date": "115/04/20",
        "end_date": "115/05/16",
        "date_range": "115/04/20~115/05/16"
      }
    },
    {
      "type": "Feature",
      "geometry": {
        "type": "Point",
        "coordinates": [
          121.5657125,
          24.9845407
        ]
      },
      "properties": {
        "source_city": "臺北市",
        "source": "data.taipei Todaywork.json",
        "case_no": "11500713",
        "project_name": "道路維護",
        "organizer": "新工處",
        "district": "文山區",
        "address": "忠順街2段90巷",
        "start_date": "115/04/20",
        "end_date": "115/05/16",
        "date_range": "115/04/20~115/05/16"
      }
    },
    {
      "type": "Feature",
      "geometry": {
        "type": "Point",
        "coordinates": [
          121.5658525,
          24.9848733
        ]
      },
      "properties": {
        "source_city": "臺北市",
        "source": "data.taipei Todaywork.json",
        "case_no": "11500713",
        "project_name": "道路維護",
        "organizer": "新工處",
        "district": "文山區",
        "address": "忠順街2段90巷",
        "start_date": "115/04/20",
        "end_date": "115/05/16",
        "date_range": "115/04/20~115/05/16"
      }
    },
    {
      "type": "Feature",
      "geometry": {
        "type": "Point",
        "coordinates": [
          121.4867645,
          25.1402426
        ]
      },
      "properties": {
        "source_city": "臺北市",
        "source": "data.taipei Todaywork.json",
        "case_no": "11500726",
        "project_name": "道路維護",
        "organizer": "新工處",
        "district": "北投區",
        "address": "中央北路3段40巷34弄及岡山路5巷",
        "start_date": "115/04/20",
        "end_date": "115/05/07",
        "date_range": "115/04/20~115/05/07"
      }
    },
    {
      "type": "Feature",
      "geometry": {
        "type": "Point",
        "coordinates": [
          121.4867645,
          25.1402426
        ]
      },
      "properties": {
        "source_city": "臺北市",
        "source": "data.taipei Todaywork.json",
        "case_no": "11500726",
        "project_name": "道路維護",
        "organizer": "新工處",
        "district": "北投區",
        "address": "中央北路3段40巷34弄及岡山路5巷",
        "start_date": "115/04/20",
        "end_date": "115/05/07",
        "date_range": "115/04/20~115/05/07"
      }
    },
    {
      "type": "Feature",
      "geometry": {
        "type": "Point",
        "coordinates": [
          121.4867645,
          25.1402426
        ]
      },
      "properties": {
        "source_city": "臺北市",
        "source": "data.taipei Todaywork.json",
        "case_no": "11500726",
        "project_name": "道路維護",
        "organizer": "新工處",
        "district": "北投區",
        "address": "中央北路3段40巷34弄及岡山路5巷",
        "start_date": "115/04/20",
        "end_date": "115/05/07",
        "date_range": "115/04/20~115/05/07"
      }
    },
    {
      "type": "Feature",
      "geometry": {
        "type": "Point",
        "coordinates": [
          121.4855709,
          25.139689
        ]
      },
      "properties": {
        "source_city": "臺北市",
        "source": "data.taipei Todaywork.json",
        "case_no": "11500726",
        "project_name": "道路維護",
        "organizer": "新工處",
        "district": "北投區",
        "address": "中央北路3段40巷34弄及岡山路5巷",
        "start_date": "115/04/20",
        "end_date": "115/05/07",
        "date_range": "115/04/20~115/05/07"
      }
    },
    {
      "type": "Feature",
      "geometry": {
        "type": "Point",
        "coordinates": [
          121.5022134,
          25.0190927
        ]
      },
      "properties": {
        "source_city": "臺北市",
        "source": "data.taipei Todaywork.json",
        "case_no": "11500729",
        "project_name": "道路維護",
        "organizer": "新工處",
        "district": "萬華區",
        "address": "水源路(青年路至水源路213巷)",
        "start_date": "115/04/15",
        "end_date": "115/06/27",
        "date_range": "115/04/15~115/06/27"
      }
    },
    {
      "type": "Feature",
      "geometry": {
        "type": "Point",
        "coordinates": [
          121.5028833,
          25.0194
        ]
      },
      "properties": {
        "source_city": "臺北市",
        "source": "data.taipei Todaywork.json",
        "case_no": "11500729",
        "project_name": "道路維護",
        "organizer": "新工處",
        "district": "萬華區",
        "address": "水源路(青年路至水源路213巷)",
        "start_date": "115/04/15",
        "end_date": "115/06/27",
        "date_range": "115/04/15~115/06/27"
      }
    },
    {
      "type": "Feature",
      "geometry": {
        "type": "Point",
        "coordinates": [
          121.5022237,
          25.0191181
        ]
      },
      "properties": {
        "source_city": "臺北市",
        "source": "data.taipei Todaywork.json",
        "case_no": "11500729",
        "project_name": "道路維護",
        "organizer": "新工處",
        "district": "萬華區",
        "address": "水源路(青年路至水源路213巷)",
        "start_date": "115/04/15",
        "end_date": "115/06/27",
        "date_range": "115/04/15~115/06/27"
      }
    },
    {
      "type": "Feature",
      "geometry": {
        "type": "Point",
        "coordinates": [
          121.503312,
          25.0195879
        ]
      },
      "properties": {
        "source_city": "臺北市",
        "source": "data.taipei Todaywork.json",
        "case_no": "11500729",
        "project_name": "道路維護",
        "organizer": "新工處",
        "district": "萬華區",
        "address": "水源路(青年路至水源路213巷)",
        "start_date": "115/04/15",
        "end_date": "115/06/27",
        "date_range": "115/04/15~115/06/27"
      }
    },
    {
      "type": "Feature",
      "geometry": {
        "type": "Point",
        "coordinates": [
          121.5028371,
          25.019396
        ]
      },
      "properties": {
        "source_city": "臺北市",
        "source": "data.taipei Todaywork.json",
        "case_no": "11500729",
        "project_name": "道路維護",
        "organizer": "新工處",
        "district": "萬華區",
        "address": "水源路(青年路至水源路213巷)",
        "start_date": "115/04/15",
        "end_date": "115/06/27",
        "date_range": "115/04/15~115/06/27"
      }
    },
    {
      "type": "Feature",
      "geometry": {
        "type": "Point",
        "coordinates": [
          121.5031232,
          25.0194686
        ]
      },
      "properties": {
        "source_city": "臺北市",
        "source": "data.taipei Todaywork.json",
        "case_no": "11500729",
        "project_name": "道路維護",
        "organizer": "新工處",
        "district": "萬華區",
        "address": "水源路(青年路至水源路213巷)",
        "start_date": "115/04/15",
        "end_date": "115/06/27",
        "date_range": "115/04/15~115/06/27"
      }
    },
    {
      "type": "Feature",
      "geometry": {
        "type": "Point",
        "coordinates": [
          121.50333,
          25.0195583
        ]
      },
      "properties": {
        "source_city": "臺北市",
        "source": "data.taipei Todaywork.json",
        "case_no": "11500729",
        "project_name": "道路維護",
        "organizer": "新工處",
        "district": "萬華區",
        "address": "水源路(青年路至水源路213巷)",
        "start_date": "115/04/15",
        "end_date": "115/06/27",
        "date_range": "115/04/15~115/06/27"
      }
    },
    {
      "type": "Feature",
      "geometry": {
        "type": "Point",
        "coordinates": [
          121.5035266,
          25.0196812
        ]
      },
      "properties": {
        "source_city": "臺北市",
        "source": "data.taipei Todaywork.json",
        "case_no": "11500729",
        "project_name": "道路維護",
        "organizer": "新工處",
        "district": "萬華區",
        "address": "水源路(青年路至水源路213巷)",
        "start_date": "115/04/15",
        "end_date": "115/06/27",
        "date_range": "115/04/15~115/06/27"
      }
    },
    {
      "type": "Feature",
      "geometry": {
        "type": "Point",
        "coordinates": [
          121.603804,
          25.051856
        ]
      },
      "properties": {
        "source_city": "臺北市",
        "source": "data.taipei Todaywork.json",
        "case_no": "11500734",
        "project_name": "道路維護",
        "organizer": "新工處",
        "district": "南港區",
        "address": "114年度南港區忠孝東路7段與忠孝東路7段265巷口路面高程改善工程",
        "start_date": "115/04/15",
        "end_date": "115/05/09",
        "date_range": "115/04/15~115/05/09"
      }
    },
    {
      "type": "Feature",
      "geometry": {
        "type": "Point",
        "coordinates": [
          121.603804,
          25.051856
        ]
      },
      "properties": {
        "source_city": "臺北市",
        "source": "data.taipei Todaywork.json",
        "case_no": "11500734",
        "project_name": "道路維護",
        "organizer": "新工處",
        "district": "南港區",
        "address": "114年度南港區忠孝東路7段與忠孝東路7段265巷口路面高程改善工程",
        "start_date": "115/04/15",
        "end_date": "115/05/09",
        "date_range": "115/04/15~115/05/09"
      }
    },
    {
      "type": "Feature",
      "geometry": {
        "type": "Point",
        "coordinates": [
          121.603821,
          25.0517503
        ]
      },
      "properties": {
        "source_city": "臺北市",
        "source": "data.taipei Todaywork.json",
        "case_no": "11500734",
        "project_name": "道路維護",
        "organizer": "新工處",
        "district": "南港區",
        "address": "114年度南港區忠孝東路7段與忠孝東路7段265巷口路面高程改善工程",
        "start_date": "115/04/15",
        "end_date": "115/05/09",
        "date_range": "115/04/15~115/05/09"
      }
    },
    {
      "type": "Feature",
      "geometry": {
        "type": "Point",
        "coordinates": [
          121.6036423,
          25.0518377
        ]
      },
      "properties": {
        "source_city": "臺北市",
        "source": "data.taipei Todaywork.json",
        "case_no": "11500734",
        "project_name": "道路維護",
        "organizer": "新工處",
        "district": "南港區",
        "address": "114年度南港區忠孝東路7段與忠孝東路7段265巷口路面高程改善工程",
        "start_date": "115/04/15",
        "end_date": "115/05/09",
        "date_range": "115/04/15~115/05/09"
      }
    },
    {
      "type": "Feature",
      "geometry": {
        "type": "Point",
        "coordinates": [
          121.5765547,
          25.0777968
        ]
      },
      "properties": {
        "source_city": "臺北市",
        "source": "data.taipei Todaywork.json",
        "case_no": "11500738",
        "project_name": "道路維護",
        "organizer": "水利處",
        "district": "內湖區",
        "address": "港墘路127巷9號前",
        "start_date": "115/04/15",
        "end_date": "115/04/28",
        "date_range": "115/04/15~115/04/28"
      }
    },
    {
      "type": "Feature",
      "geometry": {
        "type": "Point",
        "coordinates": [
          121.5765694,
          25.0777961
        ]
      },
      "properties": {
        "source_city": "臺北市",
        "source": "data.taipei Todaywork.json",
        "case_no": "11500738",
        "project_name": "道路維護",
        "organizer": "水利處",
        "district": "內湖區",
        "address": "港墘路127巷9號前",
        "start_date": "115/04/15",
        "end_date": "115/04/28",
        "date_range": "115/04/15~115/04/28"
      }
    },
    {
      "type": "Feature",
      "geometry": {
        "type": "Point",
        "coordinates": [
          121.5765792,
          25.0778017
        ]
      },
      "properties": {
        "source_city": "臺北市",
        "source": "data.taipei Todaywork.json",
        "case_no": "11500738",
        "project_name": "道路維護",
        "organizer": "水利處",
        "district": "內湖區",
        "address": "港墘路127巷9號前",
        "start_date": "115/04/15",
        "end_date": "115/04/28",
        "date_range": "115/04/15~115/04/28"
      }
    },
    {
      "type": "Feature",
      "geometry": {
        "type": "Point",
        "coordinates": [
          121.5766056,
          25.0777974
        ]
      },
      "properties": {
        "source_city": "臺北市",
        "source": "data.taipei Todaywork.json",
        "case_no": "11500738",
        "project_name": "道路維護",
        "organizer": "水利處",
        "district": "內湖區",
        "address": "港墘路127巷9號前",
        "start_date": "115/04/15",
        "end_date": "115/04/28",
        "date_range": "115/04/15~115/04/28"
      }
    },
    {
      "type": "Feature",
      "geometry": {
        "type": "Point",
        "coordinates": [
          121.576605,
          25.0777907
        ]
      },
      "properties": {
        "source_city": "臺北市",
        "source": "data.taipei Todaywork.json",
        "case_no": "11500738",
        "project_name": "道路維護",
        "organizer": "水利處",
        "district": "內湖區",
        "address": "港墘路127巷9號前",
        "start_date": "115/04/15",
        "end_date": "115/04/28",
        "date_range": "115/04/15~115/04/28"
      }
    },
    {
      "type": "Feature",
      "geometry": {
        "type": "Point",
        "coordinates": [
          121.5766056,
          25.0777974
        ]
      },
      "properties": {
        "source_city": "臺北市",
        "source": "data.taipei Todaywork.json",
        "case_no": "11500738",
        "project_name": "道路維護",
        "organizer": "水利處",
        "district": "內湖區",
        "address": "港墘路127巷9號前",
        "start_date": "115/04/15",
        "end_date": "115/04/28",
        "date_range": "115/04/15~115/04/28"
      }
    },
    {
      "type": "Feature",
      "geometry": {
        "type": "Point",
        "coordinates": [
          121.5764665,
          25.0776732
        ]
      },
      "properties": {
        "source_city": "臺北市",
        "source": "data.taipei Todaywork.json",
        "case_no": "11500738",
        "project_name": "道路維護",
        "organizer": "水利處",
        "district": "內湖區",
        "address": "港墘路127巷9號前",
        "start_date": "115/04/15",
        "end_date": "115/04/28",
        "date_range": "115/04/15~115/04/28"
      }
    },
    {
      "type": "Feature",
      "geometry": {
        "type": "Point",
        "coordinates": [
          121.5764665,
          25.0776732
        ]
      },
      "properties": {
        "source_city": "臺北市",
        "source": "data.taipei Todaywork.json",
        "case_no": "11500738",
        "project_name": "道路維護",
        "organizer": "水利處",
        "district": "內湖區",
        "address": "港墘路127巷9號前",
        "start_date": "115/04/15",
        "end_date": "115/04/28",
        "date_range": "115/04/15~115/04/28"
      }
    },
    {
      "type": "Feature",
      "geometry": {
        "type": "Point",
        "coordinates": [
          121.5764732,
          25.0776684
        ]
      },
      "properties": {
        "source_city": "臺北市",
        "source": "data.taipei Todaywork.json",
        "case_no": "11500738",
        "project_name": "道路維護",
        "organizer": "水利處",
        "district": "內湖區",
        "address": "港墘路127巷9號前",
        "start_date": "115/04/15",
        "end_date": "115/04/28",
        "date_range": "115/04/15~115/04/28"
      }
    },
    {
      "type": "Feature",
      "geometry": {
        "type": "Point",
        "coordinates": [
          121.5764665,
          25.0776732
        ]
      },
      "properties": {
        "source_city": "臺北市",
        "source": "data.taipei Todaywork.json",
        "case_no": "11500738",
        "project_name": "道路維護",
        "organizer": "水利處",
        "district": "內湖區",
        "address": "港墘路127巷9號前",
        "start_date": "115/04/15",
        "end_date": "115/04/28",
        "date_range": "115/04/15~115/04/28"
      }
    },
    {
      "type": "Feature",
      "geometry": {
        "type": "Point",
        "coordinates": [
          121.5765543,
          25.0777856
        ]
      },
      "properties": {
        "source_city": "臺北市",
        "source": "data.taipei Todaywork.json",
        "case_no": "11500738",
        "project_name": "道路維護",
        "organizer": "水利處",
        "district": "內湖區",
        "address": "港墘路127巷9號前",
        "start_date": "115/04/15",
        "end_date": "115/04/28",
        "date_range": "115/04/15~115/04/28"
      }
    },
    {
      "type": "Feature",
      "geometry": {
        "type": "Point",
        "coordinates": [
          121.5766056,
          25.0777974
        ]
      },
      "properties": {
        "source_city": "臺北市",
        "source": "data.taipei Todaywork.json",
        "case_no": "11500738",
        "project_name": "道路維護",
        "organizer": "水利處",
        "district": "內湖區",
        "address": "港墘路127巷9號前",
        "start_date": "115/04/15",
        "end_date": "115/04/28",
        "date_range": "115/04/15~115/04/28"
      }
    },
    {
      "type": "Feature",
      "geometry": {
        "type": "Point",
        "coordinates": [
          121.5766056,
          25.0777974
        ]
      },
      "properties": {
        "source_city": "臺北市",
        "source": "data.taipei Todaywork.json",
        "case_no": "11500738-1",
        "project_name": "道路維護",
        "organizer": "水利處",
        "district": "內湖區",
        "address": "港墘路127巷9號前",
        "start_date": "115/04/29",
        "end_date": "115/04/30",
        "date_range": "115/04/29~115/04/30"
      }
    },
    {
      "type": "Feature",
      "geometry": {
        "type": "Point",
        "coordinates": [
          121.5765792,
          25.0778017
        ]
      },
      "properties": {
        "source_city": "臺北市",
        "source": "data.taipei Todaywork.json",
        "case_no": "11500738-1",
        "project_name": "道路維護",
        "organizer": "水利處",
        "district": "內湖區",
        "address": "港墘路127巷9號前",
        "start_date": "115/04/29",
        "end_date": "115/04/30",
        "date_range": "115/04/29~115/04/30"
      }
    },
    {
      "type": "Feature",
      "geometry": {
        "type": "Point",
        "coordinates": [
          121.520056,
          25.1152539
        ]
      },
      "properties": {
        "source_city": "臺北市",
        "source": "data.taipei Todaywork.json",
        "case_no": "11500739",
        "project_name": "道路維護",
        "organizer": "新工處",
        "district": "北投區",
        "address": "北投區明德路(振華街至明德路337巷間)雙側人行道拓寬工程",
        "start_date": "115/04/13",
        "end_date": "115/08/15",
        "date_range": "115/04/13~115/08/15"
      }
    },
    {
      "type": "Feature",
      "geometry": {
        "type": "Point",
        "coordinates": [
          121.520104,
          25.11529
        ]
      },
      "properties": {
        "source_city": "臺北市",
        "source": "data.taipei Todaywork.json",
        "case_no": "11500739",
        "project_name": "道路維護",
        "organizer": "新工處",
        "district": "北投區",
        "address": "北投區明德路(振華街至明德路337巷間)雙側人行道拓寬工程",
        "start_date": "115/04/13",
        "end_date": "115/08/15",
        "date_range": "115/04/13~115/08/15"
      }
    },
    {
      "type": "Feature",
      "geometry": {
        "type": "Point",
        "coordinates": [
          121.520095,
          25.115259
        ]
      },
      "properties": {
        "source_city": "臺北市",
        "source": "data.taipei Todaywork.json",
        "case_no": "11500739",
        "project_name": "道路維護",
        "organizer": "新工處",
        "district": "北投區",
        "address": "北投區明德路(振華街至明德路337巷間)雙側人行道拓寬工程",
        "start_date": "115/04/13",
        "end_date": "115/08/15",
        "date_range": "115/04/13~115/08/15"
      }
    },
    {
      "type": "Feature",
      "geometry": {
        "type": "Point",
        "coordinates": [
          121.520078,
          25.115367
        ]
      },
      "properties": {
        "source_city": "臺北市",
        "source": "data.taipei Todaywork.json",
        "case_no": "11500739",
        "project_name": "道路維護",
        "organizer": "新工處",
        "district": "北投區",
        "address": "北投區明德路(振華街至明德路337巷間)雙側人行道拓寬工程",
        "start_date": "115/04/13",
        "end_date": "115/08/15",
        "date_range": "115/04/13~115/08/15"
      }
    },
    {
      "type": "Feature",
      "geometry": {
        "type": "Point",
        "coordinates": [
          121.520056,
          25.1152539
        ]
      },
      "properties": {
        "source_city": "臺北市",
        "source": "data.taipei Todaywork.json",
        "case_no": "11500739",
        "project_name": "道路維護",
        "organizer": "新工處",
        "district": "北投區",
        "address": "北投區明德路(振華街至明德路337巷間)雙側人行道拓寬工程",
        "start_date": "115/04/13",
        "end_date": "115/08/15",
        "date_range": "115/04/13~115/08/15"
      }
    },
    {
      "type": "Feature",
      "geometry": {
        "type": "Point",
        "coordinates": [
          121.5201,
          25.1152412
        ]
      },
      "properties": {
        "source_city": "臺北市",
        "source": "data.taipei Todaywork.json",
        "case_no": "11500739",
        "project_name": "道路維護",
        "organizer": "新工處",
        "district": "北投區",
        "address": "北投區明德路(振華街至明德路337巷間)雙側人行道拓寬工程",
        "start_date": "115/04/13",
        "end_date": "115/08/15",
        "date_range": "115/04/13~115/08/15"
      }
    },
    {
      "type": "Feature",
      "geometry": {
        "type": "Point",
        "coordinates": [
          121.520056,
          25.1152539
        ]
      },
      "properties": {
        "source_city": "臺北市",
        "source": "data.taipei Todaywork.json",
        "case_no": "11500739",
        "project_name": "道路維護",
        "organizer": "新工處",
        "district": "北投區",
        "address": "北投區明德路(振華街至明德路337巷間)雙側人行道拓寬工程",
        "start_date": "115/04/13",
        "end_date": "115/08/15",
        "date_range": "115/04/13~115/08/15"
      }
    },
    {
      "type": "Feature",
      "geometry": {
        "type": "Point",
        "coordinates": [
          121.520078,
          25.11527
        ]
      },
      "properties": {
        "source_city": "臺北市",
        "source": "data.taipei Todaywork.json",
        "case_no": "11500739",
        "project_name": "道路維護",
        "organizer": "新工處",
        "district": "北投區",
        "address": "北投區明德路(振華街至明德路337巷間)雙側人行道拓寬工程",
        "start_date": "115/04/13",
        "end_date": "115/08/15",
        "date_range": "115/04/13~115/08/15"
      }
    },
    {
      "type": "Feature",
      "geometry": {
        "type": "Point",
        "coordinates": [
          121.520056,
          25.1152539
        ]
      },
      "properties": {
        "source_city": "臺北市",
        "source": "data.taipei Todaywork.json",
        "case_no": "11500739",
        "project_name": "道路維護",
        "organizer": "新工處",
        "district": "北投區",
        "address": "北投區明德路(振華街至明德路337巷間)雙側人行道拓寬工程",
        "start_date": "115/04/13",
        "end_date": "115/08/15",
        "date_range": "115/04/13~115/08/15"
      }
    },
    {
      "type": "Feature",
      "geometry": {
        "type": "Point",
        "coordinates": [
          121.520085,
          25.115339
        ]
      },
      "properties": {
        "source_city": "臺北市",
        "source": "data.taipei Todaywork.json",
        "case_no": "11500739",
        "project_name": "道路維護",
        "organizer": "新工處",
        "district": "北投區",
        "address": "北投區明德路(振華街至明德路337巷間)雙側人行道拓寬工程",
        "start_date": "115/04/13",
        "end_date": "115/08/15",
        "date_range": "115/04/13~115/08/15"
      }
    },
    {
      "type": "Feature",
      "geometry": {
        "type": "Point",
        "coordinates": [
          121.5200861,
          25.1154443
        ]
      },
      "properties": {
        "source_city": "臺北市",
        "source": "data.taipei Todaywork.json",
        "case_no": "11500739",
        "project_name": "道路維護",
        "organizer": "新工處",
        "district": "北投區",
        "address": "北投區明德路(振華街至明德路337巷間)雙側人行道拓寬工程",
        "start_date": "115/04/13",
        "end_date": "115/08/15",
        "date_range": "115/04/13~115/08/15"
      }
    },
    {
      "type": "Feature",
      "geometry": {
        "type": "Point",
        "coordinates": [
          121.5201462,
          25.1154442
        ]
      },
      "properties": {
        "source_city": "臺北市",
        "source": "data.taipei Todaywork.json",
        "case_no": "11500739",
        "project_name": "道路維護",
        "organizer": "新工處",
        "district": "北投區",
        "address": "北投區明德路(振華街至明德路337巷間)雙側人行道拓寬工程",
        "start_date": "115/04/13",
        "end_date": "115/08/15",
        "date_range": "115/04/13~115/08/15"
      }
    },
    {
      "type": "Feature",
      "geometry": {
        "type": "Point",
        "coordinates": [
          121.5201,
          25.1152412
        ]
      },
      "properties": {
        "source_city": "臺北市",
        "source": "data.taipei Todaywork.json",
        "case_no": "11500739",
        "project_name": "道路維護",
        "organizer": "新工處",
        "district": "北投區",
        "address": "北投區明德路(振華街至明德路337巷間)雙側人行道拓寬工程",
        "start_date": "115/04/13",
        "end_date": "115/08/15",
        "date_range": "115/04/13~115/08/15"
      }
    },
    {
      "type": "Feature",
      "geometry": {
        "type": "Point",
        "coordinates": [
          121.520056,
          25.1152539
        ]
      },
      "properties": {
        "source_city": "臺北市",
        "source": "data.taipei Todaywork.json",
        "case_no": "11500739",
        "project_name": "道路維護",
        "organizer": "新工處",
        "district": "北投區",
        "address": "北投區明德路(振華街至明德路337巷間)雙側人行道拓寬工程",
        "start_date": "115/04/13",
        "end_date": "115/08/15",
        "date_range": "115/04/13~115/08/15"
      }
    },
    {
      "type": "Feature",
      "geometry": {
        "type": "Point",
        "coordinates": [
          121.5196043,
          25.1109635
        ]
      },
      "properties": {
        "source_city": "臺北市",
        "source": "data.taipei Todaywork.json",
        "case_no": "11500740",
        "project_name": "道路維護",
        "organizer": "新工處",
        "district": "北投區",
        "address": "建民路161-5號至161-15號",
        "start_date": "115/04/16",
        "end_date": "115/06/29",
        "date_range": "115/04/16~115/06/29"
      }
    },
    {
      "type": "Feature",
      "geometry": {
        "type": "Point",
        "coordinates": [
          121.519552,
          25.1109502
        ]
      },
      "properties": {
        "source_city": "臺北市",
        "source": "data.taipei Todaywork.json",
        "case_no": "11500740",
        "project_name": "道路維護",
        "organizer": "新工處",
        "district": "北投區",
        "address": "建民路161-5號至161-15號",
        "start_date": "115/04/16",
        "end_date": "115/06/29",
        "date_range": "115/04/16~115/06/29"
      }
    },
    {
      "type": "Feature",
      "geometry": {
        "type": "Point",
        "coordinates": [
          121.5195482,
          25.1109678
        ]
      },
      "properties": {
        "source_city": "臺北市",
        "source": "data.taipei Todaywork.json",
        "case_no": "11500740",
        "project_name": "道路維護",
        "organizer": "新工處",
        "district": "北投區",
        "address": "建民路161-5號至161-15號",
        "start_date": "115/04/16",
        "end_date": "115/06/29",
        "date_range": "115/04/16~115/06/29"
      }
    },
    {
      "type": "Feature",
      "geometry": {
        "type": "Point",
        "coordinates": [
          121.5196485,
          25.1110048
        ]
      },
      "properties": {
        "source_city": "臺北市",
        "source": "data.taipei Todaywork.json",
        "case_no": "11500740",
        "project_name": "道路維護",
        "organizer": "新工處",
        "district": "北投區",
        "address": "建民路161-5號至161-15號",
        "start_date": "115/04/16",
        "end_date": "115/06/29",
        "date_range": "115/04/16~115/06/29"
      }
    },
    {
      "type": "Feature",
      "geometry": {
        "type": "Point",
        "coordinates": [
          121.519552,
          25.1109502
        ]
      },
      "properties": {
        "source_city": "臺北市",
        "source": "data.taipei Todaywork.json",
        "case_no": "11500740",
        "project_name": "道路維護",
        "organizer": "新工處",
        "district": "北投區",
        "address": "建民路161-5號至161-15號",
        "start_date": "115/04/16",
        "end_date": "115/06/29",
        "date_range": "115/04/16~115/06/29"
      }
    },
    {
      "type": "Feature",
      "geometry": {
        "type": "Point",
        "coordinates": [
          121.5195969,
          25.1109764
        ]
      },
      "properties": {
        "source_city": "臺北市",
        "source": "data.taipei Todaywork.json",
        "case_no": "11500740",
        "project_name": "道路維護",
        "organizer": "新工處",
        "district": "北投區",
        "address": "建民路161-5號至161-15號",
        "start_date": "115/04/16",
        "end_date": "115/06/29",
        "date_range": "115/04/16~115/06/29"
      }
    },
    {
      "type": "Feature",
      "geometry": {
        "type": "Point",
        "coordinates": [
          121.5196485,
          25.1110048
        ]
      },
      "properties": {
        "source_city": "臺北市",
        "source": "data.taipei Todaywork.json",
        "case_no": "11500740",
        "project_name": "道路維護",
        "organizer": "新工處",
        "district": "北投區",
        "address": "建民路161-5號至161-15號",
        "start_date": "115/04/16",
        "end_date": "115/06/29",
        "date_range": "115/04/16~115/06/29"
      }
    },
    {
      "type": "Feature",
      "geometry": {
        "type": "Point",
        "coordinates": [
          121.519552,
          25.1109502
        ]
      },
      "properties": {
        "source_city": "臺北市",
        "source": "data.taipei Todaywork.json",
        "case_no": "11500740",
        "project_name": "道路維護",
        "organizer": "新工處",
        "district": "北投區",
        "address": "建民路161-5號至161-15號",
        "start_date": "115/04/16",
        "end_date": "115/06/29",
        "date_range": "115/04/16~115/06/29"
      }
    },
    {
      "type": "Feature",
      "geometry": {
        "type": "Point",
        "coordinates": [
          121.519552,
          25.1109502
        ]
      },
      "properties": {
        "source_city": "臺北市",
        "source": "data.taipei Todaywork.json",
        "case_no": "11500740",
        "project_name": "道路維護",
        "organizer": "新工處",
        "district": "北投區",
        "address": "建民路161-5號至161-15號",
        "start_date": "115/04/16",
        "end_date": "115/06/29",
        "date_range": "115/04/16~115/06/29"
      }
    },
    {
      "type": "Feature",
      "geometry": {
        "type": "Point",
        "coordinates": [
          121.5196043,
          25.1109635
        ]
      },
      "properties": {
        "source_city": "臺北市",
        "source": "data.taipei Todaywork.json",
        "case_no": "11500740",
        "project_name": "道路維護",
        "organizer": "新工處",
        "district": "北投區",
        "address": "建民路161-5號至161-15號",
        "start_date": "115/04/16",
        "end_date": "115/06/29",
        "date_range": "115/04/16~115/06/29"
      }
    },
    {
      "type": "Feature",
      "geometry": {
        "type": "Point",
        "coordinates": [
          121.519552,
          25.1109502
        ]
      },
      "properties": {
        "source_city": "臺北市",
        "source": "data.taipei Todaywork.json",
        "case_no": "11500740",
        "project_name": "道路維護",
        "organizer": "新工處",
        "district": "北投區",
        "address": "建民路161-5號至161-15號",
        "start_date": "115/04/16",
        "end_date": "115/06/29",
        "date_range": "115/04/16~115/06/29"
      }
    },
    {
      "type": "Feature",
      "geometry": {
        "type": "Point",
        "coordinates": [
          121.5195303,
          25.1110107
        ]
      },
      "properties": {
        "source_city": "臺北市",
        "source": "data.taipei Todaywork.json",
        "case_no": "11500740",
        "project_name": "道路維護",
        "organizer": "新工處",
        "district": "北投區",
        "address": "建民路161-5號至161-15號",
        "start_date": "115/04/16",
        "end_date": "115/06/29",
        "date_range": "115/04/16~115/06/29"
      }
    },
    {
      "type": "Feature",
      "geometry": {
        "type": "Point",
        "coordinates": [
          121.5138922,
          25.0349957
        ]
      },
      "properties": {
        "source_city": "臺北市",
        "source": "data.taipei Todaywork.json",
        "case_no": "11500743",
        "project_name": "道路維護",
        "organizer": "新工處",
        "district": "中正區",
        "address": "愛國西路(博愛路至公園路)南側快車道積水改善工程",
        "start_date": "115/04/20",
        "end_date": "115/05/26",
        "date_range": "115/04/20~115/05/26"
      }
    },
    {
      "type": "Feature",
      "geometry": {
        "type": "Point",
        "coordinates": [
          121.5145654,
          25.0349131
        ]
      },
      "properties": {
        "source_city": "臺北市",
        "source": "data.taipei Todaywork.json",
        "case_no": "11500743",
        "project_name": "道路維護",
        "organizer": "新工處",
        "district": "中正區",
        "address": "愛國西路(博愛路至公園路)南側快車道積水改善工程",
        "start_date": "115/04/20",
        "end_date": "115/05/26",
        "date_range": "115/04/20~115/05/26"
      }
    },
    {
      "type": "Feature",
      "geometry": {
        "type": "Point",
        "coordinates": [
          121.5145654,
          25.0349131
        ]
      },
      "properties": {
        "source_city": "臺北市",
        "source": "data.taipei Todaywork.json",
        "case_no": "11500743",
        "project_name": "道路維護",
        "organizer": "新工處",
        "district": "中正區",
        "address": "愛國西路(博愛路至公園路)南側快車道積水改善工程",
        "start_date": "115/04/20",
        "end_date": "115/05/26",
        "date_range": "115/04/20~115/05/26"
      }
    },
    {
      "type": "Feature",
      "geometry": {
        "type": "Point",
        "coordinates": [
          121.5145654,
          25.0349131
        ]
      },
      "properties": {
        "source_city": "臺北市",
        "source": "data.taipei Todaywork.json",
        "case_no": "11500743",
        "project_name": "道路維護",
        "organizer": "新工處",
        "district": "中正區",
        "address": "愛國西路(博愛路至公園路)南側快車道積水改善工程",
        "start_date": "115/04/20",
        "end_date": "115/05/26",
        "date_range": "115/04/20~115/05/26"
      }
    },
    {
      "type": "Feature",
      "geometry": {
        "type": "Point",
        "coordinates": [
          121.5145654,
          25.0349131
        ]
      },
      "properties": {
        "source_city": "臺北市",
        "source": "data.taipei Todaywork.json",
        "case_no": "11500743",
        "project_name": "道路維護",
        "organizer": "新工處",
        "district": "中正區",
        "address": "愛國西路(博愛路至公園路)南側快車道積水改善工程",
        "start_date": "115/04/20",
        "end_date": "115/05/26",
        "date_range": "115/04/20~115/05/26"
      }
    },
    {
      "type": "Feature",
      "geometry": {
        "type": "Point",
        "coordinates": [
          121.513572,
          25.035047
        ]
      },
      "properties": {
        "source_city": "臺北市",
        "source": "data.taipei Todaywork.json",
        "case_no": "11500743",
        "project_name": "道路維護",
        "organizer": "新工處",
        "district": "中正區",
        "address": "愛國西路(博愛路至公園路)南側快車道積水改善工程",
        "start_date": "115/04/20",
        "end_date": "115/05/26",
        "date_range": "115/04/20~115/05/26"
      }
    },
    {
      "type": "Feature",
      "geometry": {
        "type": "Point",
        "coordinates": [
          121.5131278,
          25.0351075
        ]
      },
      "properties": {
        "source_city": "臺北市",
        "source": "data.taipei Todaywork.json",
        "case_no": "11500743",
        "project_name": "道路維護",
        "organizer": "新工處",
        "district": "中正區",
        "address": "愛國西路(博愛路至公園路)南側快車道積水改善工程",
        "start_date": "115/04/20",
        "end_date": "115/05/26",
        "date_range": "115/04/20~115/05/26"
      }
    },
    {
      "type": "Feature",
      "geometry": {
        "type": "Point",
        "coordinates": [
          121.5126825,
          25.0351585
        ]
      },
      "properties": {
        "source_city": "臺北市",
        "source": "data.taipei Todaywork.json",
        "case_no": "11500743",
        "project_name": "道路維護",
        "organizer": "新工處",
        "district": "中正區",
        "address": "愛國西路(博愛路至公園路)南側快車道積水改善工程",
        "start_date": "115/04/20",
        "end_date": "115/05/26",
        "date_range": "115/04/20~115/05/26"
      }
    },
    {
      "type": "Feature",
      "geometry": {
        "type": "Point",
        "coordinates": [
          121.5126825,
          25.0351585
        ]
      },
      "properties": {
        "source_city": "臺北市",
        "source": "data.taipei Todaywork.json",
        "case_no": "11500743",
        "project_name": "道路維護",
        "organizer": "新工處",
        "district": "中正區",
        "address": "愛國西路(博愛路至公園路)南側快車道積水改善工程",
        "start_date": "115/04/20",
        "end_date": "115/05/26",
        "date_range": "115/04/20~115/05/26"
      }
    },
    {
      "type": "Feature",
      "geometry": {
        "type": "Point",
        "coordinates": [
          121.5126825,
          25.0351585
        ]
      },
      "properties": {
        "source_city": "臺北市",
        "source": "data.taipei Todaywork.json",
        "case_no": "11500743",
        "project_name": "道路維護",
        "organizer": "新工處",
        "district": "中正區",
        "address": "愛國西路(博愛路至公園路)南側快車道積水改善工程",
        "start_date": "115/04/20",
        "end_date": "115/05/26",
        "date_range": "115/04/20~115/05/26"
      }
    },
    {
      "type": "Feature",
      "geometry": {
        "type": "Point",
        "coordinates": [
          121.5126825,
          25.0351585
        ]
      },
      "properties": {
        "source_city": "臺北市",
        "source": "data.taipei Todaywork.json",
        "case_no": "11500743",
        "project_name": "道路維護",
        "organizer": "新工處",
        "district": "中正區",
        "address": "愛國西路(博愛路至公園路)南側快車道積水改善工程",
        "start_date": "115/04/20",
        "end_date": "115/05/26",
        "date_range": "115/04/20~115/05/26"
      }
    },
    {
      "type": "Feature",
      "geometry": {
        "type": "Point",
        "coordinates": [
          121.5121742,
          25.0351804
        ]
      },
      "properties": {
        "source_city": "臺北市",
        "source": "data.taipei Todaywork.json",
        "case_no": "11500743",
        "project_name": "道路維護",
        "organizer": "新工處",
        "district": "中正區",
        "address": "愛國西路(博愛路至公園路)南側快車道積水改善工程",
        "start_date": "115/04/20",
        "end_date": "115/05/26",
        "date_range": "115/04/20~115/05/26"
      }
    },
    {
      "type": "Feature",
      "geometry": {
        "type": "Point",
        "coordinates": [
          121.5629845,
          25.0286171
        ]
      },
      "properties": {
        "source_city": "臺北市",
        "source": "data.taipei Todaywork.json",
        "case_no": "11500754",
        "project_name": "道路維護",
        "organizer": "新工處",
        "district": "松山區",
        "address": "光復南路56號及信義區莊敬路290號等二十一處設施零星修繕工程",
        "start_date": "115/04/20",
        "end_date": "115/05/04",
        "date_range": "115/04/20~115/05/04"
      }
    },
    {
      "type": "Feature",
      "geometry": {
        "type": "Point",
        "coordinates": [
          121.5550312,
          25.0501877
        ]
      },
      "properties": {
        "source_city": "臺北市",
        "source": "data.taipei Todaywork.json",
        "case_no": "11500761",
        "project_name": "道路維護",
        "organizer": "新工處",
        "district": "松山區",
        "address": "寧安公園(南京東路4段120巷側)人行道更新工程",
        "start_date": "115/04/20",
        "end_date": "115/06/28",
        "date_range": "115/04/20~115/06/28"
      }
    },
    {
      "type": "Feature",
      "geometry": {
        "type": "Point",
        "coordinates": [
          121.5549793,
          25.0501592
        ]
      },
      "properties": {
        "source_city": "臺北市",
        "source": "data.taipei Todaywork.json",
        "case_no": "11500761",
        "project_name": "道路維護",
        "organizer": "新工處",
        "district": "松山區",
        "address": "寧安公園(南京東路4段120巷側)人行道更新工程",
        "start_date": "115/04/20",
        "end_date": "115/06/28",
        "date_range": "115/04/20~115/06/28"
      }
    },
    {
      "type": "Feature",
      "geometry": {
        "type": "Point",
        "coordinates": [
          121.587215,
          25.046363
        ]
      },
      "properties": {
        "source_city": "臺北市",
        "source": "data.taipei Todaywork.json",
        "case_no": "11500763",
        "project_name": "道路維護",
        "organizer": "新工處",
        "district": "南港區",
        "address": "115年度南港區同德路(同德路85巷至東新街108巷)側溝蓋更新工程",
        "start_date": "115/04/22",
        "end_date": "115/05/11",
        "date_range": "115/04/22~115/05/11"
      }
    },
    {
      "type": "Feature",
      "geometry": {
        "type": "Point",
        "coordinates": [
          121.5871316,
          25.046458
        ]
      },
      "properties": {
        "source_city": "臺北市",
        "source": "data.taipei Todaywork.json",
        "case_no": "11500763",
        "project_name": "道路維護",
        "organizer": "新工處",
        "district": "南港區",
        "address": "115年度南港區同德路(同德路85巷至東新街108巷)側溝蓋更新工程",
        "start_date": "115/04/22",
        "end_date": "115/05/11",
        "date_range": "115/04/22~115/05/11"
      }
    },
    {
      "type": "Feature",
      "geometry": {
        "type": "Point",
        "coordinates": [
          121.5870815,
          25.046449
        ]
      },
      "properties": {
        "source_city": "臺北市",
        "source": "data.taipei Todaywork.json",
        "case_no": "11500763",
        "project_name": "道路維護",
        "organizer": "新工處",
        "district": "南港區",
        "address": "115年度南港區同德路(同德路85巷至東新街108巷)側溝蓋更新工程",
        "start_date": "115/04/22",
        "end_date": "115/05/11",
        "date_range": "115/04/22~115/05/11"
      }
    },
    {
      "type": "Feature",
      "geometry": {
        "type": "Point",
        "coordinates": [
          121.5870864,
          25.0463461
        ]
      },
      "properties": {
        "source_city": "臺北市",
        "source": "data.taipei Todaywork.json",
        "case_no": "11500763",
        "project_name": "道路維護",
        "organizer": "新工處",
        "district": "南港區",
        "address": "115年度南港區同德路(同德路85巷至東新街108巷)側溝蓋更新工程",
        "start_date": "115/04/22",
        "end_date": "115/05/11",
        "date_range": "115/04/22~115/05/11"
      }
    },
    {
      "type": "Feature",
      "geometry": {
        "type": "Point",
        "coordinates": [
          121.4913545,
          25.0333928
        ]
      },
      "properties": {
        "source_city": "臺北市",
        "source": "data.taipei Todaywork.json",
        "case_no": "11500775",
        "project_name": "道路維護",
        "organizer": "新工處",
        "district": "萬華區",
        "address": "環河南路2段250巷5號至15號",
        "start_date": "115/04/22",
        "end_date": "115/05/28",
        "date_range": "115/04/22~115/05/28"
      }
    },
    {
      "type": "Feature",
      "geometry": {
        "type": "Point",
        "coordinates": [
          121.4913545,
          25.0333928
        ]
      },
      "properties": {
        "source_city": "臺北市",
        "source": "data.taipei Todaywork.json",
        "case_no": "11500775",
        "project_name": "道路維護",
        "organizer": "新工處",
        "district": "萬華區",
        "address": "環河南路2段250巷5號至15號",
        "start_date": "115/04/22",
        "end_date": "115/05/28",
        "date_range": "115/04/22~115/05/28"
      }
    },
    {
      "type": "Feature",
      "geometry": {
        "type": "Point",
        "coordinates": [
          121.4913545,
          25.0333928
        ]
      },
      "properties": {
        "source_city": "臺北市",
        "source": "data.taipei Todaywork.json",
        "case_no": "11500775",
        "project_name": "道路維護",
        "organizer": "新工處",
        "district": "萬華區",
        "address": "環河南路2段250巷5號至15號",
        "start_date": "115/04/22",
        "end_date": "115/05/28",
        "date_range": "115/04/22~115/05/28"
      }
    },
    {
      "type": "Feature",
      "geometry": {
        "type": "Point",
        "coordinates": [
          121.4913545,
          25.0333928
        ]
      },
      "properties": {
        "source_city": "臺北市",
        "source": "data.taipei Todaywork.json",
        "case_no": "11500775",
        "project_name": "道路維護",
        "organizer": "新工處",
        "district": "萬華區",
        "address": "環河南路2段250巷5號至15號",
        "start_date": "115/04/22",
        "end_date": "115/05/28",
        "date_range": "115/04/22~115/05/28"
      }
    },
    {
      "type": "Feature",
      "geometry": {
        "type": "Point",
        "coordinates": [
          121.4913545,
          25.0333928
        ]
      },
      "properties": {
        "source_city": "臺北市",
        "source": "data.taipei Todaywork.json",
        "case_no": "11500775",
        "project_name": "道路維護",
        "organizer": "新工處",
        "district": "萬華區",
        "address": "環河南路2段250巷5號至15號",
        "start_date": "115/04/22",
        "end_date": "115/05/28",
        "date_range": "115/04/22~115/05/28"
      }
    },
    {
      "type": "Feature",
      "geometry": {
        "type": "Point",
        "coordinates": [
          121.4913545,
          25.0333928
        ]
      },
      "properties": {
        "source_city": "臺北市",
        "source": "data.taipei Todaywork.json",
        "case_no": "11500775",
        "project_name": "道路維護",
        "organizer": "新工處",
        "district": "萬華區",
        "address": "環河南路2段250巷5號至15號",
        "start_date": "115/04/22",
        "end_date": "115/05/28",
        "date_range": "115/04/22~115/05/28"
      }
    },
    {
      "type": "Feature",
      "geometry": {
        "type": "Point",
        "coordinates": [
          121.53576,
          25.010449
        ]
      },
      "properties": {
        "source_city": "臺北市",
        "source": "data.taipei Todaywork.json",
        "case_no": "11500779",
        "project_name": "道路維護",
        "organizer": "新工處",
        "district": "文山區",
        "address": "溪洲街82巷(汀州路4段10-1號前)",
        "start_date": "115/04/25",
        "end_date": "115/06/14",
        "date_range": "115/04/25~115/06/14"
      }
    },
    {
      "type": "Feature",
      "geometry": {
        "type": "Point",
        "coordinates": [
          121.5358125,
          25.0104807
        ]
      },
      "properties": {
        "source_city": "臺北市",
        "source": "data.taipei Todaywork.json",
        "case_no": "11500779",
        "project_name": "道路維護",
        "organizer": "新工處",
        "district": "文山區",
        "address": "溪洲街82巷(汀州路4段10-1號前)",
        "start_date": "115/04/25",
        "end_date": "115/06/14",
        "date_range": "115/04/25~115/06/14"
      }
    },
    {
      "type": "Feature",
      "geometry": {
        "type": "Point",
        "coordinates": [
          121.536395,
          25.010777
        ]
      },
      "properties": {
        "source_city": "臺北市",
        "source": "data.taipei Todaywork.json",
        "case_no": "11500779",
        "project_name": "道路維護",
        "organizer": "新工處",
        "district": "文山區",
        "address": "溪洲街82巷(汀州路4段10-1號前)",
        "start_date": "115/04/25",
        "end_date": "115/06/14",
        "date_range": "115/04/25~115/06/14"
      }
    },
    {
      "type": "Feature",
      "geometry": {
        "type": "Point",
        "coordinates": [
          121.5364488,
          25.0107323
        ]
      },
      "properties": {
        "source_city": "臺北市",
        "source": "data.taipei Todaywork.json",
        "case_no": "11500779",
        "project_name": "道路維護",
        "organizer": "新工處",
        "district": "文山區",
        "address": "溪洲街82巷(汀州路4段10-1號前)",
        "start_date": "115/04/25",
        "end_date": "115/06/14",
        "date_range": "115/04/25~115/06/14"
      }
    },
    {
      "type": "Feature",
      "geometry": {
        "type": "Point",
        "coordinates": [
          121.5359593,
          25.0105555
        ]
      },
      "properties": {
        "source_city": "臺北市",
        "source": "data.taipei Todaywork.json",
        "case_no": "11500779",
        "project_name": "道路維護",
        "organizer": "新工處",
        "district": "文山區",
        "address": "溪洲街82巷(汀州路4段10-1號前)",
        "start_date": "115/04/25",
        "end_date": "115/06/14",
        "date_range": "115/04/25~115/06/14"
      }
    },
    {
      "type": "Feature",
      "geometry": {
        "type": "Point",
        "coordinates": [
          121.5468314,
          25.0245957
        ]
      },
      "properties": {
        "source_city": "臺北市",
        "source": "data.taipei Todaywork.json",
        "case_no": "11500780",
        "project_name": "道路維護",
        "organizer": "新工處",
        "district": "大安區",
        "address": "和平東路3段(雙號側)(基隆路2段至臥龍街)",
        "start_date": "115/04/23",
        "end_date": "115/05/18",
        "date_range": "115/04/23~115/05/18"
      }
    },
    {
      "type": "Feature",
      "geometry": {
        "type": "Point",
        "coordinates": [
          121.5520882,
          25.0242609
        ]
      },
      "properties": {
        "source_city": "臺北市",
        "source": "data.taipei Todaywork.json",
        "case_no": "11500780",
        "project_name": "道路維護",
        "organizer": "新工處",
        "district": "大安區",
        "address": "和平東路3段(雙號側)(基隆路2段至臥龍街)",
        "start_date": "115/04/23",
        "end_date": "115/05/18",
        "date_range": "115/04/23~115/05/18"
      }
    },
    {
      "type": "Feature",
      "geometry": {
        "type": "Point",
        "coordinates": [
          121.5468233,
          25.0245833
        ]
      },
      "properties": {
        "source_city": "臺北市",
        "source": "data.taipei Todaywork.json",
        "case_no": "11500780",
        "project_name": "道路維護",
        "organizer": "新工處",
        "district": "大安區",
        "address": "和平東路3段(雙號側)(基隆路2段至臥龍街)",
        "start_date": "115/04/23",
        "end_date": "115/05/18",
        "date_range": "115/04/23~115/05/18"
      }
    },
    {
      "type": "Feature",
      "geometry": {
        "type": "Point",
        "coordinates": [
          121.5520882,
          25.0242609
        ]
      },
      "properties": {
        "source_city": "臺北市",
        "source": "data.taipei Todaywork.json",
        "case_no": "11500780",
        "project_name": "道路維護",
        "organizer": "新工處",
        "district": "大安區",
        "address": "和平東路3段(雙號側)(基隆路2段至臥龍街)",
        "start_date": "115/04/23",
        "end_date": "115/05/18",
        "date_range": "115/04/23~115/05/18"
      }
    },
    {
      "type": "Feature",
      "geometry": {
        "type": "Point",
        "coordinates": [
          121.536705,
          25.0021363
        ]
      },
      "properties": {
        "source_city": "臺北市",
        "source": "data.taipei Todaywork.json",
        "case_no": "11500781",
        "project_name": "道路維護",
        "organizer": "新工處",
        "district": "文山區",
        "address": "汀州路4段",
        "start_date": "115/04/22",
        "end_date": "115/05/11",
        "date_range": "115/04/22~115/05/11"
      }
    },
    {
      "type": "Feature",
      "geometry": {
        "type": "Point",
        "coordinates": [
          121.5364254,
          25.00216
        ]
      },
      "properties": {
        "source_city": "臺北市",
        "source": "data.taipei Todaywork.json",
        "case_no": "11500781",
        "project_name": "道路維護",
        "organizer": "新工處",
        "district": "文山區",
        "address": "汀州路4段",
        "start_date": "115/04/22",
        "end_date": "115/05/11",
        "date_range": "115/04/22~115/05/11"
      }
    },
    {
      "type": "Feature",
      "geometry": {
        "type": "Point",
        "coordinates": [
          121.5817975,
          25.0428336
        ]
      },
      "properties": {
        "source_city": "臺北市",
        "source": "data.taipei Todaywork.json",
        "case_no": "11500788",
        "project_name": "道路維護",
        "organizer": "水利處",
        "district": "信義區",
        "address": "大道路7巷1弄雙側側溝",
        "start_date": "115/04/27",
        "end_date": "115/05/26",
        "date_range": "115/04/27~115/05/26"
      }
    },
    {
      "type": "Feature",
      "geometry": {
        "type": "Point",
        "coordinates": [
          121.5817499,
          25.0428123
        ]
      },
      "properties": {
        "source_city": "臺北市",
        "source": "data.taipei Todaywork.json",
        "case_no": "11500788",
        "project_name": "道路維護",
        "organizer": "水利處",
        "district": "信義區",
        "address": "大道路7巷1弄雙側側溝",
        "start_date": "115/04/27",
        "end_date": "115/05/26",
        "date_range": "115/04/27~115/05/26"
      }
    },
    {
      "type": "Feature",
      "geometry": {
        "type": "Point",
        "coordinates": [
          121.5817539,
          25.0428147
        ]
      },
      "properties": {
        "source_city": "臺北市",
        "source": "data.taipei Todaywork.json",
        "case_no": "11500788",
        "project_name": "道路維護",
        "organizer": "水利處",
        "district": "信義區",
        "address": "大道路7巷1弄雙側側溝",
        "start_date": "115/04/27",
        "end_date": "115/05/26",
        "date_range": "115/04/27~115/05/26"
      }
    },
    {
      "type": "Feature",
      "geometry": {
        "type": "Point",
        "coordinates": [
          121.5634329,
          25.0394406
        ]
      },
      "properties": {
        "source_city": "臺北市",
        "source": "data.taipei Todaywork.json",
        "case_no": "11500798",
        "project_name": "道路維護",
        "organizer": "新工處",
        "district": "信義區",
        "address": "松高路3號及基隆路1段210號前(基隆路1段及松高路交叉口)人行道等2處試挖工程",
        "start_date": "115/04/21",
        "end_date": "115/05/08",
        "date_range": "115/04/21~115/05/08"
      }
    },
    {
      "type": "Feature",
      "geometry": {
        "type": "Point",
        "coordinates": [
          121.5029969,
          25.1344696
        ]
      },
      "properties": {
        "source_city": "臺北市",
        "source": "data.taipei Todaywork.json",
        "case_no": "11500805",
        "project_name": "道路維護",
        "organizer": "新工處",
        "district": "北投區",
        "address": "北投區溫泉路37巷",
        "start_date": "115/04/20",
        "end_date": "115/05/29",
        "date_range": "115/04/20~115/05/29"
      }
    },
    {
      "type": "Feature",
      "geometry": {
        "type": "Point",
        "coordinates": [
          121.5029969,
          25.1344696
        ]
      },
      "properties": {
        "source_city": "臺北市",
        "source": "data.taipei Todaywork.json",
        "case_no": "11500805",
        "project_name": "道路維護",
        "organizer": "新工處",
        "district": "北投區",
        "address": "北投區溫泉路37巷",
        "start_date": "115/04/20",
        "end_date": "115/05/29",
        "date_range": "115/04/20~115/05/29"
      }
    },
    {
      "type": "Feature",
      "geometry": {
        "type": "Point",
        "coordinates": [
          121.5029969,
          25.1344696
        ]
      },
      "properties": {
        "source_city": "臺北市",
        "source": "data.taipei Todaywork.json",
        "case_no": "11500805",
        "project_name": "道路維護",
        "organizer": "新工處",
        "district": "北投區",
        "address": "北投區溫泉路37巷",
        "start_date": "115/04/20",
        "end_date": "115/05/29",
        "date_range": "115/04/20~115/05/29"
      }
    },
    {
      "type": "Feature",
      "geometry": {
        "type": "Point",
        "coordinates": [
          121.5029969,
          25.1344696
        ]
      },
      "properties": {
        "source_city": "臺北市",
        "source": "data.taipei Todaywork.json",
        "case_no": "11500805",
        "project_name": "道路維護",
        "organizer": "新工處",
        "district": "北投區",
        "address": "北投區溫泉路37巷",
        "start_date": "115/04/20",
        "end_date": "115/05/29",
        "date_range": "115/04/20~115/05/29"
      }
    },
    {
      "type": "Feature",
      "geometry": {
        "type": "Point",
        "coordinates": [
          121.5173525,
          25.0901799
        ]
      },
      "properties": {
        "source_city": "臺北市",
        "source": "data.taipei Todaywork.json",
        "case_no": "11500807",
        "project_name": "道路維護",
        "organizer": "新工處",
        "district": "士林區",
        "address": "承德路四段342號前斜坡道",
        "start_date": "115/04/20",
        "end_date": "115/05/29",
        "date_range": "115/04/20~115/05/29"
      }
    },
    {
      "type": "Feature",
      "geometry": {
        "type": "Point",
        "coordinates": [
          121.5174383,
          25.0901149
        ]
      },
      "properties": {
        "source_city": "臺北市",
        "source": "data.taipei Todaywork.json",
        "case_no": "11500807",
        "project_name": "道路維護",
        "organizer": "新工處",
        "district": "士林區",
        "address": "承德路四段342號前斜坡道",
        "start_date": "115/04/20",
        "end_date": "115/05/29",
        "date_range": "115/04/20~115/05/29"
      }
    },
    {
      "type": "Feature",
      "geometry": {
        "type": "Point",
        "coordinates": [
          121.5173525,
          25.0901799
        ]
      },
      "properties": {
        "source_city": "臺北市",
        "source": "data.taipei Todaywork.json",
        "case_no": "11500807",
        "project_name": "道路維護",
        "organizer": "新工處",
        "district": "士林區",
        "address": "承德路四段342號前斜坡道",
        "start_date": "115/04/20",
        "end_date": "115/05/29",
        "date_range": "115/04/20~115/05/29"
      }
    },
    {
      "type": "Feature",
      "geometry": {
        "type": "Point",
        "coordinates": [
          121.5173525,
          25.0901799
        ]
      },
      "properties": {
        "source_city": "臺北市",
        "source": "data.taipei Todaywork.json",
        "case_no": "11500807",
        "project_name": "道路維護",
        "organizer": "新工處",
        "district": "士林區",
        "address": "承德路四段342號前斜坡道",
        "start_date": "115/04/20",
        "end_date": "115/05/29",
        "date_range": "115/04/20~115/05/29"
      }
    },
    {
      "type": "Feature",
      "geometry": {
        "type": "Point",
        "coordinates": [
          121.5173525,
          25.0901799
        ]
      },
      "properties": {
        "source_city": "臺北市",
        "source": "data.taipei Todaywork.json",
        "case_no": "11500807",
        "project_name": "道路維護",
        "organizer": "新工處",
        "district": "士林區",
        "address": "承德路四段342號前斜坡道",
        "start_date": "115/04/20",
        "end_date": "115/05/29",
        "date_range": "115/04/20~115/05/29"
      }
    },
    {
      "type": "Feature",
      "geometry": {
        "type": "Point",
        "coordinates": [
          121.5067171,
          25.117924
        ]
      },
      "properties": {
        "source_city": "臺北市",
        "source": "data.taipei Todaywork.json",
        "case_no": "11500816",
        "project_name": "道路維護",
        "organizer": "新工處",
        "district": "北投區",
        "address": "尊賢街251巷",
        "start_date": "115/04/23",
        "end_date": "115/05/24",
        "date_range": "115/04/23~115/05/24"
      }
    },
    {
      "type": "Feature",
      "geometry": {
        "type": "Point",
        "coordinates": [
          121.506688,
          25.117957
        ]
      },
      "properties": {
        "source_city": "臺北市",
        "source": "data.taipei Todaywork.json",
        "case_no": "11500816",
        "project_name": "道路維護",
        "organizer": "新工處",
        "district": "北投區",
        "address": "尊賢街251巷",
        "start_date": "115/04/23",
        "end_date": "115/05/24",
        "date_range": "115/04/23~115/05/24"
      }
    },
    {
      "type": "Feature",
      "geometry": {
        "type": "Point",
        "coordinates": [
          121.505631,
          25.117612
        ]
      },
      "properties": {
        "source_city": "臺北市",
        "source": "data.taipei Todaywork.json",
        "case_no": "11500816",
        "project_name": "道路維護",
        "organizer": "新工處",
        "district": "北投區",
        "address": "尊賢街251巷",
        "start_date": "115/04/23",
        "end_date": "115/05/24",
        "date_range": "115/04/23~115/05/24"
      }
    },
    {
      "type": "Feature",
      "geometry": {
        "type": "Point",
        "coordinates": [
          121.505546,
          25.117568
        ]
      },
      "properties": {
        "source_city": "臺北市",
        "source": "data.taipei Todaywork.json",
        "case_no": "11500816",
        "project_name": "道路維護",
        "organizer": "新工處",
        "district": "北投區",
        "address": "尊賢街251巷",
        "start_date": "115/04/23",
        "end_date": "115/05/24",
        "date_range": "115/04/23~115/05/24"
      }
    },
    {
      "type": "Feature",
      "geometry": {
        "type": "Point",
        "coordinates": [
          121.5310602,
          25.0532426
        ]
      },
      "properties": {
        "source_city": "臺北市",
        "source": "data.taipei Todaywork.json",
        "case_no": "11500828",
        "project_name": "道路維護",
        "organizer": "水利處",
        "district": "中山區",
        "address": "松江路132巷17號",
        "start_date": "115/04/18",
        "end_date": "115/05/08",
        "date_range": "115/04/18~115/05/08"
      }
    },
    {
      "type": "Feature",
      "geometry": {
        "type": "Point",
        "coordinates": [
          121.5311134,
          25.0535337
        ]
      },
      "properties": {
        "source_city": "臺北市",
        "source": "data.taipei Todaywork.json",
        "case_no": "11500828",
        "project_name": "道路維護",
        "organizer": "水利處",
        "district": "中山區",
        "address": "松江路132巷17號",
        "start_date": "115/04/18",
        "end_date": "115/05/08",
        "date_range": "115/04/18~115/05/08"
      }
    },
    {
      "type": "Feature",
      "geometry": {
        "type": "Point",
        "coordinates": [
          121.531055,
          25.053247
        ]
      },
      "properties": {
        "source_city": "臺北市",
        "source": "data.taipei Todaywork.json",
        "case_no": "11500828",
        "project_name": "道路維護",
        "organizer": "水利處",
        "district": "中山區",
        "address": "松江路132巷17號",
        "start_date": "115/04/18",
        "end_date": "115/05/08",
        "date_range": "115/04/18~115/05/08"
      }
    },
    {
      "type": "Feature",
      "geometry": {
        "type": "Point",
        "coordinates": [
          121.5310602,
          25.0532426
        ]
      },
      "properties": {
        "source_city": "臺北市",
        "source": "data.taipei Todaywork.json",
        "case_no": "11500828",
        "project_name": "道路維護",
        "organizer": "水利處",
        "district": "中山區",
        "address": "松江路132巷17號",
        "start_date": "115/04/18",
        "end_date": "115/05/08",
        "date_range": "115/04/18~115/05/08"
      }
    },
    {
      "type": "Feature",
      "geometry": {
        "type": "Point",
        "coordinates": [
          121.5311134,
          25.0535337
        ]
      },
      "properties": {
        "source_city": "臺北市",
        "source": "data.taipei Todaywork.json",
        "case_no": "11500828",
        "project_name": "道路維護",
        "organizer": "水利處",
        "district": "中山區",
        "address": "松江路132巷17號",
        "start_date": "115/04/18",
        "end_date": "115/05/08",
        "date_range": "115/04/18~115/05/08"
      }
    },
    {
      "type": "Feature",
      "geometry": {
        "type": "Point",
        "coordinates": [
          121.5303635,
          25.0578698
        ]
      },
      "properties": {
        "source_city": "臺北市",
        "source": "data.taipei Todaywork.json",
        "case_no": "11500852",
        "project_name": "道路維護",
        "organizer": "新工處",
        "district": "中山區",
        "address": "(中山、大同區)民生東路2段76號等16處零星修繕工程(設施修復)",
        "start_date": "115/04/23",
        "end_date": "115/05/15",
        "date_range": "115/04/23~115/05/15"
      }
    },
    {
      "type": "Feature",
      "geometry": {
        "type": "Point",
        "coordinates": [
          121.5329859,
          25.0580847
        ]
      },
      "properties": {
        "source_city": "臺北市",
        "source": "data.taipei Todaywork.json",
        "case_no": "11500852",
        "project_name": "道路維護",
        "organizer": "新工處",
        "district": "中山區",
        "address": "(中山、大同區)民生東路2段76號等16處零星修繕工程(設施修復)",
        "start_date": "115/04/23",
        "end_date": "115/05/15",
        "date_range": "115/04/23~115/05/15"
      }
    },
    {
      "type": "Feature",
      "geometry": {
        "type": "Point",
        "coordinates": [
          121.538295,
          25.0500057
        ]
      },
      "properties": {
        "source_city": "臺北市",
        "source": "data.taipei Todaywork.json",
        "case_no": "11500852",
        "project_name": "道路維護",
        "organizer": "新工處",
        "district": "中山區",
        "address": "(中山、大同區)民生東路2段76號等16處零星修繕工程(設施修復)",
        "start_date": "115/04/23",
        "end_date": "115/05/15",
        "date_range": "115/04/23~115/05/15"
      }
    },
    {
      "type": "Feature",
      "geometry": {
        "type": "Point",
        "coordinates": [
          121.5421989,
          25.0476924
        ]
      },
      "properties": {
        "source_city": "臺北市",
        "source": "data.taipei Todaywork.json",
        "case_no": "11500852",
        "project_name": "道路維護",
        "organizer": "新工處",
        "district": "中山區",
        "address": "(中山、大同區)民生東路2段76號等16處零星修繕工程(設施修復)",
        "start_date": "115/04/23",
        "end_date": "115/05/15",
        "date_range": "115/04/23~115/05/15"
      }
    },
    {
      "type": "Feature",
      "geometry": {
        "type": "Point",
        "coordinates": [
          121.5379248,
          25.0595627
        ]
      },
      "properties": {
        "source_city": "臺北市",
        "source": "data.taipei Todaywork.json",
        "case_no": "11500852",
        "project_name": "道路維護",
        "organizer": "新工處",
        "district": "中山區",
        "address": "(中山、大同區)民生東路2段76號等16處零星修繕工程(設施修復)",
        "start_date": "115/04/23",
        "end_date": "115/05/15",
        "date_range": "115/04/23~115/05/15"
      }
    },
    {
      "type": "Feature",
      "geometry": {
        "type": "Point",
        "coordinates": [
          121.5379227,
          25.05955
        ]
      },
      "properties": {
        "source_city": "臺北市",
        "source": "data.taipei Todaywork.json",
        "case_no": "11500852",
        "project_name": "道路維護",
        "organizer": "新工處",
        "district": "中山區",
        "address": "(中山、大同區)民生東路2段76號等16處零星修繕工程(設施修復)",
        "start_date": "115/04/23",
        "end_date": "115/05/15",
        "date_range": "115/04/23~115/05/15"
      }
    },
    {
      "type": "Feature",
      "geometry": {
        "type": "Point",
        "coordinates": [
          121.5379227,
          25.05955
        ]
      },
      "properties": {
        "source_city": "臺北市",
        "source": "data.taipei Todaywork.json",
        "case_no": "11500852",
        "project_name": "道路維護",
        "organizer": "新工處",
        "district": "中山區",
        "address": "(中山、大同區)民生東路2段76號等16處零星修繕工程(設施修復)",
        "start_date": "115/04/23",
        "end_date": "115/05/15",
        "date_range": "115/04/23~115/05/15"
      }
    },
    {
      "type": "Feature",
      "geometry": {
        "type": "Point",
        "coordinates": [
          121.5329895,
          25.0606333
        ]
      },
      "properties": {
        "source_city": "臺北市",
        "source": "data.taipei Todaywork.json",
        "case_no": "11500852",
        "project_name": "道路維護",
        "organizer": "新工處",
        "district": "中山區",
        "address": "(中山、大同區)民生東路2段76號等16處零星修繕工程(設施修復)",
        "start_date": "115/04/23",
        "end_date": "115/05/15",
        "date_range": "115/04/23~115/05/15"
      }
    },
    {
      "type": "Feature",
      "geometry": {
        "type": "Point",
        "coordinates": [
          121.5350065,
          25.0622398
        ]
      },
      "properties": {
        "source_city": "臺北市",
        "source": "data.taipei Todaywork.json",
        "case_no": "11500852",
        "project_name": "道路維護",
        "organizer": "新工處",
        "district": "中山區",
        "address": "(中山、大同區)民生東路2段76號等16處零星修繕工程(設施修復)",
        "start_date": "115/04/23",
        "end_date": "115/05/15",
        "date_range": "115/04/23~115/05/15"
      }
    },
    {
      "type": "Feature",
      "geometry": {
        "type": "Point",
        "coordinates": [
          121.5395725,
          25.065627
        ]
      },
      "properties": {
        "source_city": "臺北市",
        "source": "data.taipei Todaywork.json",
        "case_no": "11500852",
        "project_name": "道路維護",
        "organizer": "新工處",
        "district": "中山區",
        "address": "(中山、大同區)民生東路2段76號等16處零星修繕工程(設施修復)",
        "start_date": "115/04/23",
        "end_date": "115/05/15",
        "date_range": "115/04/23~115/05/15"
      }
    },
    {
      "type": "Feature",
      "geometry": {
        "type": "Point",
        "coordinates": [
          121.5630836,
          25.0762063
        ]
      },
      "properties": {
        "source_city": "臺北市",
        "source": "data.taipei Todaywork.json",
        "case_no": "11500852",
        "project_name": "道路維護",
        "organizer": "新工處",
        "district": "中山區",
        "address": "(中山、大同區)民生東路2段76號等16處零星修繕工程(設施修復)",
        "start_date": "115/04/23",
        "end_date": "115/05/15",
        "date_range": "115/04/23~115/05/15"
      }
    },
    {
      "type": "Feature",
      "geometry": {
        "type": "Point",
        "coordinates": [
          121.5131574,
          25.0768506
        ]
      },
      "properties": {
        "source_city": "臺北市",
        "source": "data.taipei Todaywork.json",
        "case_no": "11500852",
        "project_name": "道路維護",
        "organizer": "新工處",
        "district": "中山區",
        "address": "(中山、大同區)民生東路2段76號等16處零星修繕工程(設施修復)",
        "start_date": "115/04/23",
        "end_date": "115/05/15",
        "date_range": "115/04/23~115/05/15"
      }
    },
    {
      "type": "Feature",
      "geometry": {
        "type": "Point",
        "coordinates": [
          121.5131869,
          25.0768506
        ]
      },
      "properties": {
        "source_city": "臺北市",
        "source": "data.taipei Todaywork.json",
        "case_no": "11500852",
        "project_name": "道路維護",
        "organizer": "新工處",
        "district": "中山區",
        "address": "(中山、大同區)民生東路2段76號等16處零星修繕工程(設施修復)",
        "start_date": "115/04/23",
        "end_date": "115/05/15",
        "date_range": "115/04/23~115/05/15"
      }
    },
    {
      "type": "Feature",
      "geometry": {
        "type": "Point",
        "coordinates": [
          121.513195,
          25.0768214
        ]
      },
      "properties": {
        "source_city": "臺北市",
        "source": "data.taipei Todaywork.json",
        "case_no": "11500852",
        "project_name": "道路維護",
        "organizer": "新工處",
        "district": "中山區",
        "address": "(中山、大同區)民生東路2段76號等16處零星修繕工程(設施修復)",
        "start_date": "115/04/23",
        "end_date": "115/05/15",
        "date_range": "115/04/23~115/05/15"
      }
    },
    {
      "type": "Feature",
      "geometry": {
        "type": "Point",
        "coordinates": [
          121.5160356,
          25.0440521
        ]
      },
      "properties": {
        "source_city": "臺北市",
        "source": "data.taipei Todaywork.json",
        "case_no": "11500853",
        "project_name": "道路維護",
        "organizer": "新工處",
        "district": "中正區",
        "address": "秀明路二段(新光路一段至秀明路二段112巷)",
        "start_date": "115/04/23",
        "end_date": "115/07/01",
        "date_range": "115/04/23~115/07/01"
      }
    },
    {
      "type": "Feature",
      "geometry": {
        "type": "Point",
        "coordinates": [
          121.5160356,
          25.0440521
        ]
      },
      "properties": {
        "source_city": "臺北市",
        "source": "data.taipei Todaywork.json",
        "case_no": "11500853",
        "project_name": "道路維護",
        "organizer": "新工處",
        "district": "中正區",
        "address": "秀明路二段(新光路一段至秀明路二段112巷)",
        "start_date": "115/04/23",
        "end_date": "115/07/01",
        "date_range": "115/04/23~115/07/01"
      }
    },
    {
      "type": "Feature",
      "geometry": {
        "type": "Point",
        "coordinates": [
          121.5160356,
          25.0440521
        ]
      },
      "properties": {
        "source_city": "臺北市",
        "source": "data.taipei Todaywork.json",
        "case_no": "11500853",
        "project_name": "道路維護",
        "organizer": "新工處",
        "district": "中正區",
        "address": "秀明路二段(新光路一段至秀明路二段112巷)",
        "start_date": "115/04/23",
        "end_date": "115/07/01",
        "date_range": "115/04/23~115/07/01"
      }
    },
    {
      "type": "Feature",
      "geometry": {
        "type": "Point",
        "coordinates": [
          121.5160356,
          25.0440521
        ]
      },
      "properties": {
        "source_city": "臺北市",
        "source": "data.taipei Todaywork.json",
        "case_no": "11500853",
        "project_name": "道路維護",
        "organizer": "新工處",
        "district": "中正區",
        "address": "秀明路二段(新光路一段至秀明路二段112巷)",
        "start_date": "115/04/23",
        "end_date": "115/07/01",
        "date_range": "115/04/23~115/07/01"
      }
    },
    {
      "type": "Feature",
      "geometry": {
        "type": "Point",
        "coordinates": [
          121.5160356,
          25.0440521
        ]
      },
      "properties": {
        "source_city": "臺北市",
        "source": "data.taipei Todaywork.json",
        "case_no": "11500853",
        "project_name": "道路維護",
        "organizer": "新工處",
        "district": "中正區",
        "address": "秀明路二段(新光路一段至秀明路二段112巷)",
        "start_date": "115/04/23",
        "end_date": "115/07/01",
        "date_range": "115/04/23~115/07/01"
      }
    },
    {
      "type": "Feature",
      "geometry": {
        "type": "Point",
        "coordinates": [
          121.5157513,
          25.04406
        ]
      },
      "properties": {
        "source_city": "臺北市",
        "source": "data.taipei Todaywork.json",
        "case_no": "11500853",
        "project_name": "道路維護",
        "organizer": "新工處",
        "district": "中正區",
        "address": "秀明路二段(新光路一段至秀明路二段112巷)",
        "start_date": "115/04/23",
        "end_date": "115/07/01",
        "date_range": "115/04/23~115/07/01"
      }
    },
    {
      "type": "Feature",
      "geometry": {
        "type": "Point",
        "coordinates": [
          121.5160356,
          25.0440521
        ]
      },
      "properties": {
        "source_city": "臺北市",
        "source": "data.taipei Todaywork.json",
        "case_no": "11500853",
        "project_name": "道路維護",
        "organizer": "新工處",
        "district": "中正區",
        "address": "秀明路二段(新光路一段至秀明路二段112巷)",
        "start_date": "115/04/23",
        "end_date": "115/07/01",
        "date_range": "115/04/23~115/07/01"
      }
    },
    {
      "type": "Feature",
      "geometry": {
        "type": "Point",
        "coordinates": [
          121.5157513,
          25.04406
        ]
      },
      "properties": {
        "source_city": "臺北市",
        "source": "data.taipei Todaywork.json",
        "case_no": "11500853",
        "project_name": "道路維護",
        "organizer": "新工處",
        "district": "中正區",
        "address": "秀明路二段(新光路一段至秀明路二段112巷)",
        "start_date": "115/04/23",
        "end_date": "115/07/01",
        "date_range": "115/04/23~115/07/01"
      }
    },
    {
      "type": "Feature",
      "geometry": {
        "type": "Point",
        "coordinates": [
          121.5160356,
          25.0440521
        ]
      },
      "properties": {
        "source_city": "臺北市",
        "source": "data.taipei Todaywork.json",
        "case_no": "11500853",
        "project_name": "道路維護",
        "organizer": "新工處",
        "district": "中正區",
        "address": "秀明路二段(新光路一段至秀明路二段112巷)",
        "start_date": "115/04/23",
        "end_date": "115/07/01",
        "date_range": "115/04/23~115/07/01"
      }
    },
    {
      "type": "Feature",
      "geometry": {
        "type": "Point",
        "coordinates": [
          121.5160376,
          25.0440868
        ]
      },
      "properties": {
        "source_city": "臺北市",
        "source": "data.taipei Todaywork.json",
        "case_no": "11500853",
        "project_name": "道路維護",
        "organizer": "新工處",
        "district": "中正區",
        "address": "秀明路二段(新光路一段至秀明路二段112巷)",
        "start_date": "115/04/23",
        "end_date": "115/07/01",
        "date_range": "115/04/23~115/07/01"
      }
    },
    {
      "type": "Feature",
      "geometry": {
        "type": "Point",
        "coordinates": [
          121.514749,
          25.0332413
        ]
      },
      "properties": {
        "source_city": "臺北市",
        "source": "data.taipei Todaywork.json",
        "case_no": "11500861",
        "project_name": "道路維護",
        "organizer": "新工處",
        "district": "中正區",
        "address": "湖口街(重慶南路2段7巷至南海路)雙側溝蓋更新工程",
        "start_date": "115/04/27",
        "end_date": "115/07/05",
        "date_range": "115/04/27~115/07/05"
      }
    },
    {
      "type": "Feature",
      "geometry": {
        "type": "Point",
        "coordinates": [
          121.5144939,
          25.0337498
        ]
      },
      "properties": {
        "source_city": "臺北市",
        "source": "data.taipei Todaywork.json",
        "case_no": "11500861",
        "project_name": "道路維護",
        "organizer": "新工處",
        "district": "中正區",
        "address": "湖口街(重慶南路2段7巷至南海路)雙側溝蓋更新工程",
        "start_date": "115/04/27",
        "end_date": "115/07/05",
        "date_range": "115/04/27~115/07/05"
      }
    },
    {
      "type": "Feature",
      "geometry": {
        "type": "Point",
        "coordinates": [
          121.5146233,
          25.0334129
        ]
      },
      "properties": {
        "source_city": "臺北市",
        "source": "data.taipei Todaywork.json",
        "case_no": "11500861",
        "project_name": "道路維護",
        "organizer": "新工處",
        "district": "中正區",
        "address": "湖口街(重慶南路2段7巷至南海路)雙側溝蓋更新工程",
        "start_date": "115/04/27",
        "end_date": "115/07/05",
        "date_range": "115/04/27~115/07/05"
      }
    },
    {
      "type": "Feature",
      "geometry": {
        "type": "Point",
        "coordinates": [
          121.5150622,
          25.0329448
        ]
      },
      "properties": {
        "source_city": "臺北市",
        "source": "data.taipei Todaywork.json",
        "case_no": "11500861",
        "project_name": "道路維護",
        "organizer": "新工處",
        "district": "中正區",
        "address": "湖口街(重慶南路2段7巷至南海路)雙側溝蓋更新工程",
        "start_date": "115/04/27",
        "end_date": "115/07/05",
        "date_range": "115/04/27~115/07/05"
      }
    },
    {
      "type": "Feature",
      "geometry": {
        "type": "Point",
        "coordinates": [
          121.5326861,
          25.099573
        ]
      },
      "properties": {
        "source_city": "臺北市",
        "source": "data.taipei Todaywork.json",
        "case_no": "11500869",
        "project_name": "道路維護",
        "organizer": "新工處",
        "district": "士林區",
        "address": "雨農路72號前人行道",
        "start_date": "115/04/27",
        "end_date": "115/05/31",
        "date_range": "115/04/27~115/05/31"
      }
    },
    {
      "type": "Feature",
      "geometry": {
        "type": "Point",
        "coordinates": [
          121.5326861,
          25.099573
        ]
      },
      "properties": {
        "source_city": "臺北市",
        "source": "data.taipei Todaywork.json",
        "case_no": "11500869",
        "project_name": "道路維護",
        "organizer": "新工處",
        "district": "士林區",
        "address": "雨農路72號前人行道",
        "start_date": "115/04/27",
        "end_date": "115/05/31",
        "date_range": "115/04/27~115/05/31"
      }
    },
    {
      "type": "Feature",
      "geometry": {
        "type": "Point",
        "coordinates": [
          121.5326861,
          25.099573
        ]
      },
      "properties": {
        "source_city": "臺北市",
        "source": "data.taipei Todaywork.json",
        "case_no": "11500869",
        "project_name": "道路維護",
        "organizer": "新工處",
        "district": "士林區",
        "address": "雨農路72號前人行道",
        "start_date": "115/04/27",
        "end_date": "115/05/31",
        "date_range": "115/04/27~115/05/31"
      }
    },
    {
      "type": "Feature",
      "geometry": {
        "type": "Point",
        "coordinates": [
          121.6064446,
          25.068947
        ]
      },
      "properties": {
        "source_city": "臺北市",
        "source": "data.taipei Todaywork.json",
        "case_no": "11500871",
        "project_name": "道路維護",
        "organizer": "水利處",
        "district": "內湖區",
        "address": "民權東路六段280巷69弄70號前",
        "start_date": "115/04/22",
        "end_date": "115/05/05",
        "date_range": "115/04/22~115/05/05"
      }
    },
    {
      "type": "Feature",
      "geometry": {
        "type": "Point",
        "coordinates": [
          121.6064446,
          25.068947
        ]
      },
      "properties": {
        "source_city": "臺北市",
        "source": "data.taipei Todaywork.json",
        "case_no": "11500871",
        "project_name": "道路維護",
        "organizer": "水利處",
        "district": "內湖區",
        "address": "民權東路六段280巷69弄70號前",
        "start_date": "115/04/22",
        "end_date": "115/05/05",
        "date_range": "115/04/22~115/05/05"
      }
    },
    {
      "type": "Feature",
      "geometry": {
        "type": "Point",
        "coordinates": [
          121.6064446,
          25.068947
        ]
      },
      "properties": {
        "source_city": "臺北市",
        "source": "data.taipei Todaywork.json",
        "case_no": "11500871",
        "project_name": "道路維護",
        "organizer": "水利處",
        "district": "內湖區",
        "address": "民權東路六段280巷69弄70號前",
        "start_date": "115/04/22",
        "end_date": "115/05/05",
        "date_range": "115/04/22~115/05/05"
      }
    },
    {
      "type": "Feature",
      "geometry": {
        "type": "Point",
        "coordinates": [
          121.6064415,
          25.0689507
        ]
      },
      "properties": {
        "source_city": "臺北市",
        "source": "data.taipei Todaywork.json",
        "case_no": "11500871",
        "project_name": "道路維護",
        "organizer": "水利處",
        "district": "內湖區",
        "address": "民權東路六段280巷69弄70號前",
        "start_date": "115/04/22",
        "end_date": "115/05/05",
        "date_range": "115/04/22~115/05/05"
      }
    },
    {
      "type": "Feature",
      "geometry": {
        "type": "Point",
        "coordinates": [
          121.6064023,
          25.0689167
        ]
      },
      "properties": {
        "source_city": "臺北市",
        "source": "data.taipei Todaywork.json",
        "case_no": "11500871",
        "project_name": "道路維護",
        "organizer": "水利處",
        "district": "內湖區",
        "address": "民權東路六段280巷69弄70號前",
        "start_date": "115/04/22",
        "end_date": "115/05/05",
        "date_range": "115/04/22~115/05/05"
      }
    },
    {
      "type": "Feature",
      "geometry": {
        "type": "Point",
        "coordinates": [
          121.6186075,
          25.0733931
        ]
      },
      "properties": {
        "source_city": "臺北市",
        "source": "data.taipei Todaywork.json",
        "case_no": "11500883",
        "project_name": "道路維護",
        "organizer": "新工處",
        "district": "內湖區",
        "address": "康樂街136巷15弄(54號至安泰街)及康樂街136巷3弄(康樂合署大樓地下停車場至康樂街162巷）側溝蓋更新工程",
        "start_date": "115/04/24",
        "end_date": "115/05/22",
        "date_range": "115/04/24~115/05/22"
      }
    },
    {
      "type": "Feature",
      "geometry": {
        "type": "Point",
        "coordinates": [
          121.4792976,
          25.1355331
        ]
      },
      "properties": {
        "source_city": "臺北市",
        "source": "data.taipei Todaywork.json",
        "case_no": "11500887",
        "project_name": "道路維護",
        "organizer": "新工處",
        "district": "北投區",
        "address": "中央北路3段(全線)雙側溝蓋更新工程",
        "start_date": "115/04/29",
        "end_date": "115/07/01",
        "date_range": "115/04/29~115/07/01"
      }
    },
    {
      "type": "Feature",
      "geometry": {
        "type": "Point",
        "coordinates": [
          121.5331487,
          25.0501099
        ]
      },
      "properties": {
        "source_city": "臺北市",
        "source": "data.taipei Todaywork.json",
        "case_no": "11500892",
        "project_name": "道路維護",
        "organizer": "新工處",
        "district": "中山區",
        "address": "中山區松江路（松江路77巷至南京東路2段）、南京東路2段（南京東路2段214巷至復興北路）、復興北路（南京東路3段至朱崙街）斜坡道改善工程",
        "start_date": "115/04/23",
        "end_date": "115/05/22",
        "date_range": "115/04/23~115/05/22"
      }
    },
    {
      "type": "Feature",
      "geometry": {
        "type": "Point",
        "coordinates": [
          121.5331487,
          25.0501099
        ]
      },
      "properties": {
        "source_city": "臺北市",
        "source": "data.taipei Todaywork.json",
        "case_no": "11500892",
        "project_name": "道路維護",
        "organizer": "新工處",
        "district": "中山區",
        "address": "中山區松江路（松江路77巷至南京東路2段）、南京東路2段（南京東路2段214巷至復興北路）、復興北路（南京東路3段至朱崙街）斜坡道改善工程",
        "start_date": "115/04/23",
        "end_date": "115/05/22",
        "date_range": "115/04/23~115/05/22"
      }
    },
    {
      "type": "Feature",
      "geometry": {
        "type": "Point",
        "coordinates": [
          121.5331487,
          25.0501099
        ]
      },
      "properties": {
        "source_city": "臺北市",
        "source": "data.taipei Todaywork.json",
        "case_no": "11500892",
        "project_name": "道路維護",
        "organizer": "新工處",
        "district": "中山區",
        "address": "中山區松江路（松江路77巷至南京東路2段）、南京東路2段（南京東路2段214巷至復興北路）、復興北路（南京東路3段至朱崙街）斜坡道改善工程",
        "start_date": "115/04/23",
        "end_date": "115/05/22",
        "date_range": "115/04/23~115/05/22"
      }
    },
    {
      "type": "Feature",
      "geometry": {
        "type": "Point",
        "coordinates": [
          121.5242482,
          25.0657833
        ]
      },
      "properties": {
        "source_city": "臺北市",
        "source": "data.taipei Todaywork.json",
        "case_no": "11500893",
        "project_name": "道路維護",
        "organizer": "新工處",
        "district": "中山區",
        "address": "中山區雙城街(德惠街至農安街)雙號側人行道鋪面更新工程",
        "start_date": "115/04/27",
        "end_date": "115/06/05",
        "date_range": "115/04/27~115/06/05"
      }
    },
    {
      "type": "Feature",
      "geometry": {
        "type": "Point",
        "coordinates": [
          121.5242482,
          25.0657833
        ]
      },
      "properties": {
        "source_city": "臺北市",
        "source": "data.taipei Todaywork.json",
        "case_no": "11500893",
        "project_name": "道路維護",
        "organizer": "新工處",
        "district": "中山區",
        "address": "中山區雙城街(德惠街至農安街)雙號側人行道鋪面更新工程",
        "start_date": "115/04/27",
        "end_date": "115/06/05",
        "date_range": "115/04/27~115/06/05"
      }
    },
    {
      "type": "Feature",
      "geometry": {
        "type": "Point",
        "coordinates": [
          121.5242401,
          25.0654614
        ]
      },
      "properties": {
        "source_city": "臺北市",
        "source": "data.taipei Todaywork.json",
        "case_no": "11500893",
        "project_name": "道路維護",
        "organizer": "新工處",
        "district": "中山區",
        "address": "中山區雙城街(德惠街至農安街)雙號側人行道鋪面更新工程",
        "start_date": "115/04/27",
        "end_date": "115/06/05",
        "date_range": "115/04/27~115/06/05"
      }
    },
    {
      "type": "Feature",
      "geometry": {
        "type": "Point",
        "coordinates": [
          121.5242676,
          25.06662
        ]
      },
      "properties": {
        "source_city": "臺北市",
        "source": "data.taipei Todaywork.json",
        "case_no": "11500893",
        "project_name": "道路維護",
        "organizer": "新工處",
        "district": "中山區",
        "address": "中山區雙城街(德惠街至農安街)雙號側人行道鋪面更新工程",
        "start_date": "115/04/27",
        "end_date": "115/06/05",
        "date_range": "115/04/27~115/06/05"
      }
    },
    {
      "type": "Feature",
      "geometry": {
        "type": "Point",
        "coordinates": [
          121.5905102,
          25.0866841
        ]
      },
      "properties": {
        "source_city": "臺北市",
        "source": "data.taipei Todaywork.json",
        "case_no": "11500895",
        "project_name": "道路維護",
        "organizer": "新工處",
        "district": "內湖區",
        "address": "內湖路3段90-128號雙側溝蓋更新工程",
        "start_date": "115/04/27",
        "end_date": "115/05/26",
        "date_range": "115/04/27~115/05/26"
      }
    },
    {
      "type": "Feature",
      "geometry": {
        "type": "Point",
        "coordinates": [
          121.5905102,
          25.0866841
        ]
      },
      "properties": {
        "source_city": "臺北市",
        "source": "data.taipei Todaywork.json",
        "case_no": "11500895",
        "project_name": "道路維護",
        "organizer": "新工處",
        "district": "內湖區",
        "address": "內湖路3段90-128號雙側溝蓋更新工程",
        "start_date": "115/04/27",
        "end_date": "115/05/26",
        "date_range": "115/04/27~115/05/26"
      }
    },
    {
      "type": "Feature",
      "geometry": {
        "type": "Point",
        "coordinates": [
          121.5899649,
          25.0869186
        ]
      },
      "properties": {
        "source_city": "臺北市",
        "source": "data.taipei Todaywork.json",
        "case_no": "11500895",
        "project_name": "道路維護",
        "organizer": "新工處",
        "district": "內湖區",
        "address": "內湖路3段90-128號雙側溝蓋更新工程",
        "start_date": "115/04/27",
        "end_date": "115/05/26",
        "date_range": "115/04/27~115/05/26"
      }
    },
    {
      "type": "Feature",
      "geometry": {
        "type": "Point",
        "coordinates": [
          121.5704508,
          25.0458971
        ]
      },
      "properties": {
        "source_city": "臺北市",
        "source": "data.taipei Todaywork.json",
        "case_no": "11500896",
        "project_name": "道路維護",
        "organizer": "新工處",
        "district": "信義區",
        "address": "人行陸橋-【C090】永吉松隆",
        "start_date": "115/04/27",
        "end_date": "115/05/26",
        "date_range": "115/04/27~115/05/26"
      }
    },
    {
      "type": "Feature",
      "geometry": {
        "type": "Point",
        "coordinates": [
          121.5704812,
          25.0458793
        ]
      },
      "properties": {
        "source_city": "臺北市",
        "source": "data.taipei Todaywork.json",
        "case_no": "11500896",
        "project_name": "道路維護",
        "organizer": "新工處",
        "district": "信義區",
        "address": "人行陸橋-【C090】永吉松隆",
        "start_date": "115/04/27",
        "end_date": "115/05/26",
        "date_range": "115/04/27~115/05/26"
      }
    },
    {
      "type": "Feature",
      "geometry": {
        "type": "Point",
        "coordinates": [
          121.5705616,
          25.0460008
        ]
      },
      "properties": {
        "source_city": "臺北市",
        "source": "data.taipei Todaywork.json",
        "case_no": "11500896",
        "project_name": "道路維護",
        "organizer": "新工處",
        "district": "信義區",
        "address": "人行陸橋-【C090】永吉松隆",
        "start_date": "115/04/27",
        "end_date": "115/05/26",
        "date_range": "115/04/27~115/05/26"
      }
    },
    {
      "type": "Feature",
      "geometry": {
        "type": "Point",
        "coordinates": [
          121.5704812,
          25.0458793
        ]
      },
      "properties": {
        "source_city": "臺北市",
        "source": "data.taipei Todaywork.json",
        "case_no": "11500896",
        "project_name": "道路維護",
        "organizer": "新工處",
        "district": "信義區",
        "address": "人行陸橋-【C090】永吉松隆",
        "start_date": "115/04/27",
        "end_date": "115/05/26",
        "date_range": "115/04/27~115/05/26"
      }
    },
    {
      "type": "Feature",
      "geometry": {
        "type": "Point",
        "coordinates": [
          121.5708531,
          25.0458275
        ]
      },
      "properties": {
        "source_city": "臺北市",
        "source": "data.taipei Todaywork.json",
        "case_no": "11500896",
        "project_name": "道路維護",
        "organizer": "新工處",
        "district": "信義區",
        "address": "人行陸橋-【C090】永吉松隆",
        "start_date": "115/04/27",
        "end_date": "115/05/26",
        "date_range": "115/04/27~115/05/26"
      }
    },
    {
      "type": "Feature",
      "geometry": {
        "type": "Point",
        "coordinates": [
          121.5769016,
          24.9903013
        ]
      },
      "properties": {
        "source_city": "臺北市",
        "source": "data.taipei Todaywork.json",
        "case_no": "11500902",
        "project_name": "道路維護",
        "organizer": "新工處",
        "district": "文山區",
        "address": "秀明路二段167號、秀明路一段107號、秀明路一段7號，共3處設施修復工程",
        "start_date": "115/04/28",
        "end_date": "115/05/17",
        "date_range": "115/04/28~115/05/17"
      }
    },
    {
      "type": "Feature",
      "geometry": {
        "type": "Point",
        "coordinates": [
          121.5665959,
          24.9907787
        ]
      },
      "properties": {
        "source_city": "臺北市",
        "source": "data.taipei Todaywork.json",
        "case_no": "11500902",
        "project_name": "道路維護",
        "organizer": "新工處",
        "district": "文山區",
        "address": "秀明路二段167號、秀明路一段107號、秀明路一段7號，共3處設施修復工程",
        "start_date": "115/04/28",
        "end_date": "115/05/17",
        "date_range": "115/04/28~115/05/17"
      }
    },
    {
      "type": "Feature",
      "geometry": {
        "type": "Point",
        "coordinates": [
          121.557652,
          24.988647
        ]
      },
      "properties": {
        "source_city": "臺北市",
        "source": "data.taipei Todaywork.json",
        "case_no": "11500905",
        "project_name": "道路維護",
        "organizer": "新工處",
        "district": "文山區",
        "address": "興隆路四段105號、木柵路二段169號、木柵路一段366號、木柵路一段54號，共4處設施修復工程",
        "start_date": "115/04/28",
        "end_date": "115/05/17",
        "date_range": "115/04/28~115/05/17"
      }
    },
    {
      "type": "Feature",
      "geometry": {
        "type": "Point",
        "coordinates": [
          121.5469706,
          24.9868608
        ]
      },
      "properties": {
        "source_city": "臺北市",
        "source": "data.taipei Todaywork.json",
        "case_no": "11500905",
        "project_name": "道路維護",
        "organizer": "新工處",
        "district": "文山區",
        "address": "興隆路四段105號、木柵路二段169號、木柵路一段366號、木柵路一段54號，共4處設施修復工程",
        "start_date": "115/04/28",
        "end_date": "115/05/17",
        "date_range": "115/04/28~115/05/17"
      }
    },
    {
      "type": "Feature",
      "geometry": {
        "type": "Point",
        "coordinates": [
          121.5159724,
          25.0659707
        ]
      },
      "properties": {
        "source_city": "臺北市",
        "source": "data.taipei Todaywork.json",
        "case_no": "11500941",
        "project_name": "道路維護",
        "organizer": "新工處",
        "district": "大同區",
        "address": "115年度大同區昌吉街(大龍街至重慶北路3段)側溝蓋更新工程",
        "start_date": "115/04/27",
        "end_date": "115/05/21",
        "date_range": "115/04/27~115/05/21"
      }
    },
    {
      "type": "Feature",
      "geometry": {
        "type": "Point",
        "coordinates": [
          121.5150696,
          25.065977
        ]
      },
      "properties": {
        "source_city": "臺北市",
        "source": "data.taipei Todaywork.json",
        "case_no": "11500941",
        "project_name": "道路維護",
        "organizer": "新工處",
        "district": "大同區",
        "address": "115年度大同區昌吉街(大龍街至重慶北路3段)側溝蓋更新工程",
        "start_date": "115/04/27",
        "end_date": "115/05/21",
        "date_range": "115/04/27~115/05/21"
      }
    },
    {
      "type": "Feature",
      "geometry": {
        "type": "Point",
        "coordinates": [
          121.5159811,
          25.0658292
        ]
      },
      "properties": {
        "source_city": "臺北市",
        "source": "data.taipei Todaywork.json",
        "case_no": "11500941",
        "project_name": "道路維護",
        "organizer": "新工處",
        "district": "大同區",
        "address": "115年度大同區昌吉街(大龍街至重慶北路3段)側溝蓋更新工程",
        "start_date": "115/04/27",
        "end_date": "115/05/21",
        "date_range": "115/04/27~115/05/21"
      }
    },
    {
      "type": "Feature",
      "geometry": {
        "type": "Point",
        "coordinates": [
          121.56538,
          25.038869
        ]
      },
      "properties": {
        "source_city": "臺北市",
        "source": "data.taipei Todaywork.json",
        "case_no": "11500946",
        "project_name": "道路維護",
        "organizer": "新工處",
        "district": "信義區",
        "address": "松智路(松高路至松壽路)人行道退縮及新設側溝路面更新工程",
        "start_date": "115/04/29",
        "end_date": "115/09/06",
        "date_range": "115/04/29~115/09/06"
      }
    },
    {
      "type": "Feature",
      "geometry": {
        "type": "Point",
        "coordinates": [
          121.5653907,
          25.0390388
        ]
      },
      "properties": {
        "source_city": "臺北市",
        "source": "data.taipei Todaywork.json",
        "case_no": "11500946",
        "project_name": "道路維護",
        "organizer": "新工處",
        "district": "信義區",
        "address": "松智路(松高路至松壽路)人行道退縮及新設側溝路面更新工程",
        "start_date": "115/04/29",
        "end_date": "115/09/06",
        "date_range": "115/04/29~115/09/06"
      }
    },
    {
      "type": "Feature",
      "geometry": {
        "type": "Point",
        "coordinates": [
          121.565377,
          25.03884
        ]
      },
      "properties": {
        "source_city": "臺北市",
        "source": "data.taipei Todaywork.json",
        "case_no": "11500946",
        "project_name": "道路維護",
        "organizer": "新工處",
        "district": "信義區",
        "address": "松智路(松高路至松壽路)人行道退縮及新設側溝路面更新工程",
        "start_date": "115/04/29",
        "end_date": "115/09/06",
        "date_range": "115/04/29~115/09/06"
      }
    },
    {
      "type": "Feature",
      "geometry": {
        "type": "Point",
        "coordinates": [
          121.5654309,
          25.0390001
        ]
      },
      "properties": {
        "source_city": "臺北市",
        "source": "data.taipei Todaywork.json",
        "case_no": "11500946",
        "project_name": "道路維護",
        "organizer": "新工處",
        "district": "信義區",
        "address": "松智路(松高路至松壽路)人行道退縮及新設側溝路面更新工程",
        "start_date": "115/04/29",
        "end_date": "115/09/06",
        "date_range": "115/04/29~115/09/06"
      }
    },
    {
      "type": "Feature",
      "geometry": {
        "type": "Point",
        "coordinates": [
          121.5649163,
          25.0422161
        ]
      },
      "properties": {
        "source_city": "臺北市",
        "source": "data.taipei Todaywork.json",
        "case_no": "11500970",
        "project_name": "道路維護",
        "organizer": "新工處",
        "district": "信義區",
        "address": "基隆路一段(市府轉運站出入口)等四處設施零星修繕工程",
        "start_date": "115/05/01",
        "end_date": "115/05/22",
        "date_range": "115/05/01~115/05/22"
      }
    },
    {
      "type": "Feature",
      "geometry": {
        "type": "Point",
        "coordinates": [
          121.5897259,
          25.0497552
        ]
      },
      "properties": {
        "source_city": "臺北市",
        "source": "data.taipei Todaywork.json",
        "case_no": "11500978",
        "project_name": "道路維護",
        "organizer": "新工處",
        "district": "南港區",
        "address": "忠孝東路6段269號等5處零星修繕工程(設施修復)",
        "start_date": "115/04/30",
        "end_date": "115/05/13",
        "date_range": "115/04/30~115/05/13"
      }
    },
    {
      "type": "Feature",
      "geometry": {
        "type": "Point",
        "coordinates": [
          121.5982879,
          25.05617
        ]
      },
      "properties": {
        "source_city": "臺北市",
        "source": "data.taipei Todaywork.json",
        "case_no": "11500978",
        "project_name": "道路維護",
        "organizer": "新工處",
        "district": "南港區",
        "address": "忠孝東路6段269號等5處零星修繕工程(設施修復)",
        "start_date": "115/04/30",
        "end_date": "115/05/13",
        "date_range": "115/04/30~115/05/13"
      }
    },
    {
      "type": "Feature",
      "geometry": {
        "type": "Point",
        "coordinates": [
          121.5536571,
          25.0522019
        ]
      },
      "properties": {
        "source_city": "臺北市",
        "source": "data.taipei Todaywork.json",
        "case_no": "11500981",
        "project_name": "道路維護",
        "organizer": "水利處",
        "district": "松山區",
        "address": "南京東路四段75巷14弄1號轉角處",
        "start_date": "115/04/30",
        "end_date": "115/05/09",
        "date_range": "115/04/30~115/05/09"
      }
    },
    {
      "type": "Feature",
      "geometry": {
        "type": "Point",
        "coordinates": [
          121.5536451,
          25.0522189
        ]
      },
      "properties": {
        "source_city": "臺北市",
        "source": "data.taipei Todaywork.json",
        "case_no": "11500981",
        "project_name": "道路維護",
        "organizer": "水利處",
        "district": "松山區",
        "address": "南京東路四段75巷14弄1號轉角處",
        "start_date": "115/04/30",
        "end_date": "115/05/09",
        "date_range": "115/04/30~115/05/09"
      }
    },
    {
      "type": "Feature",
      "geometry": {
        "type": "Point",
        "coordinates": [
          121.4441407,
          24.9828306
        ]
      },
      "properties": {
        "source_city": "新北市",
        "source": "新北市政府道路挖掘資訊",
        "case_no": "296348",
        "project_name": "新北市板橋地區污水下水道系統第三期工程第三標(支(分)管及用戶接管)",
        "organizer": "新北市政府水利局污水下水道工程科",
        "district": "土城區",
        "address": "土城區員福里村里中央路二段252號",
        "start_date": "2022-12-12",
        "end_date": "2027-01-13",
        "date_range": "1111212~1160113",
        "status": "已核發許可證"
      }
    },
    {
      "type": "Feature",
      "geometry": {
        "type": "Point",
        "coordinates": [
          121.457188,
          24.9842979
        ]
      },
      "properties": {
        "source_city": "新北市",
        "source": "新北市政府道路挖掘資訊",
        "case_no": "304987",
        "project_name": "新北市土城地區污水下水道系統新建工程第十一標(分支管及用戶接管)",
        "organizer": "新北市政府水利局污水下水道工程科",
        "district": "土城區",
        "address": "土城區瑞興里村里四川路27號",
        "start_date": "2023-06-19",
        "end_date": "2026-05-15",
        "date_range": "1120619~1150515",
        "status": "已核發許可證"
      }
    },
    {
      "type": "Feature",
      "geometry": {
        "type": "Point",
        "coordinates": [
          121.4533896,
          24.9926704
        ]
      },
      "properties": {
        "source_city": "新北市",
        "source": "新北市政府道路挖掘資訊",
        "case_no": "1122038955",
        "project_name": "新北市土城地區污水下水道系統新建工程第十一標(分支管及用戶接管)",
        "organizer": "新北市政府水利局污水下水道工程科",
        "district": "板橋區",
        "address": "板橋區華德里村里廣興街75號",
        "start_date": "2023-06-01",
        "end_date": "2026-06-30",
        "date_range": "1120601~1150630",
        "status": "已核發許可證"
      }
    },
    {
      "type": "Feature",
      "geometry": {
        "type": "Point",
        "coordinates": [
          121.437636,
          25.0851057
        ]
      },
      "properties": {
        "source_city": "新北市",
        "source": "新北市政府道路挖掘資訊",
        "case_no": "1122770769",
        "project_name": "新北市五股地區污水下水道系統第二期第三標工程",
        "organizer": "新北市政府水利局污水下水道工程科",
        "district": "五股區",
        "address": "五股區五股里村里工商路18巷2號",
        "start_date": "2023-11-03",
        "end_date": "2026-06-22",
        "date_range": "1121103~1150622",
        "status": "已核發許可證"
      }
    },
    {
      "type": "Feature",
      "geometry": {
        "type": "Point",
        "coordinates": [
          121.4362826,
          25.0849514
        ]
      },
      "properties": {
        "source_city": "新北市",
        "source": "新北市政府道路挖掘資訊",
        "case_no": "新北工養字第1124772468號",
        "project_name": "新北市五股地區污水下水道系統第二期第三標工程",
        "organizer": "新北市政府水利局污水下水道工程科",
        "district": "五股區",
        "address": "五股區五股里村里民義路一段131號",
        "start_date": "2023-12-01",
        "end_date": "2026-06-22",
        "date_range": "1121201~1150622",
        "status": "已核發許可證"
      }
    },
    {
      "type": "Feature",
      "geometry": {
        "type": "Point",
        "coordinates": [
          121.4295973,
          25.0443407
        ]
      },
      "properties": {
        "source_city": "新北市",
        "source": "新北市政府道路挖掘資訊",
        "case_no": "1122804940",
        "project_name": "新北市新、泰塭仔圳地區地1-1區市地重劃開發工程",
        "organizer": "新北市政府地政局",
        "district": "泰山區",
        "address": "泰山區泰友里村里新生路4號",
        "start_date": "2023-12-26",
        "end_date": "2026-06-30",
        "date_range": "1121226~1150630",
        "status": "已核發許可證"
      }
    },
    {
      "type": "Feature",
      "geometry": {
        "type": "Point",
        "coordinates": [
          121.4561971,
          25.0063896
        ]
      },
      "properties": {
        "source_city": "新北市",
        "source": "新北市政府道路挖掘資訊",
        "case_no": "1132029770",
        "project_name": "新北市板橋區南雅南路PSCP管線更生工程",
        "organizer": "台灣自來水公司北區工程處",
        "district": "板橋區",
        "address": "板橋區流芳里村里文化路一段50號",
        "start_date": "2024-04-22",
        "end_date": "2026-06-30",
        "date_range": "1130422~1150630",
        "status": "已核發許可證"
      }
    },
    {
      "type": "Feature",
      "geometry": {
        "type": "Point",
        "coordinates": [
          121.3675837,
          24.9366976
        ]
      },
      "properties": {
        "source_city": "新北市",
        "source": "新北市政府道路挖掘資訊",
        "case_no": "新北峽工字第1132556790號",
        "project_name": "新北市三峽區、鶯歌區污水管線第十二標(次幹管、支(分)管及用戶接管)",
        "organizer": "新北市政府水利局污水下水道工程科",
        "district": "三峽區",
        "address": "三峽區鳶山里村里民生街88號",
        "start_date": "2024-07-03",
        "end_date": "2027-05-26",
        "date_range": "1130703~1160526",
        "status": "已核發許可證"
      }
    },
    {
      "type": "Feature",
      "geometry": {
        "type": "Point",
        "coordinates": [
          121.3781353,
          24.9355729
        ]
      },
      "properties": {
        "source_city": "新北市",
        "source": "新北市政府道路挖掘資訊",
        "case_no": "新北峽工字第1132552033號",
        "project_name": "新北市三峽區、鶯歌區污水下水道系統第二期工程污水管線第十標",
        "organizer": "新北市政府水利局污水下水道工程科",
        "district": "三峽區",
        "address": "三峽區龍埔里村里民生街1巷",
        "start_date": "2024-05-21",
        "end_date": "2027-09-21",
        "date_range": "1130521~1160921",
        "status": "已核發許可證"
      }
    },
    {
      "type": "Feature",
      "geometry": {
        "type": "Point",
        "coordinates": [
          121.4139708,
          24.9818367
        ]
      },
      "properties": {
        "source_city": "新北市",
        "source": "新北市政府道路挖掘資訊",
        "case_no": "1132484063",
        "project_name": "新北市樹林地區污水下水道系統第二期第十七標工程",
        "organizer": "新北市政府水利局污水下水道工程科",
        "district": "樹林區",
        "address": "樹林區東陽里村里鎮前街467號",
        "start_date": "2024-05-27",
        "end_date": "2026-07-31",
        "date_range": "1130527~1150731",
        "status": "已核發許可證"
      }
    },
    {
      "type": "Feature",
      "geometry": {
        "type": "Point",
        "coordinates": [
          121.4483918,
          25.0022546
        ]
      },
      "properties": {
        "source_city": "新北市",
        "source": "新北市政府道路挖掘資訊",
        "case_no": "1132037454",
        "project_name": "新北市板橋地區污水下水道系統第三期工程第六標(支(分)管及用戶接管)",
        "organizer": "新北市政府水利局污水下水道工程科",
        "district": "板橋區",
        "address": "板橋區聚安里村里環河西路五段",
        "start_date": "2024-05-29",
        "end_date": "2026-05-31",
        "date_range": "1130529~1150531",
        "status": "已核發許可證"
      }
    },
    {
      "type": "Feature",
      "geometry": {
        "type": "Point",
        "coordinates": [
          121.417104,
          24.9826623
        ]
      },
      "properties": {
        "source_city": "新北市",
        "source": "新北市政府道路挖掘資訊",
        "case_no": "1132483910",
        "project_name": "新北市樹林地區污水下水道系統第二期第十七標工程",
        "organizer": "新北市政府水利局污水下水道工程科",
        "district": "樹林區",
        "address": "樹林區東陽里村里東榮街118號",
        "start_date": "2024-06-03",
        "end_date": "2026-07-31",
        "date_range": "1130603~1150731",
        "status": "已核發許可證"
      }
    },
    {
      "type": "Feature",
      "geometry": {
        "type": "Point",
        "coordinates": [
          121.3373728,
          24.9571976
        ]
      },
      "properties": {
        "source_city": "新北市",
        "source": "新北市政府道路挖掘資訊",
        "case_no": "新北工養字第1134712809號",
        "project_name": "新北市三峽區、鶯歌區污水下水道系統第二期工程污水管線第十標",
        "organizer": "新北市政府水利局污水下水道工程科",
        "district": "鶯歌區",
        "address": "鶯歌區永吉里村里鶯桃路173號",
        "start_date": "2024-07-03",
        "end_date": "2027-04-01",
        "date_range": "1130703~1160401",
        "status": "已核發許可證"
      }
    },
    {
      "type": "Feature",
      "geometry": {
        "type": "Point",
        "coordinates": [
          121.419873,
          24.9822512
        ]
      },
      "properties": {
        "source_city": "新北市",
        "source": "新北市政府道路挖掘資訊",
        "case_no": "1132488573",
        "project_name": "新北市樹林地區污水下水道系統第二期第十七標工程",
        "organizer": "新北市政府水利局污水下水道工程科",
        "district": "樹林區",
        "address": "樹林區和平里村里八德街73號",
        "start_date": "2024-07-08",
        "end_date": "2026-07-31",
        "date_range": "1130708~1150731",
        "status": "已核發許可證"
      }
    },
    {
      "type": "Feature",
      "geometry": {
        "type": "Point",
        "coordinates": [
          121.4182213,
          24.9791662
        ]
      },
      "properties": {
        "source_city": "新北市",
        "source": "新北市政府道路挖掘資訊",
        "case_no": "1132488864",
        "project_name": "新北市樹林地區污水下水道系統第二期第十七標工程",
        "organizer": "新北市政府水利局污水下水道工程科",
        "district": "樹林區",
        "address": "樹林區中華里村里中華路341-7號",
        "start_date": "2024-07-10",
        "end_date": "2026-07-31",
        "date_range": "1130710~1150731",
        "status": "已核發許可證"
      }
    },
    {
      "type": "Feature",
      "geometry": {
        "type": "Point",
        "coordinates": [
          121.4389794,
          25.0852872
        ]
      },
      "properties": {
        "source_city": "新北市",
        "source": "新北市政府道路挖掘資訊",
        "case_no": "新北工養字第1134724452號",
        "project_name": "新北市五股地區污水下水道系統第二期第三標工程",
        "organizer": "新北市政府水利局污水下水道工程科",
        "district": "五股區",
        "address": "五股區五股里村里成泰路二段51號",
        "start_date": "2024-08-10",
        "end_date": "2026-06-23",
        "date_range": "1130810~1150623",
        "status": "已核發許可證"
      }
    },
    {
      "type": "Feature",
      "geometry": {
        "type": "Point",
        "coordinates": [
          121.3046216,
          25.1169699
        ]
      },
      "properties": {
        "source_city": "新北市",
        "source": "新北市政府道路挖掘資訊",
        "case_no": "新北林工字第1132799497號",
        "project_name": "161kV林口~東林雙分歧西濱管路暨附屬機電工程五工區",
        "organizer": "台灣電力公司輸變電工程處北區施工處",
        "district": "林口區",
        "address": "林口區下福里村里林口溪右側水防道一段",
        "start_date": "2024-11-20",
        "end_date": "2026-06-30",
        "date_range": "1131120~1150630",
        "status": "已核發許可證"
      }
    },
    {
      "type": "Feature",
      "geometry": {
        "type": "Point",
        "coordinates": [
          121.3352843,
          24.958294
        ]
      },
      "properties": {
        "source_city": "新北市",
        "source": "新北市政府道路挖掘資訊",
        "case_no": "1132532310",
        "project_name": "新北市三峽區、鶯歌區污水下水道系統第二期工程第十標",
        "organizer": "新北市政府水利局污水下水道工程科",
        "district": "鶯歌區",
        "address": "鶯歌區永吉里村里永吉街1號",
        "start_date": "2024-10-28",
        "end_date": "2026-10-31",
        "date_range": "1131028~1151031",
        "status": "已核發許可證"
      }
    },
    {
      "type": "Feature",
      "geometry": {
        "type": "Point",
        "coordinates": [
          121.4478748,
          24.9801602
        ]
      },
      "properties": {
        "source_city": "新北市",
        "source": "新北市政府道路挖掘資訊",
        "case_no": "328287",
        "project_name": "土城區暫緩發展區及附近地區市地重劃區公共污水下水道後續建設及障礙管段銜接工程",
        "organizer": "新北市政府水利局污水下水道工程科",
        "district": "土城區",
        "address": "土城區日和里村里學府路二段60號",
        "start_date": "2024-11-15",
        "end_date": "2026-06-30",
        "date_range": "1131115~1150630",
        "status": "已核發許可證"
      }
    },
    {
      "type": "Feature",
      "geometry": {
        "type": "Point",
        "coordinates": [
          121.4588908,
          24.9769434
        ]
      },
      "properties": {
        "source_city": "新北市",
        "source": "新北市政府道路挖掘資訊",
        "case_no": "328503",
        "project_name": "土城區暫緩發展區及附近地區市地重劃區公共污水下水道後續建設及障礙管段銜接工程",
        "organizer": "新北市政府水利局污水下水道工程科",
        "district": "土城區",
        "address": "土城區清和里村里青雲路401號",
        "start_date": "2024-11-15",
        "end_date": "2026-06-30",
        "date_range": "1131115~1150630",
        "status": "已核發許可證"
      }
    },
    {
      "type": "Feature",
      "geometry": {
        "type": "Point",
        "coordinates": [
          121.4536182,
          24.9814916
        ]
      },
      "properties": {
        "source_city": "新北市",
        "source": "新北市政府道路挖掘資訊",
        "case_no": "328530",
        "project_name": "土城區暫緩發展區及附近地區市地重劃區公共污水下水道後續建設及障礙管段銜接工程",
        "organizer": "新北市政府水利局污水下水道工程科",
        "district": "土城區",
        "address": "土城區學士里村里學士路33巷10號",
        "start_date": "2024-11-15",
        "end_date": "2026-06-30",
        "date_range": "1131115~1150630",
        "status": "已核發許可證"
      }
    },
    {
      "type": "Feature",
      "geometry": {
        "type": "Point",
        "coordinates": [
          121.3343796,
          24.9670312
        ]
      },
      "properties": {
        "source_city": "新北市",
        "source": "新北市政府道路挖掘資訊",
        "case_no": "1132535602",
        "project_name": "新北市三峽區、鶯歌區污水下水道系統第二期工程污水管線第十標",
        "organizer": "新北市政府水利局污水下水道工程科",
        "district": "鶯歌區",
        "address": "鶯歌區鳳鳴里村里鶯桃路411號",
        "start_date": "2024-12-09",
        "end_date": "2026-10-31",
        "date_range": "1131209~1151031",
        "status": "已核發許可證"
      }
    },
    {
      "type": "Feature",
      "geometry": {
        "type": "Point",
        "coordinates": [
          121.4242655,
          24.9837312
        ]
      },
      "properties": {
        "source_city": "新北市",
        "source": "新北市政府道路挖掘資訊",
        "case_no": "土八字第1136015361號",
        "project_name": "樹林區中華路1500mm電動蝶閥新設工程",
        "organizer": "台灣自來水公司第十二區管理處",
        "district": "樹林區",
        "address": "樹林區和平里村里中華路3號",
        "start_date": "2024-12-26",
        "end_date": "2026-05-12",
        "date_range": "1131226~1150512",
        "status": "已核發許可證"
      }
    },
    {
      "type": "Feature",
      "geometry": {
        "type": "Point",
        "coordinates": [
          121.4464953,
          24.9778533
        ]
      },
      "properties": {
        "source_city": "新北市",
        "source": "新北市政府道路挖掘資訊",
        "case_no": "1142425582",
        "project_name": "土城區暫緩發展區及附近地區市地重劃區公共污水下水道後續建設及障礙管段銜接工程",
        "organizer": "新北市政府水利局污水下水道工程科",
        "district": "土城區",
        "address": "土城區員林里村里學府路二段171號",
        "start_date": "2025-03-03",
        "end_date": "2026-06-30",
        "date_range": "1140303~1150630",
        "status": "已核發許可證"
      }
    },
    {
      "type": "Feature",
      "geometry": {
        "type": "Point",
        "coordinates": [
          121.4746623,
          25.0137636
        ]
      },
      "properties": {
        "source_city": "新北市",
        "source": "新北市政府道路挖掘資訊",
        "case_no": "1142019283",
        "project_name": "新北市板橋地區污水下水道系統第三期工程第三標(支(分)管及用戶接管)",
        "organizer": "新北市政府水利局污水下水道工程科",
        "district": "板橋區",
        "address": "板橋區民生里村里中山路二段40巷30號",
        "start_date": "2025-03-03",
        "end_date": "2026-07-09",
        "date_range": "1140303~1150709",
        "status": "已核發許可證"
      }
    },
    {
      "type": "Feature",
      "geometry": {
        "type": "Point",
        "coordinates": [
          121.4460234,
          25.0099457
        ]
      },
      "properties": {
        "source_city": "新北市",
        "source": "新北市政府道路挖掘資訊",
        "case_no": "1142020646",
        "project_name": "新北市板橋地區污水下水道系統第三期工程第一標(支(分)管及用戶接管)",
        "organizer": "新北市政府水利局污水下水道工程科",
        "district": "板橋區",
        "address": "板橋區華中里村里僑中一街124巷20號",
        "start_date": "2025-04-01",
        "end_date": "2026-06-30",
        "date_range": "1140401~1150630",
        "status": "已核發許可證"
      }
    },
    {
      "type": "Feature",
      "geometry": {
        "type": "Point",
        "coordinates": [
          121.4405351,
          24.9791563
        ]
      },
      "properties": {
        "source_city": "新北市",
        "source": "新北市政府道路挖掘資訊",
        "case_no": "1142428486",
        "project_name": "新北市板橋地區污水下道道系統第三期工程第一標(支(分)管及用戶接管)",
        "organizer": "新北市政府水利局污水下水道工程科",
        "district": "土城區",
        "address": "土城區員福里村里員福路52號",
        "start_date": "2025-04-01",
        "end_date": "2026-06-30",
        "date_range": "1140401~1150630",
        "status": "已核發許可證"
      }
    },
    {
      "type": "Feature",
      "geometry": {
        "type": "Point",
        "coordinates": [
          121.3324329,
          24.9602696
        ]
      },
      "properties": {
        "source_city": "新北市",
        "source": "新北市政府道路挖掘資訊",
        "case_no": "1142514955",
        "project_name": "新北市三峽區、鶯歌區污水下水道系統第二期工程污水管線第十標",
        "organizer": "新北市政府水利局污水下水道工程科",
        "district": "鶯歌區",
        "address": "鶯歌區永吉里村里鶯桃路301號",
        "start_date": "2025-03-17",
        "end_date": "2026-12-31",
        "date_range": "1140317~1151231",
        "status": "已核發許可證"
      }
    },
    {
      "type": "Feature",
      "geometry": {
        "type": "Point",
        "coordinates": [
          121.4538645,
          24.9789035
        ]
      },
      "properties": {
        "source_city": "新北市",
        "source": "新北市政府道路挖掘資訊",
        "case_no": "333131",
        "project_name": "土城區暫緩發展區及附近地區市地重劃區公共污水下水道後續建設及障礙管段銜接工程",
        "organizer": "新北市政府水利局污水下水道工程科",
        "district": "土城區",
        "address": "土城區柑林里村里金城路二段5號",
        "start_date": "2025-03-20",
        "end_date": "2026-06-30",
        "date_range": "1140320~1150630",
        "status": "已核發許可證"
      }
    },
    {
      "type": "Feature",
      "geometry": {
        "type": "Point",
        "coordinates": [
          121.439627,
          24.9794611
        ]
      },
      "properties": {
        "source_city": "新北市",
        "source": "新北市政府道路挖掘資訊",
        "case_no": "1144726000",
        "project_name": "新北市板橋地區污水下道道系統第三期工程第一標(支(分)管及用戶接管)",
        "organizer": "新北市政府水利局污水下水道工程科",
        "district": "土城區",
        "address": "土城區員福里村里中華路一段",
        "start_date": "2025-04-10",
        "end_date": "2026-06-04",
        "date_range": "1140410~1150604",
        "status": "已核發許可證"
      }
    },
    {
      "type": "Feature",
      "geometry": {
        "type": "Point",
        "coordinates": [
          121.3331424,
          24.9577545
        ]
      },
      "properties": {
        "source_city": "新北市",
        "source": "新北市政府道路挖掘資訊",
        "case_no": "1142516581",
        "project_name": "新北市三峽區、鶯歌區污水下水道系統第二期工程污水管線第十標",
        "organizer": "新北市政府水利局污水下水道工程科",
        "district": "鶯歌區",
        "address": "鶯歌區永吉里村里德昌二街13號",
        "start_date": "2025-04-01",
        "end_date": "2026-06-30",
        "date_range": "1140401~1150630",
        "status": "已核發許可證"
      }
    },
    {
      "type": "Feature",
      "geometry": {
        "type": "Point",
        "coordinates": [
          121.4194062,
          24.9773016
        ]
      },
      "properties": {
        "source_city": "新北市",
        "source": "新北市政府道路挖掘資訊",
        "case_no": "1142502431",
        "project_name": "新北市樹林地區污水下水道系統第二期第十七標工程",
        "organizer": "新北市政府水利局污水下水道工程科",
        "district": "樹林區",
        "address": "樹林區彭厝里村里太平路150巷41號",
        "start_date": "2025-05-21",
        "end_date": "2026-07-31",
        "date_range": "1140521~1150731",
        "status": "已核發許可證"
      }
    },
    {
      "type": "Feature",
      "geometry": {
        "type": "Point",
        "coordinates": [
          121.4321111,
          25.0528344
        ]
      },
      "properties": {
        "source_city": "新北市",
        "source": "新北市政府道路挖掘資訊",
        "case_no": "1142749182",
        "project_name": "0700006792(田宅工程-楊宅)瓦斯供氣管線埋設工程",
        "organizer": "欣泰石油氣股份有限公司",
        "district": "泰山區",
        "address": "泰山區義仁里村里仁義路220巷53號",
        "start_date": "2025-05-23",
        "end_date": "2026-05-05",
        "date_range": "1140523~1150505",
        "status": "已核發許可證"
      }
    },
    {
      "type": "Feature",
      "geometry": {
        "type": "Point",
        "coordinates": [
          121.4070649,
          24.9792312
        ]
      },
      "properties": {
        "source_city": "新北市",
        "source": "新北市政府道路挖掘資訊",
        "case_no": "1144745098",
        "project_name": "161kV樹林~南樹線等2案地下管路統包工程",
        "organizer": "台灣電力公司輸變電工程處北區施工處",
        "district": "樹林區",
        "address": "樹林區東昇里村里中山路二段",
        "start_date": "2025-07-07",
        "end_date": "2026-06-11",
        "date_range": "1140707~1150611",
        "status": "已核發許可證"
      }
    },
    {
      "type": "Feature",
      "geometry": {
        "type": "Point",
        "coordinates": [
          121.4131797,
          24.9849243
        ]
      },
      "properties": {
        "source_city": "新北市",
        "source": "新北市政府道路挖掘資訊",
        "case_no": "1142506698",
        "project_name": "161kV樹林~南樹線等2案地下管路統包工程",
        "organizer": "台灣電力公司輸變電工程處北區施工處",
        "district": "樹林區",
        "address": "樹林區樹人里村里啟智街",
        "start_date": "2025-06-27",
        "end_date": "2026-06-11",
        "date_range": "1140627~1150611",
        "status": "已核發許可證"
      }
    },
    {
      "type": "Feature",
      "geometry": {
        "type": "Point",
        "coordinates": [
          121.4123747,
          24.9806955
        ]
      },
      "properties": {
        "source_city": "新北市",
        "source": "新北市政府道路挖掘資訊",
        "case_no": "1142512006",
        "project_name": "161kV樹林~南樹線等2案地下管路統包工程",
        "organizer": "台灣電力公司輸變電工程處北區施工處",
        "district": "樹林區",
        "address": "樹林區東陽里村里東陽街15號",
        "start_date": "2025-09-01",
        "end_date": "2026-06-11",
        "date_range": "1140901~1150611",
        "status": "已核發許可證"
      }
    },
    {
      "type": "Feature",
      "geometry": {
        "type": "Point",
        "coordinates": [
          121.404251,
          24.9749625
        ]
      },
      "properties": {
        "source_city": "新北市",
        "source": "新北市政府道路挖掘資訊",
        "case_no": "1142506699",
        "project_name": "161kV樹林~南樹線等2案地下管路統包工程",
        "organizer": "台灣電力公司輸變電工程處北區施工處",
        "district": "樹林區",
        "address": "樹林區東山里村里味王街",
        "start_date": "2025-06-27",
        "end_date": "2026-06-11",
        "date_range": "1140627~1150611",
        "status": "已核發許可證"
      }
    },
    {
      "type": "Feature",
      "geometry": {
        "type": "Point",
        "coordinates": [
          121.4544398,
          24.9967349
        ]
      },
      "properties": {
        "source_city": "新北市",
        "source": "新北市政府道路挖掘資訊",
        "case_no": "1142060500",
        "project_name": "161kV板城~遠信線等3案地下管路統包工程-161kV板城~遠信線管路工程",
        "organizer": "台灣電力公司輸變電工程處北區施工處",
        "district": "板橋區",
        "address": "板橋區華東里村里高爾富路303號",
        "start_date": "2025-10-27",
        "end_date": "2026-05-24",
        "date_range": "1141027~1150524",
        "status": "已核發許可證"
      }
    },
    {
      "type": "Feature",
      "geometry": {
        "type": "Point",
        "coordinates": [
          121.4436232,
          24.9770813
        ]
      },
      "properties": {
        "source_city": "新北市",
        "source": "新北市政府道路挖掘資訊",
        "case_no": "1142441471",
        "project_name": "土城區員林街等汰換管線工程",
        "organizer": "台灣自來水公司第十二區管理處土城服務所",
        "district": "土城區",
        "address": "土城區員林里村里員林街",
        "start_date": "2025-07-21",
        "end_date": "2026-07-31",
        "date_range": "1140721~1150731",
        "status": "已核發許可證"
      }
    },
    {
      "type": "Feature",
      "geometry": {
        "type": "Point",
        "coordinates": [
          121.5038208,
          24.9911769
        ]
      },
      "properties": {
        "source_city": "新北市",
        "source": "新北市政府道路挖掘資訊",
        "case_no": "1142301135",
        "project_name": "新北市中和地區污水下水道系統第三期工程第一標分支管線及用戶接管工程",
        "organizer": "新北市政府水利局污水下水道工程科",
        "district": "中和區",
        "address": "中和區景新里村里興南路一段80號",
        "start_date": "2025-09-30",
        "end_date": "2028-05-11",
        "date_range": "1140930~1170511",
        "status": "已核發許可證"
      }
    },
    {
      "type": "Feature",
      "geometry": {
        "type": "Point",
        "coordinates": [
          121.5128064,
          25.016627
        ]
      },
      "properties": {
        "source_city": "新北市",
        "source": "新北市政府道路挖掘資訊",
        "case_no": "新北永工字第1142200309號",
        "project_name": "新北市永和地區污水下水道系統第二期第五-2標暨第六-1標後續工程",
        "organizer": "新北市政府水利局污水下水道工程科",
        "district": "永和區",
        "address": "永和區河堤里村里文化路90巷",
        "start_date": "2025-09-01",
        "end_date": "2026-07-31",
        "date_range": "1140901~1150731",
        "status": "已核發許可證"
      }
    },
    {
      "type": "Feature",
      "geometry": {
        "type": "Point",
        "coordinates": [
          121.4217805,
          24.9938844
        ]
      },
      "properties": {
        "source_city": "新北市",
        "source": "新北市政府道路挖掘資訊",
        "case_no": "1142512997",
        "project_name": "新北市樹林地區污水下水道系統第二期第十七標工程",
        "organizer": "新北市政府水利局污水下水道工程科",
        "district": "樹林區",
        "address": "樹林區樹德里村里長壽街19巷14號",
        "start_date": "2025-09-01",
        "end_date": "2026-05-31",
        "date_range": "1140901~1150531",
        "status": "已核發許可證"
      }
    },
    {
      "type": "Feature",
      "geometry": {
        "type": "Point",
        "coordinates": [
          121.435042,
          25.0688304
        ]
      },
      "properties": {
        "source_city": "新北市",
        "source": "新北市政府道路挖掘資訊",
        "case_no": "新北工養字第1144770285號",
        "project_name": "五股區成泰路一段800mm汰換管線工程",
        "organizer": "台灣自來水公司第十二區管理處板新給水廠",
        "district": "五股區",
        "address": "五股區德泰里村里成泰路一段",
        "start_date": "2025-11-01",
        "end_date": "2026-06-01",
        "date_range": "1141101~1150601",
        "status": "已核發許可證"
      }
    },
    {
      "type": "Feature",
      "geometry": {
        "type": "Point",
        "coordinates": [
          121.5997814,
          25.0050571
        ]
      },
      "properties": {
        "source_city": "新北市",
        "source": "新北市政府道路挖掘資訊",
        "case_no": "1142831891",
        "project_name": "新北市深坑區北深路三段189巷、192巷206巷、243巷、286巷汰換管線工程",
        "organizer": "台灣自來水股份有限公司第一區管理處文山營運所",
        "district": "深坑區",
        "address": "深坑區萬福里村里北深路三段189巷1弄1號",
        "start_date": "2025-10-14",
        "end_date": "2026-06-30",
        "date_range": "1141014~1150630",
        "status": "已核發許可證"
      }
    },
    {
      "type": "Feature",
      "geometry": {
        "type": "Point",
        "coordinates": [
          121.4706669,
          24.9899824
        ]
      },
      "properties": {
        "source_city": "新北市",
        "source": "新北市政府道路挖掘資訊",
        "case_no": "新北土工字第1142450924號",
        "project_name": "臺北都會區大眾捷運系統萬大-中和-樹林線(第二期工程)CQ880A區段標工程",
        "organizer": "新北市政府捷運工程局",
        "district": "土城區",
        "address": "土城區延祿里村里延壽路13巷1號",
        "start_date": "2025-09-11",
        "end_date": "2026-06-30",
        "date_range": "1140911~1150630",
        "status": "已核發許可證"
      }
    },
    {
      "type": "Feature",
      "geometry": {
        "type": "Point",
        "coordinates": [
          121.5383876,
          25.2909367
        ]
      },
      "properties": {
        "source_city": "新北市",
        "source": "新北市政府道路挖掘資訊",
        "case_no": "1142911830",
        "project_name": "新北市石門區楓林路汰換管線工程",
        "organizer": "台灣自來水股份有限公司第一區管理處淡水營運所",
        "district": "石門區",
        "address": "石門區富基里村里楓林路23-10號",
        "start_date": "2025-10-13",
        "end_date": "2026-05-06",
        "date_range": "1141013~1150506",
        "status": "已核發許可證"
      }
    },
    {
      "type": "Feature",
      "geometry": {
        "type": "Point",
        "coordinates": [
          121.3363441,
          24.9593867
        ]
      },
      "properties": {
        "source_city": "新北市",
        "source": "新北市政府道路挖掘資訊",
        "case_no": "新北捷四所字第1142011037號",
        "project_name": "新北市三峽區、鶯歌區污水下水道系統第二期工程污水管線第十標",
        "organizer": "新北市政府水利局污水下水道工程科",
        "district": "鶯歌區",
        "address": "鶯歌區永吉里村里鶯桃路117號",
        "start_date": "2025-10-07",
        "end_date": "2026-06-30",
        "date_range": "1141007~1150630",
        "status": "已核發許可證"
      }
    },
    {
      "type": "Feature",
      "geometry": {
        "type": "Point",
        "coordinates": [
          121.5143749,
          25.0167007
        ]
      },
      "properties": {
        "source_city": "新北市",
        "source": "新北市政府道路挖掘資訊",
        "case_no": "新北永工字第1142204305號",
        "project_name": "新北市永和地區污水下水道系統第二期第五-2標暨第六-1標後續工程",
        "organizer": "新北市政府水利局污水下水道工程科",
        "district": "永和區",
        "address": "永和區文化里村里文化路90巷32弄",
        "start_date": "2025-09-25",
        "end_date": "2026-07-31",
        "date_range": "1140925~1150731",
        "status": "已核發許可證"
      }
    },
    {
      "type": "Feature",
      "geometry": {
        "type": "Point",
        "coordinates": [
          121.5203921,
          25.0082757
        ]
      },
      "properties": {
        "source_city": "新北市",
        "source": "新北市政府道路挖掘資訊",
        "case_no": "1142204461",
        "project_name": "新北市永和地區污水下水道系統第二期第五-2標暨第六-1標後續工程",
        "organizer": "新北市政府水利局污水下水道工程科",
        "district": "永和區",
        "address": "永和區光明里村里國光路49巷",
        "start_date": "2025-09-25",
        "end_date": "2026-05-31",
        "date_range": "1140925~1150531",
        "status": "已核發許可證"
      }
    },
    {
      "type": "Feature",
      "geometry": {
        "type": "Point",
        "coordinates": [
          121.5194444,
          25.0122147
        ]
      },
      "properties": {
        "source_city": "新北市",
        "source": "新北市政府道路挖掘資訊",
        "case_no": "1142204306",
        "project_name": "新北市永和地區污水下水道系統第二期第五-2標暨第六-1標後續工程",
        "organizer": "新北市政府水利局污水下水道工程科",
        "district": "永和區",
        "address": "永和區永興里村里中興街135號",
        "start_date": "2025-09-25",
        "end_date": "2026-05-31",
        "date_range": "1140925~1150531",
        "status": "已核發許可證"
      }
    },
    {
      "type": "Feature",
      "geometry": {
        "type": "Point",
        "coordinates": [
          121.4408731,
          24.9661873
        ]
      },
      "properties": {
        "source_city": "新北市",
        "source": "新北市政府道路挖掘資訊",
        "case_no": "341048",
        "project_name": "土城區千歲路及忠義路等汰換管線工程",
        "organizer": "台灣自來水公司第十二區管理處土城服務所",
        "district": "土城區",
        "address": "土城區埤塘里村里千歲路15號",
        "start_date": "2025-10-13",
        "end_date": "2026-06-19",
        "date_range": "1141013~1150619",
        "status": "已核發許可證"
      }
    },
    {
      "type": "Feature",
      "geometry": {
        "type": "Point",
        "coordinates": [
          121.340299,
          24.9479928
        ]
      },
      "properties": {
        "source_city": "新北市",
        "source": "新北市政府道路挖掘資訊",
        "case_no": "新北工養字第1144766583號",
        "project_name": "鶯歌區八德路1200mm汰換管線工程",
        "organizer": "台灣自來水公司第十二區管理處",
        "district": "鶯歌區",
        "address": "鶯歌區尖山里村里八德路2巷",
        "start_date": "2025-10-27",
        "end_date": "2026-08-30",
        "date_range": "1141027~1150830",
        "status": "已核發許可證"
      }
    },
    {
      "type": "Feature",
      "geometry": {
        "type": "Point",
        "coordinates": [
          121.4849821,
          25.0570324
        ]
      },
      "properties": {
        "source_city": "新北市",
        "source": "新北市政府道路挖掘資訊",
        "case_no": "114西區11-23",
        "project_name": "(三重區捷運19巷)瓦斯管線埋設工程(工本114-003)",
        "organizer": "新海瓦斯股份有限公司",
        "district": "三重區",
        "address": "三重區重明里村里捷運路19巷11號",
        "start_date": "2025-12-20",
        "end_date": "2026-05-15",
        "date_range": "1141220~1150515",
        "status": "已核發許可證"
      }
    },
    {
      "type": "Feature",
      "geometry": {
        "type": "Point",
        "coordinates": [
          121.5516997,
          24.9513134
        ]
      },
      "properties": {
        "source_city": "新北市",
        "source": "新北市政府道路挖掘資訊",
        "case_no": "1142426695",
        "project_name": "新北市新店地區污水下水道系統(第二期)新建工程第七標分支管網及用戶接管",
        "organizer": "新北市政府水利局污水下水道工程科",
        "district": "新店區",
        "address": "新店區青潭里村里竹林路2巷",
        "start_date": "2025-11-03",
        "end_date": "2026-05-31",
        "date_range": "1141103~1150531",
        "status": "已核發許可證"
      }
    },
    {
      "type": "Feature",
      "geometry": {
        "type": "Point",
        "coordinates": [
          121.4717493,
          25.0047063
        ]
      },
      "properties": {
        "source_city": "新北市",
        "source": "新北市政府道路挖掘資訊",
        "case_no": "1142305468",
        "project_name": "中和區德光路1100mm汰換管線工程",
        "organizer": "台灣自來水公司第十二區管理處板新給水廠",
        "district": "中和區",
        "address": "中和區德穗里村里德光路",
        "start_date": "2025-12-05",
        "end_date": "2026-06-02",
        "date_range": "1141205~1150602",
        "status": "已核發許可證"
      }
    },
    {
      "type": "Feature",
      "geometry": {
        "type": "Point",
        "coordinates": [
          121.4122396,
          25.1619771
        ]
      },
      "properties": {
        "source_city": "新北市",
        "source": "新北市政府道路挖掘資訊",
        "case_no": "1142832804",
        "project_name": "113-114年度新北市揚水站改善工程",
        "organizer": "新北市政府水利局污水設施科",
        "district": "八里區",
        "address": "八里區頂罟里村里博物館路90號",
        "start_date": "2025-10-22",
        "end_date": "2026-05-07",
        "date_range": "1141022~1150507",
        "status": "已核發許可證"
      }
    },
    {
      "type": "Feature",
      "geometry": {
        "type": "Point",
        "coordinates": [
          121.5399324,
          24.9661411
        ]
      },
      "properties": {
        "source_city": "新北市",
        "source": "新北市政府道路挖掘資訊",
        "case_no": "1142430139",
        "project_name": "114南區C管網改善工程",
        "organizer": "臺北自來水事業處南區營業分處",
        "district": "新店區",
        "address": "新店區新德里村里新生街",
        "start_date": "2025-11-19",
        "end_date": "2026-05-31",
        "date_range": "1141119~1150531",
        "status": "已核發許可證"
      }
    },
    {
      "type": "Feature",
      "geometry": {
        "type": "Point",
        "coordinates": [
          121.5376331,
          25.2911339
        ]
      },
      "properties": {
        "source_city": "新北市",
        "source": "新北市政府道路挖掘資訊",
        "case_no": "1142913319",
        "project_name": "新北市石門區楓林路汰換管線工程",
        "organizer": "台灣自來水股份有限公司第一區管理處淡水營運所",
        "district": "石門區",
        "address": "石門區富基里村里楓林路23-10號",
        "start_date": "2025-11-04",
        "end_date": "2026-05-06",
        "date_range": "1141104~1150506",
        "status": "已核發許可證"
      }
    },
    {
      "type": "Feature",
      "geometry": {
        "type": "Point",
        "coordinates": [
          121.4800574,
          25.0307219
        ]
      },
      "properties": {
        "source_city": "新北市",
        "source": "新北市政府道路挖掘資訊",
        "case_no": "1142065910",
        "project_name": "板橋區懷德街139巷及重慶路93巷等汰換管線工程",
        "organizer": "台灣自來水公司第十二區管理處板橋服務所",
        "district": "板橋區",
        "address": "板橋區懷翠里村里懷德街127巷23弄",
        "start_date": "2025-11-10",
        "end_date": "2026-05-09",
        "date_range": "1141110~1150509",
        "status": "已核發許可證"
      }
    },
    {
      "type": "Feature",
      "geometry": {
        "type": "Point",
        "coordinates": [
          121.5396647,
          24.9673421
        ]
      },
      "properties": {
        "source_city": "新北市",
        "source": "新北市政府道路挖掘資訊",
        "case_no": "1142430140",
        "project_name": "114南區C管網改善工程",
        "organizer": "臺北自來水事業處南區營業分處",
        "district": "新店區",
        "address": "新店區新德里村里中華路47巷",
        "start_date": "2025-11-19",
        "end_date": "2026-05-31",
        "date_range": "1141119~1150531",
        "status": "已核發許可證"
      }
    },
    {
      "type": "Feature",
      "geometry": {
        "type": "Point",
        "coordinates": [
          121.5395133,
          24.9655224
        ]
      },
      "properties": {
        "source_city": "新北市",
        "source": "新北市政府道路挖掘資訊",
        "case_no": "1142431120",
        "project_name": "114南區C管網改善工程",
        "organizer": "臺北自來水事業處南區營業分處",
        "district": "新店區",
        "address": "新店區新德里村里新生街",
        "start_date": "2025-12-01",
        "end_date": "2026-05-31",
        "date_range": "1141201~1150531",
        "status": "已核發許可證"
      }
    },
    {
      "type": "Feature",
      "geometry": {
        "type": "Point",
        "coordinates": [
          121.4174362,
          24.9850732
        ]
      },
      "properties": {
        "source_city": "新北市",
        "source": "新北市政府道路挖掘資訊",
        "case_no": "1142290431",
        "project_name": "B14B5217B(6250014)新北市政府捷運工程局-2",
        "organizer": "台灣電力股份有限公司台北西區營業處",
        "district": "樹林區",
        "address": "樹林區東昇里村里中山路二段",
        "start_date": "2025-12-01",
        "end_date": "2026-05-09",
        "date_range": "1141201~1150509",
        "status": "已核發許可證"
      }
    },
    {
      "type": "Feature",
      "geometry": {
        "type": "Point",
        "coordinates": [
          121.4741257,
          25.079764
        ]
      },
      "properties": {
        "source_city": "新北市",
        "source": "新北市政府道路挖掘資訊",
        "case_no": "新北蘆工字第1142480536號",
        "project_name": "蘆洲區民生街、中山一路、鷺江街及信義路巷弄等汰換管線工程",
        "organizer": "台灣自來水公司第十二區管理處蘆洲服務所",
        "district": "蘆洲區",
        "address": "蘆洲區樹德里村里中山一路197巷8弄",
        "start_date": "2025-12-15",
        "end_date": "2026-05-28",
        "date_range": "1141215~1150528",
        "status": "已核發許可證"
      }
    },
    {
      "type": "Feature",
      "geometry": {
        "type": "Point",
        "coordinates": [
          121.4400274,
          24.9718537
        ]
      },
      "properties": {
        "source_city": "新北市",
        "source": "新北市政府道路挖掘資訊",
        "case_no": "1142457203",
        "project_name": "54133-4-新北市土城區公所-人行道淨寬不足改善工程",
        "organizer": "台灣電力股份有限公司台北南區營業處",
        "district": "土城區",
        "address": "土城區員信里村里中央路二段270巷",
        "start_date": "2025-12-22",
        "end_date": "2026-05-07",
        "date_range": "1141222~1150507",
        "status": "已核發許可證"
      }
    },
    {
      "type": "Feature",
      "geometry": {
        "type": "Point",
        "coordinates": [
          121.5490059,
          24.9544895
        ]
      },
      "properties": {
        "source_city": "新北市",
        "source": "新北市政府道路挖掘資訊",
        "case_no": "1142433514",
        "project_name": "新北市新店地區污水下水道系統(第二期)新建工程第七標分支管網及用戶接管",
        "organizer": "新北市政府水利局污水下水道工程科",
        "district": "新店區",
        "address": "新店區美潭里村里長春路",
        "start_date": "2025-12-08",
        "end_date": "2026-05-30",
        "date_range": "1141208~1150530",
        "status": "已核發許可證"
      }
    },
    {
      "type": "Feature",
      "geometry": {
        "type": "Point",
        "coordinates": [
          121.3083033,
          25.1113043
        ]
      },
      "properties": {
        "source_city": "新北市",
        "source": "新北市政府道路挖掘資訊",
        "case_no": "新北林工字第1142822740號",
        "project_name": "林口東林雙分歧西濱管路暨附屬機電工程",
        "organizer": "台灣電力公司輸變電工程處北區施工處",
        "district": "林口區",
        "address": "林口區下福里村里水防道路",
        "start_date": "2025-12-20",
        "end_date": "2026-12-31",
        "date_range": "1141220~1151231",
        "status": "已核發許可證"
      }
    },
    {
      "type": "Feature",
      "geometry": {
        "type": "Point",
        "coordinates": [
          121.491461,
          25.0053769
        ]
      },
      "properties": {
        "source_city": "新北市",
        "source": "新北市政府道路挖掘資訊",
        "case_no": "1142311068",
        "project_name": "28628-新北市政府養護工程處-人行道拓寬改善工程",
        "organizer": "台灣電力股份有限公司台北南區營業處",
        "district": "中和區",
        "address": "中和區中原里村里橋和路",
        "start_date": "2025-12-10",
        "end_date": "2026-05-12",
        "date_range": "1141210~1150512",
        "status": "已核發許可證"
      }
    },
    {
      "type": "Feature",
      "geometry": {
        "type": "Point",
        "coordinates": [
          121.4726189,
          24.9876922
        ]
      },
      "properties": {
        "source_city": "新北市",
        "source": "新北市政府道路挖掘資訊",
        "case_no": "343264",
        "project_name": "土城服務所113-114年度管線設備維修工程",
        "organizer": "台灣自來水公司第十二區管理處土城服務所",
        "district": "土城區",
        "address": "土城區延吉里村里延吉街47巷6號",
        "start_date": "2025-12-02",
        "end_date": "2026-12-05",
        "date_range": "1141202~1151205",
        "status": "已核發許可證"
      }
    },
    {
      "type": "Feature",
      "geometry": {
        "type": "Point",
        "coordinates": [
          121.6871358,
          25.1953089
        ]
      },
      "properties": {
        "source_city": "新北市",
        "source": "新北市政府道路挖掘資訊",
        "case_no": "新北萬工字第1142957920號",
        "project_name": "(7250201)4D0099B-設計課申請用電",
        "organizer": "台灣電力股份有限公司基隆區營業處",
        "district": "萬里區",
        "address": "萬里區龜吼里村里漁澳路41號",
        "start_date": "2025-12-22",
        "end_date": "2026-05-08",
        "date_range": "1141222~1150508",
        "status": "已核發許可證"
      }
    },
    {
      "type": "Feature",
      "geometry": {
        "type": "Point",
        "coordinates": [
          121.4645861,
          25.0659404
        ]
      },
      "properties": {
        "source_city": "新北市",
        "source": "新北市政府道路挖掘資訊",
        "case_no": "1142374375",
        "project_name": "B14D5449B登山營造股份有限公司",
        "organizer": "台灣電力股份有限公司台北西區營業處",
        "district": "新莊區",
        "address": "新莊區福基里村里化成路565號",
        "start_date": "2025-12-23",
        "end_date": "2026-05-07",
        "date_range": "1141223~1150507",
        "status": "已核發許可證"
      }
    },
    {
      "type": "Feature",
      "geometry": {
        "type": "Point",
        "coordinates": [
          121.5439427,
          24.9697855
        ]
      },
      "properties": {
        "source_city": "新北市",
        "source": "新北市政府道路挖掘資訊",
        "case_no": "1142436790",
        "project_name": "新北市新店地區污水下水道系統(第二期)新建工程第七標分支管網及用戶接管",
        "organizer": "新北市政府水利局污水下水道工程科",
        "district": "新店區",
        "address": "新店區五峯里村里中正路65巷1號",
        "start_date": "2025-12-19",
        "end_date": "2026-05-31",
        "date_range": "1141219~1150531",
        "status": "已核發許可證"
      }
    },
    {
      "type": "Feature",
      "geometry": {
        "type": "Point",
        "coordinates": [
          121.4185672,
          24.9808747
        ]
      },
      "properties": {
        "source_city": "新北市",
        "source": "新北市政府道路挖掘資訊",
        "case_no": "1142532743",
        "project_name": "B14B5239B(B250729)台電北西區處-2",
        "organizer": "台灣電力股份有限公司台北西區營業處",
        "district": "樹林區",
        "address": "樹林區大同里村里中華路94號",
        "start_date": "2025-12-30",
        "end_date": "2026-05-23",
        "date_range": "1141230~1150523",
        "status": "已核發許可證"
      }
    },
    {
      "type": "Feature",
      "geometry": {
        "type": "Point",
        "coordinates": [
          121.4403091,
          25.0541114
        ]
      },
      "properties": {
        "source_city": "新北市",
        "source": "新北市政府道路挖掘資訊",
        "case_no": "新北工養字第1144781962號",
        "project_name": "B14D5463B新泰塭仔圳1-2區計畫道路與新北大道銜接孔蓋提升",
        "organizer": "台灣電力股份有限公司台北西區營業處",
        "district": "新莊區",
        "address": "新莊區中原里村里新北大道四段",
        "start_date": "2026-01-12",
        "end_date": "2026-05-06",
        "date_range": "1150112~1150506",
        "status": "已核發許可證"
      }
    },
    {
      "type": "Feature",
      "geometry": {
        "type": "Point",
        "coordinates": [
          121.4743485,
          25.0790908
        ]
      },
      "properties": {
        "source_city": "新北市",
        "source": "新北市政府道路挖掘資訊",
        "case_no": "新北蘆工字第1153380360號",
        "project_name": "蘆洲區民生街、中山一路、鷺江街及信義路巷弄等汰換管線工程",
        "organizer": "台灣自來水公司第十二區管理處蘆洲服務所",
        "district": "蘆洲區",
        "address": "蘆洲區得仁里村里中山一路218巷2號",
        "start_date": "2026-03-20",
        "end_date": "2026-05-14",
        "date_range": "1150320~1150514",
        "status": "已核發許可證"
      }
    },
    {
      "type": "Feature",
      "geometry": {
        "type": "Point",
        "coordinates": [
          121.4424031,
          25.0848393
        ]
      },
      "properties": {
        "source_city": "新北市",
        "source": "新北市政府道路挖掘資訊",
        "case_no": "新北工養字第1154640202號",
        "project_name": "B14A5222B1美富建設股份有限公司申請用電",
        "organizer": "台灣電力股份有限公司台北西區營業處",
        "district": "五股區",
        "address": "五股區成泰里村里新五路二段",
        "start_date": "2026-03-16",
        "end_date": "2026-05-10",
        "date_range": "1150316~1150510",
        "status": "已核發許可證"
      }
    },
    {
      "type": "Feature",
      "geometry": {
        "type": "Point",
        "coordinates": [
          121.5383495,
          24.954294
        ]
      },
      "properties": {
        "source_city": "新北市",
        "source": "新北市政府道路挖掘資訊",
        "case_no": "1142439602",
        "project_name": "新北市新店地區污水下水道系統(第二期)新建工程第七標分支管網及用戶接管",
        "organizer": "新北市政府水利局污水下水道工程科",
        "district": "新店區",
        "address": "新店區國校里村里國校路45號",
        "start_date": "2026-01-01",
        "end_date": "2026-05-31",
        "date_range": "1150101~1150531",
        "status": "已核發許可證"
      }
    },
    {
      "type": "Feature",
      "geometry": {
        "type": "Point",
        "coordinates": [
          121.3787139,
          24.9307752
        ]
      },
      "properties": {
        "source_city": "新北市",
        "source": "新北市政府道路挖掘資訊",
        "case_no": "新北峽工字第1153490094號",
        "project_name": "用戶用水設備新裝工程(三峽區介壽路一段207-1號(長泰街內))",
        "organizer": "台灣自來水公司第十二區管理處鶯歌服務所",
        "district": "三峽區",
        "address": "三峽區礁溪里村里介壽路一段207-1號",
        "start_date": "2026-03-04",
        "end_date": "2026-05-10",
        "date_range": "1150304~1150510",
        "status": "已核發許可證"
      }
    },
    {
      "type": "Feature",
      "geometry": {
        "type": "Point",
        "coordinates": [
          121.489614,
          25.0583208
        ]
      },
      "properties": {
        "source_city": "新北市",
        "source": "新北市政府道路挖掘資訊",
        "case_no": "115南區2-3",
        "project_name": "B14A5239B新北市政府養護工程處申請用電",
        "organizer": "台灣電力股份有限公司台北西區營業處",
        "district": "三重區",
        "address": "三重區光明里村里重安街",
        "start_date": "2026-03-04",
        "end_date": "2026-05-13",
        "date_range": "1150304~1150513",
        "status": "已核發許可證"
      }
    },
    {
      "type": "Feature",
      "geometry": {
        "type": "Point",
        "coordinates": [
          121.5360686,
          25.2908926
        ]
      },
      "properties": {
        "source_city": "新北市",
        "source": "新北市政府道路挖掘資訊",
        "case_no": "1153850188",
        "project_name": "新北市石門區楓林路汰換管線工程",
        "organizer": "台灣自來水股份有限公司第一區管理處淡水營運所",
        "district": "石門區",
        "address": "石門區富基里村里楓林路18號",
        "start_date": "2026-01-05",
        "end_date": "2026-05-06",
        "date_range": "1150105~1150506",
        "status": "已核發許可證"
      }
    },
    {
      "type": "Feature",
      "geometry": {
        "type": "Point",
        "coordinates": [
          121.5355763,
          25.2908768
        ]
      },
      "properties": {
        "source_city": "新北市",
        "source": "新北市政府道路挖掘資訊",
        "case_no": "1153850189",
        "project_name": "新北市石門區楓林路汰換管線工程",
        "organizer": "台灣自來水股份有限公司第一區管理處淡水營運所",
        "district": "石門區",
        "address": "石門區富基里村里崁子路19-2號",
        "start_date": "2026-01-12",
        "end_date": "2026-05-06",
        "date_range": "1150112~1150506",
        "status": "已核發許可證"
      }
    },
    {
      "type": "Feature",
      "geometry": {
        "type": "Point",
        "coordinates": [
          121.3662721,
          25.0764099
        ]
      },
      "properties": {
        "source_city": "新北市",
        "source": "新北市政府道路挖掘資訊",
        "case_no": "新北林工字第1153729123號",
        "project_name": "B14C5245B聿翔建設(股)公司管路埋設",
        "organizer": "台灣電力股份有限公司台北西區營業處",
        "district": "林口區",
        "address": "林口區南勢里村里文化北路一段458巷29號",
        "start_date": "2026-04-24",
        "end_date": "2026-05-09",
        "date_range": "1150424~1150509",
        "status": "已核發許可證"
      }
    },
    {
      "type": "Feature",
      "geometry": {
        "type": "Point",
        "coordinates": [
          121.5213706,
          24.9936722
        ]
      },
      "properties": {
        "source_city": "新北市",
        "source": "新北市政府道路挖掘資訊",
        "case_no": "1153171024",
        "project_name": "新北市中和地區污水下水道系統第三期工程第一標(支(分)管及用戶接管)",
        "organizer": "新北市政府水利局污水下水道工程科",
        "district": "中和區",
        "address": "中和區秀山里村里自強路15巷2號",
        "start_date": "2026-03-04",
        "end_date": "2026-05-29",
        "date_range": "1150304~1150529",
        "status": "已核發許可證"
      }
    },
    {
      "type": "Feature",
      "geometry": {
        "type": "Point",
        "coordinates": [
          121.3820753,
          25.0757504
        ]
      },
      "properties": {
        "source_city": "新北市",
        "source": "新北市政府道路挖掘資訊",
        "case_no": "新北林工字第1153722906號",
        "project_name": "B14C5507B合軒建設(股)公司管路埋設",
        "organizer": "台灣電力股份有限公司台北西區營業處",
        "district": "林口區",
        "address": "林口區西林里村里佳林路200號",
        "start_date": "2026-04-11",
        "end_date": "2026-05-09",
        "date_range": "1150411~1150509",
        "status": "已核發許可證"
      }
    },
    {
      "type": "Feature",
      "geometry": {
        "type": "Point",
        "coordinates": [
          121.4188958,
          25.032215
        ]
      },
      "properties": {
        "source_city": "新北市",
        "source": "新北市政府道路挖掘資訊",
        "case_no": "新北工養字第1154641590號",
        "project_name": "貴子坑溪河川環境營造計畫(第二標)-十八份坑溪HDPE引水管埋設",
        "organizer": "新北市政府水利局河川工程科",
        "district": "泰山區",
        "address": "泰山區貴和里村里新北大道六段458號",
        "start_date": "2026-03-14",
        "end_date": "2026-06-30",
        "date_range": "1150314~1150630",
        "status": "已核發許可證"
      }
    },
    {
      "type": "Feature",
      "geometry": {
        "type": "Point",
        "coordinates": [
          121.423993,
          25.0384118
        ]
      },
      "properties": {
        "source_city": "新北市",
        "source": "新北市政府道路挖掘資訊",
        "case_no": "新北工養字第1154641629號",
        "project_name": "貴子坑溪河川環境營造計畫(第二標)-十八份坑溪HDPE引水管埋設",
        "organizer": "新北市政府水利局河川工程科",
        "district": "泰山區",
        "address": "泰山區貴和里村里明志路三段203號",
        "start_date": "2026-04-01",
        "end_date": "2026-06-30",
        "date_range": "1150401~1150630",
        "status": "已核發許可證"
      }
    },
    {
      "type": "Feature",
      "geometry": {
        "type": "Point",
        "coordinates": [
          121.4245414,
          25.0382259
        ]
      },
      "properties": {
        "source_city": "新北市",
        "source": "新北市政府道路挖掘資訊",
        "case_no": "1153683965",
        "project_name": "貴子坑溪河川環境營造計畫(第二標)-十八份坑溪HDPE引水管埋設",
        "organizer": "新北市政府水利局河川工程科",
        "district": "泰山區",
        "address": "泰山區貴和里村里明志路三段",
        "start_date": "2026-03-16",
        "end_date": "2026-06-30",
        "date_range": "1150316~1150630",
        "status": "已核發許可證"
      }
    },
    {
      "type": "Feature",
      "geometry": {
        "type": "Point",
        "coordinates": [
          121.3638113,
          24.9251819
        ]
      },
      "properties": {
        "source_city": "新北市",
        "source": "新北市政府道路挖掘資訊",
        "case_no": "新北峽工字第1153495538號",
        "project_name": "B14B5272B良將建設股份有限公司申請用電",
        "organizer": "台灣電力股份有限公司台北西區營業處",
        "district": "三峽區",
        "address": "三峽區弘道里村里大同路297號",
        "start_date": "2026-03-18",
        "end_date": "2026-05-06",
        "date_range": "1150318~1150506",
        "status": "已核發許可證"
      }
    },
    {
      "type": "Feature",
      "geometry": {
        "type": "Point",
        "coordinates": [
          121.4342402,
          25.0309134
        ]
      },
      "properties": {
        "source_city": "新北市",
        "source": "新北市政府道路挖掘資訊",
        "case_no": "新北莊工字第1153235033號",
        "project_name": "B14D5498B新莊區公所電桿地下化工程",
        "organizer": "台灣電力股份有限公司台北西區營業處",
        "district": "新莊區",
        "address": "新莊區福營里村里建國一路31巷",
        "start_date": "2026-03-12",
        "end_date": "2026-05-08",
        "date_range": "1150312~1150508",
        "status": "已核發許可證"
      }
    },
    {
      "type": "Feature",
      "geometry": {
        "type": "Point",
        "coordinates": [
          121.339762,
          24.9574527
        ]
      },
      "properties": {
        "source_city": "新北市",
        "source": "新北市政府道路挖掘資訊",
        "case_no": "1153453137",
        "project_name": "用戶用水設備新裝工程(鶯歌區鶯桃路182巷96巷16號)",
        "organizer": "台灣自來水公司第十二區管理處鶯歌服務所",
        "district": "鶯歌區",
        "address": "鶯歌區永昌里村里鶯桃路182巷96弄16號",
        "start_date": "2026-03-09",
        "end_date": "2026-05-15",
        "date_range": "1150309~1150515",
        "status": "已核發許可證"
      }
    },
    {
      "type": "Feature",
      "geometry": {
        "type": "Point",
        "coordinates": [
          121.3850474,
          24.9399899
        ]
      },
      "properties": {
        "source_city": "新北市",
        "source": "新北市政府道路挖掘資訊",
        "case_no": "新北捷四所字第1150200975號",
        "project_name": "B14B5274B新北市政府交通局申請用電",
        "organizer": "台灣電力股份有限公司台北西區營業處",
        "district": "三峽區",
        "address": "三峽區龍埔里村里龍埔路",
        "start_date": "2026-01-25",
        "end_date": "2026-05-09",
        "date_range": "1150125~1150509",
        "status": "已核發許可證"
      }
    },
    {
      "type": "Feature",
      "geometry": {
        "type": "Point",
        "coordinates": [
          121.3672337,
          24.93889
        ]
      },
      "properties": {
        "source_city": "新北市",
        "source": "新北市政府道路挖掘資訊",
        "case_no": "新北捷四所字第1150200338號",
        "project_name": "B14B5277B新北市政府交通局申請用電",
        "organizer": "台灣電力股份有限公司台北西區營業處",
        "district": "三峽區",
        "address": "三峽區鳶山里村里復興路259號",
        "start_date": "2026-01-27",
        "end_date": "2026-05-09",
        "date_range": "1150127~1150509",
        "status": "已核發許可證"
      }
    },
    {
      "type": "Feature",
      "geometry": {
        "type": "Point",
        "coordinates": [
          121.4627993,
          25.0326156
        ]
      },
      "properties": {
        "source_city": "新北市",
        "source": "新北市政府道路挖掘資訊",
        "case_no": "1153014411",
        "project_name": "19252-TPC-臨時電新設工程",
        "organizer": "台灣電力股份有限公司台北南區營業處",
        "district": "板橋區",
        "address": "板橋區宏翠里村里民生路三段",
        "start_date": "2026-03-04",
        "end_date": "2026-05-15",
        "date_range": "1150304~1150515",
        "status": "已核發許可證"
      }
    },
    {
      "type": "Feature",
      "geometry": {
        "type": "Point",
        "coordinates": [
          121.4394308,
          25.0858995
        ]
      },
      "properties": {
        "source_city": "新北市",
        "source": "新北市政府道路挖掘資訊",
        "case_no": "新北工養字第1154645934號",
        "project_name": "中華電信埋管工程",
        "organizer": "中華電信股份有限公司新北營運處第四客戶網路中心",
        "district": "五股區",
        "address": "五股區五股里村里成泰路二段224號",
        "start_date": "2026-04-07",
        "end_date": "2026-05-06",
        "date_range": "1150407~1150506",
        "status": "已核發許可證"
      }
    },
    {
      "type": "Feature",
      "geometry": {
        "type": "Point",
        "coordinates": [
          121.4863741,
          25.0061818
        ]
      },
      "properties": {
        "source_city": "新北市",
        "source": "新北市政府道路挖掘資訊",
        "case_no": "1153178336",
        "project_name": "114西區B管網改善工程",
        "organizer": "臺北自來水事業處西區營業分處",
        "district": "中和區",
        "address": "中和區中原里村里立言街58號",
        "start_date": "2026-03-04",
        "end_date": "2026-06-16",
        "date_range": "1150304~1150616",
        "status": "已核發許可證"
      }
    },
    {
      "type": "Feature",
      "geometry": {
        "type": "Point",
        "coordinates": [
          121.5158956,
          25.0154372
        ]
      },
      "properties": {
        "source_city": "新北市",
        "source": "新北市政府道路挖掘資訊",
        "case_no": "1154637167",
        "project_name": "市111線-開晟建設股份有限公司用戶新設給水工程",
        "organizer": "臺北自來水事業處西區營業分處",
        "district": "永和區",
        "address": "永和區頂溪里村里永和路二段263號",
        "start_date": "2026-03-05",
        "end_date": "2026-05-12",
        "date_range": "1150305~1150512",
        "status": "已核發許可證"
      }
    },
    {
      "type": "Feature",
      "geometry": {
        "type": "Point",
        "coordinates": [
          121.3311498,
          24.9757047
        ]
      },
      "properties": {
        "source_city": "新北市",
        "source": "新北市政府道路挖掘資訊",
        "case_no": "1153457849",
        "project_name": "1261160號配合新北市政府水利局",
        "organizer": "台灣電力股份有限公司桃園區營業處",
        "district": "鶯歌區",
        "address": "鶯歌區鳳福里村里鳳三路372號",
        "start_date": "2026-03-04",
        "end_date": "2026-05-07",
        "date_range": "1150304~1150507",
        "status": "已核發許可證"
      }
    },
    {
      "type": "Feature",
      "geometry": {
        "type": "Point",
        "coordinates": [
          121.4160559,
          25.009669
        ]
      },
      "properties": {
        "source_city": "新北市",
        "source": "新北市政府道路挖掘資訊",
        "case_no": "1153424945",
        "project_name": "B14B5247B(4240782)台北西區-1",
        "organizer": "台灣電力股份有限公司台北西區營業處",
        "district": "樹林區",
        "address": "樹林區獇寮里村里俊興街",
        "start_date": "2026-03-10",
        "end_date": "2026-05-08",
        "date_range": "1150310~1150508",
        "status": "已核發許可證"
      }
    },
    {
      "type": "Feature",
      "geometry": {
        "type": "Point",
        "coordinates": [
          121.4701763,
          24.9803927
        ]
      },
      "properties": {
        "source_city": "新北市",
        "source": "新北市政府道路挖掘資訊",
        "case_no": "344953",
        "project_name": "/中華電信管挖及孔蓋提升新增工程G506071",
        "organizer": "中華電信股份有限公司新北營運處第一客戶網路中心",
        "district": "土城區",
        "address": "土城區廷寮里村里永豐路",
        "start_date": "2026-03-28",
        "end_date": "2026-05-24",
        "date_range": "1150328~1150524",
        "status": "已核發許可證"
      }
    },
    {
      "type": "Feature",
      "geometry": {
        "type": "Point",
        "coordinates": [
          121.5001546,
          25.0677714
        ]
      },
      "properties": {
        "source_city": "新北市",
        "source": "新北市政府道路挖掘資訊",
        "case_no": "1154638372",
        "project_name": "B14A5143B豐霈商行黃霈淳",
        "organizer": "台灣電力股份有限公司台北西區營業處",
        "district": "三重區",
        "address": "三重區長元里村里三和路二段36號",
        "start_date": "2026-03-04",
        "end_date": "2026-05-15",
        "date_range": "1150304~1150515",
        "status": "已核發許可證"
      }
    },
    {
      "type": "Feature",
      "geometry": {
        "type": "Point",
        "coordinates": [
          121.4833094,
          25.0668577
        ]
      },
      "properties": {
        "source_city": "新北市",
        "source": "新北市政府道路挖掘資訊",
        "case_no": "1154639215",
        "project_name": "B14A5214B新北市政府交通局交通管制工程科申請用電",
        "organizer": "台灣電力股份有限公司台北西區營業處",
        "district": "三重區",
        "address": "三重區六福里村里中正北路178號",
        "start_date": "2026-03-16",
        "end_date": "2026-05-15",
        "date_range": "1150316~1150515",
        "status": "已核發許可證"
      }
    },
    {
      "type": "Feature",
      "geometry": {
        "type": "Point",
        "coordinates": [
          121.625083,
          25.0684437
        ]
      },
      "properties": {
        "source_city": "新北市",
        "source": "新北市政府道路挖掘資訊",
        "case_no": "1153627122",
        "project_name": "(5250188)4D0061B-設計課申請用電",
        "organizer": "台灣電力股份有限公司基隆區營業處",
        "district": "汐止區",
        "address": "汐止區北山里村里明峰街296號",
        "start_date": "2026-03-19",
        "end_date": "2026-05-07",
        "date_range": "1150319~1150507",
        "status": "已核發許可證"
      }
    },
    {
      "type": "Feature",
      "geometry": {
        "type": "Point",
        "coordinates": [
          121.3753368,
          25.0876576
        ]
      },
      "properties": {
        "source_city": "新北市",
        "source": "新北市政府道路挖掘資訊",
        "case_no": "新北林工字第1153727824號",
        "project_name": "0900012481(聿德企業)瓦斯供氣管線埋設",
        "organizer": "欣泰石油氣股份有限公司",
        "district": "林口區",
        "address": "林口區湖南里村里文林三街141號",
        "start_date": "2026-04-27",
        "end_date": "2026-05-15",
        "date_range": "1150427~1150515",
        "status": "已核發許可證"
      }
    },
    {
      "type": "Feature",
      "geometry": {
        "type": "Point",
        "coordinates": [
          121.5194513,
          25.009257
        ]
      },
      "properties": {
        "source_city": "新北市",
        "source": "新北市政府道路挖掘資訊",
        "case_no": "1153114826",
        "project_name": "新北市永和地區污水下水道系統第二期第五-1標工程",
        "organizer": "新北市政府水利局污水下水道工程科",
        "district": "永和區",
        "address": "永和區光明里村里警光街2號",
        "start_date": "2026-03-04",
        "end_date": "2026-06-30",
        "date_range": "1150304~1150630",
        "status": "已核發許可證"
      }
    },
    {
      "type": "Feature",
      "geometry": {
        "type": "Point",
        "coordinates": [
          121.4206706,
          24.9870904
        ]
      },
      "properties": {
        "source_city": "新北市",
        "source": "新北市政府道路挖掘資訊",
        "case_no": "1153426072",
        "project_name": "新北市樹林地區污水下水道系統第二期第十七標工程",
        "organizer": "新北市政府水利局污水下水道工程科",
        "district": "樹林區",
        "address": "樹林區育英里村里文化街2號",
        "start_date": "2026-03-09",
        "end_date": "2026-05-03",
        "date_range": "1150309~1150503",
        "status": "已核發許可證"
      }
    },
    {
      "type": "Feature",
      "geometry": {
        "type": "Point",
        "coordinates": [
          121.426905,
          24.9864177
        ]
      },
      "properties": {
        "source_city": "新北市",
        "source": "新北市政府道路挖掘資訊",
        "case_no": "1153021806",
        "project_name": "B-210571瓦斯管線埋設工程",
        "organizer": "新海瓦斯股份有限公司",
        "district": "板橋區",
        "address": "板橋區溪福里村里滿平街84巷116號",
        "start_date": "2026-04-07",
        "end_date": "2026-05-07",
        "date_range": "1150407~1150507",
        "status": "已核發許可證"
      }
    },
    {
      "type": "Feature",
      "geometry": {
        "type": "Point",
        "coordinates": [
          121.515936,
          25.0077368
        ]
      },
      "properties": {
        "source_city": "新北市",
        "source": "新北市政府道路挖掘資訊",
        "case_no": "1153115502",
        "project_name": "新北市永和地區污水下水道系統第二期第五-1標工程",
        "organizer": "新北市政府水利局污水下水道工程科",
        "district": "永和區",
        "address": "永和區大新里村里中正路513號",
        "start_date": "2026-03-10",
        "end_date": "2026-06-30",
        "date_range": "1150310~1150630",
        "status": "已核發許可證"
      }
    },
    {
      "type": "Feature",
      "geometry": {
        "type": "Point",
        "coordinates": [
          121.5159856,
          25.0093775
        ]
      },
      "properties": {
        "source_city": "新北市",
        "source": "新北市政府道路挖掘資訊",
        "case_no": "1153115503",
        "project_name": "新北市永和地區污水下水道系統第二期第五-1標工程",
        "organizer": "新北市政府水利局污水下水道工程科",
        "district": "永和區",
        "address": "永和區豫溪里村里中正路609巷",
        "start_date": "2026-03-10",
        "end_date": "2026-06-30",
        "date_range": "1150310~1150630",
        "status": "已核發許可證"
      }
    },
    {
      "type": "Feature",
      "geometry": {
        "type": "Point",
        "coordinates": [
          121.4763684,
          25.08059
        ]
      },
      "properties": {
        "source_city": "新北市",
        "source": "新北市政府道路挖掘資訊",
        "case_no": "新北蘆工字第1153389548號",
        "project_name": "蘆洲服務所114-115年度管線設備維修工程",
        "organizer": "台灣自來水公司第十二區管理處蘆洲服務所",
        "district": "蘆洲區",
        "address": "蘆洲區溪墘里村里中山一路95巷20弄104號",
        "start_date": "2026-03-02",
        "end_date": "2026-05-09",
        "date_range": "1150302~1150509",
        "status": "已核發許可證"
      }
    },
    {
      "type": "Feature",
      "geometry": {
        "type": "Point",
        "coordinates": [
          121.4406931,
          25.0429045
        ]
      },
      "properties": {
        "source_city": "新北市",
        "source": "新北市政府道路挖掘資訊",
        "case_no": "1153683925",
        "project_name": "塭仔圳地區第1-2區市地重劃開發工程",
        "organizer": "新北市政府地政局",
        "district": "泰山區",
        "address": "泰山區義仁里村里莊田路",
        "start_date": "2026-03-10",
        "end_date": "2026-05-16",
        "date_range": "1150310~1150516",
        "status": "已核發許可證"
      }
    },
    {
      "type": "Feature",
      "geometry": {
        "type": "Point",
        "coordinates": [
          121.3629548,
          25.1348599
        ]
      },
      "properties": {
        "source_city": "新北市",
        "source": "新北市政府道路挖掘資訊",
        "case_no": "新北林工字第1153728412號",
        "project_name": "蘆洲服務所114-115年管線設備維修工程",
        "organizer": "台灣自來水公司第十二區管理處蘆洲服務所",
        "district": "林口區",
        "address": "林口區太平里村里汕頭21號",
        "start_date": "2026-03-02",
        "end_date": "2026-05-09",
        "date_range": "1150302~1150509",
        "status": "已核發許可證"
      }
    },
    {
      "type": "Feature",
      "geometry": {
        "type": "Point",
        "coordinates": [
          121.484131,
          25.0781862
        ]
      },
      "properties": {
        "source_city": "新北市",
        "source": "新北市政府道路挖掘資訊",
        "case_no": "1154641172",
        "project_name": "新北市三重區三和路四段123~161號前本管汰換工程",
        "organizer": "新海瓦斯股份有限公司",
        "district": "三重區",
        "address": "三重區福樂里村里三和路四段123~161號",
        "start_date": "2026-04-13",
        "end_date": "2026-05-15",
        "date_range": "1150413~1150515",
        "status": "已核發許可證"
      }
    },
    {
      "type": "Feature",
      "geometry": {
        "type": "Point",
        "coordinates": [
          121.3914707,
          24.9377825
        ]
      },
      "properties": {
        "source_city": "新北市",
        "source": "新北市政府道路挖掘資訊",
        "case_no": "新北峽工字第1153495534號",
        "project_name": "B14B5276B新北市政府交通局申請用電",
        "organizer": "台灣電力股份有限公司台北西區營業處",
        "district": "三峽區",
        "address": "三峽區溪南里村里佳興路",
        "start_date": "2026-03-18",
        "end_date": "2026-05-07",
        "date_range": "1150318~1150507",
        "status": "已核發許可證"
      }
    },
    {
      "type": "Feature",
      "geometry": {
        "type": "Point",
        "coordinates": [
          121.3725911,
          24.9357674
        ]
      },
      "properties": {
        "source_city": "新北市",
        "source": "新北市政府道路挖掘資訊",
        "case_no": "新北峽工字第1153495535號",
        "project_name": "B14B5288B饋線增加供電人孔提升",
        "organizer": "台灣電力股份有限公司台北西區營業處",
        "district": "三峽區",
        "address": "三峽區永舘里村里民生街106-1號",
        "start_date": "2026-03-10",
        "end_date": "2026-05-06",
        "date_range": "1150310~1150506",
        "status": "已核發許可證"
      }
    },
    {
      "type": "Feature",
      "geometry": {
        "type": "Point",
        "coordinates": [
          121.3505866,
          24.9439676
        ]
      },
      "properties": {
        "source_city": "新北市",
        "source": "新北市政府道路挖掘資訊",
        "case_no": "1153457702",
        "project_name": "自來水漏水緊急搶修工程(文化路324巷38號)",
        "organizer": "台灣自來水公司第十二區管理處鶯歌服務所",
        "district": "鶯歌區",
        "address": "鶯歌區南靖里村里文化路324巷38號",
        "start_date": "2026-03-03",
        "end_date": "2026-05-10",
        "date_range": "1150303~1150510",
        "status": "已核發許可證"
      }
    },
    {
      "type": "Feature",
      "geometry": {
        "type": "Point",
        "coordinates": [
          121.3680766,
          24.9256193
        ]
      },
      "properties": {
        "source_city": "新北市",
        "source": "新北市政府道路挖掘資訊",
        "case_no": "新北峽工字第1153497382號",
        "project_name": "114年乙工區人手孔蓋升降及周邊加固工作",
        "organizer": "台灣電力股份有限公司台北西區營業處",
        "district": "三峽區",
        "address": "三峽區中埔里村里中園街69號",
        "start_date": "2026-03-04",
        "end_date": "2026-05-08",
        "date_range": "1150304~1150508",
        "status": "已核發許可證"
      }
    },
    {
      "type": "Feature",
      "geometry": {
        "type": "Point",
        "coordinates": [
          121.5171304,
          25.0013416
        ]
      },
      "properties": {
        "source_city": "新北市",
        "source": "新北市政府道路挖掘資訊",
        "case_no": "1153117998",
        "project_name": "114北區B管網改善工程",
        "organizer": "臺北自來水事業處北區營業分處",
        "district": "永和區",
        "address": "永和區潭墘里村里中正路403號",
        "start_date": "2026-04-06",
        "end_date": "2026-05-05",
        "date_range": "1150406~1150505",
        "status": "已核發許可證"
      }
    },
    {
      "type": "Feature",
      "geometry": {
        "type": "Point",
        "coordinates": [
          121.4498378,
          25.1316919
        ]
      },
      "properties": {
        "source_city": "新北市",
        "source": "新北市政府道路挖掘資訊",
        "case_no": "1153754483",
        "project_name": "B14A5304B2勤樸開發有限公司申請用電",
        "organizer": "台灣電力股份有限公司台北西區營業處",
        "district": "八里區",
        "address": "八里區龍源里村里龍形三街17號",
        "start_date": "2026-03-16",
        "end_date": "2026-05-09",
        "date_range": "1150316~1150509",
        "status": "已核發許可證"
      }
    },
    {
      "type": "Feature",
      "geometry": {
        "type": "Point",
        "coordinates": [
          121.4062775,
          25.1530587
        ]
      },
      "properties": {
        "source_city": "新北市",
        "source": "新北市政府道路挖掘資訊",
        "case_no": "1154645440",
        "project_name": "蘆洲服務所114-115年度管線設備維修工程",
        "organizer": "台灣自來水公司第十二區管理處蘆洲服務所",
        "district": "八里區",
        "address": "八里區舊城里村里中山路二段75號",
        "start_date": "2026-03-04",
        "end_date": "2026-05-09",
        "date_range": "1150304~1150509",
        "status": "已核發許可證"
      }
    },
    {
      "type": "Feature",
      "geometry": {
        "type": "Point",
        "coordinates": [
          121.5435338,
          24.9730835
        ]
      },
      "properties": {
        "source_city": "新北市",
        "source": "新北市政府道路挖掘資訊",
        "case_no": "1153300134",
        "project_name": "新北市新店地區污水下水道系統(第二期)新建工程第七標分支管網及用戶接管",
        "organizer": "新北市政府水利局污水下水道工程科",
        "district": "新店區",
        "address": "新店區張北里村里德正街11號",
        "start_date": "2026-03-13",
        "end_date": "2026-05-30",
        "date_range": "1150313~1150530",
        "status": "已核發許可證"
      }
    },
    {
      "type": "Feature",
      "geometry": {
        "type": "Point",
        "coordinates": [
          121.5148048,
          25.0065096
        ]
      },
      "properties": {
        "source_city": "新北市",
        "source": "新北市政府道路挖掘資訊",
        "case_no": "1153115658",
        "project_name": "林顏素碧用戶新設給水工程",
        "organizer": "臺北自來水事業處西區營業分處",
        "district": "永和區",
        "address": "永和區永安里村里秀朗路一段48號",
        "start_date": "2026-04-16",
        "end_date": "2026-05-05",
        "date_range": "1150416~1150505",
        "status": "已核發許可證"
      }
    },
    {
      "type": "Feature",
      "geometry": {
        "type": "Point",
        "coordinates": [
          121.5177767,
          25.0088025
        ]
      },
      "properties": {
        "source_city": "新北市",
        "source": "新北市政府道路挖掘資訊",
        "case_no": "1153115659",
        "project_name": "王芸軒用戶新設給水工程",
        "organizer": "臺北自來水事業處西區營業分處",
        "district": "永和區",
        "address": "永和區光明里村里中正路662巷27號",
        "start_date": "2026-04-16",
        "end_date": "2026-05-05",
        "date_range": "1150416~1150505",
        "status": "已核發許可證"
      }
    },
    {
      "type": "Feature",
      "geometry": {
        "type": "Point",
        "coordinates": [
          121.542324,
          24.9810024
        ]
      },
      "properties": {
        "source_city": "新北市",
        "source": "新北市政府道路挖掘資訊",
        "case_no": "1153300135",
        "project_name": "新北市新店地區污水下水道系統(第二期)新建工程第七標分支管網及用戶接管",
        "organizer": "新北市政府水利局污水下水道工程科",
        "district": "新店區",
        "address": "新店區寶安里村里寶安街4巷1號",
        "start_date": "2026-03-13",
        "end_date": "2026-05-31",
        "date_range": "1150313~1150531",
        "status": "已核發許可證"
      }
    },
    {
      "type": "Feature",
      "geometry": {
        "type": "Point",
        "coordinates": [
          121.4546187,
          25.056217
        ]
      },
      "properties": {
        "source_city": "新北市",
        "source": "新北市政府道路挖掘資訊",
        "case_no": "新北莊工字第1153241321號",
        "project_name": "B14D5525B國泰建設股份有限公司孔蓋提升",
        "organizer": "台灣電力股份有限公司台北西區營業處",
        "district": "新莊區",
        "address": "新莊區昌平里村里昌平街200號",
        "start_date": "2026-03-27",
        "end_date": "2026-07-02",
        "date_range": "1150327~1150702",
        "status": "已核發許可證"
      }
    },
    {
      "type": "Feature",
      "geometry": {
        "type": "Point",
        "coordinates": [
          121.4104299,
          25.1564664
        ]
      },
      "properties": {
        "source_city": "新北市",
        "source": "新北市政府道路挖掘資訊",
        "case_no": "1154645170",
        "project_name": "B14A5306B用戶申請用電",
        "organizer": "台灣電力股份有限公司台北西區營業處",
        "district": "八里區",
        "address": "八里區埤頭里村里文昌一街7號",
        "start_date": "2026-03-26",
        "end_date": "2026-05-13",
        "date_range": "1150326~1150513",
        "status": "已核發許可證"
      }
    },
    {
      "type": "Feature",
      "geometry": {
        "type": "Point",
        "coordinates": [
          121.4263275,
          25.0420135
        ]
      },
      "properties": {
        "source_city": "新北市",
        "source": "新北市政府道路挖掘資訊",
        "case_no": "1153684650",
        "project_name": "蘆洲服務所114-115年度管線設備維修工程(支援泰山所修漏)",
        "organizer": "台灣自來水公司第十二區管理處泰山營運所",
        "district": "泰山區",
        "address": "泰山區貴賢里村里貴子路15巷1弄2號",
        "start_date": "2026-03-06",
        "end_date": "2026-05-09",
        "date_range": "1150306~1150509",
        "status": "已核發許可證"
      }
    },
    {
      "type": "Feature",
      "geometry": {
        "type": "Point",
        "coordinates": [
          121.4232485,
          25.0410956
        ]
      },
      "properties": {
        "source_city": "新北市",
        "source": "新北市政府道路挖掘資訊",
        "case_no": "1153684649",
        "project_name": "蘆洲服務所114-115年度管線設備維修工程(支援泰山所修漏)",
        "organizer": "台灣自來水公司第十二區管理處泰山營運所",
        "district": "泰山區",
        "address": "泰山區貴子里村里工專路82巷3號",
        "start_date": "2026-03-06",
        "end_date": "2026-05-09",
        "date_range": "1150306~1150509",
        "status": "已核發許可證"
      }
    },
    {
      "type": "Feature",
      "geometry": {
        "type": "Point",
        "coordinates": [
          121.426955,
          24.986373
        ]
      },
      "properties": {
        "source_city": "新北市",
        "source": "新北市政府道路挖掘資訊",
        "case_no": "1153021804",
        "project_name": "-中華電信管挖工程G528021",
        "organizer": "中華電信股份有限公司新北營運處第一客戶網路中心",
        "district": "板橋區",
        "address": "板橋區溪福里村里滿平街84巷116號",
        "start_date": "2026-03-24",
        "end_date": "2026-05-04",
        "date_range": "1150324~1150504",
        "status": "已核發許可證"
      }
    },
    {
      "type": "Feature",
      "geometry": {
        "type": "Point",
        "coordinates": [
          121.5158409,
          25.0153325
        ]
      },
      "properties": {
        "source_city": "新北市",
        "source": "新北市政府道路挖掘資訊",
        "case_no": "1153115800",
        "project_name": "開晟建設股份有限公司用戶新設給水工程",
        "organizer": "臺北自來水事業處西區營業分處",
        "district": "永和區",
        "address": "永和區頂溪里村里永和路二段263號",
        "start_date": "2026-03-16",
        "end_date": "2026-05-12",
        "date_range": "1150316~1150512",
        "status": "已核發許可證"
      }
    },
    {
      "type": "Feature",
      "geometry": {
        "type": "Point",
        "coordinates": [
          121.4980804,
          24.9939052
        ]
      },
      "properties": {
        "source_city": "新北市",
        "source": "新北市政府道路挖掘資訊",
        "case_no": "1153179816",
        "project_name": "28661-新北市中和區公所-電桿遷移",
        "organizer": "台灣電力股份有限公司台北南區營業處",
        "district": "中和區",
        "address": "中和區正行里村里板南路",
        "start_date": "2026-03-23",
        "end_date": "2026-05-09",
        "date_range": "1150323~1150509",
        "status": "已核發許可證"
      }
    },
    {
      "type": "Feature",
      "geometry": {
        "type": "Point",
        "coordinates": [
          121.4837512,
          24.9960806
        ]
      },
      "properties": {
        "source_city": "新北市",
        "source": "新北市政府道路挖掘資訊",
        "case_no": "1153181097",
        "project_name": "自來水漏水緊急搶修工程",
        "organizer": "臺北自來水事業處西區營業分處",
        "district": "中和區",
        "address": "中和區仁和里村里連城路467-5號",
        "start_date": "2026-03-09",
        "end_date": "2026-05-03",
        "date_range": "1150309~1150503",
        "status": "已核發許可證"
      }
    },
    {
      "type": "Feature",
      "geometry": {
        "type": "Point",
        "coordinates": [
          121.4624488,
          25.0808819
        ]
      },
      "properties": {
        "source_city": "新北市",
        "source": "新北市政府道路挖掘資訊",
        "case_no": "新北蘆工字第1153389547號",
        "project_name": "蘆洲服務所114-115年度管線設備維修工程",
        "organizer": "台灣自來水公司第十二區管理處蘆洲服務所",
        "district": "蘆洲區",
        "address": "蘆洲區九芎里村里中華街57號",
        "start_date": "2026-03-09",
        "end_date": "2026-05-09",
        "date_range": "1150309~1150509",
        "status": "已核發許可證"
      }
    },
    {
      "type": "Feature",
      "geometry": {
        "type": "Point",
        "coordinates": [
          121.4906293,
          25.0090221
        ]
      },
      "properties": {
        "source_city": "新北市",
        "source": "新北市政府道路挖掘資訊",
        "case_no": "1153181316",
        "project_name": "28586華固建設股份有限公司-申請臨時電拆除",
        "organizer": "台灣電力股份有限公司台北南區營業處",
        "district": "中和區",
        "address": "中和區中原里村里環河西路三段",
        "start_date": "2026-03-26",
        "end_date": "2026-05-07",
        "date_range": "1150326~1150507",
        "status": "已核發許可證"
      }
    },
    {
      "type": "Feature",
      "geometry": {
        "type": "Point",
        "coordinates": [
          121.4953587,
          25.0634241
        ]
      },
      "properties": {
        "source_city": "新北市",
        "source": "新北市政府道路挖掘資訊",
        "case_no": "115北區4-2",
        "project_name": "B14A5333B寶和建設股份有限公司申請用電",
        "organizer": "台灣電力股份有限公司台北西區營業處",
        "district": "三重區",
        "address": "三重區重新里村里正德街60號",
        "start_date": "2026-04-09",
        "end_date": "2026-05-13",
        "date_range": "1150409~1150513",
        "status": "已核發許可證"
      }
    },
    {
      "type": "Feature",
      "geometry": {
        "type": "Point",
        "coordinates": [
          121.4249021,
          25.0417763
        ]
      },
      "properties": {
        "source_city": "新北市",
        "source": "新北市政府道路挖掘資訊",
        "case_no": "1153685082",
        "project_name": "蘆洲服務所114-115年度管線設備維修工程(支援泰山所修漏)",
        "organizer": "台灣自來水公司第十二區管理處泰山營運所",
        "district": "泰山區",
        "address": "泰山區貴子里村里明志路三段74巷28弄",
        "start_date": "2026-03-10",
        "end_date": "2026-05-09",
        "date_range": "1150310~1150509",
        "status": "已核發許可證"
      }
    },
    {
      "type": "Feature",
      "geometry": {
        "type": "Point",
        "coordinates": [
          121.3376119,
          24.9509443
        ]
      },
      "properties": {
        "source_city": "新北市",
        "source": "新北市政府道路挖掘資訊",
        "case_no": "1153455520",
        "project_name": "114年度北區處工業用戶天然氣設置單價發包工程-奇鈺精密鑄造公司天然氣新設工程",
        "organizer": "台灣中油公司天然氣事業部北區營業處",
        "district": "鶯歌區",
        "address": "鶯歌區永昌里村里建國路405巷",
        "start_date": "2026-04-06",
        "end_date": "2026-05-12",
        "date_range": "1150406~1150512",
        "status": "已核發許可證"
      }
    },
    {
      "type": "Feature",
      "geometry": {
        "type": "Point",
        "coordinates": [
          121.4392555,
          25.1928601
        ]
      },
      "properties": {
        "source_city": "新北市",
        "source": "新北市政府道路挖掘資訊",
        "case_no": "新北淡工字第1153547938號",
        "project_name": "114年度新北市增購公車候車亭設備案(第2期)",
        "organizer": "新北市政府交通局",
        "district": "淡水區",
        "address": "淡水區崁頂里村里新市二路四段",
        "start_date": "2026-03-23",
        "end_date": "2026-05-08",
        "date_range": "1150323~1150508",
        "status": "已核發許可證"
      }
    },
    {
      "type": "Feature",
      "geometry": {
        "type": "Point",
        "coordinates": [
          121.4351535,
          25.1863709
        ]
      },
      "properties": {
        "source_city": "新北市",
        "source": "新北市政府道路挖掘資訊",
        "case_no": "新北淡工字第1153547939號",
        "project_name": "114年度新北市增購公車候車亭設備案(第2期)",
        "organizer": "新北市政府交通局",
        "district": "淡水區",
        "address": "淡水區崁頂里村里新市一路一段303號",
        "start_date": "2026-03-23",
        "end_date": "2026-05-08",
        "date_range": "1150323~1150508",
        "status": "已核發許可證"
      }
    },
    {
      "type": "Feature",
      "geometry": {
        "type": "Point",
        "coordinates": [
          121.4475766,
          25.1784458
        ]
      },
      "properties": {
        "source_city": "新北市",
        "source": "新北市政府道路挖掘資訊",
        "case_no": "新北淡工字第1153547940號",
        "project_name": "114年度新北市增購公車候車亭設備案(第2期)",
        "organizer": "新北市政府交通局",
        "district": "淡水區",
        "address": "淡水區正德里村里北新路106號",
        "start_date": "2026-03-23",
        "end_date": "2026-05-08",
        "date_range": "1150323~1150508",
        "status": "已核發許可證"
      }
    },
    {
      "type": "Feature",
      "geometry": {
        "type": "Point",
        "coordinates": [
          121.458906,
          25.1331077
        ]
      },
      "properties": {
        "source_city": "新北市",
        "source": "新北市政府道路挖掘資訊",
        "case_no": "新北淡工字第1153547941號",
        "project_name": "114年度新北市增購公車候車亭設備案(第2期)",
        "organizer": "新北市政府交通局",
        "district": "淡水區",
        "address": "淡水區民權里村里民權路88號",
        "start_date": "2026-03-23",
        "end_date": "2026-05-08",
        "date_range": "1150323~1150508",
        "status": "已核發許可證"
      }
    },
    {
      "type": "Feature",
      "geometry": {
        "type": "Point",
        "coordinates": [
          121.4698335,
          25.0311924
        ]
      },
      "properties": {
        "source_city": "新北市",
        "source": "新北市政府道路挖掘資訊",
        "case_no": "1153021912",
        "project_name": "板橋服務所用戶用水設備新(改)裝工作勞務採購114年度(開口契約)",
        "organizer": "台灣自來水公司第十二區管理處板橋服務所",
        "district": "板橋區",
        "address": "板橋區江翠里村里松江街",
        "start_date": "2026-03-23",
        "end_date": "2026-05-06",
        "date_range": "1150323~1150506",
        "status": "已核發許可證"
      }
    },
    {
      "type": "Feature",
      "geometry": {
        "type": "Point",
        "coordinates": [
          121.4915895,
          25.2000517
        ]
      },
      "properties": {
        "source_city": "新北市",
        "source": "新北市政府道路挖掘資訊",
        "case_no": "1153833766",
        "project_name": "淡水區行忠路3.5k~4.9k汰換管線工程",
        "organizer": "台灣自來水股份有限公司第一區管理處淡水營運所",
        "district": "三芝區",
        "address": "三芝區興華里村里行忠路",
        "start_date": "2026-04-13",
        "end_date": "2026-05-15",
        "date_range": "1150413~1150515",
        "status": "已核發許可證"
      }
    },
    {
      "type": "Feature",
      "geometry": {
        "type": "Point",
        "coordinates": [
          121.5375101,
          24.9745203
        ]
      },
      "properties": {
        "source_city": "新北市",
        "source": "新北市政府道路挖掘資訊",
        "case_no": "1153300990",
        "project_name": "新北市養護工程處(35248-1)-淺埋改善工程",
        "organizer": "台灣電力股份有限公司台北南區營業處",
        "district": "新店區",
        "address": "新店區建國里村里中正路294號",
        "start_date": "2026-03-21",
        "end_date": "2026-05-23",
        "date_range": "1150321~1150523",
        "status": "已核發許可證"
      }
    },
    {
      "type": "Feature",
      "geometry": {
        "type": "Point",
        "coordinates": [
          121.5348842,
          24.9765753
        ]
      },
      "properties": {
        "source_city": "新北市",
        "source": "新北市政府道路挖掘資訊",
        "case_no": "1153300992",
        "project_name": "新北市養護工程處(35248-2)-淺埋改善工程",
        "organizer": "台灣電力股份有限公司台北南區營業處",
        "district": "新店區",
        "address": "新店區百和里村里中正路362號",
        "start_date": "2026-03-21",
        "end_date": "2026-05-05",
        "date_range": "1150321~1150505",
        "status": "已核發許可證"
      }
    },
    {
      "type": "Feature",
      "geometry": {
        "type": "Point",
        "coordinates": [
          121.3928413,
          25.1375165
        ]
      },
      "properties": {
        "source_city": "新北市",
        "source": "新北市政府道路挖掘資訊",
        "case_no": "1154644094",
        "project_name": "八里區中華路二、三段等汰換管線工程",
        "organizer": "台灣自來水公司第十二區管理處蘆洲服務所",
        "district": "八里區",
        "address": "八里區下罟里村里中華路三段62號",
        "start_date": "2026-03-30",
        "end_date": "2026-06-27",
        "date_range": "1150330~1150627",
        "status": "已核發許可證"
      }
    },
    {
      "type": "Feature",
      "geometry": {
        "type": "Point",
        "coordinates": [
          121.5348901,
          24.9767383
        ]
      },
      "properties": {
        "source_city": "新北市",
        "source": "新北市政府道路挖掘資訊",
        "case_no": "1153300989",
        "project_name": "天主教耕莘醫療財團法人耕莘醫院(35963)-配電箱遷移工程",
        "organizer": "台灣電力股份有限公司台北南區營業處",
        "district": "新店區",
        "address": "新店區百和里村里中正路362-1號",
        "start_date": "2026-03-21",
        "end_date": "2026-05-05",
        "date_range": "1150321~1150505",
        "status": "已核發許可證"
      }
    },
    {
      "type": "Feature",
      "geometry": {
        "type": "Point",
        "coordinates": [
          121.4741171,
          25.0932285
        ]
      },
      "properties": {
        "source_city": "新北市",
        "source": "新北市政府道路挖掘資訊",
        "case_no": "新北蘆工字第1153389546號",
        "project_name": "蘆洲服務所114-115年度管線設備維修工程",
        "organizer": "台灣自來水公司第十二區管理處蘆洲服務所",
        "district": "蘆洲區",
        "address": "蘆洲區水河里村里民族路422巷48弄5號",
        "start_date": "2026-03-12",
        "end_date": "2026-05-09",
        "date_range": "1150312~1150509",
        "status": "已核發許可證"
      }
    },
    {
      "type": "Feature",
      "geometry": {
        "type": "Point",
        "coordinates": [
          121.4403479,
          25.0429598
        ]
      },
      "properties": {
        "source_city": "新北市",
        "source": "新北市政府道路挖掘資訊",
        "case_no": "1153684755",
        "project_name": "新北市新、泰塭仔圳地區第1-2區市地重劃開發工程",
        "organizer": "新北市政府地政局",
        "district": "泰山區",
        "address": "泰山區義仁里村里莊田路",
        "start_date": "2026-03-18",
        "end_date": "2026-05-16",
        "date_range": "1150318~1150516",
        "status": "已核發許可證"
      }
    },
    {
      "type": "Feature",
      "geometry": {
        "type": "Point",
        "coordinates": [
          121.434286,
          25.19029
        ]
      },
      "properties": {
        "source_city": "新北市",
        "source": "新北市政府道路挖掘資訊",
        "case_no": "新北淡工字第1153547936號",
        "project_name": "114年度新北市增購公車候車亭設備案(第2期)",
        "organizer": "新北市政府交通局",
        "district": "淡水區",
        "address": "淡水區崁頂里村里濱海路二段208號",
        "start_date": "2026-03-23",
        "end_date": "2026-05-08",
        "date_range": "1150323~1150508",
        "status": "已核發許可證"
      }
    },
    {
      "type": "Feature",
      "geometry": {
        "type": "Point",
        "coordinates": [
          121.4315589,
          25.1906468
        ]
      },
      "properties": {
        "source_city": "新北市",
        "source": "新北市政府道路挖掘資訊",
        "case_no": "新北淡工字第1153547937號",
        "project_name": "114年度新北市增購公車候車亭設備案(第2期)",
        "organizer": "新北市政府交通局",
        "district": "淡水區",
        "address": "淡水區崁頂里村里濱海路二段",
        "start_date": "2026-03-23",
        "end_date": "2026-05-08",
        "date_range": "1150323~1150508",
        "status": "已核發許可證"
      }
    },
    {
      "type": "Feature",
      "geometry": {
        "type": "Point",
        "coordinates": [
          121.4556911,
          25.0388057
        ]
      },
      "properties": {
        "source_city": "新北市",
        "source": "新北市政府道路挖掘資訊",
        "case_no": "新北莊工字第1153240420號",
        "project_name": "護新支115-003瓦斯管線埋設工程",
        "organizer": "新海瓦斯股份有限公司",
        "district": "新莊區",
        "address": "新莊區恆安里村里中港路70號",
        "start_date": "2026-03-19",
        "end_date": "2026-05-15",
        "date_range": "1150319~1150515",
        "status": "已核發許可證"
      }
    },
    {
      "type": "Feature",
      "geometry": {
        "type": "Point",
        "coordinates": [
          121.420951,
          25.0622066
        ]
      },
      "properties": {
        "source_city": "新北市",
        "source": "新北市政府道路挖掘資訊",
        "case_no": "1153685084",
        "project_name": "蘆洲服務所114-115年度管線設備維修工程(支援泰山所修漏)",
        "organizer": "台灣自來水公司第十二區管理處泰山營運所",
        "district": "泰山區",
        "address": "泰山區黎明里村里黎明路6號",
        "start_date": "2026-03-12",
        "end_date": "2026-05-09",
        "date_range": "1150312~1150509",
        "status": "已核發許可證"
      }
    },
    {
      "type": "Feature",
      "geometry": {
        "type": "Point",
        "coordinates": [
          121.4798203,
          24.9949091
        ]
      },
      "properties": {
        "source_city": "新北市",
        "source": "新北市政府道路挖掘資訊",
        "case_no": "CQ863-1150318-01",
        "project_name": "配合捷運萬大線第一期CQ860標連城路600mm管線永遷工程",
        "organizer": "台灣自來水公司第十二區管理處",
        "district": "中和區",
        "address": "中和區嘉慶里村里連城路456號",
        "start_date": "2026-03-19",
        "end_date": "2026-05-10",
        "date_range": "1150319~1150510",
        "status": "已核發許可證"
      }
    },
    {
      "type": "Feature",
      "geometry": {
        "type": "Point",
        "coordinates": [
          121.4587115,
          24.9741839
        ]
      },
      "properties": {
        "source_city": "新北市",
        "source": "新北市政府道路挖掘資訊",
        "case_no": "345868",
        "project_name": "0200011382(寶佳建設股份有限公司)瓦斯供氣管線埋設",
        "organizer": "欣泰石油氣股份有限公司",
        "district": "土城區",
        "address": "土城區清和里村里青雲路467號",
        "start_date": "2026-05-01",
        "end_date": "2026-05-09",
        "date_range": "1150501~1150509",
        "status": "已核發許可證"
      }
    },
    {
      "type": "Feature",
      "geometry": {
        "type": "Point",
        "coordinates": [
          121.5061168,
          24.9846853
        ]
      },
      "properties": {
        "source_city": "新北市",
        "source": "新北市政府道路挖掘資訊",
        "case_no": "1153181295",
        "project_name": "28655+28656-TPC-淺埋改善工程",
        "organizer": "台灣電力股份有限公司台北南區營業處",
        "district": "中和區",
        "address": "中和區正南里村里興南路二段67巷",
        "start_date": "2026-03-26",
        "end_date": "2026-05-11",
        "date_range": "1150326~1150511",
        "status": "已核發許可證"
      }
    },
    {
      "type": "Feature",
      "geometry": {
        "type": "Point",
        "coordinates": [
          121.4762966,
          25.0201732
        ]
      },
      "properties": {
        "source_city": "新北市",
        "source": "新北市政府道路挖掘資訊",
        "case_no": "1153022572",
        "project_name": "19279英屬開曼群島商睿能新動力股份有限公司台灣分公司-電池充電站用電",
        "organizer": "台灣電力股份有限公司台北南區營業處",
        "district": "板橋區",
        "address": "板橋區光仁里村里永豐街120巷2弄",
        "start_date": "2026-03-26",
        "end_date": "2026-05-05",
        "date_range": "1150326~1150505",
        "status": "已核發許可證"
      }
    },
    {
      "type": "Feature",
      "geometry": {
        "type": "Point",
        "coordinates": [
          121.5310208,
          24.9711785
        ]
      },
      "properties": {
        "source_city": "新北市",
        "source": "新北市政府道路挖掘資訊",
        "case_no": "1153301201",
        "project_name": "115年南區給水裝置工程採購(開口契約含後續擴充)",
        "organizer": "臺北自來水事業處南區營業分處",
        "district": "新店區",
        "address": "新店區福民里村里環河路113-2號",
        "start_date": "2026-03-23",
        "end_date": "2026-05-08",
        "date_range": "1150323~1150508",
        "status": "已核發許可證"
      }
    },
    {
      "type": "Feature",
      "geometry": {
        "type": "Point",
        "coordinates": [
          121.4673298,
          25.0886698
        ]
      },
      "properties": {
        "source_city": "新北市",
        "source": "新北市政府道路挖掘資訊",
        "case_no": "新北蘆工字第1153389544號",
        "project_name": "蘆洲服務所114-115年度管線設備維修工程",
        "organizer": "台灣自來水公司第十二區管理處蘆洲服務所",
        "district": "蘆洲區",
        "address": "蘆洲區保佑里村里民族路451號",
        "start_date": "2026-03-14",
        "end_date": "2026-05-09",
        "date_range": "1150314~1150509",
        "status": "已核發許可證"
      }
    },
    {
      "type": "Feature",
      "geometry": {
        "type": "Point",
        "coordinates": [
          121.4584269,
          25.0781217
        ]
      },
      "properties": {
        "source_city": "新北市",
        "source": "新北市政府道路挖掘資訊",
        "case_no": "1153655635",
        "project_name": "蘆洲服務所114-115年度管線設備維修工程",
        "organizer": "台灣自來水公司第十二區管理處蘆洲服務所",
        "district": "五股區",
        "address": "五股區更寮里村里中興路二段164巷160號",
        "start_date": "2026-03-14",
        "end_date": "2026-05-09",
        "date_range": "1150314~1150509",
        "status": "已核發許可證"
      }
    },
    {
      "type": "Feature",
      "geometry": {
        "type": "Point",
        "coordinates": [
          121.4738841,
          25.0935414
        ]
      },
      "properties": {
        "source_city": "新北市",
        "source": "新北市政府道路挖掘資訊",
        "case_no": "新北蘆工字第1153389545號",
        "project_name": "蘆洲服務所114-115年度管線設備維修工程",
        "organizer": "台灣自來水公司第十二區管理處蘆洲服務所",
        "district": "蘆洲區",
        "address": "蘆洲區水河里村里民族路422巷70弄10號",
        "start_date": "2026-03-16",
        "end_date": "2026-05-09",
        "date_range": "1150316~1150509",
        "status": "已核發許可證"
      }
    },
    {
      "type": "Feature",
      "geometry": {
        "type": "Point",
        "coordinates": [
          121.4556044,
          25.0845085
        ]
      },
      "properties": {
        "source_city": "新北市",
        "source": "新北市政府道路挖掘資訊",
        "case_no": "新北蘆工字第1153389543號",
        "project_name": "蘆洲服務所114-115年度管線設備維修工程",
        "organizer": "台灣自來水公司第十二區管理處蘆洲服務所",
        "district": "蘆洲區",
        "address": "蘆洲區永康里村里環堤大道78號",
        "start_date": "2026-03-17",
        "end_date": "2026-05-09",
        "date_range": "1150317~1150509",
        "status": "已核發許可證"
      }
    },
    {
      "type": "Feature",
      "geometry": {
        "type": "Point",
        "coordinates": [
          121.4016321,
          25.151142
        ]
      },
      "properties": {
        "source_city": "新北市",
        "source": "新北市政府道路挖掘資訊",
        "case_no": "1153756050",
        "project_name": "B14A5309B東丕營造股份有限公司申請用電",
        "organizer": "台灣電力股份有限公司台北西區營業處",
        "district": "八里區",
        "address": "八里區頂罟里村里商港一路66號",
        "start_date": "2026-04-07",
        "end_date": "2026-05-04",
        "date_range": "1150407~1150504",
        "status": "已核發許可證"
      }
    },
    {
      "type": "Feature",
      "geometry": {
        "type": "Point",
        "coordinates": [
          121.4390461,
          24.9766519
        ]
      },
      "properties": {
        "source_city": "新北市",
        "source": "新北市政府道路挖掘資訊",
        "case_no": "1154644296",
        "project_name": "54313台電-淺埋改善",
        "organizer": "台灣電力股份有限公司台北南區營業處",
        "district": "土城區",
        "address": "土城區員信里村里中華路二段123號",
        "start_date": "2026-04-06",
        "end_date": "2026-05-04",
        "date_range": "1150406~1150504",
        "status": "已核發許可證"
      }
    },
    {
      "type": "Feature",
      "geometry": {
        "type": "Point",
        "coordinates": [
          121.3740276,
          25.0762452
        ]
      },
      "properties": {
        "source_city": "新北市",
        "source": "新北市政府道路挖掘資訊",
        "case_no": "新北林工字第1153727513號",
        "project_name": "B14C5711B-6艾斯摩爾(股)公司管路埋設",
        "organizer": "台灣電力股份有限公司台北西區營業處",
        "district": "林口區",
        "address": "林口區仁愛里村里文化二路一段368之1號",
        "start_date": "2026-04-29",
        "end_date": "2026-05-07",
        "date_range": "1150429~1150507",
        "status": "已核發許可證"
      }
    },
    {
      "type": "Feature",
      "geometry": {
        "type": "Point",
        "coordinates": [
          121.4763248,
          25.0202717
        ]
      },
      "properties": {
        "source_city": "新北市",
        "source": "新北市政府道路挖掘資訊",
        "case_no": "1153022864",
        "project_name": "19262-光捷股份有限公司-申請新設電池充電站用電工程",
        "organizer": "台灣電力股份有限公司台北南區營業處",
        "district": "板橋區",
        "address": "板橋區光仁里村里懷仁街8號",
        "start_date": "2026-03-26",
        "end_date": "2026-05-05",
        "date_range": "1150326~1150505",
        "status": "已核發許可證"
      }
    },
    {
      "type": "Feature",
      "geometry": {
        "type": "Point",
        "coordinates": [
          121.4462672,
          25.0287985
        ]
      },
      "properties": {
        "source_city": "新北市",
        "source": "新北市政府道路挖掘資訊",
        "case_no": "新北莊工字第1153245186號",
        "project_name": "B14D5519B王O慧用電廢止孔蓋提升",
        "organizer": "台灣電力股份有限公司台北西區營業處",
        "district": "新莊區",
        "address": "新莊區瓊林里村里瓊林路50號",
        "start_date": "2026-04-17",
        "end_date": "2026-07-18",
        "date_range": "1150417~1150718",
        "status": "已核發許可證"
      }
    },
    {
      "type": "Feature",
      "geometry": {
        "type": "Point",
        "coordinates": [
          121.5071271,
          25.0133884
        ]
      },
      "properties": {
        "source_city": "新北市",
        "source": "新北市政府道路挖掘資訊",
        "case_no": "1153116777",
        "project_name": "35965北昌營造股份有限公司-臨時電新設工程",
        "organizer": "台灣電力股份有限公司台北南區營業處",
        "district": "永和區",
        "address": "永和區下溪里村里保安路137號",
        "start_date": "2026-04-13",
        "end_date": "2026-05-12",
        "date_range": "1150413~1150512",
        "status": "已核發許可證"
      }
    },
    {
      "type": "Feature",
      "geometry": {
        "type": "Point",
        "coordinates": [
          121.4341383,
          25.0632658
        ]
      },
      "properties": {
        "source_city": "新北市",
        "source": "新北市政府道路挖掘資訊",
        "case_no": "1153686323",
        "project_name": "蘆洲服務所114-115年度管線設備維修工程(支援泰山所修漏)",
        "organizer": "台灣自來水公司第十二區管理處泰山營運所",
        "district": "泰山區",
        "address": "泰山區楓樹里村里明志路一段117巷20號",
        "start_date": "2026-03-18",
        "end_date": "2026-05-09",
        "date_range": "1150318~1150509",
        "status": "已核發許可證"
      }
    },
    {
      "type": "Feature",
      "geometry": {
        "type": "Point",
        "coordinates": [
          121.804916,
          25.1107469
        ]
      },
      "properties": {
        "source_city": "新北市",
        "source": "新北市政府道路挖掘資訊",
        "case_no": "1154644293",
        "project_name": "瑞芳區逢甲路270巷新設排水管涵工程",
        "organizer": "新北市政府水利局雨水下水道工程科",
        "district": "瑞芳區",
        "address": "瑞芳區龍山里村里逢甲路一段187號",
        "start_date": "2026-03-25",
        "end_date": "2026-05-03",
        "date_range": "1150325~1150503",
        "status": "已核發許可證"
      }
    },
    {
      "type": "Feature",
      "geometry": {
        "type": "Point",
        "coordinates": [
          121.4863698,
          25.0852634
        ]
      },
      "properties": {
        "source_city": "新北市",
        "source": "新北市政府道路挖掘資訊",
        "case_no": "115東區3-13",
        "project_name": "114~117年度新北市污水下水道系統未納戶接管工程(開口契約)第一標",
        "organizer": "新北市政府水利局污水下水道工程科",
        "district": "三重區",
        "address": "三重區碧華里村里集仁街38號",
        "start_date": "2026-04-07",
        "end_date": "2026-05-05",
        "date_range": "1150407~1150505",
        "status": "已核發許可證"
      }
    },
    {
      "type": "Feature",
      "geometry": {
        "type": "Point",
        "coordinates": [
          121.525949,
          25.0035322
        ]
      },
      "properties": {
        "source_city": "新北市",
        "source": "新北市政府道路挖掘資訊",
        "case_no": "1153116896",
        "project_name": "逢源建設股份有限公司用戶新設給水工程",
        "organizer": "臺北自來水事業處西區營業分處",
        "district": "永和區",
        "address": "永和區秀朗里村里永亨路169號",
        "start_date": "2026-04-01",
        "end_date": "2026-05-05",
        "date_range": "1150401~1150505",
        "status": "已核發許可證"
      }
    },
    {
      "type": "Feature",
      "geometry": {
        "type": "Point",
        "coordinates": [
          121.4660249,
          25.0787166
        ]
      },
      "properties": {
        "source_city": "新北市",
        "source": "新北市政府道路挖掘資訊",
        "case_no": "新北蘆工字第1152285276號",
        "project_name": "蘆洲九芎街153巷5號~29號前中低壓汰換工程",
        "organizer": "欣泰石油氣股份有限公司",
        "district": "蘆洲區",
        "address": "蘆洲區永安里村里九芎街153巷5號",
        "start_date": "2026-03-23",
        "end_date": "2026-05-08",
        "date_range": "1150323~1150508",
        "status": "已核發許可證"
      }
    },
    {
      "type": "Feature",
      "geometry": {
        "type": "Point",
        "coordinates": [
          121.5254775,
          24.9833252
        ]
      },
      "properties": {
        "source_city": "新北市",
        "source": "新北市政府道路挖掘資訊",
        "case_no": "1153303729",
        "project_name": "新北市政府交通局(35942)-侯車亭新設用電工程",
        "organizer": "台灣電力股份有限公司台北南區營業處",
        "district": "新店區",
        "address": "新店區中山里村里溪園路",
        "start_date": "2026-04-07",
        "end_date": "2026-05-05",
        "date_range": "1150407~1150505",
        "status": "已核發許可證"
      }
    },
    {
      "type": "Feature",
      "geometry": {
        "type": "Point",
        "coordinates": [
          121.4389861,
          24.9654877
        ]
      },
      "properties": {
        "source_city": "新北市",
        "source": "新北市政府道路挖掘資訊",
        "case_no": "346102",
        "project_name": "0200010992(聲寶股份有限公司)瓦斯供氣管線埋設",
        "organizer": "欣泰石油氣股份有限公司",
        "district": "土城區",
        "address": "土城區大安里村里忠承路30號",
        "start_date": "2026-04-27",
        "end_date": "2026-05-05",
        "date_range": "1150427~1150505",
        "status": "已核發許可證"
      }
    },
    {
      "type": "Feature",
      "geometry": {
        "type": "Point",
        "coordinates": [
          121.4047919,
          25.1511876
        ]
      },
      "properties": {
        "source_city": "新北市",
        "source": "新北市政府道路挖掘資訊",
        "case_no": "1153756278",
        "project_name": "114~117年度新北市污水下水道系統未納戶接管工程(開口契約)第一標",
        "organizer": "新北市政府水利局污水下水道工程科",
        "district": "八里區",
        "address": "八里區頂罟里村里中山路二段236號",
        "start_date": "2026-04-13",
        "end_date": "2026-05-12",
        "date_range": "1150413~1150512",
        "status": "已核發許可證"
      }
    },
    {
      "type": "Feature",
      "geometry": {
        "type": "Point",
        "coordinates": [
          121.4340078,
          25.0325195
        ]
      },
      "properties": {
        "source_city": "新北市",
        "source": "新北市政府道路挖掘資訊",
        "case_no": "新北工養字第1154645410號",
        "project_name": "B14D5394B新北市政府警察局交通大隊包燈用電新設",
        "organizer": "台灣電力股份有限公司台北西區營業處",
        "district": "新莊區",
        "address": "新莊區營盤里村里中正路510號",
        "start_date": "2026-04-26",
        "end_date": "2026-05-06",
        "date_range": "1150426~1150506",
        "status": "已核發許可證"
      }
    },
    {
      "type": "Feature",
      "geometry": {
        "type": "Point",
        "coordinates": [
          121.4153398,
          25.0685085
        ]
      },
      "properties": {
        "source_city": "新北市",
        "source": "新北市政府道路挖掘資訊",
        "case_no": "1153686480",
        "project_name": "蘆洲服務所114-115年度管線設備維修工程(支援泰山所修漏)",
        "organizer": "台灣自來水公司第十二區管理處泰山營運所",
        "district": "泰山區",
        "address": "泰山區黎明里村里泰林路三段168巷28號",
        "start_date": "2026-03-20",
        "end_date": "2026-05-09",
        "date_range": "1150320~1150509",
        "status": "已核發許可證"
      }
    },
    {
      "type": "Feature",
      "geometry": {
        "type": "Point",
        "coordinates": [
          121.4231514,
          25.0232045
        ]
      },
      "properties": {
        "source_city": "新北市",
        "source": "新北市政府道路挖掘資訊",
        "case_no": "新北莊工字第1153241950",
        "project_name": "中華電信人手孔提升工程",
        "organizer": "中華電信股份有限公司新北營運處第三客戶網路中心",
        "district": "新莊區",
        "address": "新莊區四維里村里四維路115號",
        "start_date": "2026-04-01",
        "end_date": "2026-07-02",
        "date_range": "1150401~1150702",
        "status": "已核發許可證"
      }
    },
    {
      "type": "Feature",
      "geometry": {
        "type": "Point",
        "coordinates": [
          121.4628287,
          25.0181919
        ]
      },
      "properties": {
        "source_city": "新北市",
        "source": "新北市政府道路挖掘資訊",
        "case_no": "1153024145",
        "project_name": "19289皇翔建設股份有限公司-線路遷移",
        "organizer": "台灣電力股份有限公司台北南區營業處",
        "district": "板橋區",
        "address": "板橋區漢生里村里漢生西路",
        "start_date": "2026-04-06",
        "end_date": "2026-05-07",
        "date_range": "1150406~1150507",
        "status": "已核發許可證"
      }
    },
    {
      "type": "Feature",
      "geometry": {
        "type": "Point",
        "coordinates": [
          121.5162485,
          25.0169207
        ]
      },
      "properties": {
        "source_city": "新北市",
        "source": "新北市政府道路挖掘資訊",
        "case_no": "1153117351",
        "project_name": "新北市光復街和平鴿人行步道工程",
        "organizer": "臺北市政府工務局新建工程處工務科一果工務所",
        "district": "永和區",
        "address": "永和區網溪里村里光復街4號",
        "start_date": "2026-04-01",
        "end_date": "2026-05-25",
        "date_range": "1150401~1150525",
        "status": "已核發許可證"
      }
    },
    {
      "type": "Feature",
      "geometry": {
        "type": "Point",
        "coordinates": [
          121.4616701,
          25.0732189
        ]
      },
      "properties": {
        "source_city": "新北市",
        "source": "新北市政府道路挖掘資訊",
        "case_no": "1153655722",
        "project_name": "B14A5349B新北市政府交通局交通管制工程科申請用電",
        "organizer": "台灣電力股份有限公司台北西區營業處",
        "district": "五股區",
        "address": "五股區更寮里村里水漾路三段",
        "start_date": "2026-04-13",
        "end_date": "2026-05-09",
        "date_range": "1150413~1150509",
        "status": "已核發許可證"
      }
    },
    {
      "type": "Feature",
      "geometry": {
        "type": "Point",
        "coordinates": [
          121.5339243,
          24.979461
        ]
      },
      "properties": {
        "source_city": "新北市",
        "source": "新北市政府道路挖掘資訊",
        "case_no": "1153304867",
        "project_name": "新北都鈴木汽車股份有限公司(35833-1)-孔蓋提升及周邊加固工程",
        "organizer": "台灣電力股份有限公司台北南區營業處",
        "district": "新店區",
        "address": "新店區江陵里村里中正路450號",
        "start_date": "2026-04-13",
        "end_date": "2026-05-13",
        "date_range": "1150413~1150513",
        "status": "已核發許可證"
      }
    },
    {
      "type": "Feature",
      "geometry": {
        "type": "Point",
        "coordinates": [
          121.5338108,
          24.9806535
        ]
      },
      "properties": {
        "source_city": "新北市",
        "source": "新北市政府道路挖掘資訊",
        "case_no": "1153304868",
        "project_name": "新北都鈴木汽車股份有限公司(35833-2)-孔蓋提升及周邊加固工程",
        "organizer": "台灣電力股份有限公司台北南區營業處",
        "district": "新店區",
        "address": "新店區復興里村里中正路457號",
        "start_date": "2026-04-15",
        "end_date": "2026-05-08",
        "date_range": "1150415~1150508",
        "status": "已核發許可證"
      }
    },
    {
      "type": "Feature",
      "geometry": {
        "type": "Point",
        "coordinates": [
          121.3745689,
          25.0767181
        ]
      },
      "properties": {
        "source_city": "新北市",
        "source": "新北市政府道路挖掘資訊",
        "case_no": "新北工養字第1154646824號",
        "project_name": "B14C5711B-7艾斯摩爾(股)公司管路埋設",
        "organizer": "台灣電力股份有限公司台北西區營業處",
        "district": "林口區",
        "address": "林口區仁愛里村里文化二路一段384之3號",
        "start_date": "2026-04-29",
        "end_date": "2026-05-08",
        "date_range": "1150429~1150508",
        "status": "已核發許可證"
      }
    },
    {
      "type": "Feature",
      "geometry": {
        "type": "Point",
        "coordinates": [
          121.4546707,
          25.0259095
        ]
      },
      "properties": {
        "source_city": "新北市",
        "source": "新北市政府道路挖掘資訊",
        "case_no": "1153024869",
        "project_name": "114年度新北市增購公車候車亭設備案(第2期)",
        "organizer": "新北市政府交通局",
        "district": "板橋區",
        "address": "板橋區德翠里村里中正路453號",
        "start_date": "2026-04-07",
        "end_date": "2026-05-05",
        "date_range": "1150407~1150505",
        "status": "已核發許可證"
      }
    },
    {
      "type": "Feature",
      "geometry": {
        "type": "Point",
        "coordinates": [
          121.7570763,
          25.0296156
        ]
      },
      "properties": {
        "source_city": "新北市",
        "source": "新北市政府道路挖掘資訊",
        "case_no": "新北工養字第1154646194號",
        "project_name": "自來水漏水緊急搶修",
        "organizer": "台灣自來水股份有限公司第一區管理處文山營運所",
        "district": "平溪區",
        "address": "平溪區望古里村里靜安路三段",
        "start_date": "2026-03-24",
        "end_date": "2026-05-12",
        "date_range": "1150324~1150512",
        "status": "已核發許可證"
      }
    },
    {
      "type": "Feature",
      "geometry": {
        "type": "Point",
        "coordinates": [
          121.4104003,
          25.155727
        ]
      },
      "properties": {
        "source_city": "新北市",
        "source": "新北市政府道路挖掘資訊",
        "case_no": "1153756457",
        "project_name": "B14A5358B君鋐建設有限公司申請用電",
        "organizer": "台灣電力股份有限公司台北西區營業處",
        "district": "八里區",
        "address": "八里區埤頭里村里文昌二街37號",
        "start_date": "2026-04-13",
        "end_date": "2026-05-07",
        "date_range": "1150413~1150507",
        "status": "已核發許可證"
      }
    },
    {
      "type": "Feature",
      "geometry": {
        "type": "Point",
        "coordinates": [
          121.4395508,
          24.96585
        ]
      },
      "properties": {
        "source_city": "新北市",
        "source": "新北市政府道路挖掘資訊",
        "case_no": "346314",
        "project_name": "0200011021(國美建設股份有限公司)瓦斯供氣管線埋設",
        "organizer": "欣泰石油氣股份有限公司",
        "district": "土城區",
        "address": "土城區大安里村里忠承路51號",
        "start_date": "2026-04-28",
        "end_date": "2026-05-06",
        "date_range": "1150428~1150506",
        "status": "已核發許可證"
      }
    },
    {
      "type": "Feature",
      "geometry": {
        "type": "Point",
        "coordinates": [
          121.5414375,
          24.9648474
        ]
      },
      "properties": {
        "source_city": "新北市",
        "source": "新北市政府道路挖掘資訊",
        "case_no": "1153303184",
        "project_name": "新北市新店地區污水下水道系統(第二期)新建工程第七標分支管網及用戶接管",
        "organizer": "新北市政府水利局污水下水道工程科",
        "district": "新店區",
        "address": "新店區中興里村里檳榔路1號",
        "start_date": "2026-03-30",
        "end_date": "2026-05-30",
        "date_range": "1150330~1150530",
        "status": "已核發許可證"
      }
    },
    {
      "type": "Feature",
      "geometry": {
        "type": "Point",
        "coordinates": [
          121.4659795,
          25.045099
        ]
      },
      "properties": {
        "source_city": "新北市",
        "source": "新北市政府道路挖掘資訊",
        "case_no": "1153242889",
        "project_name": "B14D5396A-台灣電力公司北西營業處",
        "organizer": "台灣電力股份有限公司台北西區營業處",
        "district": "新莊區",
        "address": "新莊區化成里村里化成路156巷6號",
        "start_date": "2026-04-06",
        "end_date": "2026-05-19",
        "date_range": "1150406~1150519",
        "status": "已核發許可證"
      }
    },
    {
      "type": "Feature",
      "geometry": {
        "type": "Point",
        "coordinates": [
          121.5550551,
          24.9551439
        ]
      },
      "properties": {
        "source_city": "新北市",
        "source": "新北市政府道路挖掘資訊",
        "case_no": "1153303183",
        "project_name": "新北市新店地區污水下水道系統(第二期)新建工程第七標分支管網及用戶接管",
        "organizer": "新北市政府水利局污水下水道工程科",
        "district": "新店區",
        "address": "新店區美潭里村里秀水路1號",
        "start_date": "2026-04-01",
        "end_date": "2026-05-31",
        "date_range": "1150401~1150531",
        "status": "已核發許可證"
      }
    },
    {
      "type": "Feature",
      "geometry": {
        "type": "Point",
        "coordinates": [
          121.5395783,
          24.9565085
        ]
      },
      "properties": {
        "source_city": "新北市",
        "source": "新北市政府道路挖掘資訊",
        "case_no": "1153303185",
        "project_name": "新北市新店地區污水下水道系統(第二期)新建工程第七標分支管網及用戶接管",
        "organizer": "新北市政府水利局污水下水道工程科",
        "district": "新店區",
        "address": "新店區文中里村里北宜路一段39巷17號",
        "start_date": "2026-03-30",
        "end_date": "2026-05-30",
        "date_range": "1150330~1150530",
        "status": "已核發許可證"
      }
    },
    {
      "type": "Feature",
      "geometry": {
        "type": "Point",
        "coordinates": [
          121.4288731,
          25.0403371
        ]
      },
      "properties": {
        "source_city": "新北市",
        "source": "新北市政府道路挖掘資訊",
        "case_no": "1153686935",
        "project_name": "中華電信埋管工程",
        "organizer": "中華電信股份有限公司新北營運處第三客戶網路中心",
        "district": "泰山區",
        "address": "泰山區貴賢里村里貴子路21號",
        "start_date": "2026-04-20",
        "end_date": "2026-05-09",
        "date_range": "1150420~1150509",
        "status": "已核發許可證"
      }
    },
    {
      "type": "Feature",
      "geometry": {
        "type": "Point",
        "coordinates": [
          121.4091402,
          25.1520778
        ]
      },
      "properties": {
        "source_city": "新北市",
        "source": "新北市政府道路挖掘資訊",
        "case_no": "1153755890",
        "project_name": "B14A5340B新北市政府養護工程處申請用電",
        "organizer": "台灣電力股份有限公司台北西區營業處",
        "district": "八里區",
        "address": "八里區舊城里村里中華路二段",
        "start_date": "2026-04-13",
        "end_date": "2026-05-06",
        "date_range": "1150413~1150506",
        "status": "已核發許可證"
      }
    },
    {
      "type": "Feature",
      "geometry": {
        "type": "Point",
        "coordinates": [
          121.5125027,
          24.9626075
        ]
      },
      "properties": {
        "source_city": "新北市",
        "source": "新北市政府道路挖掘資訊",
        "case_no": "1153304022",
        "project_name": "台電北南區處營業處(36003-2)-新設管路工程",
        "organizer": "台灣電力股份有限公司台北南區營業處",
        "district": "新店區",
        "address": "新店區德安里村里安德街3號",
        "start_date": "2026-04-09",
        "end_date": "2026-05-08",
        "date_range": "1150409~1150508",
        "status": "已核發許可證"
      }
    },
    {
      "type": "Feature",
      "geometry": {
        "type": "Point",
        "coordinates": [
          121.4606836,
          25.0146047
        ]
      },
      "properties": {
        "source_city": "新北市",
        "source": "新北市政府道路挖掘資訊",
        "case_no": "1153024871",
        "project_name": "19122-新北市政府交通局-交指燈用電工程",
        "organizer": "台灣電力股份有限公司台北南區營業處",
        "district": "板橋區",
        "address": "板橋區漢生里村里公館街",
        "start_date": "2026-04-16",
        "end_date": "2026-05-04",
        "date_range": "1150416~1150504",
        "status": "已核發許可證"
      }
    },
    {
      "type": "Feature",
      "geometry": {
        "type": "Point",
        "coordinates": [
          121.4309246,
          25.0049787
        ]
      },
      "properties": {
        "source_city": "新北市",
        "source": "新北市政府道路挖掘資訊",
        "case_no": "新北莊工字第1153243861號",
        "project_name": "B14B5321B(3260324)台電",
        "organizer": "台灣電力股份有限公司台北西區營業處",
        "district": "新莊區",
        "address": "新莊區西盛里村里大安路36號",
        "start_date": "2026-04-15",
        "end_date": "2026-05-09",
        "date_range": "1150415~1150509",
        "status": "已核發許可證"
      }
    },
    {
      "type": "Feature",
      "geometry": {
        "type": "Point",
        "coordinates": [
          121.5311567,
          24.9751011
        ]
      },
      "properties": {
        "source_city": "新北市",
        "source": "新北市政府道路挖掘資訊",
        "case_no": "1153304948",
        "project_name": "台電北南區處營業處(35976)-管路改善工程",
        "organizer": "台灣電力股份有限公司台北南區營業處",
        "district": "新店區",
        "address": "新店區中山里村里中央路188號",
        "start_date": "2026-04-15",
        "end_date": "2026-05-20",
        "date_range": "1150415~1150520",
        "status": "已核發許可證"
      }
    },
    {
      "type": "Feature",
      "geometry": {
        "type": "Point",
        "coordinates": [
          121.4584928,
          25.0786318
        ]
      },
      "properties": {
        "source_city": "新北市",
        "source": "新北市政府道路挖掘資訊",
        "case_no": "1153656505",
        "project_name": "蘆洲服務所114-115年度管線設備維修工程",
        "organizer": "台灣自來水公司第十二區管理處蘆洲服務所",
        "district": "五股區",
        "address": "五股區更寮里村里更州路6號",
        "start_date": "2026-03-27",
        "end_date": "2026-05-09",
        "date_range": "1150327~1150509",
        "status": "已核發許可證"
      }
    },
    {
      "type": "Feature",
      "geometry": {
        "type": "Point",
        "coordinates": [
          121.4176324,
          25.0319755
        ]
      },
      "properties": {
        "source_city": "新北市",
        "source": "新北市政府道路挖掘資訊",
        "case_no": "新北工養字第1154648318號",
        "project_name": "蘆洲服務所114-115年度管線設備維修工程(支援泰山所修漏)",
        "organizer": "台灣自來水公司第十二區管理處泰山營運所",
        "district": "泰山區",
        "address": "泰山區貴和里村里新北大道七段103號",
        "start_date": "2026-03-27",
        "end_date": "2026-05-09",
        "date_range": "1150327~1150509",
        "status": "已核發許可證"
      }
    },
    {
      "type": "Feature",
      "geometry": {
        "type": "Point",
        "coordinates": [
          121.5136818,
          25.0037135
        ]
      },
      "properties": {
        "source_city": "新北市",
        "source": "新北市政府道路挖掘資訊",
        "case_no": "1153183787",
        "project_name": "自來水用戶無水緊急搶修工程",
        "organizer": "臺北自來水事業處西區營業分處",
        "district": "中和區",
        "address": "中和區中安里村里永貞路266號",
        "start_date": "2026-03-27",
        "end_date": "2026-05-03",
        "date_range": "1150327~1150503",
        "status": "已核發許可證"
      }
    },
    {
      "type": "Feature",
      "geometry": {
        "type": "Point",
        "coordinates": [
          121.5197485,
          24.9861636
        ]
      },
      "properties": {
        "source_city": "新北市",
        "source": "新北市政府道路挖掘資訊",
        "case_no": "1153304024",
        "project_name": "台電北南區處營業處(35962)-管障修復工程",
        "organizer": "台灣電力股份有限公司台北南區營業處",
        "district": "新店區",
        "address": "新店區新和里村里永安街71號",
        "start_date": "2026-04-10",
        "end_date": "2026-05-04",
        "date_range": "1150410~1150504",
        "status": "已核發許可證"
      }
    },
    {
      "type": "Feature",
      "geometry": {
        "type": "Point",
        "coordinates": [
          121.3812167,
          25.0754013
        ]
      },
      "properties": {
        "source_city": "新北市",
        "source": "新北市政府道路挖掘資訊",
        "case_no": "新北林工字第1153728856號",
        "project_name": "B14C5602B光捷(股)公司表燈新設",
        "organizer": "台灣電力股份有限公司台北西區營業處",
        "district": "林口區",
        "address": "林口區西林里村里四維路156之1號",
        "start_date": "2026-04-20",
        "end_date": "2026-05-09",
        "date_range": "1150420~1150509",
        "status": "已核發許可證"
      }
    },
    {
      "type": "Feature",
      "geometry": {
        "type": "Point",
        "coordinates": [
          121.4232496,
          25.0104205
        ]
      },
      "properties": {
        "source_city": "新北市",
        "source": "新北市政府道路挖掘資訊",
        "case_no": "1153431388",
        "project_name": "樹林服務所115年度管線設備維修工程",
        "organizer": "台灣自來水公司第十二區管理處樹林服務所",
        "district": "樹林區",
        "address": "樹林區圳民里村里俊英街123巷46號",
        "start_date": "2026-03-28",
        "end_date": "2026-05-09",
        "date_range": "1150328~1150509",
        "status": "已核發許可證"
      }
    },
    {
      "type": "Feature",
      "geometry": {
        "type": "Point",
        "coordinates": [
          121.4819322,
          25.0072357
        ]
      },
      "properties": {
        "source_city": "新北市",
        "source": "新北市政府道路挖掘資訊",
        "case_no": "1153186656",
        "project_name": "立華營造股份有限公司用戶新設給水工程",
        "organizer": "臺北自來水事業處西區營業分處",
        "district": "中和區",
        "address": "中和區員山里村里新民街33號",
        "start_date": "2026-04-27",
        "end_date": "2026-05-05",
        "date_range": "1150427~1150505",
        "status": "已核發許可證"
      }
    },
    {
      "type": "Feature",
      "geometry": {
        "type": "Point",
        "coordinates": [
          121.3791482,
          25.0870216
        ]
      },
      "properties": {
        "source_city": "新北市",
        "source": "新北市政府道路挖掘資訊",
        "case_no": "新北林工字第1153729417號",
        "project_name": "B15C5052B綠洲一號(股)公司新設用電",
        "organizer": "台灣電力股份有限公司台北西區營業處",
        "district": "林口區",
        "address": "林口區湖南里村里文林一街123號",
        "start_date": "2026-04-27",
        "end_date": "2026-05-05",
        "date_range": "1150427~1150505",
        "status": "已核發許可證"
      }
    },
    {
      "type": "Feature",
      "geometry": {
        "type": "Point",
        "coordinates": [
          121.437306,
          25.0847976
        ]
      },
      "properties": {
        "source_city": "新北市",
        "source": "新北市政府道路挖掘資訊",
        "case_no": "1153656690",
        "project_name": "蘆洲服務所114-115年度管線設備維修工程(支援泰山所修漏)",
        "organizer": "台灣自來水公司第十二區管理處泰山營運所",
        "district": "五股區",
        "address": "五股區五股里村里工商路85巷18弄8號",
        "start_date": "2026-03-30",
        "end_date": "2026-05-09",
        "date_range": "1150330~1150509",
        "status": "已核發許可證"
      }
    },
    {
      "type": "Feature",
      "geometry": {
        "type": "Point",
        "coordinates": [
          121.413579,
          25.0850549
        ]
      },
      "properties": {
        "source_city": "新北市",
        "source": "新北市政府道路挖掘資訊",
        "case_no": "1153656691",
        "project_name": "蘆洲服務所114-115年度管線設備維修工程(支援泰山所修漏)",
        "organizer": "台灣自來水公司第十二區管理處泰山營運所",
        "district": "五股區",
        "address": "五股區五龍里村里壟鈎路20-1號",
        "start_date": "2026-03-30",
        "end_date": "2026-05-09",
        "date_range": "1150330~1150509",
        "status": "已核發許可證"
      }
    },
    {
      "type": "Feature",
      "geometry": {
        "type": "Point",
        "coordinates": [
          121.5188896,
          24.9846684
        ]
      },
      "properties": {
        "source_city": "新北市",
        "source": "新北市政府道路挖掘資訊",
        "case_no": "1153304492",
        "project_name": "新北市政府交通局(35918)-申請包燈新設用電工程",
        "organizer": "台灣電力股份有限公司台北南區營業處",
        "district": "新店區",
        "address": "新店區永安里村里新和街",
        "start_date": "2026-04-10",
        "end_date": "2026-05-08",
        "date_range": "1150410~1150508",
        "status": "已核發許可證"
      }
    },
    {
      "type": "Feature",
      "geometry": {
        "type": "Point",
        "coordinates": [
          121.4481079,
          25.0479333
        ]
      },
      "properties": {
        "source_city": "新北市",
        "source": "新北市政府道路挖掘資訊",
        "case_no": "新北莊工字第1153244216號",
        "project_name": "B15D5045B豐源水產有限公司用電新設孔蓋提升",
        "organizer": "台灣電力股份有限公司台北西區營業處",
        "district": "新莊區",
        "address": "新莊區中港里村里中誠街142巷13弄",
        "start_date": "2026-04-13",
        "end_date": "2026-06-13",
        "date_range": "1150413~1150613",
        "status": "已核發許可證"
      }
    },
    {
      "type": "Feature",
      "geometry": {
        "type": "Point",
        "coordinates": [
          121.4231961,
          24.9829168
        ]
      },
      "properties": {
        "source_city": "新北市",
        "source": "新北市政府道路挖掘資訊",
        "case_no": "1153428825",
        "project_name": "新北市大眾捷運系統萬大-中和-樹林線",
        "organizer": "新北市政府捷運工程局",
        "district": "樹林區",
        "address": "樹林區和平里村里中華路",
        "start_date": "2026-04-13",
        "end_date": "2026-05-05",
        "date_range": "1150413~1150505",
        "status": "已核發許可證"
      }
    },
    {
      "type": "Feature",
      "geometry": {
        "type": "Point",
        "coordinates": [
          121.4624322,
          25.0818585
        ]
      },
      "properties": {
        "source_city": "新北市",
        "source": "新北市政府道路挖掘資訊",
        "case_no": "新北蘆工字第1153389550號",
        "project_name": "蘆洲服務所114-115年度管線設備維修工程",
        "organizer": "台灣自來水公司第十二區管理處蘆洲服務所",
        "district": "蘆洲區",
        "address": "蘆洲區忠義里村里長安街102巷51號",
        "start_date": "2026-03-31",
        "end_date": "2026-05-09",
        "date_range": "1150331~1150509",
        "status": "已核發許可證"
      }
    },
    {
      "type": "Feature",
      "geometry": {
        "type": "Point",
        "coordinates": [
          121.5271746,
          24.9793911
        ]
      },
      "properties": {
        "source_city": "新北市",
        "source": "新北市政府道路挖掘資訊",
        "case_no": "1153305351",
        "project_name": "114年度新北市增購公車候車亭設備案(第2期)",
        "organizer": "新北市政府交通局",
        "district": "新店區",
        "address": "新店區中山里村里央北二路",
        "start_date": "2026-04-15",
        "end_date": "2026-05-06",
        "date_range": "1150415~1150506",
        "status": "已核發許可證"
      }
    },
    {
      "type": "Feature",
      "geometry": {
        "type": "Point",
        "coordinates": [
          121.3294608,
          24.9335192
        ]
      },
      "properties": {
        "source_city": "新北市",
        "source": "新北市政府道路挖掘資訊",
        "case_no": "1153457083",
        "project_name": "自來水漏水緊急搶修工程(中正三路335巷36之2號)",
        "organizer": "台灣自來水公司第十二區管理處鶯歌服務所",
        "district": "鶯歌區",
        "address": "鶯歌區二橋里村里中正三路335巷36之2號",
        "start_date": "2026-03-31",
        "end_date": "2026-05-10",
        "date_range": "1150331~1150510",
        "status": "已核發許可證"
      }
    },
    {
      "type": "Feature",
      "geometry": {
        "type": "Point",
        "coordinates": [
          121.6506516,
          25.0743595
        ]
      },
      "properties": {
        "source_city": "新北市",
        "source": "新北市政府道路挖掘資訊",
        "case_no": "1153629675",
        "project_name": "(1260263)4C2395B-新北市政府交通局申請用電",
        "organizer": "台灣電力股份有限公司基隆區營業處",
        "district": "汐止區",
        "address": "汐止區江北里村里汐萬路一段284號",
        "start_date": "2026-04-10",
        "end_date": "2026-05-07",
        "date_range": "1150410~1150507",
        "status": "已核發許可證"
      }
    },
    {
      "type": "Feature",
      "geometry": {
        "type": "Point",
        "coordinates": [
          121.4146998,
          24.9812318
        ]
      },
      "properties": {
        "source_city": "新北市",
        "source": "新北市政府道路挖掘資訊",
        "case_no": "1153431278",
        "project_name": "樹林服務所115年度管線設備維修工程",
        "organizer": "台灣自來水公司第十二區管理處樹林服務所",
        "district": "樹林區",
        "address": "樹林區東陽里村里東榮街147巷19號",
        "start_date": "2026-04-01",
        "end_date": "2026-05-09",
        "date_range": "1150401~1150509",
        "status": "已核發許可證"
      }
    },
    {
      "type": "Feature",
      "geometry": {
        "type": "Point",
        "coordinates": [
          121.349876,
          24.9543772
        ]
      },
      "properties": {
        "source_city": "新北市",
        "source": "新北市政府道路挖掘資訊",
        "case_no": "1153457192",
        "project_name": "自來水漏水緊急搶修工程(南雅路9號)",
        "organizer": "台灣自來水公司第十二區管理處鶯歌服務所",
        "district": "鶯歌區",
        "address": "鶯歌區南鶯里村里南雅路9號",
        "start_date": "2026-04-01",
        "end_date": "2026-05-10",
        "date_range": "1150401~1150510",
        "status": "已核發許可證"
      }
    },
    {
      "type": "Feature",
      "geometry": {
        "type": "Point",
        "coordinates": [
          121.6353421,
          25.0656701
        ]
      },
      "properties": {
        "source_city": "新北市",
        "source": "新北市政府道路挖掘資訊",
        "case_no": "1153629670",
        "project_name": "(1260433)4C2576B-台灣普克二四股份有限公司申請用電",
        "organizer": "台灣電力股份有限公司基隆區營業處",
        "district": "汐止區",
        "address": "汐止區福德里村里福德一路186號",
        "start_date": "2026-04-03",
        "end_date": "2026-05-07",
        "date_range": "1150403~1150507",
        "status": "已核發許可證"
      }
    },
    {
      "type": "Feature",
      "geometry": {
        "type": "Point",
        "coordinates": [
          121.6315176,
          25.0627498
        ]
      },
      "properties": {
        "source_city": "新北市",
        "source": "新北市政府道路挖掘資訊",
        "case_no": "1153629674",
        "project_name": "(1260340)4C2514B-新北市政府水利局申請用電",
        "organizer": "台灣電力股份有限公司基隆區營業處",
        "district": "汐止區",
        "address": "汐止區中興里村里環河街1-1號",
        "start_date": "2026-04-03",
        "end_date": "2026-05-07",
        "date_range": "1150403~1150507",
        "status": "已核發許可證"
      }
    },
    {
      "type": "Feature",
      "geometry": {
        "type": "Point",
        "coordinates": [
          121.4091834,
          25.1582793
        ]
      },
      "properties": {
        "source_city": "新北市",
        "source": "新北市政府道路挖掘資訊",
        "case_no": "1153756402",
        "project_name": "B14A5366B台電台北西區申請用電",
        "organizer": "台灣電力股份有限公司台北西區營業處",
        "district": "八里區",
        "address": "八里區頂罟里村里文昌路91號",
        "start_date": "2026-04-20",
        "end_date": "2026-05-04",
        "date_range": "1150420~1150504",
        "status": "已核發許可證"
      }
    },
    {
      "type": "Feature",
      "geometry": {
        "type": "Point",
        "coordinates": [
          121.4378555,
          25.0833501
        ]
      },
      "properties": {
        "source_city": "新北市",
        "source": "新北市政府道路挖掘資訊",
        "case_no": "新北工養字第1154652433號",
        "project_name": "B14A5369B台電台北西區申請用電",
        "organizer": "台灣電力股份有限公司台北西區營業處",
        "district": "五股區",
        "address": "五股區五股里村里成泰路二段51-1號",
        "start_date": "2026-04-30",
        "end_date": "2026-05-08",
        "date_range": "1150430~1150508",
        "status": "已核發許可證"
      }
    },
    {
      "type": "Feature",
      "geometry": {
        "type": "Point",
        "coordinates": [
          121.5291999,
          24.9615424
        ]
      },
      "properties": {
        "source_city": "新北市",
        "source": "新北市政府道路挖掘資訊",
        "case_no": "新北工養字第1154647397號",
        "project_name": "TPC(35749-1)-孔蓋提升及周邊加固工程",
        "organizer": "台灣電力股份有限公司台北南區營業處",
        "district": "新店區",
        "address": "新店區頂城里村里安康路一段35號",
        "start_date": "2026-04-16",
        "end_date": "2026-05-07",
        "date_range": "1150416~1150507",
        "status": "已核發許可證"
      }
    },
    {
      "type": "Feature",
      "geometry": {
        "type": "Point",
        "coordinates": [
          121.3871464,
          25.0902249
        ]
      },
      "properties": {
        "source_city": "新北市",
        "source": "新北市政府道路挖掘資訊",
        "case_no": "新北林工字第1153728912號",
        "project_name": "林口區湖北里2~7鄰汰換管線工程(M04-M06)",
        "organizer": "台灣自來水公司第二區管理處林口服務所",
        "district": "林口區",
        "address": "林口區湖北里村里湖子路17號",
        "start_date": "2026-04-13",
        "end_date": "2026-05-18",
        "date_range": "1150413~1150518",
        "status": "已核發許可證"
      }
    },
    {
      "type": "Feature",
      "geometry": {
        "type": "Point",
        "coordinates": [
          121.509518,
          25.0159082
        ]
      },
      "properties": {
        "source_city": "新北市",
        "source": "新北市政府道路挖掘資訊",
        "case_no": "1153118902",
        "project_name": "36000-漢皇開發股份有限公司-線路遷移工程",
        "organizer": "台灣電力股份有限公司台北南區營業處",
        "district": "永和區",
        "address": "永和區文化里村里保安路80號",
        "start_date": "2026-04-27",
        "end_date": "2026-05-05",
        "date_range": "1150427~1150505",
        "status": "已核發許可證"
      }
    },
    {
      "type": "Feature",
      "geometry": {
        "type": "Point",
        "coordinates": [
          121.4676415,
          25.0825656
        ]
      },
      "properties": {
        "source_city": "新北市",
        "source": "新北市政府道路挖掘資訊",
        "case_no": "新北蘆工字第1153389549號",
        "project_name": "蘆洲服務所114-115年度管線設備維修工程",
        "organizer": "台灣自來水公司第十二區管理處蘆洲服務所",
        "district": "蘆洲區",
        "address": "蘆洲區中華里村里光華路87巷",
        "start_date": "2026-04-02",
        "end_date": "2026-05-09",
        "date_range": "1150402~1150509",
        "status": "已核發許可證"
      }
    },
    {
      "type": "Feature",
      "geometry": {
        "type": "Point",
        "coordinates": [
          121.4620555,
          25.0252175
        ]
      },
      "properties": {
        "source_city": "新北市",
        "source": "新北市政府道路挖掘資訊",
        "case_no": "1153026282",
        "project_name": "護板支114-017瓦斯管線埋設工程",
        "organizer": "新海瓦斯股份有限公司",
        "district": "板橋區",
        "address": "板橋區新翠里村里英士路5、17號",
        "start_date": "2026-04-10",
        "end_date": "2026-05-15",
        "date_range": "1150410~1150515",
        "status": "已核發許可證"
      }
    },
    {
      "type": "Feature",
      "geometry": {
        "type": "Point",
        "coordinates": [
          121.4959583,
          25.0801122
        ]
      },
      "properties": {
        "source_city": "新北市",
        "source": "新北市政府道路挖掘資訊",
        "case_no": "115東區4-2",
        "project_name": "護工本115-004瓦斯管線汰換埋設工程",
        "organizer": "新海瓦斯股份有限公司",
        "district": "三重區",
        "address": "三重區五常里村里五華街3巷1~7號",
        "start_date": "2026-04-13",
        "end_date": "2026-05-13",
        "date_range": "1150413~1150513",
        "status": "已核發許可證"
      }
    },
    {
      "type": "Feature",
      "geometry": {
        "type": "Point",
        "coordinates": [
          121.5190771,
          25.0098113
        ]
      },
      "properties": {
        "source_city": "新北市",
        "source": "新北市政府道路挖掘資訊",
        "case_no": "1153118605",
        "project_name": "新北市永和地區污水下水道系統第二期第五-1標工程",
        "organizer": "新北市政府水利局污水下水道工程科",
        "district": "永和區",
        "address": "永和區豫溪里村里豫溪街",
        "start_date": "2026-04-07",
        "end_date": "2026-05-31",
        "date_range": "1150407~1150531",
        "status": "已核發許可證"
      }
    },
    {
      "type": "Feature",
      "geometry": {
        "type": "Point",
        "coordinates": [
          121.4272396,
          25.0293294
        ]
      },
      "properties": {
        "source_city": "新北市",
        "source": "新北市政府道路挖掘資訊",
        "case_no": "新北莊工字第1153244699",
        "project_name": "B15D5046B台電線路改善工程",
        "organizer": "台灣電力股份有限公司台北西區營業處",
        "district": "新莊區",
        "address": "新莊區福營里村里福營路224巷",
        "start_date": "2026-04-22",
        "end_date": "2026-07-31",
        "date_range": "1150422~1150731",
        "status": "已核發許可證"
      }
    },
    {
      "type": "Feature",
      "geometry": {
        "type": "Point",
        "coordinates": [
          121.5153194,
          25.0096832
        ]
      },
      "properties": {
        "source_city": "新北市",
        "source": "新北市政府道路挖掘資訊",
        "case_no": "1153118606",
        "project_name": "新北市永和地區污水下水道系統第二期第五-1標工程",
        "organizer": "新北市政府水利局污水下水道工程科",
        "district": "永和區",
        "address": "永和區豫溪里村里豫溪街26號",
        "start_date": "2026-04-11",
        "end_date": "2026-06-30",
        "date_range": "1150411~1150630",
        "status": "已核發許可證"
      }
    },
    {
      "type": "Feature",
      "geometry": {
        "type": "Point",
        "coordinates": [
          121.4145508,
          25.02567
        ]
      },
      "properties": {
        "source_city": "新北市",
        "source": "新北市政府道路挖掘資訊",
        "case_no": "新北莊工字第1153244763",
        "project_name": "新莊服務所115年度管線設備維修工程",
        "organizer": "台灣自來水公司第十二區管理處新莊服務所",
        "district": "新莊區",
        "address": "新莊區雙鳳里村里天泉二街26巷2號",
        "start_date": "2026-04-03",
        "end_date": "2026-05-15",
        "date_range": "1150403~1150515",
        "status": "已核發許可證"
      }
    },
    {
      "type": "Feature",
      "geometry": {
        "type": "Point",
        "coordinates": [
          121.4720695,
          25.0520071
        ]
      },
      "properties": {
        "source_city": "新北市",
        "source": "新北市政府道路挖掘資訊",
        "case_no": "115西區4-1",
        "project_name": "B14D5523B台電饋線改善管挖及孔蓋提升工程",
        "organizer": "台灣電力股份有限公司台北西區營業處",
        "district": "三重區",
        "address": "三重區谷王里村里光復路一段99巷",
        "start_date": "2026-04-16",
        "end_date": "2026-05-08",
        "date_range": "1150416~1150508",
        "status": "已核發許可證"
      }
    },
    {
      "type": "Feature",
      "geometry": {
        "type": "Point",
        "coordinates": [
          121.4263545,
          25.0285464
        ]
      },
      "properties": {
        "source_city": "新北市",
        "source": "新北市政府道路挖掘資訊",
        "case_no": "新北莊工字第1153244215",
        "project_name": "B14D5469B新北市政府交通局(智慧型站牌)用電新設",
        "organizer": "台灣電力股份有限公司台北西區營業處",
        "district": "新莊區",
        "address": "新莊區福營里村里建福路32號",
        "start_date": "2026-04-17",
        "end_date": "2026-07-17",
        "date_range": "1150417~1150717",
        "status": "已核發許可證"
      }
    },
    {
      "type": "Feature",
      "geometry": {
        "type": "Point",
        "coordinates": [
          121.3328985,
          24.9599715
        ]
      },
      "properties": {
        "source_city": "新北市",
        "source": "新北市政府道路挖掘資訊",
        "case_no": "1153457517",
        "project_name": "/孔蓋提升工程G515341",
        "organizer": "中華電信股份有限公司新北營運處第一客戶網路中心",
        "district": "鶯歌區",
        "address": "鶯歌區鳳祥里村里德昌街74號",
        "start_date": "2026-04-16",
        "end_date": "2026-05-08",
        "date_range": "1150416~1150508",
        "status": "已核發許可證"
      }
    },
    {
      "type": "Feature",
      "geometry": {
        "type": "Point",
        "coordinates": [
          121.4097387,
          25.0327084
        ]
      },
      "properties": {
        "source_city": "新北市",
        "source": "新北市政府道路挖掘資訊",
        "case_no": "新北莊工字第1153244218",
        "project_name": "新莊區壽山路及青山路等汰換管線工程",
        "organizer": "台灣自來水公司第十二區管理處新莊服務所",
        "district": "新莊區",
        "address": "新莊區丹鳳里村里壽山路61號",
        "start_date": "2026-04-14",
        "end_date": "2026-05-11",
        "date_range": "1150414~1150511",
        "status": "已核發許可證"
      }
    },
    {
      "type": "Feature",
      "geometry": {
        "type": "Point",
        "coordinates": [
          121.4849658,
          24.9992087
        ]
      },
      "properties": {
        "source_city": "新北市",
        "source": "新北市政府道路挖掘資訊",
        "case_no": "1153184663",
        "project_name": "自來水漏水緊急搶修工程",
        "organizer": "臺北自來水事業處西區營業分處",
        "district": "中和區",
        "address": "中和區平河里村里中正路733號",
        "start_date": "2026-04-06",
        "end_date": "2026-05-03",
        "date_range": "1150406~1150503",
        "status": "已核發許可證"
      }
    },
    {
      "type": "Feature",
      "geometry": {
        "type": "Point",
        "coordinates": [
          121.4139926,
          24.9815151
        ]
      },
      "properties": {
        "source_city": "新北市",
        "source": "新北市政府道路挖掘資訊",
        "case_no": "1153431279",
        "project_name": "樹林服務所115年度管線設備維修工程",
        "organizer": "台灣自來水公司第十二區管理處樹林服務所",
        "district": "樹林區",
        "address": "樹林區東陽里村里東榮街202號",
        "start_date": "2026-04-07",
        "end_date": "2026-05-09",
        "date_range": "1150407~1150509",
        "status": "已核發許可證"
      }
    },
    {
      "type": "Feature",
      "geometry": {
        "type": "Point",
        "coordinates": [
          121.378469,
          24.9633847
        ]
      },
      "properties": {
        "source_city": "新北市",
        "source": "新北市政府道路挖掘資訊",
        "case_no": "1153457516",
        "project_name": "/孔蓋提升工程G515211",
        "organizer": "中華電信股份有限公司新北營運處第一客戶網路中心",
        "district": "鶯歌區",
        "address": "鶯歌區建德里村里中正一路",
        "start_date": "2026-04-16",
        "end_date": "2026-05-08",
        "date_range": "1150416~1150508",
        "status": "已核發許可證"
      }
    },
    {
      "type": "Feature",
      "geometry": {
        "type": "Point",
        "coordinates": [
          121.3369294,
          24.9402386
        ]
      },
      "properties": {
        "source_city": "新北市",
        "source": "新北市政府道路挖掘資訊",
        "case_no": "1153457518",
        "project_name": "/孔蓋提升工程G515331",
        "organizer": "中華電信股份有限公司新北營運處第一客戶網路中心",
        "district": "鶯歌區",
        "address": "鶯歌區二橋里村里中正三路151號",
        "start_date": "2026-04-14",
        "end_date": "2026-05-08",
        "date_range": "1150414~1150508",
        "status": "已核發許可證"
      }
    },
    {
      "type": "Feature",
      "geometry": {
        "type": "Point",
        "coordinates": [
          121.4637534,
          24.9959153
        ]
      },
      "properties": {
        "source_city": "新北市",
        "source": "新北市政府道路挖掘資訊",
        "case_no": "1153026972",
        "project_name": "19303良將建設有限公司-孔蓋提升及周邊加固",
        "organizer": "台灣電力股份有限公司台北南區營業處",
        "district": "板橋區",
        "address": "板橋區廣福里村里和平路222號",
        "start_date": "2026-04-21",
        "end_date": "2026-05-15",
        "date_range": "1150421~1150515",
        "status": "已核發許可證"
      }
    },
    {
      "type": "Feature",
      "geometry": {
        "type": "Point",
        "coordinates": [
          121.4970581,
          25.0608286
        ]
      },
      "properties": {
        "source_city": "新北市",
        "source": "新北市政府道路挖掘資訊",
        "case_no": "115南區4-1",
        "project_name": "護三支115-008瓦斯管線埋設工程",
        "organizer": "新海瓦斯股份有限公司",
        "district": "三重區",
        "address": "三重區仁德里村里正義南路37巷",
        "start_date": "2026-04-14",
        "end_date": "2026-05-12",
        "date_range": "1150414~1150512",
        "status": "已核發許可證"
      }
    },
    {
      "type": "Feature",
      "geometry": {
        "type": "Point",
        "coordinates": [
          121.4151851,
          24.9811271
        ]
      },
      "properties": {
        "source_city": "新北市",
        "source": "新北市政府道路挖掘資訊",
        "case_no": "1153431370",
        "project_name": "樹林服務所115年度管線設備維修工程",
        "organizer": "台灣自來水公司第十二區管理處樹林服務所",
        "district": "樹林區",
        "address": "樹林區東陽里村里東華街70巷2號",
        "start_date": "2026-04-08",
        "end_date": "2026-05-09",
        "date_range": "1150408~1150509",
        "status": "已核發許可證"
      }
    },
    {
      "type": "Feature",
      "geometry": {
        "type": "Point",
        "coordinates": [
          121.5044165,
          24.9837552
        ]
      },
      "properties": {
        "source_city": "新北市",
        "source": "新北市政府道路挖掘資訊",
        "case_no": "1153185033",
        "project_name": "自來水漏水緊急搶修工程",
        "organizer": "臺北自來水事業處西區營業分處",
        "district": "中和區",
        "address": "中和區壽南里村里興南路二段124號",
        "start_date": "2026-04-08",
        "end_date": "2026-05-03",
        "date_range": "1150408~1150503",
        "status": "已核發許可證"
      }
    },
    {
      "type": "Feature",
      "geometry": {
        "type": "Point",
        "coordinates": [
          121.4162575,
          25.0082184
        ]
      },
      "properties": {
        "source_city": "新北市",
        "source": "新北市政府道路挖掘資訊",
        "case_no": "1150668102",
        "project_name": "樹林服務所用戶用水設備新(改)裝工作勞務採購114年度(開口契約)",
        "organizer": "台灣自來水公司第十二區管理處樹林服務所",
        "district": "樹林區",
        "address": "樹林區獇寮里村里中正路421-2號",
        "start_date": "2026-04-13",
        "end_date": "2026-05-16",
        "date_range": "1150413~1150516",
        "status": "已核發許可證"
      }
    },
    {
      "type": "Feature",
      "geometry": {
        "type": "Point",
        "coordinates": [
          121.4763044,
          24.9444752
        ]
      },
      "properties": {
        "source_city": "新北市",
        "source": "新北市政府道路挖掘資訊",
        "case_no": "1153305618",
        "project_name": "台電北南區處營業處(35988-2)-電纜直埋改善工程",
        "organizer": "台灣電力股份有限公司台北南區營業處",
        "district": "新店區",
        "address": "新店區日興里村里安康路三段660巷1號",
        "start_date": "2026-04-16",
        "end_date": "2026-05-20",
        "date_range": "1150416~1150520",
        "status": "已核發許可證"
      }
    },
    {
      "type": "Feature",
      "geometry": {
        "type": "Point",
        "coordinates": [
          121.4971092,
          25.0834538
        ]
      },
      "properties": {
        "source_city": "新北市",
        "source": "新北市政府道路挖掘資訊",
        "case_no": "115東區4-4",
        "project_name": "B14A5245B台電台北西區申請用電",
        "organizer": "台灣電力股份有限公司台北西區營業處",
        "district": "三重區",
        "address": "三重區五福里村里自強路五段",
        "start_date": "2026-04-20",
        "end_date": "2026-05-07",
        "date_range": "1150420~1150507",
        "status": "已核發許可證"
      }
    },
    {
      "type": "Feature",
      "geometry": {
        "type": "Point",
        "coordinates": [
          121.5174912,
          25.0096157
        ]
      },
      "properties": {
        "source_city": "新北市",
        "source": "新北市政府道路挖掘資訊",
        "case_no": "1153118681",
        "project_name": "新北市永和地區污水下水道系統第二期第五-1標工程",
        "organizer": "新北市政府水利局污水下水道工程科",
        "district": "永和區",
        "address": "永和區豫溪里村里中正路680巷",
        "start_date": "2026-04-09",
        "end_date": "2026-05-31",
        "date_range": "1150409~1150531",
        "status": "已核發許可證"
      }
    },
    {
      "type": "Feature",
      "geometry": {
        "type": "Point",
        "coordinates": [
          121.427049,
          25.0245228
        ]
      },
      "properties": {
        "source_city": "新北市",
        "source": "新北市政府道路挖掘資訊",
        "case_no": "新北莊工字第1153244700",
        "project_name": "B15D5053B宏柏建設有限公司孔蓋提升",
        "organizer": "台灣電力股份有限公司台北西區營業處",
        "district": "新莊區",
        "address": "新莊區建安里村里建安街62巷",
        "start_date": "2026-04-22",
        "end_date": "2026-06-13",
        "date_range": "1150422~1150613",
        "status": "已核發許可證"
      }
    },
    {
      "type": "Feature",
      "geometry": {
        "type": "Point",
        "coordinates": [
          121.5394336,
          24.9782367
        ]
      },
      "properties": {
        "source_city": "新北市",
        "source": "新北市政府道路挖掘資訊",
        "case_no": "1153305617",
        "project_name": "TPC(35949)-路基改善工程",
        "organizer": "台灣電力股份有限公司台北南區營業處",
        "district": "新店區",
        "address": "新店區明德里村里建國路",
        "start_date": "2026-04-16",
        "end_date": "2026-05-12",
        "date_range": "1150416~1150512",
        "status": "已核發許可證"
      }
    },
    {
      "type": "Feature",
      "geometry": {
        "type": "Point",
        "coordinates": [
          121.3729186,
          24.9361661
        ]
      },
      "properties": {
        "source_city": "新北市",
        "source": "新北市政府道路挖掘資訊",
        "case_no": "新北峽工字第1153500532號",
        "project_name": "自來水漏水緊急搶修工程(文化路44號)",
        "organizer": "台灣自來水公司第十二區管理處鶯歌服務所",
        "district": "三峽區",
        "address": "三峽區永舘里村里文化路44號",
        "start_date": "2026-04-09",
        "end_date": "2026-05-10",
        "date_range": "1150409~1150510",
        "status": "已核發許可證"
      }
    },
    {
      "type": "Feature",
      "geometry": {
        "type": "Point",
        "coordinates": [
          121.4412839,
          25.0479239
        ]
      },
      "properties": {
        "source_city": "新北市",
        "source": "新北市政府道路挖掘資訊",
        "case_no": "新北工養字第1154648910號",
        "project_name": "泰山營運所115年度管線設備維修工程(泰林路一段路燈編號355180對面)",
        "organizer": "台灣自來水公司第十二區管理處泰山營運所",
        "district": "泰山區",
        "address": "泰山區義仁里村里泰林路一段",
        "start_date": "2026-04-10",
        "end_date": "2026-05-03",
        "date_range": "1150410~1150503",
        "status": "已核發許可證"
      }
    },
    {
      "type": "Feature",
      "geometry": {
        "type": "Point",
        "coordinates": [
          121.4175892,
          25.0245711
        ]
      },
      "properties": {
        "source_city": "新北市",
        "source": "新北市政府道路挖掘資訊",
        "case_no": "新北莊工字第1153245237",
        "project_name": "新莊服務所115年度管線設備維修工程",
        "organizer": "台灣自來水公司第十二區管理處新莊服務所",
        "district": "新莊區",
        "address": "新莊區裕民里村里裕民街54巷27號",
        "start_date": "2026-04-10",
        "end_date": "2026-05-15",
        "date_range": "1150410~1150515",
        "status": "已核發許可證"
      }
    },
    {
      "type": "Feature",
      "geometry": {
        "type": "Point",
        "coordinates": [
          121.4493398,
          25.1039877
        ]
      },
      "properties": {
        "source_city": "新北市",
        "source": "新北市政府道路挖掘資訊",
        "case_no": "1153656851",
        "project_name": "B14A5371B新北市五股區公所申請用電",
        "organizer": "台灣電力股份有限公司台北西區營業處",
        "district": "五股區",
        "address": "五股區集賢里村里天乙路50巷3弄1號",
        "start_date": "2026-04-20",
        "end_date": "2026-05-04",
        "date_range": "1150420~1150504",
        "status": "已核發許可證"
      }
    },
    {
      "type": "Feature",
      "geometry": {
        "type": "Point",
        "coordinates": [
          121.5109061,
          24.9614732
        ]
      },
      "properties": {
        "source_city": "新北市",
        "source": "新北市政府道路挖掘資訊",
        "case_no": "1153306581",
        "project_name": "114西區A管網改善工程",
        "organizer": "臺北自來水事業處西區營業分處",
        "district": "新店區",
        "address": "新店區安昌里村里安德街71巷",
        "start_date": "2026-04-20",
        "end_date": "2026-05-22",
        "date_range": "1150420~1150522",
        "status": "已核發許可證"
      }
    },
    {
      "type": "Feature",
      "geometry": {
        "type": "Point",
        "coordinates": [
          121.4558043,
          25.0411873
        ]
      },
      "properties": {
        "source_city": "新北市",
        "source": "新北市政府道路挖掘資訊",
        "case_no": "新北莊工字第1153245242號",
        "project_name": "114年乙工區人手孔蓋升降及周邊加固工作",
        "organizer": "台灣電力股份有限公司台北西區營業處",
        "district": "新莊區",
        "address": "新莊區中美里村里長青街37巷22弄2號",
        "start_date": "2026-04-11",
        "end_date": "2026-06-27",
        "date_range": "1150411~1150627",
        "status": "已核發許可證"
      }
    },
    {
      "type": "Feature",
      "geometry": {
        "type": "Point",
        "coordinates": [
          121.44516,
          25.0463947
        ]
      },
      "properties": {
        "source_city": "新北市",
        "source": "新北市政府道路挖掘資訊",
        "case_no": "新北莊工字第1153245187號",
        "project_name": "B15D5012B台電孔蓋提升",
        "organizer": "台灣電力股份有限公司台北西區營業處",
        "district": "新莊區",
        "address": "新莊區立基里村里中平路89號",
        "start_date": "2026-04-27",
        "end_date": "2026-07-04",
        "date_range": "1150427~1150704",
        "status": "已核發許可證"
      }
    },
    {
      "type": "Feature",
      "geometry": {
        "type": "Point",
        "coordinates": [
          121.448237,
          24.9882887
        ]
      },
      "properties": {
        "source_city": "新北市",
        "source": "新北市政府道路挖掘資訊",
        "case_no": "346897",
        "project_name": "53682-新北市政府交通局-申請新設智慧型站牌用電工程",
        "organizer": "台灣電力股份有限公司台北南區營業處",
        "district": "土城區",
        "address": "土城區貨饒里村里裕民路31號",
        "start_date": "2026-04-22",
        "end_date": "2026-05-12",
        "date_range": "1150422~1150512",
        "status": "已核發許可證"
      }
    },
    {
      "type": "Feature",
      "geometry": {
        "type": "Point",
        "coordinates": [
          121.4524374,
          25.0212602
        ]
      },
      "properties": {
        "source_city": "新北市",
        "source": "新北市政府道路挖掘資訊",
        "case_no": "1153027547",
        "project_name": "19292-簡O銘-申請新設用電工程",
        "organizer": "台灣電力股份有限公司台北南區營業處",
        "district": "板橋區",
        "address": "板橋區中正里村里永翠路",
        "start_date": "2026-04-27",
        "end_date": "2026-05-05",
        "date_range": "1150427~1150505",
        "status": "已核發許可證"
      }
    },
    {
      "type": "Feature",
      "geometry": {
        "type": "Point",
        "coordinates": [
          121.4549254,
          25.0503764
        ]
      },
      "properties": {
        "source_city": "新北市",
        "source": "新北市政府道路挖掘資訊",
        "case_no": "新北莊工字第1153245625號",
        "project_name": "B15D5057B-6台電變電所新增饋線孔蓋提升",
        "organizer": "台灣電力股份有限公司台北西區營業處",
        "district": "新莊區",
        "address": "新莊區信義里村里幸福路64巷",
        "start_date": "2026-04-25",
        "end_date": "2026-07-31",
        "date_range": "1150425~1150731",
        "status": "已核發許可證"
      }
    },
    {
      "type": "Feature",
      "geometry": {
        "type": "Point",
        "coordinates": [
          121.4006495,
          24.9712787
        ]
      },
      "properties": {
        "source_city": "新北市",
        "source": "新北市政府道路挖掘資訊",
        "case_no": "1153431369",
        "project_name": "樹林服務所115年度管線設備維修工程",
        "organizer": "台灣自來水公司第十二區管理處樹林服務所",
        "district": "樹林區",
        "address": "樹林區山佳里村里新興街37巷12弄22號",
        "start_date": "2026-04-13",
        "end_date": "2026-05-09",
        "date_range": "1150413~1150509",
        "status": "已核發許可證"
      }
    },
    {
      "type": "Feature",
      "geometry": {
        "type": "Point",
        "coordinates": [
          121.4924941,
          25.0005411
        ]
      },
      "properties": {
        "source_city": "新北市",
        "source": "新北市政府道路挖掘資訊",
        "case_no": "1153185748",
        "project_name": "28695旭電馳科研股份有限公司-新設用電",
        "organizer": "台灣電力股份有限公司台北南區營業處",
        "district": "中和區",
        "address": "中和區碧河里村里板南路",
        "start_date": "2026-04-27",
        "end_date": "2026-05-05",
        "date_range": "1150427~1150505",
        "status": "已核發許可證"
      }
    },
    {
      "type": "Feature",
      "geometry": {
        "type": "Point",
        "coordinates": [
          121.3735347,
          25.0866622
        ]
      },
      "properties": {
        "source_city": "新北市",
        "source": "新北市政府道路挖掘資訊",
        "case_no": "新北林工字第1153730802號",
        "project_name": "機房設施管道工程",
        "organizer": "新世紀資通股份有限公司(北二維運部)",
        "district": "林口區",
        "address": "林口區湖南里村里文化北路二段",
        "start_date": "2026-04-29",
        "end_date": "2026-05-07",
        "date_range": "1150429~1150507",
        "status": "已核發許可證"
      }
    },
    {
      "type": "Feature",
      "geometry": {
        "type": "Point",
        "coordinates": [
          121.4456183,
          25.0936054
        ]
      },
      "properties": {
        "source_city": "新北市",
        "source": "新北市政府道路挖掘資訊",
        "case_no": "1153657375",
        "project_name": "泰山營運所115年度管線設備維修工程(成泰路三段221巷20號)",
        "organizer": "台灣自來水公司第十二區管理處泰山營運所",
        "district": "五股區",
        "address": "五股區成功里村里成泰路三段221巷20號",
        "start_date": "2026-04-15",
        "end_date": "2026-05-03",
        "date_range": "1150415~1150503",
        "status": "已核發許可證"
      }
    },
    {
      "type": "Feature",
      "geometry": {
        "type": "Point",
        "coordinates": [
          121.4590266,
          24.9797764
        ]
      },
      "properties": {
        "source_city": "新北市",
        "source": "新北市政府道路挖掘資訊",
        "case_no": "347008",
        "project_name": "54311台電-淺埋改善",
        "organizer": "台灣電力股份有限公司台北南區營業處",
        "district": "土城區",
        "address": "土城區青雲里村里青雲路256號",
        "start_date": "2026-04-27",
        "end_date": "2026-05-05",
        "date_range": "1150427~1150505",
        "status": "已核發許可證"
      }
    },
    {
      "type": "Feature",
      "geometry": {
        "type": "Point",
        "coordinates": [
          121.3740351,
          24.9014531
        ]
      },
      "properties": {
        "source_city": "新北市",
        "source": "新北市政府道路挖掘資訊",
        "case_no": "新北峽工字第1153500533號",
        "project_name": "自來水漏水緊急搶修工程(添福111-8號)",
        "organizer": "台灣自來水公司第十二區管理處鶯歌服務所",
        "district": "三峽區",
        "address": "三峽區添福里村里添福111-8號號",
        "start_date": "2026-04-13",
        "end_date": "2026-05-10",
        "date_range": "1150413~1150510",
        "status": "已核發許可證"
      }
    },
    {
      "type": "Feature",
      "geometry": {
        "type": "Point",
        "coordinates": [
          121.477432,
          25.0751305
        ]
      },
      "properties": {
        "source_city": "新北市",
        "source": "新北市政府道路挖掘資訊",
        "case_no": "115東區4-8",
        "project_name": "115年北區A管線設備維修工程",
        "organizer": "臺北自來水事業處北區營業分處",
        "district": "三重區",
        "address": "三重區永順里村里永安北路一段17巷24號",
        "start_date": "2026-04-14",
        "end_date": "2026-05-06",
        "date_range": "1150414~1150506",
        "status": "已核發許可證"
      }
    },
    {
      "type": "Feature",
      "geometry": {
        "type": "Point",
        "coordinates": [
          121.4168015,
          24.9537998
        ]
      },
      "properties": {
        "source_city": "新北市",
        "source": "新北市政府道路挖掘資訊",
        "case_no": "1153351740",
        "project_name": "54321-1-TPC-捷運三鶯線新建工程",
        "organizer": "台灣電力股份有限公司台北南區營業處",
        "district": "土城區",
        "address": "土城區祖田里村里福田路",
        "start_date": "2026-04-27",
        "end_date": "2026-05-05",
        "date_range": "1150427~1150505",
        "status": "已核發許可證"
      }
    },
    {
      "type": "Feature",
      "geometry": {
        "type": "Point",
        "coordinates": [
          121.4254067,
          25.0159965
        ]
      },
      "properties": {
        "source_city": "新北市",
        "source": "新北市政府道路挖掘資訊",
        "case_no": "新北莊工字第1153246196號",
        "project_name": "新莊服務所115年度管線設備維修工程",
        "organizer": "台灣自來水公司第十二區管理處新莊服務所",
        "district": "新莊區",
        "address": "新莊區光明里村里民安西路172巷9號",
        "start_date": "2026-04-15",
        "end_date": "2026-05-15",
        "date_range": "1150415~1150515",
        "status": "已核發許可證"
      }
    },
    {
      "type": "Feature",
      "geometry": {
        "type": "Point",
        "coordinates": [
          121.3814466,
          25.1388932
        ]
      },
      "properties": {
        "source_city": "新北市",
        "source": "新北市政府道路挖掘資訊",
        "case_no": "1153757001",
        "project_name": "八里區中山路三段下罟子等汰換管線工程",
        "organizer": "台灣自來水公司第十二區管理處蘆洲服務所",
        "district": "八里區",
        "address": "八里區下罟里村里中山路三段221號",
        "start_date": "2026-04-27",
        "end_date": "2026-05-24",
        "date_range": "1150427~1150524",
        "status": "已核發許可證"
      }
    },
    {
      "type": "Feature",
      "geometry": {
        "type": "Point",
        "coordinates": [
          121.5480454,
          24.9757978
        ]
      },
      "properties": {
        "source_city": "新北市",
        "source": "新北市政府道路挖掘資訊",
        "case_no": "1153306839",
        "project_name": "115年南區A管線設備維修工程採購(開口契約含後續擴充)",
        "organizer": "臺北自來水事業處南區營業分處",
        "district": "新店區",
        "address": "新店區張北里村里中興路二段236巷2-1號",
        "start_date": "2026-04-14",
        "end_date": "2026-05-03",
        "date_range": "1150414~1150503",
        "status": "已核發許可證"
      }
    },
    {
      "type": "Feature",
      "geometry": {
        "type": "Point",
        "coordinates": [
          121.4197294,
          24.9579531
        ]
      },
      "properties": {
        "source_city": "新北市",
        "source": "新北市政府道路挖掘資訊",
        "case_no": "347057",
        "project_name": "土城服務所用戶用水設備新(改)裝工作勞務採購114年度(開口契約)",
        "organizer": "台灣自來水公司第十二區管理處土城服務所",
        "district": "土城區",
        "address": "土城區頂埔里村里科技路",
        "start_date": "2026-04-21",
        "end_date": "2026-05-19",
        "date_range": "1150421~1150519",
        "status": "已核發許可證"
      }
    },
    {
      "type": "Feature",
      "geometry": {
        "type": "Point",
        "coordinates": [
          121.422522,
          24.9601733
        ]
      },
      "properties": {
        "source_city": "新北市",
        "source": "新北市政府道路挖掘資訊",
        "case_no": "347058",
        "project_name": "土城服務所用戶用水設備新(改)裝工作勞務採購114年度(開口契約)",
        "organizer": "台灣自來水公司第十二區管理處土城服務所",
        "district": "土城區",
        "address": "土城區頂埔里村里科技路33號",
        "start_date": "2026-04-24",
        "end_date": "2026-05-19",
        "date_range": "1150424~1150519",
        "status": "已核發許可證"
      }
    },
    {
      "type": "Feature",
      "geometry": {
        "type": "Point",
        "coordinates": [
          121.3762384,
          24.9366171
        ]
      },
      "properties": {
        "source_city": "新北市",
        "source": "新北市政府道路挖掘資訊",
        "case_no": "新北峽工字第1153500534號",
        "project_name": "自來水漏水緊急搶修工程(民生街19巷口)",
        "organizer": "台灣自來水公司第十二區管理處鶯歌服務所",
        "district": "三峽區",
        "address": "三峽區龍埔里村里民生街19巷",
        "start_date": "2026-04-15",
        "end_date": "2026-05-10",
        "date_range": "1150415~1150510",
        "status": "已核發許可證"
      }
    },
    {
      "type": "Feature",
      "geometry": {
        "type": "Point",
        "coordinates": [
          121.6329817,
          25.2252568
        ]
      },
      "properties": {
        "source_city": "新北市",
        "source": "新北市政府道路挖掘資訊",
        "case_no": "1153875092",
        "project_name": "紅樹林管道工程",
        "organizer": "紅樹林有線電視股份有限公司",
        "district": "金山區",
        "address": "金山區美田里村里中山路401巷5號",
        "start_date": "2026-04-27",
        "end_date": "2026-05-05",
        "date_range": "1150427~1150505",
        "status": "已核發許可證"
      }
    },
    {
      "type": "Feature",
      "geometry": {
        "type": "Point",
        "coordinates": [
          121.4627818,
          25.1359585
        ]
      },
      "properties": {
        "source_city": "新北市",
        "source": "新北市政府道路挖掘資訊",
        "case_no": "新北淡工字第1153552599號",
        "project_name": "A250421台電",
        "organizer": "台灣電力股份有限公司台北北區營業處",
        "district": "淡水區",
        "address": "淡水區民生里村里民生路45號",
        "start_date": "2026-04-23",
        "end_date": "2026-05-13",
        "date_range": "1150423~1150513",
        "status": "已核發許可證"
      }
    },
    {
      "type": "Feature",
      "geometry": {
        "type": "Point",
        "coordinates": [
          121.4608309,
          25.1286326
        ]
      },
      "properties": {
        "source_city": "新北市",
        "source": "新北市政府道路挖掘資訊",
        "case_no": "新北新工字第1155140400號",
        "project_name": "A250421台電",
        "organizer": "台灣電力股份有限公司台北北區營業處",
        "district": "淡水區",
        "address": "淡水區民權里村里民權路217號",
        "start_date": "2026-04-23",
        "end_date": "2026-05-06",
        "date_range": "1150423~1150506",
        "status": "已核發許可證"
      }
    },
    {
      "type": "Feature",
      "geometry": {
        "type": "Point",
        "coordinates": [
          121.4401187,
          24.9719645
        ]
      },
      "properties": {
        "source_city": "新北市",
        "source": "新北市政府道路挖掘資訊",
        "case_no": "1153351741",
        "project_name": "54332新北市土城區公所-孔蓋提升及周邊加固",
        "organizer": "台灣電力股份有限公司台北南區營業處",
        "district": "土城區",
        "address": "土城區員仁里村里中央路二段348號",
        "start_date": "2026-04-24",
        "end_date": "2026-05-08",
        "date_range": "1150424~1150508",
        "status": "已核發許可證"
      }
    },
    {
      "type": "Feature",
      "geometry": {
        "type": "Point",
        "coordinates": [
          121.4402555,
          24.9723998
        ]
      },
      "properties": {
        "source_city": "新北市",
        "source": "新北市政府道路挖掘資訊",
        "case_no": "1153351742",
        "project_name": "54333新北市土城區公所-孔蓋提升及周邊加固",
        "organizer": "台灣電力股份有限公司台北南區營業處",
        "district": "土城區",
        "address": "土城區員仁里村里中央路二段328號",
        "start_date": "2026-04-24",
        "end_date": "2026-05-08",
        "date_range": "1150424~1150508",
        "status": "已核發許可證"
      }
    },
    {
      "type": "Feature",
      "geometry": {
        "type": "Point",
        "coordinates": [
          121.4669551,
          25.1616988
        ]
      },
      "properties": {
        "source_city": "新北市",
        "source": "新北市政府道路挖掘資訊",
        "case_no": "新北淡工字第1153552600號",
        "project_name": "C250004雲水綠境管理委員會",
        "organizer": "台灣電力股份有限公司台北北區營業處",
        "district": "淡水區",
        "address": "淡水區竿蓁里村里坪頂路147-1號",
        "start_date": "2026-04-23",
        "end_date": "2026-05-13",
        "date_range": "1150423~1150513",
        "status": "已核發許可證"
      }
    },
    {
      "type": "Feature",
      "geometry": {
        "type": "Point",
        "coordinates": [
          121.518031,
          25.0158749
        ]
      },
      "properties": {
        "source_city": "新北市",
        "source": "新北市政府道路挖掘資訊",
        "case_no": "1153119485",
        "project_name": "天然氣管線汰換工程(永和區博愛街1號-53號)",
        "organizer": "欣欣天然氣股份有限公司",
        "district": "永和區",
        "address": "永和區光復里村里博愛街1號",
        "start_date": "2026-04-20",
        "end_date": "2026-05-18",
        "date_range": "1150420~1150518",
        "status": "已核發許可證"
      }
    },
    {
      "type": "Feature",
      "geometry": {
        "type": "Point",
        "coordinates": [
          121.533689,
          24.9834603
        ]
      },
      "properties": {
        "source_city": "新北市",
        "source": "新北市政府道路挖掘資訊",
        "case_no": "115 3307920",
        "project_name": "115年南區A管線設備維修工程採購(開口契約含後續擴充)",
        "organizer": "臺北自來水事業處南區營業分處",
        "district": "新店區",
        "address": "新店區復興里村里中正路499號",
        "start_date": "2026-04-15",
        "end_date": "2026-05-10",
        "date_range": "1150415~1150510",
        "status": "已核發許可證"
      }
    },
    {
      "type": "Feature",
      "geometry": {
        "type": "Point",
        "coordinates": [
          121.5171165,
          24.9932625
        ]
      },
      "properties": {
        "source_city": "新北市",
        "source": "新北市政府道路挖掘資訊",
        "case_no": "1153186276",
        "project_name": "自來水漏水緊急搶修",
        "organizer": "臺北自來水事業處西區營業分處",
        "district": "中和區",
        "address": "中和區秀明里村里大勇街25巷2號",
        "start_date": "2026-04-16",
        "end_date": "2026-05-03",
        "date_range": "1150416~1150503",
        "status": "已核發許可證"
      }
    },
    {
      "type": "Feature",
      "geometry": {
        "type": "Point",
        "coordinates": [
          121.4743924,
          25.0451153
        ]
      },
      "properties": {
        "source_city": "新北市",
        "source": "新北市政府道路挖掘資訊",
        "case_no": "115西區4-19",
        "project_name": "新莊服務所115年度管線設備維修工程",
        "organizer": "台灣自來水公司第十二區管理處新莊服務所",
        "district": "三重區",
        "address": "三重區五谷里村里五谷王南街46巷6號",
        "start_date": "2026-04-17",
        "end_date": "2026-05-15",
        "date_range": "1150417~1150515",
        "status": "已核發許可證"
      }
    },
    {
      "type": "Feature",
      "geometry": {
        "type": "Point",
        "coordinates": [
          121.5107638,
          24.9916171
        ]
      },
      "properties": {
        "source_city": "新北市",
        "source": "新北市政府道路挖掘資訊",
        "case_no": "1153186275",
        "project_name": "自來水漏水緊急搶修",
        "organizer": "臺北自來水事業處西區營業分處",
        "district": "中和區",
        "address": "中和區景新里村里景新街298巷8號",
        "start_date": "2026-04-16",
        "end_date": "2026-05-03",
        "date_range": "1150416~1150503",
        "status": "已核發許可證"
      }
    },
    {
      "type": "Feature",
      "geometry": {
        "type": "Point",
        "coordinates": [
          121.4114394,
          25.0275205
        ]
      },
      "properties": {
        "source_city": "新北市",
        "source": "新北市政府道路挖掘資訊",
        "case_no": "新北莊工字第1153246050",
        "project_name": "B15C5044B-3饋線改善工程孔蓋提升",
        "organizer": "台灣電力股份有限公司台北西區營業處",
        "district": "新莊區",
        "address": "新莊區雙鳳里村里青山路一段12號",
        "start_date": "2026-04-29",
        "end_date": "2026-07-30",
        "date_range": "1150429~1150730",
        "status": "已核發許可證"
      }
    },
    {
      "type": "Feature",
      "geometry": {
        "type": "Point",
        "coordinates": [
          121.3845547,
          24.9397904
        ]
      },
      "properties": {
        "source_city": "新北市",
        "source": "新北市政府道路挖掘資訊",
        "case_no": "1150780526",
        "project_name": "B14B5329B榮工工程股份有限公司申請用電",
        "organizer": "台灣電力股份有限公司台北西區營業處",
        "district": "三峽區",
        "address": "三峽區龍埔里村里龍埔路",
        "start_date": "2026-04-27",
        "end_date": "2026-05-08",
        "date_range": "1150427~1150508",
        "status": "已核發許可證"
      }
    },
    {
      "type": "Feature",
      "geometry": {
        "type": "Point",
        "coordinates": [
          121.4855776,
          24.9965417
        ]
      },
      "properties": {
        "source_city": "新北市",
        "source": "新北市政府道路挖掘資訊",
        "case_no": "1153186017",
        "project_name": "台固管道工程",
        "organizer": "台灣固網股份有限公司",
        "district": "中和區",
        "address": "中和區平河里村里中正路712號",
        "start_date": "2026-04-27",
        "end_date": "2026-05-05",
        "date_range": "1150427~1150505",
        "status": "已核發許可證"
      }
    },
    {
      "type": "Feature",
      "geometry": {
        "type": "Point",
        "coordinates": [
          121.4070507,
          25.0385874
        ]
      },
      "properties": {
        "source_city": "新北市",
        "source": "新北市政府道路挖掘資訊",
        "case_no": "新北莊工字第1153245911號",
        "project_name": "新莊區壽山路及青山路等汰換管線工程",
        "organizer": "台灣自來水公司第十二區管理處新莊服務所",
        "district": "新莊區",
        "address": "新莊區丹鳳里村里壽山路103號",
        "start_date": "2026-04-24",
        "end_date": "2026-05-15",
        "date_range": "1150424~1150515",
        "status": "已核發許可證"
      }
    },
    {
      "type": "Feature",
      "geometry": {
        "type": "Point",
        "coordinates": [
          121.4843432,
          25.0781215
        ]
      },
      "properties": {
        "source_city": "新北市",
        "source": "新北市政府道路挖掘資訊",
        "case_no": "115東區4-5",
        "project_name": "三重區三和路四段123號~161號前瓦斯管線汰換埋設工程",
        "organizer": "新海瓦斯股份有限公司",
        "district": "三重區",
        "address": "三重區福樂里村里三和路四段123~161號",
        "start_date": "2026-04-22",
        "end_date": "2026-05-20",
        "date_range": "1150422~1150520",
        "status": "已核發許可證"
      }
    },
    {
      "type": "Feature",
      "geometry": {
        "type": "Point",
        "coordinates": [
          121.4978852,
          25.0646232
        ]
      },
      "properties": {
        "source_city": "新北市",
        "source": "新北市政府道路挖掘資訊",
        "case_no": "115北區4-7",
        "project_name": "三重區文化里信義西街54號前",
        "organizer": "新海瓦斯股份有限公司",
        "district": "三重區",
        "address": "三重區文化里村里信義西街54號",
        "start_date": "2026-04-20",
        "end_date": "2026-05-15",
        "date_range": "1150420~1150515",
        "status": "已核發許可證"
      }
    },
    {
      "type": "Feature",
      "geometry": {
        "type": "Point",
        "coordinates": [
          121.4369158,
          25.0855745
        ]
      },
      "properties": {
        "source_city": "新北市",
        "source": "新北市政府道路挖掘資訊",
        "case_no": "1153657376",
        "project_name": "泰山營運所115年度管線設備維修工程(工商路109號)",
        "organizer": "台灣自來水公司第十二區管理處泰山營運所",
        "district": "五股區",
        "address": "五股區五股里村里工商路109號",
        "start_date": "2026-04-18",
        "end_date": "2026-05-03",
        "date_range": "1150418~1150503",
        "status": "已核發許可證"
      }
    },
    {
      "type": "Feature",
      "geometry": {
        "type": "Point",
        "coordinates": [
          121.3345579,
          24.9389857
        ]
      },
      "properties": {
        "source_city": "新北市",
        "source": "新北市政府道路挖掘資訊",
        "case_no": "1153458284",
        "project_name": "地下消防栓盒周邊破損改善工程(中正三路235號)",
        "organizer": "台灣自來水公司第十二區管理處鶯歌服務所",
        "district": "鶯歌區",
        "address": "鶯歌區二橋里村里中正三路235號",
        "start_date": "2026-04-18",
        "end_date": "2026-05-10",
        "date_range": "1150418~1150510",
        "status": "已核發許可證"
      }
    },
    {
      "type": "Feature",
      "geometry": {
        "type": "Point",
        "coordinates": [
          121.4595202,
          24.9872079
        ]
      },
      "properties": {
        "source_city": "新北市",
        "source": "新北市政府道路挖掘資訊",
        "case_no": "347231",
        "project_name": "(南R)115-024社區中壓B管線遭鑽損漏氣道路開挖夾氣緊急搶修汰換作業",
        "organizer": "欣泰石油氣股份有限公司",
        "district": "土城區",
        "address": "土城區青雲里村里青雲路70-2號",
        "start_date": "2026-04-18",
        "end_date": "2026-05-09",
        "date_range": "1150418~1150509",
        "status": "已核發許可證"
      }
    },
    {
      "type": "Feature",
      "geometry": {
        "type": "Point",
        "coordinates": [
          121.5104887,
          24.9898607
        ]
      },
      "properties": {
        "source_city": "新北市",
        "source": "新北市政府道路挖掘資訊",
        "case_no": "1153186658",
        "project_name": "28705-新北市政府工務局養護工程處-人行道拓寬改善工程",
        "organizer": "台灣電力股份有限公司台北南區營業處",
        "district": "中和區",
        "address": "中和區興南里村里興南路一段",
        "start_date": "2026-04-28",
        "end_date": "2026-05-06",
        "date_range": "1150428~1150506",
        "status": "已核發許可證"
      }
    },
    {
      "type": "Feature",
      "geometry": {
        "type": "Point",
        "coordinates": [
          121.4675958,
          25.0884595
        ]
      },
      "properties": {
        "source_city": "新北市",
        "source": "新北市政府道路挖掘資訊",
        "case_no": "新北蘆工字第1153389520號",
        "project_name": "B14A5390B蘆洲區公所申請用電",
        "organizer": "台灣電力股份有限公司台北西區營業處",
        "district": "蘆洲區",
        "address": "蘆洲區保佑里村里中正路192巷2弄2號",
        "start_date": "2026-04-28",
        "end_date": "2026-05-12",
        "date_range": "1150428~1150512",
        "status": "已核發許可證"
      }
    },
    {
      "type": "Feature",
      "geometry": {
        "type": "Point",
        "coordinates": [
          121.4240833,
          24.9989526
        ]
      },
      "properties": {
        "source_city": "新北市",
        "source": "新北市政府道路挖掘資訊",
        "case_no": "1153430585",
        "project_name": "樹林服務所用戶用水設備新(改)裝工作勞務採購114年度(開口契約)",
        "organizer": "台灣自來水公司第十二區管理處樹林服務所",
        "district": "樹林區",
        "address": "樹林區文林里村里潭興街107巷21弄14號",
        "start_date": "2026-04-27",
        "end_date": "2026-05-07",
        "date_range": "1150427~1150507",
        "status": "已核發許可證"
      }
    },
    {
      "type": "Feature",
      "geometry": {
        "type": "Point",
        "coordinates": [
          121.4589943,
          24.9791651
        ]
      },
      "properties": {
        "source_city": "新北市",
        "source": "新北市政府道路挖掘資訊",
        "case_no": "347268",
        "project_name": "54312台電-淺埋改善",
        "organizer": "台灣電力股份有限公司台北南區營業處",
        "district": "土城區",
        "address": "土城區清水里村里青雲路309號",
        "start_date": "2026-04-29",
        "end_date": "2026-05-07",
        "date_range": "1150429~1150507",
        "status": "已核發許可證"
      }
    },
    {
      "type": "Feature",
      "geometry": {
        "type": "Point",
        "coordinates": [
          121.4337642,
          25.0596828
        ]
      },
      "properties": {
        "source_city": "新北市",
        "source": "新北市政府道路挖掘資訊",
        "case_no": "1153687518",
        "project_name": "泰山營運所115年度管線設備維修工程(福泰街34號)",
        "organizer": "台灣自來水公司第十二區管理處泰山營運所",
        "district": "泰山區",
        "address": "泰山區福泰里村里福泰街34號",
        "start_date": "2026-04-23",
        "end_date": "2026-05-05",
        "date_range": "1150423~1150505",
        "status": "已核發許可證"
      }
    },
    {
      "type": "Feature",
      "geometry": {
        "type": "Point",
        "coordinates": [
          121.4825061,
          25.0272465
        ]
      },
      "properties": {
        "source_city": "新北市",
        "source": "新北市政府道路挖掘資訊",
        "case_no": "1153029479",
        "project_name": "19300-林O生-電桿拆除工程",
        "organizer": "台灣電力股份有限公司台北南區營業處",
        "district": "板橋區",
        "address": "板橋區港嘴里村里萬板路812號",
        "start_date": "2026-04-27",
        "end_date": "2026-05-04",
        "date_range": "1150427~1150504",
        "status": "已核發許可證"
      }
    },
    {
      "type": "Feature",
      "geometry": {
        "type": "Point",
        "coordinates": [
          121.374139,
          25.0867556
        ]
      },
      "properties": {
        "source_city": "新北市",
        "source": "新北市政府道路挖掘資訊",
        "case_no": "新北工養字第1154650875號",
        "project_name": "機房設施管道工程",
        "organizer": "新世紀資通股份有限公司(北二維運部)",
        "district": "林口區",
        "address": "林口區湖南里村里中山路837號",
        "start_date": "2026-04-27",
        "end_date": "2026-05-06",
        "date_range": "1150427~1150506",
        "status": "已核發許可證"
      }
    },
    {
      "type": "Feature",
      "geometry": {
        "type": "Point",
        "coordinates": [
          121.4983868,
          25.0645221
        ]
      },
      "properties": {
        "source_city": "新北市",
        "source": "新北市政府道路挖掘資訊",
        "case_no": "115北區4-5",
        "project_name": "護三支113-013瓦斯管線汰換埋設工程",
        "organizer": "新海瓦斯股份有限公司",
        "district": "三重區",
        "address": "三重區文化里村里文化北路26巷1~35號",
        "start_date": "2026-04-29",
        "end_date": "2026-05-07",
        "date_range": "1150429~1150507",
        "status": "已核發許可證"
      }
    },
    {
      "type": "Feature",
      "geometry": {
        "type": "Point",
        "coordinates": [
          121.5190127,
          25.0159201
        ]
      },
      "properties": {
        "source_city": "新北市",
        "source": "新北市政府道路挖掘資訊",
        "case_no": "1153120201",
        "project_name": "114西區A管網改善工程",
        "organizer": "臺北自來水事業處西區營業分處",
        "district": "永和區",
        "address": "永和區光復里村里博愛街26號",
        "start_date": "2026-04-28",
        "end_date": "2026-05-26",
        "date_range": "1150428~1150526",
        "status": "已核發許可證"
      }
    },
    {
      "type": "Feature",
      "geometry": {
        "type": "Point",
        "coordinates": [
          121.4218297,
          25.182817
        ]
      },
      "properties": {
        "source_city": "新北市",
        "source": "新北市政府道路挖掘資訊",
        "case_no": "新北淡工字第1153553475號",
        "project_name": "3260304交通部公路局北區公路新建工程分局",
        "organizer": "台灣電力股份有限公司台北北區營業處",
        "district": "淡水區",
        "address": "淡水區大庄里村里淡海路111號",
        "start_date": "2026-04-30",
        "end_date": "2026-05-13",
        "date_range": "1150430~1150513",
        "status": "已核發許可證"
      }
    },
    {
      "type": "Feature",
      "geometry": {
        "type": "Point",
        "coordinates": [
          121.4275968,
          24.985815
        ]
      },
      "properties": {
        "source_city": "新北市",
        "source": "新北市政府道路挖掘資訊",
        "case_no": "1153029975",
        "project_name": "板新給水廠113-114年度管線設備維修工程",
        "organizer": "台灣自來水公司第十二區管理處板新給水廠",
        "district": "板橋區",
        "address": "板橋區溪福里村里篤行路三段",
        "start_date": "2026-04-22",
        "end_date": "2026-05-03",
        "date_range": "1150422~1150503",
        "status": "已核發許可證"
      }
    },
    {
      "type": "Feature",
      "geometry": {
        "type": "Point",
        "coordinates": [
          121.6482806,
          25.0098167
        ]
      },
      "properties": {
        "source_city": "新北市",
        "source": "新北市政府道路挖掘資訊",
        "case_no": "1154652143",
        "project_name": "自來水漏水緊急搶修",
        "organizer": "台灣自來水股份有限公司第一區管理處文山營運所",
        "district": "石碇區",
        "address": "石碇區隆盛里村里靜安路一段",
        "start_date": "2026-04-23",
        "end_date": "2026-05-19",
        "date_range": "1150423~1150519",
        "status": "已核發許可證"
      }
    },
    {
      "type": "Feature",
      "geometry": {
        "type": "Point",
        "coordinates": [
          121.5294433,
          24.9502163
        ]
      },
      "properties": {
        "source_city": "新北市",
        "source": "新北市政府道路挖掘資訊",
        "case_no": "1153308191",
        "project_name": "自來水用戶新設給水接管",
        "organizer": "臺北自來水事業處西區營業分處",
        "district": "新店區",
        "address": "新店區美城里村里華潭街",
        "start_date": "2026-04-29",
        "end_date": "2026-05-09",
        "date_range": "1150429~1150509",
        "status": "已核發許可證"
      }
    },
    {
      "type": "Feature",
      "geometry": {
        "type": "Point",
        "coordinates": [
          121.5381946,
          24.9542508
        ]
      },
      "properties": {
        "source_city": "新北市",
        "source": "新北市政府道路挖掘資訊",
        "case_no": "1153308768",
        "project_name": "115年南區A管線設備維修工程採購(開口契約含後續擴充)",
        "organizer": "臺北自來水事業處南區營業分處",
        "district": "新店區",
        "address": "新店區國校里村里國校路44號",
        "start_date": "2026-04-24",
        "end_date": "2026-05-15",
        "date_range": "1150424~1150515",
        "status": "已核發許可證"
      }
    },
    {
      "type": "Feature",
      "geometry": {
        "type": "Point",
        "coordinates": [
          121.4263243,
          24.9791518
        ]
      },
      "properties": {
        "source_city": "新北市",
        "source": "新北市政府道路挖掘資訊",
        "case_no": "1153430909",
        "project_name": "樹林服務所用戶用水設備新(改)裝工作勞務採購114年度(開口契約)",
        "organizer": "台灣自來水公司第十二區管理處樹林服務所",
        "district": "樹林區",
        "address": "樹林區彭福里村里水源路220號",
        "start_date": "2026-04-27",
        "end_date": "2026-05-08",
        "date_range": "1150427~1150508",
        "status": "已核發許可證"
      }
    },
    {
      "type": "Feature",
      "geometry": {
        "type": "Point",
        "coordinates": [
          121.5451852,
          24.9695281
        ]
      },
      "properties": {
        "source_city": "新北市",
        "source": "新北市政府道路挖掘資訊",
        "case_no": "1153308767",
        "project_name": "115年南區A管線配合工程採購(開口契約含後續擴充)",
        "organizer": "臺北自來水事業處南區營業分處",
        "district": "新店區",
        "address": "新店區五峯里村里中正路27號",
        "start_date": "2026-04-24",
        "end_date": "2026-05-15",
        "date_range": "1150424~1150515",
        "status": "已核發許可證"
      }
    },
    {
      "type": "Feature",
      "geometry": {
        "type": "Point",
        "coordinates": [
          121.3899188,
          24.9801082
        ]
      },
      "properties": {
        "source_city": "新北市",
        "source": "新北市政府道路挖掘資訊",
        "case_no": "1153431121",
        "project_name": "樹林服務所用戶用水設備新(改)裝工作勞務採購114年度(開口契約)",
        "organizer": "台灣自來水公司第十二區管理處樹林服務所",
        "district": "樹林區",
        "address": "樹林區中山里村里德和街60號",
        "start_date": "2026-04-29",
        "end_date": "2026-05-07",
        "date_range": "1150429~1150507",
        "status": "已核發許可證"
      }
    },
    {
      "type": "Feature",
      "geometry": {
        "type": "Point",
        "coordinates": [
          121.3967105,
          24.9693741
        ]
      },
      "properties": {
        "source_city": "新北市",
        "source": "新北市政府道路挖掘資訊",
        "case_no": "1153431120",
        "project_name": "樹林服務所用戶用水設備新(改)裝工作勞務採購114年度(開口契約)",
        "organizer": "台灣自來水公司第十二區管理處樹林服務所",
        "district": "樹林區",
        "address": "樹林區山佳里村里八德街642之1號",
        "start_date": "2026-04-29",
        "end_date": "2026-05-07",
        "date_range": "1150429~1150507",
        "status": "已核發許可證"
      }
    }
  ]
}
