{"type":"FeatureCollection","features":[{"type":"Feature","geometry":{"type":"Point","coordinates":[121.6408977722876,25.06597663760331]},"properties":{"parking_id":"110014","name":"忠厚市場地下停車場","area":"汐止區","city":"NTPC","total_car":73,"available_car":25,"availability_rate":34.2,"status":"充足"}},{"type":"Feature","geometry":{"type":"Point","coordinates":[121.44643551259514,25.17078676959825]},"properties":{"parking_id":"100058","name":"仁愛停車場","area":"淡水區","city":"NTPC","total_car":72,"available_car":14,"availability_rate":19.4,"status":"偏滿"}},{"type":"Feature","geometry":{"type":"Point","coordinates":[121.5005246346968,25.258852456669374]},"properties":{"parking_id":"210001","name":"三芝中山立體停車場","area":"三芝區","city":"NTPC","total_car":154,"available_car":36,"availability_rate":23.4,"status":"偏滿"}},{"type":"Feature","geometry":{"type":"Point","coordinates":[121.41296661184742,25.022756953373378]},"properties":{"parking_id":"050193","name":"捷運迴龍站停車場","area":"新莊區","city":"NTPC","total_car":254,"available_car":55,"availability_rate":21.7,"status":"偏滿"}},{"type":"Feature","geometry":{"type":"Point","coordinates":[121.50337764897156,25.25496078358519]},"properties":{"parking_id":"210002","name":"三芝中正立體停車場","area":"三芝區","city":"NTPC","total_car":261,"available_car":58,"availability_rate":22.2,"status":"偏滿"}},{"type":"Feature","geometry":{"type":"Point","coordinates":[121.53647293275311,24.95567440763675]},"properties":{"parking_id":"060006","name":"新店區碧潭東岸平面停車場","area":"新店區","city":"NTPC","total_car":86,"available_car":0,"availability_rate":0.0,"status":"滿車"}},{"type":"Feature","geometry":{"type":"Point","coordinates":[121.53320873874567,24.961157205073988]},"properties":{"parking_id":"060112","name":"新店區碧潭西岸平面停車場","area":"新店區","city":"NTPC","total_car":86,"available_car":0,"availability_rate":0.0,"status":"滿車"}},{"type":"Feature","geometry":{"type":"Point","coordinates":[121.3619321077428,25.070864059255353]},"properties":{"parking_id":"170093","name":"林口交響苑停車場","area":"林口區","city":"NTPC","total_car":153,"available_car":0,"availability_rate":0.0,"status":"滿車"}},{"type":"Feature","geometry":{"type":"Point","coordinates":[121.41943652158172,24.95959806063977]},"properties":{"parking_id":"130059","name":"捷運頂埔站轉乘停車場","area":"土城區","city":"NTPC","total_car":77,"available_car":4,"availability_rate":5.2,"status":"緊張"}},{"type":"Feature","geometry":{"type":"Point","coordinates":[121.44917242025838,24.986984270912362]},"properties":{"parking_id":"130011","name":"捷運海山站轉乘停車場","area":"土城區","city":"NTPC","total_car":63,"available_car":0,"availability_rate":0.0,"status":"滿車"}},{"type":"Feature","geometry":{"type":"Point","coordinates":[121.53820703932512,24.97755242395767]},"properties":{"parking_id":"060052","name":"新店大豐社福館地下停車場","area":"新店區","city":"NTPC","total_car":27,"available_car":10,"availability_rate":37.0,"status":"充足"}},{"type":"Feature","geometry":{"type":"Point","coordinates":[121.44578971863314,25.047629691507066]},"properties":{"parking_id":"050009","name":"新莊文化藝術中心地下停車場","area":"新莊區","city":"NTPC","total_car":70,"available_car":1,"availability_rate":1.4,"status":"緊張"}},{"type":"Feature","geometry":{"type":"Point","coordinates":[121.47218429422368,25.02624428617824]},"properties":{"parking_id":"010042","name":"新北市藝文中心平面停車場","area":"板橋區","city":"NTPC","total_car":79,"available_car":1,"availability_rate":1.3,"status":"緊張"}},{"type":"Feature","geometry":{"type":"Point","coordinates":[121.49024533113261,25.070441615359304]},"properties":{"parking_id":"020007","name":"三重區三張地下停車場","area":"三重區","city":"NTPC","total_car":281,"available_car":14,"availability_rate":5.0,"status":"緊張"}},{"type":"Feature","geometry":{"type":"Point","coordinates":[121.61345648368221,25.00211558432529]},"properties":{"parking_id":"180001","name":"深坑區公有立體停車場","area":"深坑區","city":"NTPC","total_car":280,"available_car":79,"availability_rate":28.2,"status":"偏滿"}},{"type":"Feature","geometry":{"type":"Point","coordinates":[121.43133450921748,25.03139261717991]},"properties":{"parking_id":"050082","name":"新莊區中正停車場","area":"新莊區","city":"NTPC","total_car":168,"available_car":52,"availability_rate":31.0,"status":"充足"}},{"type":"Feature","geometry":{"type":"Point","coordinates":[121.46380224283321,25.011153007250616]},"properties":{"parking_id":"010171","name":"叭叭房新板大樓停車場","area":"板橋區","city":"NTPC","total_car":44,"available_car":0,"availability_rate":0.0,"status":"滿車"}},{"type":"Feature","geometry":{"type":"Point","coordinates":[121.47564364813303,25.06637049748329]},"properties":{"parking_id":"020192","name":"二重公園地下停車場","area":"三重區","city":"NTPC","total_car":206,"available_car":47,"availability_rate":22.8,"status":"偏滿"}},{"type":"Feature","geometry":{"type":"Point","coordinates":[121.49370554622823,24.99215176435151]},"properties":{"parking_id":"030101","name":"雙和醫院第一醫療大樓地下停車場","area":"中和區","city":"NTPC","total_car":372,"available_car":125,"availability_rate":33.6,"status":"充足"}},{"type":"Feature","geometry":{"type":"Point","coordinates":[121.44635228327529,25.0029952608009]},"properties":{"parking_id":"010039","name":"板橋區臺北紙廠臨時平面停車場","area":"板橋區","city":"NTPC","total_car":189,"available_car":64,"availability_rate":33.9,"status":"充足"}},{"type":"Feature","geometry":{"type":"Point","coordinates":[121.47298345037,25.083448411494604]},"properties":{"parking_id":"140003","name":"蘆洲區中山機械停車場","area":"蘆洲區","city":"NTPC","total_car":228,"available_car":19,"availability_rate":8.3,"status":"緊張"}},{"type":"Feature","geometry":{"type":"Point","coordinates":[121.51562587911413,24.97679544321503]},"properties":{"parking_id":"060145","name":"新店安興平面停車場","area":"新店區","city":"NTPC","total_car":31,"available_car":12,"availability_rate":38.7,"status":"充足"}},{"type":"Feature","geometry":{"type":"Point","coordinates":[121.35892399992123,24.95522699885374]},"properties":{"parking_id":"080033","name":"礫間停車場","area":"鶯歌區","city":"NTPC","total_car":48,"available_car":9,"availability_rate":18.8,"status":"偏滿"}},{"type":"Feature","geometry":{"type":"Point","coordinates":[121.64743834597645,25.06141172412041]},"properties":{"parking_id":"110052","name":"iFG遠雄廣場停車場","area":"汐止區","city":"NTPC","total_car":772,"available_car":223,"availability_rate":28.9,"status":"偏滿"}},{"type":"Feature","geometry":{"type":"Point","coordinates":[121.44374034123724,25.178518324239764]},"properties":{"parking_id":"100002","name":"水碓立體停車場","area":"淡水區","city":"NTPC","total_car":446,"available_car":87,"availability_rate":19.5,"status":"偏滿"}},{"type":"Feature","geometry":{"type":"Point","coordinates":[121.464001183352,25.025597456924263]},"properties":{"parking_id":"010152","name":"四維公園地下停車場","area":"板橋區","city":"NTPC","total_car":314,"available_car":27,"availability_rate":8.6,"status":"緊張"}},{"type":"Feature","geometry":{"type":"Point","coordinates":[121.54772471937524,24.979603208559773]},"properties":{"parking_id":"060146","name":"城市車旅新店寶中停車場","area":"新店區","city":"NTPC","total_car":233,"available_car":233,"availability_rate":100.0,"status":"充足"}},{"type":"Feature","geometry":{"type":"Point","coordinates":[121.66567147500326,25.07500838554208]},"properties":{"parking_id":"110090","name":"汐止區建成段平面停車場","area":"汐止區","city":"NTPC","total_car":98,"available_car":12,"availability_rate":12.2,"status":"偏滿"}},{"type":"Feature","geometry":{"type":"Point","coordinates":[121.43428973770247,25.056238541090558]},"properties":{"parking_id":"160005","name":"泰山公有市場地下停車場","area":"泰山區","city":"NTPC","total_car":128,"available_car":46,"availability_rate":35.9,"status":"充足"}},{"type":"Feature","geometry":{"type":"Point","coordinates":[121.42358862146509,25.023930525855608]},"properties":{"parking_id":"050004","name":"新莊區四維立體停車場","area":"新莊區","city":"NTPC","total_car":192,"available_car":4,"availability_rate":2.1,"status":"緊張"}},{"type":"Feature","geometry":{"type":"Point","coordinates":[121.45072930694249,25.00520751278406]},"properties":{"parking_id":"010246","name":"大觀段平面停車場","area":"板橋區","city":"NTPC","total_car":70,"available_car":8,"availability_rate":11.4,"status":"偏滿"}},{"type":"Feature","geometry":{"type":"Point","coordinates":[121.42714893515667,25.04915409087367]},"properties":{"parking_id":"160002","name":"義學立體停車場","area":"泰山區","city":"NTPC","total_car":555,"available_car":164,"availability_rate":29.5,"status":"偏滿"}},{"type":"Feature","geometry":{"type":"Point","coordinates":[121.46445022000654,25.014319874494824]},"properties":{"parking_id":"010031","name":"板橋車站地下停車場","area":"板橋區","city":"NTPC","total_car":883,"available_car":77,"availability_rate":8.7,"status":"緊張"}},{"type":"Feature","geometry":{"type":"Point","coordinates":[121.44677161068536,25.018951330936314]},"properties":{"parking_id":"010154","name":"板橋區臺65高架橋下(橋墩編號P93至P94)臨時平面停車場","area":"板橋區","city":"NTPC","total_car":68,"available_car":20,"availability_rate":29.4,"status":"偏滿"}},{"type":"Feature","geometry":{"type":"Point","coordinates":[121.47937799996856,25.035044998881144]},"properties":{"parking_id":"010216","name":"環翠段臨時平面停車場","area":"板橋區","city":"NTPC","total_car":429,"available_car":141,"availability_rate":32.9,"status":"充足"}},{"type":"Feature","geometry":{"type":"Point","coordinates":[121.47013704371109,25.03401949798539]},"properties":{"parking_id":"010170","name":"板橋區江翠段122地號平面停車場","area":"板橋區","city":"NTPC","total_car":55,"available_car":0,"availability_rate":0.0,"status":"滿車"}},{"type":"Feature","geometry":{"type":"Point","coordinates":[121.37098702444426,25.076425631337646]},"properties":{"parking_id":"170047","name":"廣停二平面停車場","area":"林口區","city":"NTPC","total_car":111,"available_car":0,"availability_rate":0.0,"status":"滿車"}},{"type":"Feature","geometry":{"type":"Point","coordinates":[121.36966383506025,25.072853776952492]},"properties":{"parking_id":"170046","name":"廣停三平面停車場","area":"林口區","city":"NTPC","total_car":70,"available_car":21,"availability_rate":30.0,"status":"偏滿"}},{"type":"Feature","geometry":{"type":"Point","coordinates":[121.36733544854269,25.071884513925365]},"properties":{"parking_id":"170045","name":"廣停四平面停車場","area":"林口區","city":"NTPC","total_car":31,"available_car":8,"availability_rate":25.8,"status":"偏滿"}},{"type":"Feature","geometry":{"type":"Point","coordinates":[121.37196057212203,25.07547523728451]},"properties":{"parking_id":"010157","name":"廣停六平面停車場","area":"林口區","city":"NTPC","total_car":48,"available_car":0,"availability_rate":0.0,"status":"滿車"}},{"type":"Feature","geometry":{"type":"Point","coordinates":[121.36678658742598,25.07131709592593]},"properties":{"parking_id":"170044","name":"廣停七平面停車場","area":"林口區","city":"NTPC","total_car":83,"available_car":17,"availability_rate":20.5,"status":"偏滿"}},{"type":"Feature","geometry":{"type":"Point","coordinates":[121.48941623466128,25.055114647680686]},"properties":{"parking_id":"020026","name":"社教館地下停車場","area":"三重區","city":"NTPC","total_car":38,"available_car":7,"availability_rate":18.4,"status":"偏滿"}},{"type":"Feature","geometry":{"type":"Point","coordinates":[121.48873964222183,25.06069624163271]},"properties":{"parking_id":"020021","name":"行政大樓附設停車場","area":"三重區","city":"NTPC","total_car":79,"available_car":18,"availability_rate":22.8,"status":"偏滿"}},{"type":"Feature","geometry":{"type":"Point","coordinates":[121.49138606762402,25.061951441256713]},"properties":{"parking_id":"020017","name":"綜合體育館地下停車場","area":"三重區","city":"NTPC","total_car":290,"available_car":61,"availability_rate":21.0,"status":"偏滿"}},{"type":"Feature","geometry":{"type":"Point","coordinates":[121.4279428392791,25.02175128904031]},"properties":{"parking_id":"050200","name":"民安國小地下停車場","area":"新莊區","city":"NTPC","total_car":214,"available_car":12,"availability_rate":5.6,"status":"緊張"}},{"type":"Feature","geometry":{"type":"Point","coordinates":[121.52009790649038,25.01399120137085]},"properties":{"parking_id":"040054","name":"網溪國小地下停車場","area":"永和區","city":"NTPC","total_car":652,"available_car":132,"availability_rate":20.2,"status":"偏滿"}},{"type":"Feature","geometry":{"type":"Point","coordinates":[121.54672508873333,24.97888102098816]},"properties":{"parking_id":"060148","name":"裕隆城停車場","area":"新店區","city":"NTPC","total_car":850,"available_car":14,"availability_rate":1.6,"status":"緊張"}},{"type":"Feature","geometry":{"type":"Point","coordinates":[121.45111317727287,25.009946150060234]},"properties":{"parking_id":"010276","name":"板橋台65高架橋下湳仔溝A區停車場","area":"板橋區","city":"NTPC","total_car":34,"available_car":4,"availability_rate":11.8,"status":"偏滿"}},{"type":"Feature","geometry":{"type":"Point","coordinates":[121.45203382342838,25.001620262674603]},"properties":{"parking_id":"010275","name":"板橋台65高架橋下湳仔溝B區停車場","area":"板橋區","city":"NTPC","total_car":25,"available_car":10,"availability_rate":40.0,"status":"充足"}},{"type":"Feature","geometry":{"type":"Point","coordinates":[121.4749244961519,25.05620444152566]},"properties":{"parking_id":"020123","name":"光復平面停車場","area":"三重區","city":"NTPC","total_car":361,"available_car":194,"availability_rate":53.7,"status":"充足"}},{"type":"Feature","geometry":{"type":"Point","coordinates":[121.51076122283636,25.015756965934578]},"properties":{"parking_id":"040056","name":"頂溪國小地下停車場","area":"永和區","city":"NTPC","total_car":436,"available_car":29,"availability_rate":6.7,"status":"緊張"}},{"type":"Feature","geometry":{"type":"Point","coordinates":[121.4178798623236,25.157795745936227]},"properties":{"parking_id":"230032","name":"八里停五平面停車場","area":"八里區","city":"NTPC","total_car":42,"available_car":19,"availability_rate":45.2,"status":"充足"}},{"type":"Feature","geometry":{"type":"Point","coordinates":[121.41234323980487,25.15555245040476]},"properties":{"parking_id":"230031","name":"八里中庄段平面停車場","area":"八里區","city":"NTPC","total_car":103,"available_car":84,"availability_rate":81.6,"status":"充足"}},{"type":"Feature","geometry":{"type":"Point","coordinates":[121.45122218780165,25.13034478466399]},"properties":{"parking_id":"230010","name":"八里龍形平面停車場","area":"八里區","city":"NTPC","total_car":62,"available_car":3,"availability_rate":4.8,"status":"緊張"}},{"type":"Feature","geometry":{"type":"Point","coordinates":[121.629650186948,25.06836300161365]},"properties":{"parking_id":"110013","name":"汐止區金龍市場地下停車場","area":"汐止區","city":"NTPC","total_car":45,"available_car":21,"availability_rate":46.7,"status":"充足"}},{"type":"Feature","geometry":{"type":"Point","coordinates":[121.48292563638567,25.077909263207683]},"properties":{"parking_id":"020135","name":"三重區力行地下停車場","area":"三重區","city":"NTPC","total_car":216,"available_car":31,"availability_rate":14.4,"status":"偏滿"}},{"type":"Feature","geometry":{"type":"Point","coordinates":[121.66125883318249,25.074712132418554]},"properties":{"parking_id":"110083","name":"汐止區星光橋南側平面停車場","area":"汐止區","city":"NTPC","total_car":83,"available_car":15,"availability_rate":18.1,"status":"偏滿"}},{"type":"Feature","geometry":{"type":"Point","coordinates":[121.48140075159245,24.999134754742233]},"properties":{"parking_id":"030120","name":"積穗國小地下停車場","area":"中和區","city":"NTPC","total_car":247,"available_car":31,"availability_rate":12.6,"status":"偏滿"}},{"type":"Feature","geometry":{"type":"Point","coordinates":[121.45131967808604,24.99975901049489]},"properties":{"parking_id":"010277","name":"板橋台65高架橋下湳仔溝C區停車場","area":"板橋區","city":"NTPC","total_car":7,"available_car":3,"availability_rate":42.9,"status":"充足"}},{"type":"Feature","geometry":{"type":"Point","coordinates":[121.54209300795797,24.96700246699394]},"properties":{"parking_id":"060138","name":"新店行政園區市政廳地下停車場","area":"新店區","city":"NTPC","total_car":157,"available_car":1,"availability_rate":0.6,"status":"緊張"}},{"type":"Feature","geometry":{"type":"Point","coordinates":[121.78242319494957,25.046701070389425]},"properties":{"parking_id":"240001","name":"平溪停三停車場","area":"平溪區","city":"NTPC","total_car":124,"available_car":37,"availability_rate":29.8,"status":"偏滿"}},{"type":"Feature","geometry":{"type":"Point","coordinates":[121.45081600162618,25.023254591137096]},"properties":{"parking_id":"010175","name":"板橋區江翠水岸特區停四平面停車場","area":"板橋區","city":"NTPC","total_car":56,"available_car":11,"availability_rate":19.6,"status":"偏滿"}},{"type":"Feature","geometry":{"type":"Point","coordinates":[121.47384057840608,25.03334868142287]},"properties":{"parking_id":"010174","name":"江翠國小地下停車場","area":"板橋區","city":"NTPC","total_car":261,"available_car":24,"availability_rate":9.2,"status":"緊張"}},{"type":"Feature","geometry":{"type":"Point","coordinates":[121.50052310408992,25.0723221739122]},"properties":{"parking_id":"020206","name":"三重區光榮國小地下停車場","area":"三重區","city":"NTPC","total_car":572,"available_car":68,"availability_rate":11.9,"status":"偏滿"}},{"type":"Feature","geometry":{"type":"Point","coordinates":[121.48995405947187,25.058268195639492]},"properties":{"parking_id":"020004","name":"三重區重新立體停車場","area":"三重區","city":"NTPC","total_car":322,"available_car":59,"availability_rate":18.3,"status":"偏滿"}},{"type":"Feature","geometry":{"type":"Point","coordinates":[121.41406410759564,25.16021875628265]},"properties":{"parking_id":"230009","name":"埤頭平面停車場","area":"八里區","city":"NTPC","total_car":70,"available_car":0,"availability_rate":0.0,"status":"滿車"}},{"type":"Feature","geometry":{"type":"Point","coordinates":[121.47968634437261,25.07746384922874]},"properties":{"parking_id":"020073","name":"三重區永福國小地下停車場","area":"三重區","city":"NTPC","total_car":210,"available_car":4,"availability_rate":1.9,"status":"緊張"}},{"type":"Feature","geometry":{"type":"Point","coordinates":[121.50653492985496,25.011027136618942]},"properties":{"parking_id":"040001","name":"永和仁愛公園地下停車場","area":"永和區","city":"NTPC","total_car":645,"available_car":53,"availability_rate":8.2,"status":"緊張"}},{"type":"Feature","geometry":{"type":"Point","coordinates":[121.46481911117128,25.03203197655187]},"properties":{"parking_id":"010284","name":"板橋區江翠段190地號平面停車場","area":"板橋區","city":"NTPC","total_car":71,"available_car":18,"availability_rate":25.4,"status":"偏滿"}},{"type":"Feature","geometry":{"type":"Point","coordinates":[121.52510291947856,25.003184999772518]},"properties":{"parking_id":"110064","name":"永和國民運動中心地下停車場","area":"永和區","city":"NTPC","total_car":288,"available_car":0,"availability_rate":0.0,"status":"滿車"}},{"type":"Feature","geometry":{"type":"Point","coordinates":[121.46994781563151,25.08418481647507]},"properties":{"parking_id":"140021","name":"蘆洲區蘆洲國小地下停車場","area":"蘆洲區","city":"NTPC","total_car":254,"available_car":69,"availability_rate":27.2,"status":"偏滿"}},{"type":"Feature","geometry":{"type":"Point","coordinates":[121.45720846473196,25.081890849927444]},"properties":{"parking_id":"140041","name":"蘆洲區鴨母港抽水站平面停車場","area":"蘆洲區","city":"NTPC","total_car":93,"available_car":0,"availability_rate":0.0,"status":"滿車"}},{"type":"Feature","geometry":{"type":"Point","coordinates":[121.36445441545511,25.071061022538178]},"properties":{"parking_id":"170039","name":"MITSUI  OUTLET  PARK  收費停車場","area":"林口區","city":"NTPC","total_car":2000,"available_car":530,"availability_rate":26.5,"status":"偏滿"}},{"type":"Feature","geometry":{"type":"Point","coordinates":[121.5131585556827,24.98991016102682]},"properties":{"parking_id":"030126","name":"中和景新立體停車場","area":"中和區","city":"NTPC","total_car":192,"available_car":4,"availability_rate":2.1,"status":"緊張"}},{"type":"Feature","geometry":{"type":"Point","coordinates":[121.65714844456005,25.06418126800285]},"properties":{"parking_id":"110001","name":"汐止智興立體停車場","area":"汐止區","city":"NTPC","total_car":404,"available_car":123,"availability_rate":30.4,"status":"充足"}},{"type":"Feature","geometry":{"type":"Point","coordinates":[121.44745767254145,25.039831422745888]},"properties":{"parking_id":"050072","name":"新莊國民運動中心停車場","area":"新莊區","city":"NTPC","total_car":344,"available_car":135,"availability_rate":39.2,"status":"充足"}},{"type":"Feature","geometry":{"type":"Point","coordinates":[121.54620761659089,24.975866617704238]},"properties":{"parking_id":"060038","name":"家樂福新店城室內停車場","area":"新店區","city":"NTPC","total_car":487,"available_car":174,"availability_rate":35.7,"status":"充足"}},{"type":"Feature","geometry":{"type":"Point","coordinates":[121.45892081364525,25.15367212796751]},"properties":{"parking_id":"100009","name":"嘟嘟房捷運紅樹林站停車場","area":"淡水區","city":"NTPC","total_car":215,"available_car":0,"availability_rate":0.0,"status":"滿車"}},{"type":"Feature","geometry":{"type":"Point","coordinates":[121.46571630577647,25.091136238979143]},"properties":{"parking_id":"140015","name":"嘟嘟房捷運蘆洲站停車場","area":"蘆洲區","city":"NTPC","total_car":54,"available_car":13,"availability_rate":24.1,"status":"偏滿"}},{"type":"Feature","geometry":{"type":"Point","coordinates":[121.46006455907605,25.061749343495958]},"properties":{"parking_id":"050132","name":"A3新北產業園區站停車場","area":"新莊區","city":"NTPC","total_car":68,"available_car":0,"availability_rate":0.0,"status":"滿車"}},{"type":"Feature","geometry":{"type":"Point","coordinates":[121.44611358197265,25.059462652820198]},"properties":{"parking_id":"050131","name":"A4新莊副都心站停車場","area":"新莊區","city":"NTPC","total_car":19,"available_car":7,"availability_rate":36.8,"status":"充足"}},{"type":"Feature","geometry":{"type":"Point","coordinates":[121.43962739093004,25.05303590202757]},"properties":{"parking_id":"160017","name":"A5泰山站停車場","area":"泰山區","city":"NTPC","total_car":14,"available_car":1,"availability_rate":7.1,"status":"緊張"}},{"type":"Feature","geometry":{"type":"Point","coordinates":[121.4225040800572,25.03332292901507]},"properties":{"parking_id":"160018","name":"A6泰山貴和站停車場","area":"泰山區","city":"NTPC","total_car":28,"available_car":4,"availability_rate":14.3,"status":"偏滿"}},{"type":"Feature","geometry":{"type":"Point","coordinates":[121.36154584664293,25.06624708463172]},"properties":{"parking_id":"170052","name":"A9林口站停車場","area":"林口區","city":"NTPC","total_car":14,"available_car":0,"availability_rate":0.0,"status":"滿車"}},{"type":"Feature","geometry":{"type":"Point","coordinates":[121.4604833394939,25.01198488547733]},"properties":{"parking_id":"010009","name":"民權立體停車場","area":"板橋區","city":"NTPC","total_car":180,"available_car":1,"availability_rate":0.6,"status":"緊張"}},{"type":"Feature","geometry":{"type":"Point","coordinates":[121.44982328933625,25.05914992280008]},"properties":{"parking_id":"050189","name":"新北宏匯公共停車場","area":"新莊區","city":"NTPC","total_car":456,"available_car":1187,"availability_rate":260.3,"status":"充足"}},{"type":"Feature","geometry":{"type":"Point","coordinates":[121.48297931672658,25.061518589353835]},"properties":{"parking_id":"020011","name":"三重區中山高架橋下(中山段)平面停車場","area":"三重區","city":"NTPC","total_car":144,"available_car":0,"availability_rate":0.0,"status":"滿車"}},{"type":"Feature","geometry":{"type":"Point","coordinates":[121.5042235098978,25.0696815797137]},"properties":{"parking_id":"020020","name":"三重區環河快速高架橋下平面停車場","area":"三重區","city":"NTPC","total_car":128,"available_car":0,"availability_rate":0.0,"status":"滿車"}},{"type":"Feature","geometry":{"type":"Point","coordinates":[121.53953564603873,24.957423839741423]},"properties":{"parking_id":"060016","name":"新店區廣明平面停車場","area":"新店區","city":"NTPC","total_car":37,"available_car":0,"availability_rate":0.0,"status":"滿車"}},{"type":"Feature","geometry":{"type":"Point","coordinates":[121.54290327594009,24.96883674530859]},"properties":{"parking_id":"060003","name":"新店北新公有停車場","area":"新店區","city":"NTPC","total_car":368,"available_car":27,"availability_rate":7.3,"status":"緊張"}},{"type":"Feature","geometry":{"type":"Point","coordinates":[121.46151599998234,25.137984999009937]},"properties":{"parking_id":"010181","name":"淡水民生立體停車場","area":"淡水區","city":"NTPC","total_car":134,"available_car":38,"availability_rate":28.4,"status":"偏滿"}},{"type":"Feature","geometry":{"type":"Point","coordinates":[121.48012929016605,25.028320588413084]},"properties":{"parking_id":"010243","name":"音樂公園地下停車場","area":"板橋區","city":"NTPC","total_car":511,"available_car":84,"availability_rate":16.4,"status":"偏滿"}},{"type":"Feature","geometry":{"type":"Point","coordinates":[121.45224050987834,25.024243363400906]},"properties":{"parking_id":"010021","name":"435藝文特區平面停車場","area":"板橋區","city":"NTPC","total_car":10,"available_car":0,"availability_rate":0.0,"status":"滿車"}},{"type":"Feature","geometry":{"type":"Point","coordinates":[121.43800277276412,24.995183591988894]},"properties":{"parking_id":"010027","name":"板橋區浮洲橋下平面停車場","area":"板橋區","city":"NTPC","total_car":30,"available_car":0,"availability_rate":0.0,"status":"滿車"}},{"type":"Feature","geometry":{"type":"Point","coordinates":[121.42781106795464,24.985711032842257]},"properties":{"parking_id":"010016","name":"板橋區溪洲公園平面停車場","area":"板橋區","city":"NTPC","total_car":59,"available_car":14,"availability_rate":23.7,"status":"偏滿"}},{"type":"Feature","geometry":{"type":"Point","coordinates":[121.42933665692414,24.992879569528785]},"properties":{"parking_id":"010015","name":"板橋區崑崙公園停車場","area":"板橋區","city":"NTPC","total_car":59,"available_car":6,"availability_rate":10.2,"status":"偏滿"}},{"type":"Feature","geometry":{"type":"Point","coordinates":[121.48865517063699,24.993080281942703]},"properties":{"parking_id":"030089","name":"中和國民運動中心停車場","area":"中和區","city":"NTPC","total_car":83,"available_car":23,"availability_rate":27.7,"status":"偏滿"}},{"type":"Feature","geometry":{"type":"Point","coordinates":[121.45096717599654,24.98840530127157]},"properties":{"parking_id":"130071","name":"學成公園地下停車場","area":"土城區","city":"NTPC","total_car":179,"available_car":43,"availability_rate":24.0,"status":"偏滿"}},{"type":"Feature","geometry":{"type":"Point","coordinates":[121.44298699990617,24.9788049993601]},"properties":{"parking_id":"130072","name":"員和公園地下停車場","area":"土城區","city":"NTPC","total_car":53,"available_car":5,"availability_rate":9.4,"status":"緊張"}},{"type":"Feature","geometry":{"type":"Point","coordinates":[121.51089461287962,24.959583263729368]},"properties":{"parking_id":"060018","name":"新北市青少年圖書館地下平面停車場","area":"新店區","city":"NTPC","total_car":62,"available_car":12,"availability_rate":19.4,"status":"偏滿"}},{"type":"Feature","geometry":{"type":"Point","coordinates":[121.47427715692464,25.003581444562165]},"properties":{"parking_id":"030008","name":"中和民享市場地下停車場","area":"中和區","city":"NTPC","total_car":55,"available_car":0,"availability_rate":0.0,"status":"滿車"}},{"type":"Feature","geometry":{"type":"Point","coordinates":[121.45524396162261,25.025895378936205]},"properties":{"parking_id":"010012","name":"玫瑰公園平面停車場","area":"板橋區","city":"NTPC","total_car":45,"available_car":13,"availability_rate":28.9,"status":"偏滿"}},{"type":"Feature","geometry":{"type":"Point","coordinates":[121.45333282366784,25.020840929395177]},"properties":{"parking_id":"010003","name":"國光公園平面停車場","area":"板橋區","city":"NTPC","total_car":35,"available_car":2,"availability_rate":5.7,"status":"緊張"}},{"type":"Feature","geometry":{"type":"Point","coordinates":[121.46369765297626,24.992000029555676]},"properties":{"parking_id":"010002","name":"廣福公園平面停車場","area":"板橋區","city":"NTPC","total_car":41,"available_car":24,"availability_rate":58.5,"status":"充足"}},{"type":"Feature","geometry":{"type":"Point","coordinates":[121.47137444083891,25.026942024265615]},"properties":{"parking_id":"010026","name":"雙十廣場平面停車場","area":"板橋區","city":"NTPC","total_car":70,"available_car":2,"availability_rate":2.9,"status":"緊張"}},{"type":"Feature","geometry":{"type":"Point","coordinates":[121.43555355190215,25.15703792289329]},"properties":{"parking_id":"230008","name":"八里區渡船頭平面停車場","area":"八里區","city":"NTPC","total_car":123,"available_car":0,"availability_rate":0.0,"status":"滿車"}},{"type":"Feature","geometry":{"type":"Point","coordinates":[121.43607010917265,25.157528429944513]},"properties":{"parking_id":"230018","name":"八里區龍米平面停車場","area":"八里區","city":"NTPC","total_car":167,"available_car":1,"availability_rate":0.6,"status":"緊張"}},{"type":"Feature","geometry":{"type":"Point","coordinates":[121.37871723774788,24.945349948772453]},"properties":{"parking_id":"070015","name":"臺北大學特定區停一平面停車場","area":"樹林區","city":"NTPC","total_car":116,"available_car":0,"availability_rate":0.0,"status":"滿車"}},{"type":"Feature","geometry":{"type":"Point","coordinates":[121.47699327451407,25.085972467104234]},"properties":{"parking_id":"140002","name":"蘆洲區鷺江立體停車場","area":"蘆洲區","city":"NTPC","total_car":456,"available_car":98,"availability_rate":21.5,"status":"偏滿"}},{"type":"Feature","geometry":{"type":"Point","coordinates":[121.42352228767136,24.99014262189255]},"properties":{"parking_id":"070012","name":"樹林區第七立體停車場","area":"樹林區","city":"NTPC","total_car":50,"available_car":10,"availability_rate":20.0,"status":"偏滿"}},{"type":"Feature","geometry":{"type":"Point","coordinates":[121.42428495758807,24.99733143448296]},"properties":{"parking_id":"070004","name":"樹林區第六平面停車場","area":"樹林區","city":"NTPC","total_car":42,"available_car":0,"availability_rate":0.0,"status":"滿車"}},{"type":"Feature","geometry":{"type":"Point","coordinates":[121.42080629032911,24.986710568169645]},"properties":{"parking_id":"070013","name":"樹林區第十三平面停車場","area":"樹林區","city":"NTPC","total_car":16,"available_car":3,"availability_rate":18.8,"status":"偏滿"}},{"type":"Feature","geometry":{"type":"Point","coordinates":[121.4494520070936,25.06007372192951]},"properties":{"parking_id":"050190","name":"宏匯廣場停車場","area":"新莊區","city":"NTPC","total_car":806,"available_car":121,"availability_rate":15.0,"status":"偏滿"}},{"type":"Feature","geometry":{"type":"Point","coordinates":[121.45406753373305,25.023939864427277]},"properties":{"parking_id":"010046","name":"板橋國中地下停車場","area":"板橋區","city":"NTPC","total_car":100,"available_car":4,"availability_rate":4.0,"status":"緊張"}},{"type":"Feature","geometry":{"type":"Point","coordinates":[121.3880185167002,25.08434491586689]},"properties":{"parking_id":"170001","name":"林口區停一平面停車場","area":"林口區","city":"NTPC","total_car":56,"available_car":52,"availability_rate":92.9,"status":"充足"}},{"type":"Feature","geometry":{"type":"Point","coordinates":[121.38969092440672,25.081839736840266]},"properties":{"parking_id":"170002","name":"林口區停二平面停車場","area":"林口區","city":"NTPC","total_car":84,"available_car":58,"availability_rate":69.0,"status":"充足"}},{"type":"Feature","geometry":{"type":"Point","coordinates":[121.38918044503237,25.078721850274686]},"properties":{"parking_id":"170009","name":"林口區停三立體停車場","area":"林口區","city":"NTPC","total_car":141,"available_car":63,"availability_rate":44.7,"status":"充足"}},{"type":"Feature","geometry":{"type":"Point","coordinates":[121.39008148898036,25.07682808679805]},"properties":{"parking_id":"170004","name":"林口區停四平面停車場","area":"林口區","city":"NTPC","total_car":54,"available_car":27,"availability_rate":50.0,"status":"充足"}},{"type":"Feature","geometry":{"type":"Point","coordinates":[121.3937338804298,25.078217806617722]},"properties":{"parking_id":"170008","name":"林口區停五平面停車場","area":"林口區","city":"NTPC","total_car":43,"available_car":11,"availability_rate":25.6,"status":"偏滿"}},{"type":"Feature","geometry":{"type":"Point","coordinates":[121.39543687147504,25.07603749500919]},"properties":{"parking_id":"170007","name":"林口區停七平面停車場","area":"林口區","city":"NTPC","total_car":38,"available_car":7,"availability_rate":18.4,"status":"偏滿"}},{"type":"Feature","geometry":{"type":"Point","coordinates":[121.39394899994697,25.077194999073313]},"properties":{"parking_id":"170060","name":"林口區行政段226地號平面停車場","area":"林口區","city":"NTPC","total_car":67,"available_car":26,"availability_rate":38.8,"status":"充足"}},{"type":"Feature","geometry":{"type":"Point","coordinates":[121.43939102790165,25.083186036906604]},"properties":{"parking_id":"150010","name":"五股區工商立體停車場","area":"五股區","city":"NTPC","total_car":308,"available_car":0,"availability_rate":0.0,"status":"滿車"}},{"type":"Feature","geometry":{"type":"Point","coordinates":[121.44792617965055,25.100814956401017]},"properties":{"parking_id":"150011","name":"五股區成州平面停車場","area":"五股區","city":"NTPC","total_car":40,"available_car":7,"availability_rate":17.5,"status":"偏滿"}},{"type":"Feature","geometry":{"type":"Point","coordinates":[121.41628990003936,25.052107336531623]},"properties":{"parking_id":"160045","name":"泰山區南林段平面停車場","area":"泰山區","city":"NTPC","total_car":80,"available_car":70,"availability_rate":87.5,"status":"充足"}},{"type":"Feature","geometry":{"type":"Point","coordinates":[121.37076769330905,24.935079844711918]},"properties":{"parking_id":"090025","name":"三峽區三峽公有零售市場所屬停車場","area":"三峽區","city":"NTPC","total_car":92,"available_car":0,"availability_rate":0.0,"status":"滿車"}},{"type":"Feature","geometry":{"type":"Point","coordinates":[121.7789075701081,294.8227225775614]},"properties":{"parking_id":"170115","name":"林口區林口轉運站平面停車場","area":"林口區","city":"NTPC","total_car":50,"available_car":15,"availability_rate":30.0,"status":"偏滿"}},{"type":"Feature","geometry":{"type":"Point","coordinates":[121.53645346330079,24.985444841769393]},"properties":{"parking_id":"060034","name":"新店慈濟醫院第一停車場","area":"新店區","city":"NTPC","total_car":310,"available_car":216,"availability_rate":69.7,"status":"充足"}},{"type":"Feature","geometry":{"type":"Point","coordinates":[121.43114029434696,24.99990101915625]},"properties":{"parking_id":"050229","name":"新莊樹新地下停車場","area":"新莊區","city":"NTPC","total_car":46,"available_car":14,"availability_rate":30.4,"status":"充足"}},{"type":"Feature","geometry":{"type":"Point","coordinates":[121.39487687356934,25.076061556203122]},"properties":{"parking_id":"170006","name":"林口區停六平面停車場","area":"林口區","city":"NTPC","total_car":36,"available_car":4,"availability_rate":11.1,"status":"偏滿"}},{"type":"Feature","geometry":{"type":"Point","coordinates":[121.48143004339533,25.05058606645859]},"properties":{"parking_id":"020079","name":"觀光市集北側區停車場","area":"三重區","city":"NTPC","total_car":263,"available_car":145,"availability_rate":55.1,"status":"充足"}},{"type":"Feature","geometry":{"type":"Point","coordinates":[121.48181583282117,25.05039973924201]},"properties":{"parking_id":"020060","name":"幸福水漾公園區停車場","area":"三重區","city":"NTPC","total_car":177,"available_car":44,"availability_rate":24.9,"status":"偏滿"}},{"type":"Feature","geometry":{"type":"Point","coordinates":[121.4771969717176,25.06179458481548]},"properties":{"parking_id":"020127","name":"萬善同停車場","area":"三重區","city":"NTPC","total_car":93,"available_car":6,"availability_rate":6.5,"status":"緊張"}},{"type":"Feature","geometry":{"type":"Point","coordinates":[121.47715546510146,25.059266848223977]},"properties":{"parking_id":"020126","name":"樂遊天地停車場","area":"三重區","city":"NTPC","total_car":185,"available_car":38,"availability_rate":20.5,"status":"偏滿"}},{"type":"Feature","geometry":{"type":"Point","coordinates":[121.47241304166835,25.062676579741677]},"properties":{"parking_id":"020067","name":"疏洪籃球場區停車場","area":"三重區","city":"NTPC","total_car":75,"available_car":26,"availability_rate":34.7,"status":"充足"}},{"type":"Feature","geometry":{"type":"Point","coordinates":[121.45880600075212,25.07113319446047]},"properties":{"parking_id":"020081","name":"疏洪壘球場區停車場","area":"五股區","city":"NTPC","total_car":59,"available_car":12,"availability_rate":20.3,"status":"偏滿"}},{"type":"Feature","geometry":{"type":"Point","coordinates":[121.46024307841039,25.07265475087149]},"properties":{"parking_id":"150029","name":"木槌球場區停車場","area":"五股區","city":"NTPC","total_car":47,"available_car":24,"availability_rate":51.1,"status":"充足"}},{"type":"Feature","geometry":{"type":"Point","coordinates":[121.45594563608536,25.079782159610936]},"properties":{"parking_id":"150017","name":"追風廣場區停車場","area":"五股區","city":"NTPC","total_car":85,"available_car":45,"availability_rate":52.9,"status":"充足"}},{"type":"Feature","geometry":{"type":"Point","coordinates":[121.45714954378359,25.098051309055656]},"properties":{"parking_id":"150020","name":"五股溼地區停車場","area":"五股區","city":"NTPC","total_car":82,"available_car":1,"availability_rate":1.2,"status":"緊張"}},{"type":"Feature","geometry":{"type":"Point","coordinates":[121.4558837936101,25.10857290943587]},"properties":{"parking_id":"150022","name":"集福里區停車場","area":"五股區","city":"NTPC","total_car":67,"available_car":13,"availability_rate":19.4,"status":"偏滿"}},{"type":"Feature","geometry":{"type":"Point","coordinates":[121.71033212501682,24.935500460189953]},"properties":{"parking_id":"200001","name":"水柳腳立體停車場","area":"坪林區","city":"NTPC","total_car":98,"available_car":22,"availability_rate":22.4,"status":"偏滿"}},{"type":"Feature","geometry":{"type":"Point","coordinates":[121.53855214877706,24.977194563797642]},"properties":{"parking_id":"060001","name":"大豐地下停車場","area":"新店區","city":"NTPC","total_car":198,"available_car":15,"availability_rate":7.6,"status":"緊張"}},{"type":"Feature","geometry":{"type":"Point","coordinates":[121.45301968623478,24.992199944244053]},"properties":{"parking_id":"100221","name":"板橋區華德公園平面停車場","area":"板橋區","city":"NTPC","total_car":52,"available_car":13,"availability_rate":25.0,"status":"偏滿"}},{"type":"Feature","geometry":{"type":"Point","coordinates":[121.92562494685431,25.053767900391904]},"properties":{"parking_id":"260005","name":"貢寮澳底公園地下停車場","area":"貢寮區","city":"NTPC","total_car":88,"available_car":40,"availability_rate":45.5,"status":"充足"}},{"type":"Feature","geometry":{"type":"Point","coordinates":[121.458431909615,24.983800674818372]},"properties":{"parking_id":"130006","name":"金城立體停車場","area":"土城區","city":"NTPC","total_car":537,"available_car":120,"availability_rate":22.3,"status":"偏滿"}},{"type":"Feature","geometry":{"type":"Point","coordinates":[121.46056856044878,25.04968168986141]},"properties":{"parking_id":"050269","name":"新莊區捷運幸福站立體停車場","area":"新莊區","city":"NTPC","total_car":109,"available_car":5,"availability_rate":4.6,"status":"緊張"}},{"type":"Feature","geometry":{"type":"Point","coordinates":[121.34335373568732,24.949184599321395]},"properties":{"parking_id":"080008","name":"鶯歌區老街第二平面停車場","area":"鶯歌區","city":"NTPC","total_car":169,"available_car":74,"availability_rate":43.8,"status":"充足"}},{"type":"Feature","geometry":{"type":"Point","coordinates":[121.355003013759,24.955662207004075]},"properties":{"parking_id":"080001","name":"鶯歌區建國路停一平面停車場","area":"鶯歌區","city":"NTPC","total_car":50,"available_car":5,"availability_rate":10.0,"status":"緊張"}},{"type":"Feature","geometry":{"type":"Point","coordinates":[121.49638873566764,25.078496812830625]},"properties":{"parking_id":"020139","name":"三重仁信段平面停車場","area":"三重區","city":"NTPC","total_car":290,"available_car":70,"availability_rate":24.1,"status":"偏滿"}},{"type":"Feature","geometry":{"type":"Point","coordinates":[121.4437719946709,24.97277197967243]},"properties":{"parking_id":"130018","name":"土城區和平平面停車場","area":"土城區","city":"NTPC","total_car":78,"available_car":0,"availability_rate":0.0,"status":"滿車"}},{"type":"Feature","geometry":{"type":"Point","coordinates":[121.45916889335302,24.978205421929925]},"properties":{"parking_id":"130009","name":"土城區青山平面停車場","area":"土城區","city":"NTPC","total_car":53,"available_car":11,"availability_rate":20.8,"status":"偏滿"}},{"type":"Feature","geometry":{"type":"Point","coordinates":[121.4400557927242,24.965244423437802]},"properties":{"parking_id":"130132","name":"土城區忠義公園地下停車場","area":"土城區","city":"NTPC","total_car":57,"available_car":50,"availability_rate":87.7,"status":"充足"}},{"type":"Feature","geometry":{"type":"Point","coordinates":[121.46759698126515,25.018855966048342]},"properties":{"parking_id":"010221","name":"叭叭房新板傑仕堡A停車場","area":"板橋區","city":"NTPC","total_car":67,"available_car":42,"availability_rate":62.7,"status":"充足"}},{"type":"Feature","geometry":{"type":"Point","coordinates":[121.46846605154572,25.018026882336606]},"properties":{"parking_id":"010223","name":"叭叭房新板傑仕堡B停車場","area":"板橋區","city":"NTPC","total_car":147,"available_car":39,"availability_rate":26.5,"status":"偏滿"}},{"type":"Feature","geometry":{"type":"Point","coordinates":[121.45772153175635,25.159236188961863]},"properties":{"parking_id":"100237","name":"尚海商場停車場","area":"淡水區","city":"NTPC","total_car":212,"available_car":213,"availability_rate":100.5,"status":"充足"}},{"type":"Feature","geometry":{"type":"Point","coordinates":[121.47608999995141,25.053694999162797]},"properties":{"parking_id":"020164","name":"三重停八平面停車場","area":"三重區","city":"NTPC","total_car":37,"available_car":0,"availability_rate":0.0,"status":"滿車"}},{"type":"Feature","geometry":{"type":"Point","coordinates":[121.3471815062808,24.95214605079742]},"properties":{"parking_id":"080023","name":"鶯歌國民小學第一停車場","area":"鶯歌區","city":"NTPC","total_car":49,"available_car":2,"availability_rate":4.1,"status":"緊張"}},{"type":"Feature","geometry":{"type":"Point","coordinates":[121.41323325091098,25.162694759014727]},"properties":{"parking_id":"230036","name":"八里文化公園停車場","area":"八里區","city":"NTPC","total_car":170,"available_car":26,"availability_rate":15.3,"status":"偏滿"}},{"type":"Feature","geometry":{"type":"Point","coordinates":[121.49109395633334,25.060778755383275]},"properties":{"parking_id":"020019","name":"新北市立聯合醫院三重院區停車場","area":"三重區","city":"NTPC","total_car":130,"available_car":34,"availability_rate":26.2,"status":"偏滿"}},{"type":"Feature","geometry":{"type":"Point","coordinates":[121.50250985538626,25.078467186776674]},"properties":{"parking_id":"020018","name":"淡水河畔公園停車場","area":"三重區","city":"NTPC","total_car":703,"available_car":40,"availability_rate":5.7,"status":"緊張"}},{"type":"Feature","geometry":{"type":"Point","coordinates":[121.50109315154054,24.99940828328682]},"properties":{"parking_id":"030004","name":"中和區中和國小地下停車場","area":"中和區","city":"NTPC","total_car":622,"available_car":117,"availability_rate":18.8,"status":"偏滿"}},{"type":"Feature","geometry":{"type":"Point","coordinates":[121.52335073564674,24.99016717601141]},"properties":{"parking_id":"030150","name":"中和區秀峰段平面停車場","area":"中和區","city":"NTPC","total_car":25,"available_car":11,"availability_rate":44.0,"status":"充足"}},{"type":"Feature","geometry":{"type":"Point","coordinates":[121.48153877831687,25.06116665766486]},"properties":{"parking_id":"020102","name":"文中小平面停車場","area":"三重區","city":"NTPC","total_car":262,"available_car":4,"availability_rate":1.5,"status":"緊張"}},{"type":"Feature","geometry":{"type":"Point","coordinates":[121.50661660731272,24.99349870220788]},"properties":{"parking_id":"030168","name":"中和區景平路平面停車場","area":"中和區","city":"NTPC","total_car":14,"available_car":0,"availability_rate":0.0,"status":"滿車"}},{"type":"Feature","geometry":{"type":"Point","coordinates":[121.3509120154928,24.95217342338335]},"properties":{"parking_id":"080025","name":"鶯歌區三號公園平面停車場","area":"鶯歌區","city":"NTPC","total_car":167,"available_car":35,"availability_rate":21.0,"status":"偏滿"}},{"type":"Feature","geometry":{"type":"Point","coordinates":[121.8056259999473,25.109724998808133]},"properties":{"parking_id":"120014","name":"瑞芳區後火車站平面停車場","area":"瑞芳區","city":"NTPC","total_car":66,"available_car":2,"availability_rate":3.0,"status":"緊張"}},{"type":"Feature","geometry":{"type":"Point","coordinates":[121.3646291181545,25.068130046263747]},"properties":{"parking_id":"170120","name":"MITSUI OUTLET PARK 林口二館收費停車場","area":"林口區","city":"NTPC","total_car":1121,"available_car":653,"availability_rate":58.3,"status":"充足"}},{"type":"Feature","geometry":{"type":"Point","coordinates":[121.46230782301879,25.003910737687608]},"properties":{"parking_id":"010266","name":"板橋區忠孝國中地下停車場","area":"板橋區","city":"NTPC","total_car":480,"available_car":73,"availability_rate":15.2,"status":"偏滿"}},{"type":"Feature","geometry":{"type":"Point","coordinates":[121.4499321751985,24.995793511628907]},"properties":{"parking_id":"010024","name":"華東停車場","area":"板橋區","city":"NTPC","total_car":238,"available_car":59,"availability_rate":24.8,"status":"偏滿"}},{"type":"Feature","geometry":{"type":"Point","coordinates":[121.51647853349705,25.003075259133244]},"properties":{"parking_id":"040003","name":"永和國小地下停車場","area":"永和區","city":"NTPC","total_car":283,"available_car":27,"availability_rate":9.5,"status":"緊張"}},{"type":"Feature","geometry":{"type":"Point","coordinates":[121.45420749537712,25.01081246587964]},"properties":{"parking_id":"010018","name":"板橋區府中立體停車場","area":"板橋區","city":"NTPC","total_car":158,"available_car":33,"availability_rate":20.9,"status":"偏滿"}},{"type":"Feature","geometry":{"type":"Point","coordinates":[121.45088144728952,25.034656967347264]},"properties":{"parking_id":"050008","name":"新莊國中地下停車場","area":"新莊區","city":"NTPC","total_car":277,"available_car":13,"availability_rate":4.7,"status":"緊張"}},{"type":"Feature","geometry":{"type":"Point","coordinates":[121.4286530985247,25.025694562108725]},"properties":{"parking_id":"050011","name":"後港新公園地下停車場","area":"新莊區","city":"NTPC","total_car":188,"available_car":15,"availability_rate":8.0,"status":"緊張"}},{"type":"Feature","geometry":{"type":"Point","coordinates":[121.47148799999627,25.090810999229777]},"properties":{"parking_id":"140044","name":"蘆洲仁愛立體停車場","area":"蘆洲區","city":"NTPC","total_car":462,"available_car":125,"availability_rate":27.1,"status":"偏滿"}},{"type":"Feature","geometry":{"type":"Point","coordinates":[121.42176603040767,24.99219250533685]},"properties":{"parking_id":"070079","name":"樹林區長壽公園地下停車場","area":"樹林區","city":"NTPC","total_car":224,"available_car":11,"availability_rate":4.9,"status":"緊張"}},{"type":"Feature","geometry":{"type":"Point","coordinates":[121.47630676171501,25.013514975005425]},"properties":{"parking_id":"010014","name":"民生公園地下停車場","area":"板橋區","city":"NTPC","total_car":165,"available_car":1,"availability_rate":0.6,"status":"緊張"}},{"type":"Feature","geometry":{"type":"Point","coordinates":[121.37562299996641,25.077716998697962]},"properties":{"parking_id":"170074","name":"林口世大運選手村社會住宅地下停車場A區","area":"林口區","city":"NTPC","total_car":697,"available_car":197,"availability_rate":28.3,"status":"偏滿"}},{"type":"Feature","geometry":{"type":"Point","coordinates":[121.37672899990733,25.07572399926025]},"properties":{"parking_id":"170071","name":"林口世大運選手村社會住宅地下停車B區","area":"林口區","city":"NTPC","total_car":551,"available_car":206,"availability_rate":37.4,"status":"充足"}},{"type":"Feature","geometry":{"type":"Point","coordinates":[121.37887099997246,25.075254999051168]},"properties":{"parking_id":"170072","name":"林口世大運選手村社會住宅地下停車場C區","area":"林口區","city":"NTPC","total_car":663,"available_car":158,"availability_rate":23.8,"status":"偏滿"}},{"type":"Feature","geometry":{"type":"Point","coordinates":[121.37645799997593,25.073322998633614]},"properties":{"parking_id":"170073","name":"林口世大運選手村社會住宅地下停車場D區","area":"林口區","city":"NTPC","total_car":850,"available_car":1067,"availability_rate":125.5,"status":"充足"}},{"type":"Feature","geometry":{"type":"Point","coordinates":[121.36445986062563,25.06955149757265]},"properties":{"parking_id":"170121","name":"林口區行政園區平面停車場","area":"林口區","city":"NTPC","total_car":82,"available_car":30,"availability_rate":36.6,"status":"充足"}},{"type":"Feature","geometry":{"type":"Point","coordinates":[121.49611642138771,25.065036860377493]},"properties":{"parking_id":"020038","name":"正義國小地下停車場","area":"三重區","city":"NTPC","total_car":296,"available_car":0,"availability_rate":0.0,"status":"滿車"}},{"type":"Feature","geometry":{"type":"Point","coordinates":[121.46195042793175,25.13900572511121]},"properties":{"parking_id":"100017","name":"淡水馬偕紀念醫院附設收費停車場","area":"淡水區","city":"NTPC","total_car":360,"available_car":34,"availability_rate":9.4,"status":"緊張"}},{"type":"Feature","geometry":{"type":"Point","coordinates":[121.45811953233533,25.085097528157547]},"properties":{"parking_id":"140007","name":"蘆洲區成功地下停車場","area":"蘆洲區","city":"NTPC","total_car":144,"available_car":0,"availability_rate":0.0,"status":"滿車"}},{"type":"Feature","geometry":{"type":"Point","coordinates":[121.45842568408432,25.084784210672684]},"properties":{"parking_id":"140062","name":"蘆洲區永康公園地下停車場","area":"蘆洲區","city":"NTPC","total_car":120,"available_car":44,"availability_rate":36.7,"status":"充足"}},{"type":"Feature","geometry":{"type":"Point","coordinates":[121.47495444201789,25.085559201200002]},"properties":{"parking_id":"140013","name":"蘆洲區民權平面停車場","area":"蘆洲區","city":"NTPC","total_car":47,"available_car":0,"availability_rate":0.0,"status":"滿車"}},{"type":"Feature","geometry":{"type":"Point","coordinates":[121.49050071477579,24.99259120195588]},"properties":{"parking_id":"030009","name":"中和區錦和運動公園停車場","area":"中和區","city":"NTPC","total_car":541,"available_car":119,"availability_rate":22.0,"status":"偏滿"}},{"type":"Feature","geometry":{"type":"Point","coordinates":[121.49802209071916,25.074257176411724]},"properties":{"parking_id":"020016","name":"三重區龍門公園地下停車場","area":"三重區","city":"NTPC","total_car":427,"available_car":56,"availability_rate":13.1,"status":"偏滿"}},{"type":"Feature","geometry":{"type":"Point","coordinates":[121.44647212272257,24.987082678807806]},"properties":{"parking_id":"130056","name":"土城區莒光四村平面停車場","area":"土城區","city":"NTPC","total_car":313,"available_car":62,"availability_rate":19.8,"status":"偏滿"}},{"type":"Feature","geometry":{"type":"Point","coordinates":[121.44410237094289,24.976513199083932]},"properties":{"parking_id":"130003","name":"土城區員林平面停車場","area":"土城區","city":"NTPC","total_car":46,"available_car":15,"availability_rate":32.6,"status":"充足"}},{"type":"Feature","geometry":{"type":"Point","coordinates":[121.4664457356123,24.983902169877215]},"properties":{"parking_id":"130048","name":"土城區明德平面停車場","area":"土城區","city":"NTPC","total_car":40,"available_car":0,"availability_rate":0.0,"status":"滿車"}},{"type":"Feature","geometry":{"type":"Point","coordinates":[121.46444158081941,24.98698705650924]},"properties":{"parking_id":"130008","name":"土城區永豐平面停車場","area":"土城區","city":"NTPC","total_car":102,"available_car":19,"availability_rate":18.6,"status":"偏滿"}},{"type":"Feature","geometry":{"type":"Point","coordinates":[121.43266993432864,24.965663309653923]},"properties":{"parking_id":"130051","name":"土城區大安平面停車場","area":"土城區","city":"NTPC","total_car":46,"available_car":8,"availability_rate":17.4,"status":"偏滿"}},{"type":"Feature","geometry":{"type":"Point","coordinates":[121.46902050889004,25.021573202410554]},"properties":{"parking_id":"010004","name":"民生花市平面停車場","area":"板橋區","city":"NTPC","total_car":107,"available_car":35,"availability_rate":32.7,"status":"充足"}},{"type":"Feature","geometry":{"type":"Point","coordinates":[121.45322218215344,25.102300237858817]},"properties":{"parking_id":"150051","name":"五股區成德平面停車場","area":"五股區","city":"NTPC","total_car":33,"available_car":10,"availability_rate":30.3,"status":"充足"}},{"type":"Feature","geometry":{"type":"Point","coordinates":[121.44136858147223,25.083416705018625]},"properties":{"parking_id":"150050","name":"五股區芳洲平面停車場","area":"五股區","city":"NTPC","total_car":29,"available_car":8,"availability_rate":27.6,"status":"偏滿"}},{"type":"Feature","geometry":{"type":"Point","coordinates":[121.4289940124341,25.0653001339132]},"properties":{"parking_id":"160001","name":"泰山區山腳平面停車場","area":"泰山區","city":"NTPC","total_car":57,"available_car":5,"availability_rate":8.8,"status":"緊張"}},{"type":"Feature","geometry":{"type":"Point","coordinates":[121.43927295538982,25.030329321043393]},"properties":{"parking_id":"050277","name":"新莊廣(停)三臨時平面停車場","area":"新莊區","city":"NTPC","total_car":73,"available_car":41,"availability_rate":56.2,"status":"充足"}},{"type":"Feature","geometry":{"type":"Point","coordinates":[121.4485739999589,25.080202998727167]},"properties":{"parking_id":"150034","name":"五股區永安橋下平面停車場","area":"五股區","city":"NTPC","total_car":51,"available_car":16,"availability_rate":31.4,"status":"充足"}},{"type":"Feature","geometry":{"type":"Point","coordinates":[121.43113400387927,25.067000253491372]},"properties":{"parking_id":"160014","name":"泰山區台貿三村平面停車場","area":"泰山區","city":"NTPC","total_car":113,"available_car":17,"availability_rate":15.0,"status":"偏滿"}},{"type":"Feature","geometry":{"type":"Point","coordinates":[121.6606392775068,25.0700880886017]},"properties":{"parking_id":"110006","name":"汐止區城中平面停車場","area":"汐止區","city":"NTPC","total_car":81,"available_car":19,"availability_rate":23.5,"status":"偏滿"}},{"type":"Feature","geometry":{"type":"Point","coordinates":[121.46255387217015,25.041283867430344]},"properties":{"parking_id":"050085","name":"TimesUNIQLO新莊中正路店停車場","area":"新莊區","city":"NTPC","total_car":85,"available_car":8,"availability_rate":9.4,"status":"緊張"}},{"type":"Feature","geometry":{"type":"Point","coordinates":[121.49585587489929,25.084023770306505]},"properties":{"parking_id":"020014","name":"三重區五常公園地下停車場","area":"三重區","city":"NTPC","total_car":80,"available_car":0,"availability_rate":0.0,"status":"滿車"}},{"type":"Feature","geometry":{"type":"Point","coordinates":[121.4890240638571,25.07117240410307]},"properties":{"parking_id":"020058","name":"三重區厚德國小地下停車場","area":"三重區","city":"NTPC","total_car":95,"available_car":0,"availability_rate":0.0,"status":"滿車"}},{"type":"Feature","geometry":{"type":"Point","coordinates":[121.46613074262116,25.026168596544192]},"properties":{"parking_id":"010106","name":"大漢暨長江機車平面停車場","area":"板橋區","city":"NTPC","total_car":339,"available_car":57,"availability_rate":16.8,"status":"偏滿"}},{"type":"Feature","geometry":{"type":"Point","coordinates":[121.46990117100967,25.010849473614886]},"properties":{"parking_id":"010053","name":"第一運動場地下及海山路平面停車場","area":"板橋區","city":"NTPC","total_car":79,"available_car":3,"availability_rate":3.8,"status":"緊張"}},{"type":"Feature","geometry":{"type":"Point","coordinates":[121.4571583864549,24.98656271160568]},"properties":{"parking_id":"130136","name":"土城板院段平面停車場","area":"土城區","city":"NTPC","total_car":47,"available_car":8,"availability_rate":17.0,"status":"偏滿"}},{"type":"Feature","geometry":{"type":"Point","coordinates":[121.36878499995136,24.937167998686952]},"properties":{"parking_id":"090044","name":"新北市三峽國民運動中心收費停車場","area":"三峽區","city":"NTPC","total_car":132,"available_car":0,"availability_rate":0.0,"status":"滿車"}},{"type":"Feature","geometry":{"type":"Point","coordinates":[121.5177647975572,24.966971681245745]},"properties":{"parking_id":"060087","name":"新店區民安段臨時平面停車場","area":"新店區","city":"NTPC","total_car":40,"available_car":9,"availability_rate":22.5,"status":"偏滿"}},{"type":"Feature","geometry":{"type":"Point","coordinates":[121.5168049583495,24.970730739557585]},"properties":{"parking_id":"060086","name":"新店區安和臨時平面停車場","area":"新店區","city":"NTPC","total_car":36,"available_car":11,"availability_rate":30.6,"status":"充足"}},{"type":"Feature","geometry":{"type":"Point","coordinates":[121.51679421516462,24.977641845604563]},"properties":{"parking_id":"060160","name":"新店區陽光段平面停車場","area":"新店區","city":"NTPC","total_car":15,"available_car":0,"availability_rate":0.0,"status":"滿車"}},{"type":"Feature","geometry":{"type":"Point","coordinates":[121.49927698860208,25.056151656018702]},"properties":{"parking_id":"020061","name":"忠孝碼頭停車場","area":"三重區","city":"NTPC","total_car":276,"available_car":5,"availability_rate":1.8,"status":"緊張"}},{"type":"Feature","geometry":{"type":"Point","coordinates":[121.52210999991236,24.986229999514947]},"properties":{"parking_id":"060111","name":"新和臨時平面停車場","area":"新店區","city":"NTPC","total_car":31,"available_car":0,"availability_rate":0.0,"status":"滿車"}},{"type":"Feature","geometry":{"type":"Point","coordinates":[121.43580377357405,25.17301948001807]},"properties":{"parking_id":"100230","name":"淡水中正路平面停車場","area":"淡水區","city":"NTPC","total_car":17,"available_car":0,"availability_rate":0.0,"status":"滿車"}},{"type":"Feature","geometry":{"type":"Point","coordinates":[121.40330299997203,25.153456998858225]},"properties":{"parking_id":"230020","name":"八里停六平面停車場","area":"八里區","city":"NTPC","total_car":87,"available_car":43,"availability_rate":49.4,"status":"充足"}},{"type":"Feature","geometry":{"type":"Point","coordinates":[121.39754299996439,25.148307998640952]},"properties":{"parking_id":"230021","name":"八里停七平面停車場","area":"八里區","city":"NTPC","total_car":72,"available_car":38,"availability_rate":52.8,"status":"充足"}},{"type":"Feature","geometry":{"type":"Point","coordinates":[121.45925398220582,25.017893114853795]},"properties":{"parking_id":"010125","name":"大庭段平面停車場","area":"板橋區","city":"NTPC","total_car":43,"available_car":0,"availability_rate":0.0,"status":"滿車"}},{"type":"Feature","geometry":{"type":"Point","coordinates":[121.50666480429751,24.989548716163185]},"properties":{"parking_id":"030031","name":"中和區復興大樓地下停車場","area":"中和區","city":"NTPC","total_car":66,"available_car":34,"availability_rate":51.5,"status":"充足"}},{"type":"Feature","geometry":{"type":"Point","coordinates":[121.51900542759611,25.01265885565989]},"properties":{"parking_id":"040013","name":"中信平面汽車停車場","area":"永和區","city":"NTPC","total_car":72,"available_car":11,"availability_rate":15.3,"status":"偏滿"}},{"type":"Feature","geometry":{"type":"Point","coordinates":[121.52920434629921,25.183640601062105]},"properties":{"parking_id":"210007","name":"鞍部停車場","area":"三芝區","city":"NTPC","total_car":26,"available_car":3,"availability_rate":11.5,"status":"偏滿"}},{"type":"Feature","geometry":{"type":"Point","coordinates":[121.52094460232323,25.18546646660743]},"properties":{"parking_id":"210005","name":"大屯2號停車場","area":"三芝區","city":"NTPC","total_car":37,"available_car":24,"availability_rate":64.9,"status":"充足"}},{"type":"Feature","geometry":{"type":"Point","coordinates":[121.52228310293215,25.186183981238432]},"properties":{"parking_id":"210004","name":"大屯1號停車場","area":"三芝區","city":"NTPC","total_car":32,"available_car":12,"availability_rate":37.5,"status":"充足"}},{"type":"Feature","geometry":{"type":"Point","coordinates":[121.52565536061401,25.18662343466448]},"properties":{"parking_id":"210006","name":"二子坪停車場","area":"三芝區","city":"NTPC","total_car":65,"available_car":6,"availability_rate":9.2,"status":"緊張"}},{"type":"Feature","geometry":{"type":"Point","coordinates":[121.5177662371407,24.993810613111023]},"properties":{"parking_id":"030175","name":"中和區大仁段平面停車場","area":"中和區","city":"NTPC","total_car":4,"available_car":15,"availability_rate":375.0,"status":"充足"}},{"type":"Feature","geometry":{"type":"Point","coordinates":[121.49513269986346,25.082177237393676]},"properties":{"parking_id":"020224","name":"三重自強臨時平面停車場","area":"三重區","city":"NTPC","total_car":208,"available_car":8,"availability_rate":3.8,"status":"緊張"}},{"type":"Feature","geometry":{"type":"Point","coordinates":[121.48165631956678,25.064104923226918]},"properties":{"parking_id":"020039","name":"三重忠孝路臨時平面停車場","area":"三重區","city":"NTPC","total_car":50,"available_car":7,"availability_rate":14.0,"status":"偏滿"}},{"type":"Feature","geometry":{"type":"Point","coordinates":[121.3423397689226,24.955656638178095]},"properties":{"parking_id":"080050","name":"鶯歌區公八公園平面停車場","area":"鶯歌區","city":"NTPC","total_car":116,"available_car":95,"availability_rate":81.9,"status":"充足"}},{"type":"Feature","geometry":{"type":"Point","coordinates":[121.35919720495968,24.95504364317302]},"properties":{"parking_id":"080051","name":"鶯歌區三鶯轉運站南側平面停車場","area":"鶯歌區","city":"NTPC","total_car":60,"available_car":11,"availability_rate":18.3,"status":"偏滿"}},{"type":"Feature","geometry":{"type":"Point","coordinates":[121.35826036324242,24.95470011454307]},"properties":{"parking_id":"080052","name":"鶯歌區三鶯轉運站北側平面停車場","area":"鶯歌區","city":"NTPC","total_car":37,"available_car":36,"availability_rate":97.3,"status":"充足"}},{"type":"Feature","geometry":{"type":"Point","coordinates":[121.47423475543077,25.050557752027622]},"properties":{"parking_id":"020217","name":"三重興穀國小地下停車場","area":"三重區","city":"NTPC","total_car":73,"available_car":25,"availability_rate":34.2,"status":"充足"}},{"type":"Feature","geometry":{"type":"Point","coordinates":[121.43590052134756,24.966484487400237]},"properties":{"parking_id":"130010","name":"捷運永寧站轉乘停車場","area":"土城區","city":"NTPC","total_car":236,"available_car":10,"availability_rate":4.2,"status":"緊張"}},{"type":"Feature","geometry":{"type":"Point","coordinates":[121.49002157127279,24.994168197565955]},"properties":{"parking_id":"030080","name":"中和區和城路平面停車場","area":"中和區","city":"NTPC","total_car":29,"available_car":5,"availability_rate":17.2,"status":"偏滿"}},{"type":"Feature","geometry":{"type":"Point","coordinates":[121.47915514600238,25.004554396098055]},"properties":{"parking_id":"030015","name":"中和區民安平面停車場","area":"中和區","city":"NTPC","total_car":37,"available_car":0,"availability_rate":0.0,"status":"滿車"}},{"type":"Feature","geometry":{"type":"Point","coordinates":[121.5049732814214,25.01218353564937]},"properties":{"parking_id":"040044","name":"永和區保生路平面停車場","area":"永和區","city":"NTPC","total_car":31,"available_car":24,"availability_rate":77.4,"status":"充足"}},{"type":"Feature","geometry":{"type":"Point","coordinates":[121.46406905554201,24.999894028996778]},"properties":{"parking_id":"010011","name":"重慶公園地下停車場","area":"板橋區","city":"NTPC","total_car":278,"available_car":23,"availability_rate":8.3,"status":"緊張"}},{"type":"Feature","geometry":{"type":"Point","coordinates":[121.45031002906008,25.01628998222171]},"properties":{"parking_id":"010219","name":"環河公園臨時平面停車場","area":"板橋區","city":"NTPC","total_car":84,"available_car":21,"availability_rate":25.0,"status":"偏滿"}},{"type":"Feature","geometry":{"type":"Point","coordinates":[121.45187462384877,25.009555626257296]},"properties":{"parking_id":"010045","name":"聖若望平面停車場","area":"板橋區","city":"NTPC","total_car":76,"available_car":5,"availability_rate":6.6,"status":"緊張"}},{"type":"Feature","geometry":{"type":"Point","coordinates":[121.45142204853867,25.013132162983513]},"properties":{"parking_id":"010213","name":"南雅西路環河平面停車場","area":"板橋區","city":"NTPC","total_car":43,"available_car":1,"availability_rate":2.3,"status":"緊張"}},{"type":"Feature","geometry":{"type":"Point","coordinates":[121.46328057145601,24.99965272542806]},"properties":{"parking_id":"010043","name":"國慶平面停車場","area":"板橋區","city":"NTPC","total_car":36,"available_car":0,"availability_rate":0.0,"status":"滿車"}},{"type":"Feature","geometry":{"type":"Point","coordinates":[121.46018138515187,25.024006831871368]},"properties":{"parking_id":"010033","name":"英士路平面停車場","area":"板橋區","city":"NTPC","total_car":23,"available_car":0,"availability_rate":0.0,"status":"滿車"}},{"type":"Feature","geometry":{"type":"Point","coordinates":[121.61590590551434,25.001419331302145]},"properties":{"parking_id":"180005","name":"深坑兒童遊戲場地下停車場","area":"深坑區","city":"NTPC","total_car":168,"available_car":103,"availability_rate":61.3,"status":"充足"}},{"type":"Feature","geometry":{"type":"Point","coordinates":[121.46480872418365,25.013488162332116]},"properties":{"parking_id":"010013","name":"市民廣場地下停車場","area":"板橋區","city":"NTPC","total_car":841,"available_car":316,"availability_rate":37.6,"status":"充足"}},{"type":"Feature","geometry":{"type":"Point","coordinates":[121.62022917929386,25.00083260169761]},"properties":{"parking_id":"180004","name":"深坑埔新段平面停車場","area":"深坑區","city":"NTPC","total_car":130,"available_car":34,"availability_rate":26.2,"status":"偏滿"}},{"type":"Feature","geometry":{"type":"Point","coordinates":[121.42706150833675,25.04537334745515]},"properties":{"parking_id":"160035","name":"泰山區明志國民小學前庭平面停車場","area":"泰山區","city":"NTPC","total_car":14,"available_car":12,"availability_rate":85.7,"status":"充足"}},{"type":"Feature","geometry":{"type":"Point","coordinates":[121.47391223327747,25.02852742325456]},"properties":{"parking_id":"010001","name":"莊敬立體停車場","area":"板橋區","city":"NTPC","total_car":280,"available_car":83,"availability_rate":29.6,"status":"偏滿"}},{"type":"Feature","geometry":{"type":"Point","coordinates":[121.4571390464947,25.01078813548892]},"properties":{"parking_id":"010299","name":"板橋黃石市場停車場","area":"板橋區","city":"NTPC","total_car":48,"available_car":5,"availability_rate":10.4,"status":"偏滿"}},{"type":"Feature","geometry":{"type":"Point","coordinates":[121.53664367207053,24.96764514928345]},"properties":{"parking_id":"060078","name":"新環停車場","area":"新店區","city":"NTPC","total_car":143,"available_car":12,"availability_rate":8.4,"status":"緊張"}},{"type":"Feature","geometry":{"type":"Point","coordinates":[121.48377312317332,25.00146767905164]},"properties":{"parking_id":"030007","name":"民樂立體停車場","area":"中和區","city":"NTPC","total_car":255,"available_car":53,"availability_rate":20.8,"status":"偏滿"}},{"type":"Feature","geometry":{"type":"Point","coordinates":[121.50247878698293,24.99056503692541]},"properties":{"parking_id":"030087","name":"中和地政事務所及稅捐稽徵處中和分處地下停車場","area":"中和區","city":"NTPC","total_car":135,"available_car":12,"availability_rate":8.9,"status":"緊張"}},{"type":"Feature","geometry":{"type":"Point","coordinates":[121.8483530011119,25.11153319282152]},"properties":{"parking_id":"120021","name":"隔頂平面停車場","area":"瑞芳區","city":"NTPC","total_car":61,"available_car":0,"availability_rate":0.0,"status":"滿車"}},{"type":"Feature","geometry":{"type":"Point","coordinates":[121.4358543182063,25.196431618016426]},"properties":{"parking_id":"100240","name":"新市段平面停車場","area":"淡水區","city":"NTPC","total_car":40,"available_car":26,"availability_rate":65.0,"status":"充足"}},{"type":"Feature","geometry":{"type":"Point","coordinates":[121.49165547014064,25.057431987682538]},"properties":{"parking_id":"020119","name":"三重區光明公有零售市場所屬停車場","area":"三重區","city":"NTPC","total_car":50,"available_car":0,"availability_rate":0.0,"status":"滿車"}},{"type":"Feature","geometry":{"type":"Point","coordinates":[121.48181583282117,25.05039973924201]},"properties":{"parking_id":"020060","name":"幸福水漾公園區停車場","area":"三重區","city":"NTPC","total_car":173,"available_car":44,"availability_rate":25.4,"status":"偏滿"}},{"type":"Feature","geometry":{"type":"Point","coordinates":[121.47138371129878,25.066950145408025]},"properties":{"parking_id":"020078","name":"親水公園區停車場","area":"三重區","city":"NTPC","total_car":277,"available_car":59,"availability_rate":21.3,"status":"偏滿"}},{"type":"Feature","geometry":{"type":"Point","coordinates":[121.45332249805553,25.082706271721577]},"properties":{"parking_id":"150018","name":"微風運河2區停車場","area":"五股區","city":"NTPC","total_car":9,"available_car":100,"availability_rate":1111.1,"status":"充足"}},{"type":"Feature","geometry":{"type":"Point","coordinates":[121.47243607540427,25.066098158769655]},"properties":{"parking_id":"020071","name":"荷花公園區停車場","area":"三重區","city":"NTPC","total_car":525,"available_car":186,"availability_rate":35.4,"status":"充足"}},{"type":"Feature","geometry":{"type":"Point","coordinates":[121.48170951388363,25.04982228465381]},"properties":{"parking_id":"020068","name":"觀光市集南側區停車場","area":"三重區","city":"NTPC","total_car":466,"available_car":287,"availability_rate":61.6,"status":"充足"}},{"type":"Feature","geometry":{"type":"Point","coordinates":[121.43920433601396,25.172401844206068]},"properties":{"parking_id":"100008","name":"淡水三民立體停車場","area":"淡水區","city":"NTPC","total_car":57,"available_car":0,"availability_rate":0.0,"status":"滿車"}},{"type":"Feature","geometry":{"type":"Point","coordinates":[121.51252427924294,24.962110073592587]},"properties":{"parking_id":"060010","name":"新店區安康立體停車場","area":"新店區","city":"NTPC","total_car":200,"available_car":29,"availability_rate":14.5,"status":"偏滿"}},{"type":"Feature","geometry":{"type":"Point","coordinates":[121.46596292838815,25.068551689804654]},"properties":{"parking_id":"150009","name":"遙控賽車場區停車場","area":"五股區","city":"NTPC","total_car":60,"available_car":9,"availability_rate":15.0,"status":"偏滿"}},{"type":"Feature","geometry":{"type":"Point","coordinates":[121.45965701435117,25.072060711652536]},"properties":{"parking_id":"020083","name":"陽光運河區停車場","area":"五股區","city":"NTPC","total_car":115,"available_car":66,"availability_rate":57.4,"status":"充足"}},{"type":"Feature","geometry":{"type":"Point","coordinates":[121.47317964536836,25.062272388050776]},"properties":{"parking_id":"020065","name":"中山棒球場區停車場","area":"三重區","city":"NTPC","total_car":115,"available_car":67,"availability_rate":58.3,"status":"充足"}},{"type":"Feature","geometry":{"type":"Point","coordinates":[121.45266736792661,25.084631256615932]},"properties":{"parking_id":"150019","name":"微風運河3區停車場","area":"五股區","city":"NTPC","total_car":91,"available_car":60,"availability_rate":65.9,"status":"充足"}},{"type":"Feature","geometry":{"type":"Point","coordinates":[121.45411589728843,25.09193055782308]},"properties":{"parking_id":"150016","name":"微風運河4區停車場","area":"五股區","city":"NTPC","total_car":67,"available_car":34,"availability_rate":50.7,"status":"充足"}},{"type":"Feature","geometry":{"type":"Point","coordinates":[121.45666940779458,25.09717706428306]},"properties":{"parking_id":"150015","name":"微風運河5區停車場","area":"五股區","city":"NTPC","total_car":91,"available_car":0,"availability_rate":0.0,"status":"滿車"}},{"type":"Feature","geometry":{"type":"Point","coordinates":[121.53524475040437,24.965474395986107]},"properties":{"parking_id":"060085","name":"親情河濱公園2區停車場","area":"新店區","city":"NTPC","total_car":117,"available_car":13,"availability_rate":11.1,"status":"偏滿"}},{"type":"Feature","geometry":{"type":"Point","coordinates":[121.53524475040437,24.965474395986107]},"properties":{"parking_id":"060085","name":"親情河濱公園2區停車場","area":"新店區","city":"NTPC","total_car":117,"available_car":13,"availability_rate":11.1,"status":"偏滿"}},{"type":"Feature","geometry":{"type":"Point","coordinates":[121.53524475040437,24.965474395986107]},"properties":{"parking_id":"060085","name":"親情河濱公園2區停車場","area":"新店區","city":"NTPC","total_car":117,"available_car":13,"availability_rate":11.1,"status":"偏滿"}},{"type":"Feature","geometry":{"type":"Point","coordinates":[121.53593160295482,24.96559380585774]},"properties":{"parking_id":"060047","name":"親情河濱公園1區停車場","area":"新店區","city":"NTPC","total_car":151,"available_car":40,"availability_rate":26.5,"status":"偏滿"}},{"type":"Feature","geometry":{"type":"Point","coordinates":[121.53593160295482,24.96559380585774]},"properties":{"parking_id":"060047","name":"親情河濱公園1區停車場","area":"新店區","city":"NTPC","total_car":151,"available_car":40,"availability_rate":26.5,"status":"偏滿"}},{"type":"Feature","geometry":{"type":"Point","coordinates":[121.51452701873488,25.01975247050337]},"properties":{"parking_id":"040014","name":"綠寶石區停車場","area":"永和區","city":"NTPC","total_car":764,"available_car":88,"availability_rate":11.5,"status":"偏滿"}},{"type":"Feature","geometry":{"type":"Point","coordinates":[121.51452701873488,25.01975247050337]},"properties":{"parking_id":"040014","name":"綠寶石區停車場","area":"永和區","city":"NTPC","total_car":787,"available_car":88,"availability_rate":11.2,"status":"偏滿"}},{"type":"Feature","geometry":{"type":"Point","coordinates":[121.51620269688367,25.018852877864568]},"properties":{"parking_id":"040037","name":"綠光河岸區停車場","area":"永和區","city":"NTPC","total_car":442,"available_car":48,"availability_rate":10.9,"status":"偏滿"}},{"type":"Feature","geometry":{"type":"Point","coordinates":[121.51620269688367,25.018852877864568]},"properties":{"parking_id":"040037","name":"綠光河岸區停車場","area":"永和區","city":"NTPC","total_car":442,"available_car":48,"availability_rate":10.9,"status":"偏滿"}},{"type":"Feature","geometry":{"type":"Point","coordinates":[121.522452336007,24.98127398718842]},"properties":{"parking_id":"060068","name":"萊茵區停車場","area":"新店區","city":"NTPC","total_car":163,"available_car":110,"availability_rate":67.5,"status":"充足"}},{"type":"Feature","geometry":{"type":"Point","coordinates":[121.522452336007,24.98127398718842]},"properties":{"parking_id":"060068","name":"萊茵區停車場","area":"新店區","city":"NTPC","total_car":163,"available_car":110,"availability_rate":67.5,"status":"充足"}},{"type":"Feature","geometry":{"type":"Point","coordinates":[121.51846353876037,24.976782878674]},"properties":{"parking_id":"060021","name":"陽光運動公園停車場","area":"新店區","city":"NTPC","total_car":227,"available_car":0,"availability_rate":0.0,"status":"滿車"}},{"type":"Feature","geometry":{"type":"Point","coordinates":[121.51846353876037,24.976782878674]},"properties":{"parking_id":"060021","name":"陽光運動公園停車場","area":"新店區","city":"NTPC","total_car":227,"available_car":0,"availability_rate":0.0,"status":"滿車"}},{"type":"Feature","geometry":{"type":"Point","coordinates":[121.52834439903818,25.005259019305193]},"properties":{"parking_id":"040036","name":"福和橋區停車場","area":"永和區","city":"NTPC","total_car":276,"available_car":12,"availability_rate":4.3,"status":"緊張"}},{"type":"Feature","geometry":{"type":"Point","coordinates":[121.4818536906875,25.034726791928954]},"properties":{"parking_id":"010034","name":"華江區停車場","area":"板橋區","city":"NTPC","total_car":356,"available_car":76,"availability_rate":21.3,"status":"偏滿"}},{"type":"Feature","geometry":{"type":"Point","coordinates":[121.52919799996828,25.002084998844534]},"properties":{"parking_id":"040066","name":"長堤區停車場","area":"永和區","city":"NTPC","total_car":95,"available_car":20,"availability_rate":21.1,"status":"偏滿"}},{"type":"Feature","geometry":{"type":"Point","coordinates":[121.52812696187324,24.990778660061764]},"properties":{"parking_id":"030119","name":"秀朗追風區停車場","area":"中和區","city":"NTPC","total_car":428,"available_car":116,"availability_rate":27.1,"status":"偏滿"}},{"type":"Feature","geometry":{"type":"Point","coordinates":[121.51914464451882,24.98330786954104]},"properties":{"parking_id":"060164","name":"新店區永安平面停車場","area":"新店區","city":"NTPC","total_car":75,"available_car":15,"availability_rate":20.0,"status":"偏滿"}},{"type":"Feature","geometry":{"type":"Point","coordinates":[121.5343033258688,24.97956170902197]},"properties":{"parking_id":"060163","name":"新店區二十張平面停車場","area":"新店區","city":"NTPC","total_car":248,"available_car":159,"availability_rate":64.1,"status":"充足"}},{"type":"Feature","geometry":{"type":"Point","coordinates":[121.60205499997619,25.003474999027482]},"properties":{"parking_id":"180007","name":"深坑北深路平面停車場","area":"深坑區","city":"NTPC","total_car":13,"available_car":2,"availability_rate":15.4,"status":"偏滿"}},{"type":"Feature","geometry":{"type":"Point","coordinates":[121.63727199998922,25.220235999042632]},"properties":{"parking_id":"270008","name":"市地重劃B區臨時平面停車場","area":"金山區","city":"NTPC","total_car":20,"available_car":15,"availability_rate":75.0,"status":"充足"}},{"type":"Feature","geometry":{"type":"Point","coordinates":[121.42512508962366,25.022675735065043]},"properties":{"parking_id":"050003","name":"八德立體停車場","area":"新莊區","city":"NTPC","total_car":200,"available_car":0,"availability_rate":0.0,"status":"滿車"}},{"type":"Feature","geometry":{"type":"Point","coordinates":[121.45160844011299,25.047817804656813]},"properties":{"parking_id":"050002","name":"中誠立體停車場","area":"新莊區","city":"NTPC","total_car":200,"available_car":41,"availability_rate":20.5,"status":"偏滿"}},{"type":"Feature","geometry":{"type":"Point","coordinates":[121.45671179525311,25.047666780641443]},"properties":{"parking_id":"050051","name":"思賢立體停車場","area":"新莊區","city":"NTPC","total_car":254,"available_car":0,"availability_rate":0.0,"status":"滿車"}},{"type":"Feature","geometry":{"type":"Point","coordinates":[121.42620950265794,25.036279911155898]},"properties":{"parking_id":"160042","name":"文小一臨時平面停車場","area":"泰山區","city":"NTPC","total_car":352,"available_car":153,"availability_rate":43.5,"status":"充足"}},{"type":"Feature","geometry":{"type":"Point","coordinates":[121.42763203919205,25.04385678006776]},"properties":{"parking_id":"160038","name":"新明臨時平面停車場","area":"泰山區","city":"NTPC","total_car":24,"available_car":3,"availability_rate":12.5,"status":"偏滿"}},{"type":"Feature","geometry":{"type":"Point","coordinates":[121.43850511432714,25.04374112460294]},"properties":{"parking_id":"160041","name":"泰山區文中二臨時平面停車場","area":"泰山區","city":"NTPC","total_car":109,"available_car":91,"availability_rate":83.5,"status":"充足"}},{"type":"Feature","geometry":{"type":"Point","coordinates":[121.80893939371416,25.108096417060604]},"properties":{"parking_id":"120002","name":"瑞芳區立體停車場","area":"瑞芳區","city":"NTPC","total_car":348,"available_car":48,"availability_rate":13.8,"status":"偏滿"}},{"type":"Feature","geometry":{"type":"Point","coordinates":[121.43597020277642,25.05078061571764]},"properties":{"parking_id":"160044","name":"泰山區停五平面停車場","area":"泰山區","city":"NTPC","total_car":50,"available_car":34,"availability_rate":68.0,"status":"充足"}},{"type":"Feature","geometry":{"type":"Point","coordinates":[121.44907578763771,25.04277874733826]},"properties":{"parking_id":"050242","name":"新莊運動公園地下停車場","area":"新莊區","city":"NTPC","total_car":636,"available_car":142,"availability_rate":22.3,"status":"偏滿"}},{"type":"Feature","geometry":{"type":"Point","coordinates":[121.465868638665,25.01474427559494]},"properties":{"parking_id":"010093","name":"東方富域停車場","area":"板橋區","city":"NTPC","total_car":184,"available_car":349,"availability_rate":189.7,"status":"充足"}},{"type":"Feature","geometry":{"type":"Point","coordinates":[121.44560269119931,25.168193728681835]},"properties":{"parking_id":"100010","name":"嘟嘟房捷運淡水站停車場","area":"淡水區","city":"NTPC","total_car":553,"available_car":469,"availability_rate":84.8,"status":"充足"}},{"type":"Feature","geometry":{"type":"Point","coordinates":[121.6417499999473,25.220255998633718]},"properties":{"parking_id":"270007","name":"金山區金山立體停車場","area":"金山區","city":"NTPC","total_car":350,"available_car":282,"availability_rate":80.6,"status":"充足"}},{"type":"Feature","geometry":{"type":"Point","coordinates":[121.37462855591149,24.938437759032094]},"properties":{"parking_id":"090008","name":"龍埔公園平面停車場","area":"三峽區","city":"NTPC","total_car":57,"available_car":36,"availability_rate":63.2,"status":"充足"}},{"type":"Feature","geometry":{"type":"Point","coordinates":[121.38203041198992,24.947510488638883]},"properties":{"parking_id":"070038","name":"樹林停二平面停車場","area":"樹林區","city":"NTPC","total_car":150,"available_car":65,"availability_rate":43.3,"status":"充足"}},{"type":"Feature","geometry":{"type":"Point","coordinates":[121.3749328651728,24.932654344943543]},"properties":{"parking_id":"090017","name":"三角湧平面停車場","area":"三峽區","city":"NTPC","total_car":39,"available_car":9,"availability_rate":23.1,"status":"偏滿"}},{"type":"Feature","geometry":{"type":"Point","coordinates":[121.37430220016749,24.93037627394794]},"properties":{"parking_id":"090016","name":"光明平面停車場","area":"三峽區","city":"NTPC","total_car":46,"available_car":17,"availability_rate":37.0,"status":"充足"}},{"type":"Feature","geometry":{"type":"Point","coordinates":[121.48352889730349,25.057599507036272]},"properties":{"parking_id":"020246","name":"重陽公園地下停車場","area":"三重區","city":"NTPC","total_car":257,"available_car":6,"availability_rate":2.3,"status":"緊張"}},{"type":"Feature","geometry":{"type":"Point","coordinates":[121.43086850706197,25.034436464747653]},"properties":{"parking_id":"050026","name":"明日之星收費停車場","area":"新莊區","city":"NTPC","total_car":74,"available_car":15,"availability_rate":20.3,"status":"偏滿"}},{"type":"Feature","geometry":{"type":"Point","coordinates":[121.35738373193911,24.952570632785303]},"properties":{"parking_id":"080075","name":"新北市美術館地下停車場","area":"鶯歌區","city":"NTPC","total_car":82,"available_car":0,"availability_rate":0.0,"status":"滿車"}},{"type":"Feature","geometry":{"type":"Point","coordinates":[121.35436999999818,24.951356999141353]},"properties":{"parking_id":"080031","name":"鶯歌區北鶯平面停車場","area":"鶯歌區","city":"NTPC","total_car":110,"available_car":60,"availability_rate":54.5,"status":"充足"}},{"type":"Feature","geometry":{"type":"Point","coordinates":[121.37226878506381,24.932448856285557]},"properties":{"parking_id":"090003","name":"長福平面停車場","area":"三峽區","city":"NTPC","total_car":50,"available_car":18,"availability_rate":36.0,"status":"充足"}},{"type":"Feature","geometry":{"type":"Point","coordinates":[121.4492898701851,25.206290576090666]},"properties":{"parking_id":"100242","name":"義山平面停車場","area":"淡水區","city":"NTPC","total_car":45,"available_car":26,"availability_rate":57.8,"status":"充足"}},{"type":"Feature","geometry":{"type":"Point","coordinates":[121.8051008695875,25.134508771978293]},"properties":{"parking_id":"120023","name":"八斗子停車場","area":"瑞芳區","city":"NTPC","total_car":31,"available_car":2,"availability_rate":6.5,"status":"緊張"}},{"type":"Feature","geometry":{"type":"Point","coordinates":[121.45475734273211,25.00192704561986]},"properties":{"parking_id":"010131","name":"新北市立圖書館地下停車場","area":"板橋區","city":"NTPC","total_car":225,"available_car":0,"availability_rate":0.0,"status":"滿車"}},{"type":"Feature","geometry":{"type":"Point","coordinates":[121.49743390470117,25.068521806091397]},"properties":{"parking_id":"020005","name":"正義公園地下停車場","area":"三重區","city":"NTPC","total_car":196,"available_car":12,"availability_rate":6.1,"status":"緊張"}},{"type":"Feature","geometry":{"type":"Point","coordinates":[121.4788047493408,25.066159010511406]},"properties":{"parking_id":"020008","name":"二重國中地下停車場","area":"三重區","city":"NTPC","total_car":207,"available_car":34,"availability_rate":16.4,"status":"偏滿"}},{"type":"Feature","geometry":{"type":"Point","coordinates":[121.46968757289295,24.987241438087366]},"properties":{"parking_id":"130005","name":"土城區延吉立體停車場","area":"土城區","city":"NTPC","total_car":435,"available_car":125,"availability_rate":28.7,"status":"偏滿"}},{"type":"Feature","geometry":{"type":"Point","coordinates":[121.4465778303481,24.984536402945487]},"properties":{"parking_id":"130004","name":"土城區裕生立體停車場","area":"土城區","city":"NTPC","total_car":177,"available_car":29,"availability_rate":16.4,"status":"偏滿"}},{"type":"Feature","geometry":{"type":"Point","coordinates":[121.44384999355648,24.982970040327096]},"properties":{"parking_id":"130084","name":"土城區中央公園地下停車場","area":"土城區","city":"NTPC","total_car":318,"available_car":88,"availability_rate":27.7,"status":"偏滿"}},{"type":"Feature","geometry":{"type":"Point","coordinates":[121.45951974130206,25.012096204321306]},"properties":{"parking_id":"010110","name":"板橋區板橋高中地下停車場","area":"板橋區","city":"NTPC","total_car":230,"available_car":0,"availability_rate":0.0,"status":"滿車"}},{"type":"Feature","geometry":{"type":"Point","coordinates":[121.48668899992666,25.01909399903081]},"properties":{"parking_id":"010217","name":"華翠區停車場","area":"板橋區","city":"NTPC","total_car":165,"available_car":11,"availability_rate":6.7,"status":"緊張"}},{"type":"Feature","geometry":{"type":"Point","coordinates":[121.48960776760886,25.060914570267418]},"properties":{"parking_id":"020002","name":"三重區中山立體停車場","area":"三重區","city":"NTPC","total_car":466,"available_car":2,"availability_rate":0.4,"status":"緊張"}},{"type":"Feature","geometry":{"type":"Point","coordinates":[121.48410981291752,25.064187225217538]},"properties":{"parking_id":"020006","name":"三重區聯邦地下停車場","area":"三重區","city":"NTPC","total_car":191,"available_car":3,"availability_rate":1.6,"status":"緊張"}},{"type":"Feature","geometry":{"type":"Point","coordinates":[121.48514145041743,25.08451961627363]},"properties":{"parking_id":"020034","name":"三重區碧華平面停車場","area":"三重區","city":"NTPC","total_car":7,"available_car":0,"availability_rate":0.0,"status":"滿車"}},{"type":"Feature","geometry":{"type":"Point","coordinates":[121.48630786236185,25.071118130157032]},"properties":{"parking_id":"020072","name":"三重區忠孝自強平面停車場","area":"三重區","city":"NTPC","total_car":40,"available_car":2,"availability_rate":5.0,"status":"緊張"}},{"type":"Feature","geometry":{"type":"Point","coordinates":[121.37409888300976,25.073556794779222]},"properties":{"parking_id":"170135","name":"林口區國家檔案館地下停車場","area":"林口區","city":"NTPC","total_car":252,"available_car":121,"availability_rate":48.0,"status":"充足"}},{"type":"Feature","geometry":{"type":"Point","coordinates":[121.47793417034839,25.0653131740054]},"properties":{"parking_id":"020029","name":"三重區二重國小地下停車場","area":"三重區","city":"NTPC","total_car":92,"available_car":14,"availability_rate":15.2,"status":"偏滿"}},{"type":"Feature","geometry":{"type":"Point","coordinates":[121.45882381136208,25.063928959183144]},"properties":{"parking_id":"050018","name":"新店大豐公園平面停車場","area":"新店區","city":"NTPC","total_car":61,"available_car":9,"availability_rate":14.8,"status":"偏滿"}},{"type":"Feature","geometry":{"type":"Point","coordinates":[121.47487498656113,25.050300210827533]},"properties":{"parking_id":"020251","name":"三重區興穀國小操場地下停車場","area":"三重區","city":"NTPC","total_car":332,"available_car":147,"availability_rate":44.3,"status":"充足"}},{"type":"Feature","geometry":{"type":"Point","coordinates":[121.49651644153766,24.955032015391453]},"properties":{"parking_id":"060048","name":"新店區安坑平面停車場(辰淵)","area":"新店區","city":"NTPC","total_car":41,"available_car":18,"availability_rate":43.9,"status":"充足"}},{"type":"Feature","geometry":{"type":"Point","coordinates":[121.54633265660617,24.979732912815514]},"properties":{"parking_id":"060147","name":"綠湖公園地下停車場","area":"新店區","city":"NTPC","total_car":358,"available_car":91,"availability_rate":25.4,"status":"偏滿"}},{"type":"Feature","geometry":{"type":"Point","coordinates":[121.5186889259231,24.97384342322408]},"properties":{"parking_id":"060011","name":"新店區安和公園臨時平面停車場","area":"新店區","city":"NTPC","total_car":67,"available_car":10,"availability_rate":14.9,"status":"偏滿"}},{"type":"Feature","geometry":{"type":"Point","coordinates":[121.43443336117595,25.061835569966647]},"properties":{"parking_id":"160004","name":"泰山區楓樹腳公園地下停車場","area":"泰山區","city":"NTPC","total_car":382,"available_car":95,"availability_rate":24.9,"status":"偏滿"}},{"type":"Feature","geometry":{"type":"Point","coordinates":[121.4451899999833,24.978367998790937]},"properties":{"parking_id":"130075","name":"日月光廣場收費停車場","area":"土城區","city":"NTPC","total_car":522,"available_car":53,"availability_rate":10.2,"status":"偏滿"}},{"type":"Feature","geometry":{"type":"Point","coordinates":[121.45814932509084,25.02379191828808]},"properties":{"parking_id":"010010","name":"新埔立體停車場","area":"板橋區","city":"NTPC","total_car":280,"available_car":30,"availability_rate":10.7,"status":"偏滿"}},{"type":"Feature","geometry":{"type":"Point","coordinates":[121.43148999998265,25.057619999343846]},"properties":{"parking_id":"160028","name":"泰山區同興平面停車場","area":"泰山區","city":"NTPC","total_car":32,"available_car":33,"availability_rate":103.1,"status":"充足"}},{"type":"Feature","geometry":{"type":"Point","coordinates":[121.4539132223965,25.104978559844696]},"properties":{"parking_id":"150038","name":"五股區台64橋下停車場","area":"五股區","city":"NTPC","total_car":121,"available_car":1,"availability_rate":0.8,"status":"緊張"}},{"type":"Feature","geometry":{"type":"Point","coordinates":[121.42980930209451,25.070848274143188]},"properties":{"parking_id":"150048","name":"五股區水碓三路平面停車場","area":"五股區","city":"NTPC","total_car":16,"available_car":1,"availability_rate":6.2,"status":"緊張"}},{"type":"Feature","geometry":{"type":"Point","coordinates":[121.49062849082753,25.078290264046785]},"properties":{"parking_id":"020001","name":"溪美立體停車場","area":"三重區","city":"NTPC","total_car":357,"available_car":53,"availability_rate":14.8,"status":"偏滿"}},{"type":"Feature","geometry":{"type":"Point","coordinates":[121.47629839069869,25.079582817881256]},"properties":{"parking_id":"140031","name":"蘆洲區溪墘公園地下停車場","area":"蘆洲區","city":"NTPC","total_car":173,"available_car":25,"availability_rate":14.5,"status":"偏滿"}},{"type":"Feature","geometry":{"type":"Point","coordinates":[121.46158376060338,25.09155993097395]},"properties":{"parking_id":"140010","name":"蘆洲區鷺江國中地下停車場","area":"蘆洲區","city":"NTPC","total_car":200,"available_car":37,"availability_rate":18.5,"status":"偏滿"}},{"type":"Feature","geometry":{"type":"Point","coordinates":[121.43457592649163,25.055325861086057]},"properties":{"parking_id":"160016","name":"泰山國民運動中心停車場","area":"泰山區","city":"NTPC","total_car":217,"available_car":6,"availability_rate":2.8,"status":"緊張"}},{"type":"Feature","geometry":{"type":"Point","coordinates":[121.43516186488486,25.025329871356828]},"properties":{"parking_id":"050290","name":"新莊建國段臨時平面停車場","area":"新莊區","city":"NTPC","total_car":39,"available_car":6,"availability_rate":15.4,"status":"偏滿"}},{"type":"Feature","geometry":{"type":"Point","coordinates":[121.41429666493083,24.958131808849508]},"properties":{"parking_id":"130016","name":"中洲平面停車場","area":"土城區","city":"NTPC","total_car":173,"available_car":35,"availability_rate":20.2,"status":"偏滿"}},{"type":"Feature","geometry":{"type":"Point","coordinates":[121.42853001522067,24.99642601515375]},"properties":{"parking_id":"070054","name":"樹林區藝文綜合行政大樓共構地下停車場","area":"樹林區","city":"NTPC","total_car":231,"available_car":52,"availability_rate":22.5,"status":"偏滿"}},{"type":"Feature","geometry":{"type":"Point","coordinates":[121.53089999993287,24.97629999914106]},"properties":{"parking_id":"060109","name":"新店區央北新村平面停車場","area":"新店區","city":"NTPC","total_car":254,"available_car":95,"availability_rate":37.4,"status":"充足"}},{"type":"Feature","geometry":{"type":"Point","coordinates":[121.4146480701236,24.986154560212515]},"properties":{"parking_id":"070006","name":"樹林區第八平面停車場","area":"樹林區","city":"NTPC","total_car":49,"available_car":9,"availability_rate":18.4,"status":"偏滿"}},{"type":"Feature","geometry":{"type":"Point","coordinates":[121.4112014684671,24.989296924898106]},"properties":{"parking_id":"070002","name":"樹林區第三平面停車場","area":"樹林區","city":"NTPC","total_car":16,"available_car":8,"availability_rate":50.0,"status":"充足"}},{"type":"Feature","geometry":{"type":"Point","coordinates":[121.49951289311348,25.060312812470222]},"properties":{"parking_id":"020109","name":"光興國小地下停車場","area":"三重區","city":"NTPC","total_car":302,"available_car":10,"availability_rate":3.3,"status":"緊張"}},{"type":"Feature","geometry":{"type":"Point","coordinates":[121.4137404394501,25.183353968509483]},"properties":{"parking_id":"100003","name":"淡水第二漁港停車場","area":"淡水區","city":"NTPC","total_car":404,"available_car":210,"availability_rate":52.0,"status":"充足"}},{"type":"Feature","geometry":{"type":"Point","coordinates":[121.36742899683084,24.93511519770381]},"properties":{"parking_id":"090029","name":"三峽國小地下停車場","area":"三峽區","city":"NTPC","total_car":259,"available_car":33,"availability_rate":12.7,"status":"偏滿"}},{"type":"Feature","geometry":{"type":"Point","coordinates":[121.40117256816643,24.905469422139607]},"properties":{"parking_id":"090001","name":"白雞停車場","area":"三峽區","city":"NTPC","total_car":209,"available_car":88,"availability_rate":42.1,"status":"充足"}},{"type":"Feature","geometry":{"type":"Point","coordinates":[121.49083794997217,24.987710358515923]},"properties":{"parking_id":"030013","name":"中和區圓通平面停車場","area":"中和區","city":"NTPC","total_car":170,"available_car":2,"availability_rate":1.2,"status":"緊張"}},{"type":"Feature","geometry":{"type":"Point","coordinates":[121.52351021034808,24.99554377961027]},"properties":{"parking_id":"030003","name":"中和秀山公園地下停車場","area":"中和區","city":"NTPC","total_car":404,"available_car":0,"availability_rate":0.0,"status":"滿車"}},{"type":"Feature","geometry":{"type":"Point","coordinates":[121.48269996073034,25.070511029597995]},"properties":{"parking_id":"020176","name":"三重商工地下停車場","area":"三重區","city":"NTPC","total_car":497,"available_car":85,"availability_rate":17.1,"status":"偏滿"}},{"type":"Feature","geometry":{"type":"Point","coordinates":[121.50051758168402,25.001206802162848]},"properties":{"parking_id":"030025","name":"枋寮平面停車場","area":"中和區","city":"NTPC","total_car":38,"available_car":0,"availability_rate":0.0,"status":"滿車"}},{"type":"Feature","geometry":{"type":"Point","coordinates":[121.5032645411536,25.004931773805264]},"properties":{"parking_id":"030006","name":"佳和公園地下停車場","area":"中和區","city":"NTPC","total_car":278,"available_car":17,"availability_rate":6.1,"status":"緊張"}},{"type":"Feature","geometry":{"type":"Point","coordinates":[121.46799919808477,24.999154947706465]},"properties":{"parking_id":"030001","name":"民德立體停車場","area":"中和區","city":"NTPC","total_car":473,"available_car":163,"availability_rate":34.5,"status":"充足"}},{"type":"Feature","geometry":{"type":"Point","coordinates":[121.43332489718475,25.040312981402977]},"properties":{"parking_id":"050291","name":"新莊區領航路平面停車場","area":"新莊區","city":"NTPC","total_car":130,"available_car":83,"availability_rate":63.8,"status":"充足"}},{"type":"Feature","geometry":{"type":"Point","coordinates":[121.43144093091233,24.98839999572368]},"properties":{"parking_id":"010307","name":"溪北公園地下停車場","area":"板橋區","city":"NTPC","total_car":280,"available_car":35,"availability_rate":12.5,"status":"偏滿"}},{"type":"Feature","geometry":{"type":"Point","coordinates":[121.45283061323778,25.044636177378123]},"properties":{"parking_id":"050012","name":"中港平面停車場","area":"新莊區","city":"NTPC","total_car":13,"available_car":0,"availability_rate":0.0,"status":"滿車"}},{"type":"Feature","geometry":{"type":"Point","coordinates":[121.45698536538526,25.0367138955286]},"properties":{"parking_id":"050255","name":"新莊登龍平面停車場","area":"新莊區","city":"NTPC","total_car":64,"available_car":13,"availability_rate":20.3,"status":"偏滿"}},{"type":"Feature","geometry":{"type":"Point","coordinates":[121.44360815228607,25.05263134214009]},"properties":{"parking_id":"050052","name":"頭前國中地下停車場","area":"新莊區","city":"NTPC","total_car":255,"available_car":48,"availability_rate":18.8,"status":"偏滿"}},{"type":"Feature","geometry":{"type":"Point","coordinates":[121.4252139999697,24.968375999381834]},"properties":{"parking_id":"130077","name":"土城成功水門停車場","area":"土城區","city":"NTPC","total_car":111,"available_car":84,"availability_rate":75.7,"status":"充足"}},{"type":"Feature","geometry":{"type":"Point","coordinates":[121.41189090589617,24.96193035871502]},"properties":{"parking_id":"130058","name":"土城媽祖田運動公園停車場","area":"土城區","city":"NTPC","total_car":100,"available_car":65,"availability_rate":65.0,"status":"充足"}},{"type":"Feature","geometry":{"type":"Point","coordinates":[121.45913873795408,25.058005538019486]},"properties":{"parking_id":"050206","name":"宏匯思源停車場","area":"新莊區","city":"NTPC","total_car":738,"available_car":18,"availability_rate":2.4,"status":"緊張"}},{"type":"Feature","geometry":{"type":"Point","coordinates":[121.44060671959954,25.01978226494295]},"properties":{"parking_id":"050073","name":"新莊西盛區停車場","area":"新莊區","city":"NTPC","total_car":161,"available_car":73,"availability_rate":45.3,"status":"充足"}},{"type":"Feature","geometry":{"type":"Point","coordinates":[121.45294496910996,25.03357099680294]},"properties":{"parking_id":"050066","name":"新莊利濟街水門區停車場","area":"新莊區","city":"NTPC","total_car":54,"available_car":9,"availability_rate":16.7,"status":"偏滿"}},{"type":"Feature","geometry":{"type":"Point","coordinates":[121.44352599995672,25.023443999332464]},"properties":{"parking_id":"050152","name":"新莊塔寮坑1區停車場","area":"新莊區","city":"NTPC","total_car":71,"available_car":11,"availability_rate":15.5,"status":"偏滿"}},{"type":"Feature","geometry":{"type":"Point","coordinates":[121.44406547596664,25.026054684719806]},"properties":{"parking_id":"050208","name":"新莊塔寮坑2區停車場","area":"新莊區","city":"NTPC","total_car":72,"available_car":29,"availability_rate":40.3,"status":"充足"}},{"type":"Feature","geometry":{"type":"Point","coordinates":[121.47716823541631,25.012103819467928]},"properties":{"parking_id":"010040","name":"正隆公園地下停車場","area":"板橋區","city":"NTPC","total_car":275,"available_car":51,"availability_rate":18.5,"status":"偏滿"}},{"type":"Feature","geometry":{"type":"Point","coordinates":[121.43466902577131,25.02747370101328]},"properties":{"parking_id":"050126","name":"好市多新莊店停車場","area":"新莊區","city":"NTPC","total_car":503,"available_car":48,"availability_rate":9.5,"status":"緊張"}},{"type":"Feature","geometry":{"type":"Point","coordinates":[143.05347426856534,2.467439838303599]},"properties":{"parking_id":"010197","name":"板橋浮洲環保公園1區停車場","area":"板橋區","city":"NTPC","total_car":132,"available_car":38,"availability_rate":28.8,"status":"偏滿"}},{"type":"Feature","geometry":{"type":"Point","coordinates":[121.44044699997414,24.991988899061074]},"properties":{"parking_id":"010194","name":"板橋浮洲環保公園2區停車場","area":"板橋區","city":"NTPC","total_car":422,"available_car":119,"availability_rate":28.2,"status":"偏滿"}},{"type":"Feature","geometry":{"type":"Point","coordinates":[121.4500367081911,25.031544811789452]},"properties":{"parking_id":"050097","name":"新莊新月橋地區停車場","area":"新莊區","city":"NTPC","total_car":176,"available_car":29,"availability_rate":16.5,"status":"偏滿"}},{"type":"Feature","geometry":{"type":"Point","coordinates":[121.39037829702946,24.968253935094744]},"properties":{"parking_id":"070034","name":"樹林柑園河濱公園停車場","area":"樹林區","city":"NTPC","total_car":72,"available_car":3,"availability_rate":4.2,"status":"緊張"}},{"type":"Feature","geometry":{"type":"Point","coordinates":[121.4145740080223,24.9705629687114]},"properties":{"parking_id":"070027","name":"樹林鹿角溪人工濕地停車場","area":"樹林區","city":"NTPC","total_car":26,"available_car":21,"availability_rate":80.8,"status":"充足"}},{"type":"Feature","geometry":{"type":"Point","coordinates":[121.37914182972344,24.96238117263175]},"properties":{"parking_id":"080043","name":"後村堰極限運動公園停車場","area":"鶯歌區","city":"NTPC","total_car":61,"available_car":21,"availability_rate":34.4,"status":"充足"}},{"type":"Feature","geometry":{"type":"Point","coordinates":[121.40016760916997,25.146805162944283]},"properties":{"parking_id":"230001","name":"八里第一立體停車場","area":"八里區","city":"NTPC","total_car":220,"available_car":62,"availability_rate":28.2,"status":"偏滿"}},{"type":"Feature","geometry":{"type":"Point","coordinates":[121.42592015054042,25.03972589246762]},"properties":{"parking_id":"160039","name":"貴賢臨時平面停車場","area":"泰山區","city":"NTPC","total_car":100,"available_car":5,"availability_rate":5.0,"status":"緊張"}},{"type":"Feature","geometry":{"type":"Point","coordinates":[121.4553613687799,25.02817463112198]},"properties":{"parking_id":"010029","name":"板橋新海抽水站平面停車場","area":"板橋區","city":"NTPC","total_car":34,"available_car":10,"availability_rate":29.4,"status":"偏滿"}},{"type":"Feature","geometry":{"type":"Point","coordinates":[121.47549093363504,25.00362722445593]},"properties":{"parking_id":"030083","name":"中和區民享公園地下停車場","area":"中和區","city":"NTPC","total_car":118,"available_car":6,"availability_rate":5.1,"status":"緊張"}},{"type":"Feature","geometry":{"type":"Point","coordinates":[121.48077140148747,25.006308703613477]},"properties":{"parking_id":"030033","name":"中和區員山市場臨時平面停車場","area":"中和區","city":"NTPC","total_car":35,"available_car":13,"availability_rate":37.1,"status":"充足"}},{"type":"Feature","geometry":{"type":"Point","coordinates":[121.4421037148865,25.04214060148817]},"properties":{"parking_id":"050070","name":"新莊臺65高架橋下(橋墩編號P27至P47)新莊端停車場","area":"新莊區","city":"NTPC","total_car":219,"available_car":24,"availability_rate":11.0,"status":"偏滿"}},{"type":"Feature","geometry":{"type":"Point","coordinates":[121.55118648436907,24.862675149607682]},"properties":{"parking_id":"290002","name":"烏來立體停車場","area":"烏來區","city":"NTPC","total_car":375,"available_car":247,"availability_rate":65.9,"status":"充足"}},{"type":"Feature","geometry":{"type":"Point","coordinates":[121.47401227232,25.043730490576237]},"properties":{"parking_id":"020092","name":"三重環保公園1區停車場","area":"三重區","city":"NTPC","total_car":81,"available_car":32,"availability_rate":39.5,"status":"充足"}},{"type":"Feature","geometry":{"type":"Point","coordinates":[121.47600750222863,25.04458178363251]},"properties":{"parking_id":"020091","name":"三重環保公園2區停車場","area":"三重區","city":"NTPC","total_car":48,"available_car":15,"availability_rate":31.2,"status":"充足"}},{"type":"Feature","geometry":{"type":"Point","coordinates":[121.53740149920417,24.971104716437228]},"properties":{"parking_id":"060002","name":"三民地下停車場","area":"新店區","city":"NTPC","total_car":243,"available_car":22,"availability_rate":9.1,"status":"緊張"}},{"type":"Feature","geometry":{"type":"Point","coordinates":[121.5353642621368,24.978673137991386]},"properties":{"parking_id":"060005","name":"寶橋立體停車場","area":"新店區","city":"NTPC","total_car":482,"available_car":102,"availability_rate":21.2,"status":"偏滿"}},{"type":"Feature","geometry":{"type":"Point","coordinates":[121.46096098913046,25.009888867808495]},"properties":{"parking_id":"010054","name":"新北市板橋府中站汽、機車平面停車場","area":"板橋區","city":"NTPC","total_car":64,"available_car":4,"availability_rate":6.2,"status":"緊張"}},{"type":"Feature","geometry":{"type":"Point","coordinates":[121.4247004434904,24.989954185217453]},"properties":{"parking_id":"070063","name":"樹林區公所平面停車場","area":"樹林區","city":"NTPC","total_car":37,"available_car":2,"availability_rate":5.4,"status":"緊張"}},{"type":"Feature","geometry":{"type":"Point","coordinates":[121.43491720603504,25.02929034771614]},"properties":{"parking_id":"050248","name":"後港建國臨時平面停車場","area":"新莊區","city":"NTPC","total_car":26,"available_car":9,"availability_rate":34.6,"status":"充足"}},{"type":"Feature","geometry":{"type":"Point","coordinates":[121.47031705509701,25.2516256454259]},"properties":{"parking_id":"210003","name":"新北市淺水灣停車場","area":"三芝區","city":"NTPC","total_car":100,"available_car":107,"availability_rate":107.0,"status":"充足"}},{"type":"Feature","geometry":{"type":"Point","coordinates":[121.48161319368862,25.084756810890003]},"properties":{"parking_id":"140012","name":"重陽大樓停車場","area":"蘆洲區","city":"NTPC","total_car":123,"available_car":0,"availability_rate":0.0,"status":"滿車"}},{"type":"Feature","geometry":{"type":"Point","coordinates":[121.43084306451125,25.05778336492872]},"properties":{"parking_id":"160021","name":"新北泰山停車場","area":"泰山區","city":"NTPC","total_car":9,"available_car":11,"availability_rate":122.2,"status":"充足"}},{"type":"Feature","geometry":{"type":"Point","coordinates":[121.42688686413518,24.9934508824322]},"properties":{"parking_id":"070003","name":"樹林保安立體停車場","area":"樹林區","city":"NTPC","total_car":266,"available_car":24,"availability_rate":9.0,"status":"緊張"}},{"type":"Feature","geometry":{"type":"Point","coordinates":[121.49184119717408,24.988905988609567]},"properties":{"parking_id":"030189","name":"錦昌平面停車場","area":"中和區","city":"NTPC","total_car":82,"available_car":14,"availability_rate":17.1,"status":"偏滿"}},{"type":"Feature","geometry":{"type":"Point","coordinates":[121.46336021132842,25.026685543940005]},"properties":{"parking_id":"010260","name":"(交通局轄管)新埔國小地下停車場","area":"板橋區","city":"NTPC","total_car":417,"available_car":39,"availability_rate":9.4,"status":"緊張"}},{"type":"Feature","geometry":{"type":"Point","coordinates":[121.48363014578085,25.027823524837782]},"properties":{"parking_id":"010020","name":"萬板高架橋下停車場","area":"板橋區","city":"NTPC","total_car":169,"available_car":27,"availability_rate":16.0,"status":"偏滿"}},{"type":"Feature","geometry":{"type":"Point","coordinates":[121.4583399192592,25.06387628492565]},"properties":{"parking_id":"050101","name":"晶冠廣場地下停車場","area":"新莊區","city":"NTPC","total_car":381,"available_car":108,"availability_rate":28.3,"status":"偏滿"}},{"type":"Feature","geometry":{"type":"Point","coordinates":[121.42865813746145,25.048814798807527]},"properties":{"parking_id":"160037","name":"綠三臨時平面停車場","area":"泰山區","city":"NTPC","total_car":83,"available_car":64,"availability_rate":77.1,"status":"充足"}},{"type":"Feature","geometry":{"type":"Point","coordinates":[121.46490754736034,25.01605185439572]},"properties":{"parking_id":"010036","name":"特專三平面停車場","area":"板橋區","city":"NTPC","total_car":271,"available_car":79,"availability_rate":29.2,"status":"偏滿"}},{"type":"Feature","geometry":{"type":"Point","coordinates":[121.44768340098517,25.002345744173383]},"properties":{"parking_id":"010222","name":"板橋區中山國小地下停車場","area":"板橋區","city":"NTPC","total_car":229,"available_car":85,"availability_rate":37.1,"status":"充足"}},{"type":"Feature","geometry":{"type":"Point","coordinates":[121.44878295896282,24.984039537415477]},"properties":{"parking_id":"130121","name":"新北高工地下停車場","area":"土城區","city":"NTPC","total_car":217,"available_car":31,"availability_rate":14.3,"status":"偏滿"}},{"type":"Feature","geometry":{"type":"Point","coordinates":[121.46906523349136,25.033860378136293]},"properties":{"parking_id":"010289","name":"板橋區江翠段102地號平面停車場","area":"板橋區","city":"NTPC","total_car":121,"available_car":2,"availability_rate":1.7,"status":"緊張"}},{"type":"Feature","geometry":{"type":"Point","coordinates":[121.47341323211302,25.020110259910275]},"properties":{"parking_id":"010239","name":"板橋區華翠橋下平面停車場","area":"板橋區","city":"NTPC","total_car":281,"available_car":1,"availability_rate":0.4,"status":"緊張"}},{"type":"Feature","geometry":{"type":"Point","coordinates":[121.4345949464386,25.023883409005396]},"properties":{"parking_id":"050220","name":"新莊區建國一路平面停車場","area":"新莊區","city":"NTPC","total_car":90,"available_car":49,"availability_rate":54.4,"status":"充足"}},{"type":"Feature","geometry":{"type":"Point","coordinates":[121.37332901571293,25.075959322871572]},"properties":{"parking_id":"010156","name":"廣停一平面停車場","area":"林口區","city":"NTPC","total_car":166,"available_car":0,"availability_rate":0.0,"status":"滿車"}},{"type":"Feature","geometry":{"type":"Point","coordinates":[121.37206401917521,25.07559234421023]},"properties":{"parking_id":"170048","name":"廣停五平面停車場","area":"林口區","city":"NTPC","total_car":46,"available_car":0,"availability_rate":0.0,"status":"滿車"}},{"type":"Feature","geometry":{"type":"Point","coordinates":[121.52227037091028,25.00454919247781]},"properties":{"parking_id":"040005","name":"永和區福和國中地下停車場","area":"永和區","city":"NTPC","total_car":554,"available_car":66,"availability_rate":11.9,"status":"偏滿"}},{"type":"Feature","geometry":{"type":"Point","coordinates":[121.52154867031084,24.999040046304863]},"properties":{"parking_id":"040006","name":"永和區秀朗國小地下停車場","area":"永和區","city":"NTPC","total_car":754,"available_car":218,"availability_rate":28.9,"status":"偏滿"}},{"type":"Feature","geometry":{"type":"Point","coordinates":[121.49369922289665,24.991808714666682]},"properties":{"parking_id":"030102","name":"雙和醫院第二醫療大樓地下停車場","area":"中和區","city":"NTPC","total_car":336,"available_car":253,"availability_rate":75.3,"status":"充足"}},{"type":"Feature","geometry":{"type":"Point","coordinates":[121.49413096595424,24.991273716367907]},"properties":{"parking_id":"030158","name":"雙和醫院雙和校區停車場","area":"中和區","city":"NTPC","total_car":315,"available_car":193,"availability_rate":61.3,"status":"充足"}},{"type":"Feature","geometry":{"type":"Point","coordinates":[121.45042517897534,25.03589520880341]},"properties":{"parking_id":"050006","name":"新莊區區政立體停車場","area":"新莊區","city":"NTPC","total_car":38,"available_car":15,"availability_rate":39.5,"status":"充足"}},{"type":"Feature","geometry":{"type":"Point","coordinates":[121.4584957519683,25.01035241174938]},"properties":{"parking_id":"010008","name":"府後立體停車場","area":"板橋區","city":"NTPC","total_car":147,"available_car":0,"availability_rate":0.0,"status":"滿車"}},{"type":"Feature","geometry":{"type":"Point","coordinates":[121.45811756630205,25.0112293109581]},"properties":{"parking_id":"010085","name":"板橋國小地下停車場","area":"板橋區","city":"NTPC","total_car":224,"available_car":0,"availability_rate":0.0,"status":"滿車"}},{"type":"Feature","geometry":{"type":"Point","coordinates":[121.4653154259637,24.992821059485202]},"properties":{"parking_id":"010280","name":"板橋五權公園地下停車場","area":"板橋區","city":"NTPC","total_car":355,"available_car":160,"availability_rate":45.1,"status":"充足"}},{"type":"Feature","geometry":{"type":"Point","coordinates":[121.46649562964335,25.032523272027376]},"properties":{"parking_id":"010140","name":"板橋區江翠停一平面停車場","area":"板橋區","city":"NTPC","total_car":27,"available_car":0,"availability_rate":0.0,"status":"滿車"}},{"type":"Feature","geometry":{"type":"Point","coordinates":[121.4724133763473,25.034833840407053]},"properties":{"parking_id":"010139","name":"板橋區江翠停二平面停車場","area":"板橋區","city":"NTPC","total_car":43,"available_car":19,"availability_rate":44.2,"status":"充足"}},{"type":"Feature","geometry":{"type":"Point","coordinates":[121.54745708984458,24.97665018498751]},"properties":{"parking_id":"060017","name":"中興低碳立體停車場","area":"新店區","city":"NTPC","total_car":354,"available_car":77,"availability_rate":21.8,"status":"偏滿"}},{"type":"Feature","geometry":{"type":"Point","coordinates":[121.53417802715167,24.974172349283972]},"properties":{"parking_id":"060082","name":"新店高中停車場","area":"新店區","city":"NTPC","total_car":296,"available_car":62,"availability_rate":20.9,"status":"偏滿"}},{"type":"Feature","geometry":{"type":"Point","coordinates":[121.43543431897098,25.03683097029351]},"properties":{"parking_id":"050250","name":"文中三平面停車場","area":"新莊區","city":"NTPC","total_car":149,"available_car":0,"availability_rate":0.0,"status":"滿車"}},{"type":"Feature","geometry":{"type":"Point","coordinates":[121.42202633528031,25.182913475041847]},"properties":{"parking_id":"100234","name":"淡水沙崙段平面停車場","area":"淡水區","city":"NTPC","total_car":140,"available_car":1,"availability_rate":0.7,"status":"緊張"}},{"type":"Feature","geometry":{"type":"Point","coordinates":[121.45251857822839,25.021711920394797]},"properties":{"parking_id":"010283","name":"板橋區永翠路平面停車場","area":"板橋區","city":"NTPC","total_car":29,"available_car":18,"availability_rate":62.1,"status":"充足"}},{"type":"Feature","geometry":{"type":"Point","coordinates":[121.47566859736239,25.00602815109896]},"properties":{"parking_id":"030070","name":"環球購物中心停車場","area":"中和區","city":"NTPC","total_car":1130,"available_car":0,"availability_rate":0.0,"status":"滿車"}},{"type":"Feature","geometry":{"type":"Point","coordinates":[121.48890648897847,25.084498231639916]},"properties":{"parking_id":"020113","name":"碧華國小地下停車場","area":"三重區","city":"NTPC","total_car":256,"available_car":17,"availability_rate":6.6,"status":"緊張"}},{"type":"Feature","geometry":{"type":"Point","coordinates":[121.53766466024933,24.957588598457153]},"properties":{"parking_id":"060007","name":"捷運新店站轉乘停車場","area":"新店區","city":"NTPC","total_car":209,"available_car":0,"availability_rate":0.0,"status":"滿車"}},{"type":"Feature","geometry":{"type":"Point","coordinates":[121.50997952793453,24.989848864739436]},"properties":{"parking_id":"030026","name":"捷運南勢角站轉乘停車場","area":"中和區","city":"NTPC","total_car":337,"available_car":39,"availability_rate":11.6,"status":"偏滿"}},{"type":"Feature","geometry":{"type":"Point","coordinates":[121.42815953332808,24.994801459642655]},"properties":{"parking_id":"070001","name":"樹林區第一平面停車場","area":"樹林區","city":"NTPC","total_car":66,"available_car":13,"availability_rate":19.7,"status":"偏滿"}},{"type":"Feature","geometry":{"type":"Point","coordinates":[121.42864692086742,25.0453037788428]},"properties":{"parking_id":"160036","name":"文中一臨時平面停車場","area":"泰山區","city":"NTPC","total_car":507,"available_car":128,"availability_rate":25.2,"status":"偏滿"}},{"type":"Feature","geometry":{"type":"Point","coordinates":[121.43007523582298,25.03968864531989]},"properties":{"parking_id":"160040","name":"商一平面停車場","area":"泰山區","city":"NTPC","total_car":150,"available_car":87,"availability_rate":58.0,"status":"充足"}},{"type":"Feature","geometry":{"type":"Point","coordinates":[121.4685267749035,25.02775904716354]},"properties":{"parking_id":"010146","name":"江翠國中游泳池共構地下停車場","area":"板橋區","city":"NTPC","total_car":220,"available_car":9,"availability_rate":4.1,"status":"緊張"}}]}