{"type":"FeatureCollection","features":[{"type":"Feature","geometry":{"type":"Point","coordinates":[121.5242,25.0552]},"properties":{"parking_id":"TPE0001","name":"台灣聯通長春停車場","area":"中山區","city":"TPE","total_car":17,"available_car":7,"availability_rate":41.2,"status":"充足"}},{"type":"Feature","geometry":{"type":"Point","coordinates":[121.56197985470915,25.033167920854915]},"properties":{"parking_id":"TPE0002","name":"嘟嘟房世貿一館站停車場","area":"信義區","city":"TPE","total_car":335,"available_car":130,"availability_rate":38.8,"status":"充足"}},{"type":"Feature","geometry":{"type":"Point","coordinates":[121.5596,25.0585]},"properties":{"parking_id":"TPE0003","name":"民生立體停車場","area":"松山區","city":"TPE","total_car":457,"available_car":100,"availability_rate":21.9,"status":"偏滿"}},{"type":"Feature","geometry":{"type":"Point","coordinates":[121.5791,24.9983]},"properties":{"parking_id":"TPE0005","name":"嘟嘟房動物園堤外站停車場","area":"文山區","city":"TPE","total_car":1228,"available_car":488,"availability_rate":39.7,"status":"充足"}},{"type":"Feature","geometry":{"type":"Point","coordinates":[121.5058,25.0443]},"properties":{"parking_id":"TPE0006","name":"峨眉立體停車場","area":"萬華區","city":"TPE","total_car":518,"available_car":1,"availability_rate":0.2,"status":"緊張"}},{"type":"Feature","geometry":{"type":"Point","coordinates":[121.5203,25.0687]},"properties":{"parking_id":"TPE0007","name":"花博公園圓山地下停車場","area":"中山區","city":"TPE","total_car":105,"available_car":0,"availability_rate":0.0,"status":"滿車"}},{"type":"Feature","geometry":{"type":"Point","coordinates":[121.55254169411948,25.049081413815124]},"properties":{"parking_id":"TPE0008","name":"北寧路地下停車場","area":"松山區","city":"TPE","total_car":76,"available_car":35,"availability_rate":46.1,"status":"充足"}},{"type":"Feature","geometry":{"type":"Point","coordinates":[121.5049,25.0476]},"properties":{"parking_id":"TPE0010","name":"洛陽綜合立體停車場","area":"萬華區","city":"TPE","total_car":1295,"available_car":166,"availability_rate":12.8,"status":"偏滿"}},{"type":"Feature","geometry":{"type":"Point","coordinates":[121.5107,25.0441]},"properties":{"parking_id":"TPE0011","name":"中山堂地下停車場","area":"中正區","city":"TPE","total_car":441,"available_car":42,"availability_rate":9.5,"status":"緊張"}},{"type":"Feature","geometry":{"type":"Point","coordinates":[121.5481,25.0569]},"properties":{"parking_id":"TPE0020","name":"USPACE宏泰世界大樓停車場","area":"松山區","city":"TPE","total_car":272,"available_car":30,"availability_rate":11.0,"status":"偏滿"}},{"type":"Feature","geometry":{"type":"Point","coordinates":[121.5631,25.0359]},"properties":{"parking_id":"TPE0022","name":"台北君悅酒店停車場","area":"信義區","city":"TPE","total_car":490,"available_car":316,"availability_rate":64.5,"status":"充足"}},{"type":"Feature","geometry":{"type":"Point","coordinates":[121.5263,25.0594]},"properties":{"parking_id":"TPE0027","name":"台灣捷通林森停車場","area":"中山區","city":"TPE","total_car":89,"available_car":87,"availability_rate":97.8,"status":"充足"}},{"type":"Feature","geometry":{"type":"Point","coordinates":[121.5565,25.051]},"properties":{"parking_id":"TPE0032","name":"台灣聯通新高停車場","area":"松山區","city":"TPE","total_car":18,"available_car":1,"availability_rate":5.6,"status":"緊張"}},{"type":"Feature","geometry":{"type":"Point","coordinates":[121.56084003343143,25.033178997663555]},"properties":{"parking_id":"TPE0033","name":"嘟嘟房世貿站停車場","area":"信義區","city":"TPE","total_car":382,"available_car":43,"availability_rate":11.3,"status":"偏滿"}},{"type":"Feature","geometry":{"type":"Point","coordinates":[121.5079,25.0336]},"properties":{"parking_id":"TPE0044","name":"台灣聯通南門停車場","area":"中正區","city":"TPE","total_car":59,"available_car":1,"availability_rate":1.7,"status":"緊張"}},{"type":"Feature","geometry":{"type":"Point","coordinates":[121.5296,25.0428]},"properties":{"parking_id":"TPE0045","name":"台灣聯通華山停車場","area":"中正區","city":"TPE","total_car":150,"available_car":63,"availability_rate":42.0,"status":"充足"}},{"type":"Feature","geometry":{"type":"Point","coordinates":[121.5516,25.0624]},"properties":{"parking_id":"TPE0046","name":"臺北國際航空站第1號停車場","area":"松山區","city":"TPE","total_car":111,"available_car":6,"availability_rate":5.4,"status":"緊張"}},{"type":"Feature","geometry":{"type":"Point","coordinates":[121.52,25.0473]},"properties":{"parking_id":"TPE0047","name":"臺北車站東區地下停車場","area":"中正區","city":"TPE","total_car":258,"available_car":15,"availability_rate":5.8,"status":"緊張"}},{"type":"Feature","geometry":{"type":"Point","coordinates":[121.5207,25.0963]},"properties":{"parking_id":"TPE0049","name":"叭叭房新光醫院地下停車場","area":"士林區","city":"TPE","total_car":85,"available_car":0,"availability_rate":0.0,"status":"滿車"}},{"type":"Feature","geometry":{"type":"Point","coordinates":[121.5202,25.1212]},"properties":{"parking_id":"TPE0050","name":"臺北榮民總醫院地面停車場","area":"北投區","city":"TPE","total_car":209,"available_car":177,"availability_rate":84.7,"status":"充足"}},{"type":"Feature","geometry":{"type":"Point","coordinates":[121.5715,25.0495]},"properties":{"parking_id":"TPE0051","name":"八德立體停車場","area":"松山區","city":"TPE","total_car":310,"available_car":75,"availability_rate":24.2,"status":"偏滿"}},{"type":"Feature","geometry":{"type":"Point","coordinates":[121.5625,25.0509]},"properties":{"parking_id":"TPE0053","name":"台灣聯通大千停車場","area":"松山區","city":"TPE","total_car":31,"available_car":14,"availability_rate":45.2,"status":"充足"}},{"type":"Feature","geometry":{"type":"Point","coordinates":[121.5631,25.0599]},"properties":{"parking_id":"TPE0054","name":"民生社區中心地下停車場","area":"松山區","city":"TPE","total_car":151,"available_car":7,"availability_rate":4.6,"status":"緊張"}},{"type":"Feature","geometry":{"type":"Point","coordinates":[121.5105,25.051]},"properties":{"parking_id":"TPE0056","name":"塔城公園地下停車場","area":"大同區","city":"TPE","total_car":157,"available_car":0,"availability_rate":0.0,"status":"滿車"}},{"type":"Feature","geometry":{"type":"Point","coordinates":[121.5234,25.0857]},"properties":{"parking_id":"TPE0058","name":"百齡高中地下停車場","area":"士林區","city":"TPE","total_car":231,"available_car":74,"availability_rate":32.0,"status":"充足"}},{"type":"Feature","geometry":{"type":"Point","coordinates":[121.5443,25.0476]},"properties":{"parking_id":"TPE0059","name":"台灣聯通中興停車場","area":"松山區","city":"TPE","total_car":18,"available_car":11,"availability_rate":61.1,"status":"充足"}},{"type":"Feature","geometry":{"type":"Point","coordinates":[121.5154,25.0455]},"properties":{"parking_id":"TPE0061","name":"新光摩天大樓停車場","area":"中正區","city":"TPE","total_car":288,"available_car":286,"availability_rate":99.3,"status":"充足"}},{"type":"Feature","geometry":{"type":"Point","coordinates":[121.5214,25.0859]},"properties":{"parking_id":"TPE0062","name":"前港公園地下停車場","area":"士林區","city":"TPE","total_car":528,"available_car":95,"availability_rate":18.0,"status":"偏滿"}},{"type":"Feature","geometry":{"type":"Point","coordinates":[121.543,25.0421]},"properties":{"parking_id":"TPE0064","name":"停車棧忠孝復興站","area":"大安區","city":"TPE","total_car":19,"available_car":8,"availability_rate":42.1,"status":"充足"}},{"type":"Feature","geometry":{"type":"Point","coordinates":[121.56966014310726,24.989548851759626]},"properties":{"parking_id":"TPE0065","name":"臺北市文山區行政中心停車場","area":"文山區","city":"TPE","total_car":132,"available_car":2,"availability_rate":1.5,"status":"緊張"}},{"type":"Feature","geometry":{"type":"Point","coordinates":[121.5501,25.0258]},"properties":{"parking_id":"TPE0069","name":"遠企中心地下停車場","area":"大安區","city":"TPE","total_car":422,"available_car":50,"availability_rate":11.8,"status":"偏滿"}},{"type":"Feature","geometry":{"type":"Point","coordinates":[121.5664,25.037]},"properties":{"parking_id":"TPE0070","name":"松壽廣場地下停車場","area":"信義區","city":"TPE","total_car":446,"available_car":34,"availability_rate":7.6,"status":"緊張"}},{"type":"Feature","geometry":{"type":"Point","coordinates":[121.5637,25.0441]},"properties":{"parking_id":"TPE0072","name":"松山高中地下停車場","area":"信義區","city":"TPE","total_car":226,"available_car":20,"availability_rate":8.8,"status":"緊張"}},{"type":"Feature","geometry":{"type":"Point","coordinates":[121.521,25.1197]},"properties":{"parking_id":"TPE0073","name":"臺北榮民總醫院立體停車場","area":"北投區","city":"TPE","total_car":812,"available_car":505,"availability_rate":62.2,"status":"充足"}},{"type":"Feature","geometry":{"type":"Point","coordinates":[121.5806,25.0468]},"properties":{"parking_id":"TPE0075","name":"五分埔公園地下停車場","area":"信義區","city":"TPE","total_car":209,"available_car":12,"availability_rate":5.7,"status":"緊張"}},{"type":"Feature","geometry":{"type":"Point","coordinates":[121.5473,24.9995]},"properties":{"parking_id":"TPE0080","name":"興隆市場旁平面停車場","area":"文山區","city":"TPE","total_car":35,"available_car":10,"availability_rate":28.6,"status":"偏滿"}},{"type":"Feature","geometry":{"type":"Point","coordinates":[121.5419,25.0462]},"properties":{"parking_id":"TPE0081","name":"台灣聯通安東停車場","area":"中山區","city":"TPE","total_car":38,"available_car":13,"availability_rate":34.2,"status":"充足"}},{"type":"Feature","geometry":{"type":"Point","coordinates":[121.5587,25.0622]},"properties":{"parking_id":"TPE0082","name":"民權公園地下停車場","area":"松山區","city":"TPE","total_car":716,"available_car":136,"availability_rate":19.0,"status":"偏滿"}},{"type":"Feature","geometry":{"type":"Point","coordinates":[121.4992,25.1308]},"properties":{"parking_id":"TPE0084","name":"中壽北投站停車場","area":"北投區","city":"TPE","total_car":291,"available_car":136,"availability_rate":46.7,"status":"充足"}},{"type":"Feature","geometry":{"type":"Point","coordinates":[121.5159,25.0485]},"properties":{"parking_id":"TPE0085","name":"臺北車站西側地上停車場","area":"中正區","city":"TPE","total_car":96,"available_car":10,"availability_rate":10.4,"status":"偏滿"}},{"type":"Feature","geometry":{"type":"Point","coordinates":[121.5317,25.0296]},"properties":{"parking_id":"TPE0086","name":"金華公園地下停車場","area":"大安區","city":"TPE","total_car":193,"available_car":0,"availability_rate":0.0,"status":"滿車"}},{"type":"Feature","geometry":{"type":"Point","coordinates":[121.5202,25.0374]},"properties":{"parking_id":"TPE0088","name":"歐特儀股份有限公司兩廳院地下停車場","area":"中正區","city":"TPE","total_car":695,"available_car":79,"availability_rate":11.4,"status":"偏滿"}},{"type":"Feature","geometry":{"type":"Point","coordinates":[121.533,25.1163]},"properties":{"parking_id":"TPE0089","name":"新光天母傑仕堡停車場","area":"士林區","city":"TPE","total_car":187,"available_car":0,"availability_rate":0.0,"status":"滿車"}},{"type":"Feature","geometry":{"type":"Point","coordinates":[121.5099,25.0239]},"properties":{"parking_id":"TPE0092","name":"古亭國中地下停車場","area":"萬華區","city":"TPE","total_car":260,"available_car":58,"availability_rate":22.3,"status":"偏滿"}},{"type":"Feature","geometry":{"type":"Point","coordinates":[121.5374,25.0319]},"properties":{"parking_id":"TPE0095","name":"大安森林公園地下停車場","area":"大安區","city":"TPE","total_car":1360,"available_car":41,"availability_rate":3.0,"status":"緊張"}},{"type":"Feature","geometry":{"type":"Point","coordinates":[121.563,25.0359]},"properties":{"parking_id":"TPE0096","name":"府前廣場地下停車場","area":"信義區","city":"TPE","total_car":1998,"available_car":161,"availability_rate":8.1,"status":"緊張"}},{"type":"Feature","geometry":{"type":"Point","coordinates":[121.5409,25.0328]},"properties":{"parking_id":"TPE0098","name":"大安高工地下停車場","area":"大安區","city":"TPE","total_car":522,"available_car":46,"availability_rate":8.8,"status":"緊張"}},{"type":"Feature","geometry":{"type":"Point","coordinates":[121.5192,25.0482]},"properties":{"parking_id":"TPE0099","name":"市民大道公中段停車場","area":"中山區","city":"TPE","total_car":186,"available_car":1,"availability_rate":0.5,"status":"緊張"}},{"type":"Feature","geometry":{"type":"Point","coordinates":[121.5222,25.048]},"properties":{"parking_id":"TPE0100","name":"市民大道中林段停車場","area":"中山區","city":"TPE","total_car":496,"available_car":126,"availability_rate":25.4,"status":"偏滿"}},{"type":"Feature","geometry":{"type":"Point","coordinates":[121.5193,25.0961]},"properties":{"parking_id":"TPE0101","name":"臺北市立天文科學教育館地下及戶外平面停車場","area":"士林區","city":"TPE","total_car":279,"available_car":49,"availability_rate":17.6,"status":"偏滿"}},{"type":"Feature","geometry":{"type":"Point","coordinates":[121.5014,25.1367]},"properties":{"parking_id":"TPE0102","name":"嘟嘟房捷運新北投站停車場","area":"北投區","city":"TPE","total_car":24,"available_car":5,"availability_rate":20.8,"status":"偏滿"}},{"type":"Feature","geometry":{"type":"Point","coordinates":[121.5148,25.116]},"properties":{"parking_id":"TPE0103","name":"嘟嘟房捷運石牌站停車場","area":"北投區","city":"TPE","total_car":64,"available_car":0,"availability_rate":0.0,"status":"滿車"}},{"type":"Feature","geometry":{"type":"Point","coordinates":[121.5079,25.1208]},"properties":{"parking_id":"TPE0104","name":"嘟嘟房捷運唭哩岸站停車場","area":"北投區","city":"TPE","total_car":37,"available_car":0,"availability_rate":0.0,"status":"滿車"}},{"type":"Feature","geometry":{"type":"Point","coordinates":[121.5426,25.0361]},"properties":{"parking_id":"TPE0106","name":"附中公園地下停車場","area":"大安區","city":"TPE","total_car":115,"available_car":33,"availability_rate":28.7,"status":"偏滿"}},{"type":"Feature","geometry":{"type":"Point","coordinates":[121.5729,25.0348]},"properties":{"parking_id":"TPE0108","name":"興雅國中地下停車場","area":"信義區","city":"TPE","total_car":447,"available_car":68,"availability_rate":15.2,"status":"偏滿"}},{"type":"Feature","geometry":{"type":"Point","coordinates":[121.5405,25.0447]},"properties":{"parking_id":"TPE0109","name":"市民大道建復段停車場","area":"中山區","city":"TPE","total_car":178,"available_car":19,"availability_rate":10.7,"status":"偏滿"}},{"type":"Feature","geometry":{"type":"Point","coordinates":[121.5256,25.0477]},"properties":{"parking_id":"TPE0110","name":"市民大道林金段停車場","area":"中山區","city":"TPE","total_car":973,"available_car":262,"availability_rate":26.9,"status":"偏滿"}},{"type":"Feature","geometry":{"type":"Point","coordinates":[121.4715,25.1299]},"properties":{"parking_id":"TPE0114","name":"嘟嘟房捷運忠義站停車場","area":"北投區","city":"TPE","total_car":44,"available_car":1,"availability_rate":2.3,"status":"緊張"}},{"type":"Feature","geometry":{"type":"Point","coordinates":[121.5534,25.014]},"properties":{"parking_id":"TPE0116","name":"助安企業股份有限公司辛亥路高架橋下停車場","area":"大安區","city":"TPE","total_car":150,"available_car":131,"availability_rate":87.3,"status":"充足"}},{"type":"Feature","geometry":{"type":"Point","coordinates":[121.5314,25.1054]},"properties":{"parking_id":"TPE0118","name":"臺北市立聯合醫院-陽明院區停車場","area":"士林區","city":"TPE","total_car":57,"available_car":26,"availability_rate":45.6,"status":"充足"}},{"type":"Feature","geometry":{"type":"Point","coordinates":[121.5377,25.0462]},"properties":{"parking_id":"TPE0120","name":"進安公園地下停車場","area":"中山區","city":"TPE","total_car":151,"available_car":35,"availability_rate":23.2,"status":"偏滿"}},{"type":"Feature","geometry":{"type":"Point","coordinates":[121.5244,25.0679]},"properties":{"parking_id":"TPE0123","name":"中山北路3段55巷平面停車場","area":"中山區","city":"TPE","total_car":59,"available_car":1,"availability_rate":1.7,"status":"緊張"}},{"type":"Feature","geometry":{"type":"Point","coordinates":[121.5309,25.0686]},"properties":{"parking_id":"TPE0125","name":"新生公園停車場","area":"中山區","city":"TPE","total_car":114,"available_car":0,"availability_rate":0.0,"status":"滿車"}},{"type":"Feature","geometry":{"type":"Point","coordinates":[121.5335,25.0225]},"properties":{"parking_id":"TPE0127","name":"辛亥高架橋下停車場","area":"大安區","city":"TPE","total_car":89,"available_car":10,"availability_rate":11.2,"status":"偏滿"}},{"type":"Feature","geometry":{"type":"Point","coordinates":[121.5583,25.006]},"properties":{"parking_id":"TPE0128","name":"辛亥國小地下停車場","area":"文山區","city":"TPE","total_car":129,"available_car":25,"availability_rate":19.4,"status":"偏滿"}},{"type":"Feature","geometry":{"type":"Point","coordinates":[121.5446,25.0378]},"properties":{"parking_id":"TPE0129","name":"臺北市立聯合醫院-仁愛院區停車場","area":"大安區","city":"TPE","total_car":60,"available_car":29,"availability_rate":48.3,"status":"充足"}},{"type":"Feature","geometry":{"type":"Point","coordinates":[121.56621014160127,25.036131122574474]},"properties":{"parking_id":"TPE0130","name":"新光三越百貨股份有限公司台北信義分公司停車場","area":"信義區","city":"TPE","total_car":284,"available_car":2,"availability_rate":0.7,"status":"緊張"}},{"type":"Feature","geometry":{"type":"Point","coordinates":[121.5418,25.0542]},"properties":{"parking_id":"TPE0134","name":"龍江平面停車場","area":"中山區","city":"TPE","total_car":26,"available_car":0,"availability_rate":0.0,"status":"滿車"}},{"type":"Feature","geometry":{"type":"Point","coordinates":[121.5453,25.042]},"properties":{"parking_id":"TPE0135","name":"太平洋崇光百貨股份有限公司忠孝店停車場","area":"大安區","city":"TPE","total_car":104,"available_car":0,"availability_rate":0.0,"status":"滿車"}},{"type":"Feature","geometry":{"type":"Point","coordinates":[121.56665984925857,25.035673491702116]},"properties":{"parking_id":"TPE0136","name":"威秀A16停車場","area":"信義區","city":"TPE","total_car":75,"available_car":60,"availability_rate":80.0,"status":"充足"}},{"type":"Feature","geometry":{"type":"Point","coordinates":[121.56740012067482,25.035641325895828]},"properties":{"parking_id":"TPE0137","name":"威秀A17停車場","area":"信義區","city":"TPE","total_car":105,"available_car":48,"availability_rate":45.7,"status":"充足"}},{"type":"Feature","geometry":{"type":"Point","coordinates":[121.5064,25.0458]},"properties":{"parking_id":"TPE0138","name":"新光育樂股份有限公司獅子林停車場","area":"萬華區","city":"TPE","total_car":94,"available_car":10,"availability_rate":10.6,"status":"偏滿"}},{"type":"Feature","geometry":{"type":"Point","coordinates":[121.5858,25.0016]},"properties":{"parking_id":"TPE0139","name":"嘟嘟房捷運木柵機廠站停車場","area":"文山區","city":"TPE","total_car":678,"available_car":0,"availability_rate":0.0,"status":"滿車"}},{"type":"Feature","geometry":{"type":"Point","coordinates":[121.5266,25.0927]},"properties":{"parking_id":"TPE0140","name":"嘟嘟房捷運士林站停車場","area":"士林區","city":"TPE","total_car":61,"available_car":0,"availability_rate":0.0,"status":"滿車"}},{"type":"Feature","geometry":{"type":"Point","coordinates":[121.5855,25.0467]},"properties":{"parking_id":"TPE0142","name":"臺北市立聯合醫院-忠孝院區停車場","area":"南港區","city":"TPE","total_car":20,"available_car":12,"availability_rate":60.0,"status":"充足"}},{"type":"Feature","geometry":{"type":"Point","coordinates":[121.5106,25.0896]},"properties":{"parking_id":"TPE0144","name":"社中街平面停車場","area":"士林區","city":"TPE","total_car":31,"available_car":0,"availability_rate":0.0,"status":"滿車"}},{"type":"Feature","geometry":{"type":"Point","coordinates":[121.56659993323429,25.03638242237088]},"properties":{"parking_id":"TPE0145","name":"新光三越百貨公司台北信義分公司三館停車場","area":"信義區","city":"TPE","total_car":186,"available_car":0,"availability_rate":0.0,"status":"滿車"}},{"type":"Feature","geometry":{"type":"Point","coordinates":[121.5429,25.0361]},"properties":{"parking_id":"TPE0147","name":"台北市農會C區停車場","area":"大安區","city":"TPE","total_car":48,"available_car":16,"availability_rate":33.3,"status":"充足"}},{"type":"Feature","geometry":{"type":"Point","coordinates":[121.5431,25.0361]},"properties":{"parking_id":"TPE0148","name":"台北市農會A區停車場","area":"大安區","city":"TPE","total_car":40,"available_car":10,"availability_rate":25.0,"status":"偏滿"}},{"type":"Feature","geometry":{"type":"Point","coordinates":[121.542,25.0367]},"properties":{"parking_id":"TPE0150","name":"台北市農會B區停車場","area":"大安區","city":"TPE","total_car":49,"available_car":0,"availability_rate":0.0,"status":"滿車"}},{"type":"Feature","geometry":{"type":"Point","coordinates":[121.5518,25.0516]},"properties":{"parking_id":"TPE0151","name":"臺北體育館地下停車場","area":"松山區","city":"TPE","total_car":151,"available_car":18,"availability_rate":11.9,"status":"偏滿"}},{"type":"Feature","geometry":{"type":"Point","coordinates":[121.5059,25.0395]},"properties":{"parking_id":"TPE0152","name":"貴陽二停車場","area":"萬華區","city":"TPE","total_car":2,"available_car":0,"availability_rate":0.0,"status":"滿車"}},{"type":"Feature","geometry":{"type":"Point","coordinates":[121.5283,25.019]},"properties":{"parking_id":"TPE0154","name":"耕莘文教院前平面停車場","area":"中正區","city":"TPE","total_car":58,"available_car":4,"availability_rate":6.9,"status":"緊張"}},{"type":"Feature","geometry":{"type":"Point","coordinates":[121.5476,25.0449]},"properties":{"parking_id":"TPE0155","name":"市民大道復敦段停車場","area":"松山區","city":"TPE","total_car":214,"available_car":7,"availability_rate":3.3,"status":"緊張"}},{"type":"Feature","geometry":{"type":"Point","coordinates":[121.5203,25.0603]},"properties":{"parking_id":"TPE0156","name":"成淵高中地下停車場","area":"大同區","city":"TPE","total_car":269,"available_car":0,"availability_rate":0.0,"status":"滿車"}},{"type":"Feature","geometry":{"type":"Point","coordinates":[121.586,25.0458]},"properties":{"parking_id":"TPE0157","name":"成德立體停車場","area":"南港區","city":"TPE","total_car":180,"available_car":9,"availability_rate":5.0,"status":"緊張"}},{"type":"Feature","geometry":{"type":"Point","coordinates":[121.5474,25.1779]},"properties":{"parking_id":"TPE0158","name":"歐特儀股份有限公司小油坑停車場","area":"北投區","city":"TPE","total_car":60,"available_car":49,"availability_rate":81.7,"status":"充足"}},{"type":"Feature","geometry":{"type":"Point","coordinates":[121.5391,25.1545]},"properties":{"parking_id":"TPE0160","name":"陽明山立體停車場","area":"北投區","city":"TPE","total_car":209,"available_car":75,"availability_rate":35.9,"status":"充足"}},{"type":"Feature","geometry":{"type":"Point","coordinates":[121.5213,25.0749]},"properties":{"parking_id":"TPE0161","name":"兒童育樂中心平面停車場","area":"中山區","city":"TPE","total_car":86,"available_car":46,"availability_rate":53.5,"status":"充足"}},{"type":"Feature","geometry":{"type":"Point","coordinates":[121.5308,25.1252]},"properties":{"parking_id":"TPE0162","name":"天母公園平面停車場","area":"士林區","city":"TPE","total_car":14,"available_car":0,"availability_rate":0.0,"status":"滿車"}},{"type":"Feature","geometry":{"type":"Point","coordinates":[121.5507,25.0447]},"properties":{"parking_id":"TPE0163","name":"市民大道敦延段停車場","area":"松山區","city":"TPE","total_car":217,"available_car":58,"availability_rate":26.7,"status":"偏滿"}},{"type":"Feature","geometry":{"type":"Point","coordinates":[121.5522,25.0444]},"properties":{"parking_id":"TPE0164","name":"市民大道延吉段停車場","area":"松山區","city":"TPE","total_car":79,"available_car":0,"availability_rate":0.0,"status":"滿車"}},{"type":"Feature","geometry":{"type":"Point","coordinates":[121.5208,25.0634]},"properties":{"parking_id":"TPE0168","name":"嘟嘟房天祥站停車場","area":"中山區","city":"TPE","total_car":104,"available_car":52,"availability_rate":50.0,"status":"充足"}},{"type":"Feature","geometry":{"type":"Point","coordinates":[121.5042,25.131]},"properties":{"parking_id":"TPE0169","name":"大豐公園地下停車場","area":"北投區","city":"TPE","total_car":234,"available_car":36,"availability_rate":15.4,"status":"偏滿"}},{"type":"Feature","geometry":{"type":"Point","coordinates":[121.5089,25.0881]},"properties":{"parking_id":"TPE0170","name":"社正路平面停車場","area":"士林區","city":"TPE","total_car":31,"available_car":28,"availability_rate":90.3,"status":"充足"}},{"type":"Feature","geometry":{"type":"Point","coordinates":[121.52330562322601,25.066877785263998]},"properties":{"parking_id":"TPE0172","name":"德惠街停車場","area":"中山區","city":"TPE","total_car":10,"available_car":2,"availability_rate":20.0,"status":"偏滿"}},{"type":"Feature","geometry":{"type":"Point","coordinates":[121.5627,25.056]},"properties":{"parking_id":"TPE0177","name":"健康國小地下停車場","area":"松山區","city":"TPE","total_car":193,"available_car":12,"availability_rate":6.2,"status":"緊張"}},{"type":"Feature","geometry":{"type":"Point","coordinates":[121.5736,25.1669]},"properties":{"parking_id":"TPE0181","name":"歐特儀股份有限公司擎天崗停車場","area":"士林區","city":"TPE","total_car":81,"available_car":0,"availability_rate":0.0,"status":"滿車"}},{"type":"Feature","geometry":{"type":"Point","coordinates":[121.5203,25.0931]},"properties":{"parking_id":"TPE0183","name":"臺北市士林區行政中心地下停車場","area":"士林區","city":"TPE","total_car":103,"available_car":26,"availability_rate":25.2,"status":"偏滿"}},{"type":"Feature","geometry":{"type":"Point","coordinates":[121.5895,25.0691]},"properties":{"parking_id":"TPE0184","name":"內湖區行政中心停車場","area":"內湖區","city":"TPE","total_car":45,"available_car":21,"availability_rate":46.7,"status":"充足"}},{"type":"Feature","geometry":{"type":"Point","coordinates":[121.5393,25.0255]},"properties":{"parking_id":"TPE0187","name":"台北瑞安停車場","area":"大安區","city":"TPE","total_car":46,"available_car":21,"availability_rate":45.7,"status":"充足"}},{"type":"Feature","geometry":{"type":"Point","coordinates":[121.5183,25.032]},"properties":{"parking_id":"TPE0188","name":"富山停車中正區南門市場停車場","area":"中正區","city":"TPE","total_car":193,"available_car":56,"availability_rate":29.0,"status":"偏滿"}},{"type":"Feature","geometry":{"type":"Point","coordinates":[121.532,25.0281]},"properties":{"parking_id":"TPE0190","name":"嘟嘟房青田站停車場","area":"大安區","city":"TPE","total_car":13,"available_car":4,"availability_rate":30.8,"status":"充足"}},{"type":"Feature","geometry":{"type":"Point","coordinates":[121.5262,25.1237]},"properties":{"parking_id":"TPE0192","name":"行義路平面停車場","area":"北投區","city":"TPE","total_car":18,"available_car":0,"availability_rate":0.0,"status":"滿車"}},{"type":"Feature","geometry":{"type":"Point","coordinates":[121.5254,25.0624]},"properties":{"parking_id":"TPE0193","name":"台灣聯通新興停車場","area":"中山區","city":"TPE","total_car":35,"available_car":34,"availability_rate":97.1,"status":"充足"}},{"type":"Feature","geometry":{"type":"Point","coordinates":[121.5507,25.0291]},"properties":{"parking_id":"TPE0195","name":"台灣捷通安和停車場","area":"大安區","city":"TPE","total_car":50,"available_car":49,"availability_rate":98.0,"status":"充足"}},{"type":"Feature","geometry":{"type":"Point","coordinates":[121.53844123807204,25.012411446600463]},"properties":{"parking_id":"TPE0201U02","name":"國立臺灣大學公館平面停車場","area":"大安區","city":"TPE","total_car":421,"available_car":153,"availability_rate":36.3,"status":"充足"}},{"type":"Feature","geometry":{"type":"Point","coordinates":[121.5045,25.1406]},"properties":{"parking_id":"TPE0203","name":"復興路平面停車場","area":"北投區","city":"TPE","total_car":69,"available_car":12,"availability_rate":17.4,"status":"偏滿"}},{"type":"Feature","geometry":{"type":"Point","coordinates":[121.5049,25.1408]},"properties":{"parking_id":"TPE0204","name":"開勝平面停車場","area":"北投區","city":"TPE","total_car":29,"available_car":15,"availability_rate":51.7,"status":"充足"}},{"type":"Feature","geometry":{"type":"Point","coordinates":[121.5663,24.9843]},"properties":{"parking_id":"TPE0206","name":"保儀路平面停車場","area":"文山區","city":"TPE","total_car":44,"available_car":1,"availability_rate":2.3,"status":"緊張"}},{"type":"Feature","geometry":{"type":"Point","coordinates":[121.4659,25.1204]},"properties":{"parking_id":"TPE0207","name":"關渡醫院旁平面停車場","area":"北投區","city":"TPE","total_car":36,"available_car":0,"availability_rate":0.0,"status":"滿車"}},{"type":"Feature","geometry":{"type":"Point","coordinates":[121.5443,25.0593]},"properties":{"parking_id":"TPE0208","name":"台灣聯通復有停車場","area":"松山區","city":"TPE","total_car":14,"available_car":0,"availability_rate":0.0,"status":"滿車"}},{"type":"Feature","geometry":{"type":"Point","coordinates":[121.5936,25.0709]},"properties":{"parking_id":"TPE0209","name":"三軍總醫院內湖院區停車場","area":"內湖區","city":"TPE","total_car":493,"available_car":319,"availability_rate":64.7,"status":"充足"}},{"type":"Feature","geometry":{"type":"Point","coordinates":[121.5217,25.0583]},"properties":{"parking_id":"TPE0214","name":"馬偕醫院地下停車場","area":"中山區","city":"TPE","total_car":342,"available_car":267,"availability_rate":78.1,"status":"充足"}},{"type":"Feature","geometry":{"type":"Point","coordinates":[121.5607,25.0864]},"properties":{"parking_id":"TPE0215","name":"文湖平面停車場","area":"內湖區","city":"TPE","total_car":34,"available_car":23,"availability_rate":67.6,"status":"充足"}},{"type":"Feature","geometry":{"type":"Point","coordinates":[121.5181,25.0486]},"properties":{"parking_id":"TPE0220","name":"台北地下街停車場","area":"中正區","city":"TPE","total_car":392,"available_car":0,"availability_rate":0.0,"status":"滿車"}},{"type":"Feature","geometry":{"type":"Point","coordinates":[121.5547,25.0446]},"properties":{"parking_id":"TPE0222","name":"嘟嘟房市民延吉1站停車場","area":"松山區","city":"TPE","total_car":16,"available_car":0,"availability_rate":0.0,"status":"滿車"}},{"type":"Feature","geometry":{"type":"Point","coordinates":[121.5481,25.0539]},"properties":{"parking_id":"TPE0223","name":"中國人壽敦北大樓停車場","area":"松山區","city":"TPE","total_car":15,"available_car":16,"availability_rate":106.7,"status":"充足"}},{"type":"Feature","geometry":{"type":"Point","coordinates":[121.5282,25.0487]},"properties":{"parking_id":"TPE0226","name":"嘟嘟房長安東站停車場","area":"中山區","city":"TPE","total_car":14,"available_car":0,"availability_rate":0.0,"status":"滿車"}},{"type":"Feature","geometry":{"type":"Point","coordinates":[121.53670134126688,25.04689375734375]},"properties":{"parking_id":"TPE0228U01","name":"建國北路高架橋下O區","area":"中山區","city":"TPE","total_car":137,"available_car":43,"availability_rate":31.4,"status":"充足"}},{"type":"Feature","geometry":{"type":"Point","coordinates":[121.53675423021815,25.04922506492668]},"properties":{"parking_id":"TPE0228U02","name":"建國北路高架橋下A區","area":"中山區","city":"TPE","total_car":173,"available_car":86,"availability_rate":49.7,"status":"充足"}},{"type":"Feature","geometry":{"type":"Point","coordinates":[121.53676519145344,25.049893102247378]},"properties":{"parking_id":"TPE0228U03","name":"建國北路高架橋下B區","area":"中山區","city":"TPE","total_car":374,"available_car":241,"availability_rate":64.4,"status":"充足"}},{"type":"Feature","geometry":{"type":"Point","coordinates":[121.53684922130171,25.05340020144548]},"properties":{"parking_id":"TPE0228U04","name":"建國北路高架橋下C區","area":"中山區","city":"TPE","total_car":134,"available_car":38,"availability_rate":28.4,"status":"偏滿"}},{"type":"Feature","geometry":{"type":"Point","coordinates":[121.53686230316961,25.0541991375946]},"properties":{"parking_id":"TPE0228U05","name":"建國北路高架橋下D區","area":"中山區","city":"TPE","total_car":121,"available_car":25,"availability_rate":20.7,"status":"偏滿"}},{"type":"Feature","geometry":{"type":"Point","coordinates":[121.53696925920451,25.056568616540144]},"properties":{"parking_id":"TPE0228U06","name":"建國北路高架橋下E區","area":"中山區","city":"TPE","total_car":69,"available_car":33,"availability_rate":47.8,"status":"充足"}},{"type":"Feature","geometry":{"type":"Point","coordinates":[121.5369307705838,25.05718943465472]},"properties":{"parking_id":"TPE0228U07","name":"建國北路高架橋下F區","area":"中山區","city":"TPE","total_car":105,"available_car":49,"availability_rate":46.7,"status":"充足"}},{"type":"Feature","geometry":{"type":"Point","coordinates":[121.5369755939066,25.05930183768172]},"properties":{"parking_id":"TPE0228U08","name":"建國北路高架橋下G區","area":"中山區","city":"TPE","total_car":255,"available_car":47,"availability_rate":18.4,"status":"偏滿"}},{"type":"Feature","geometry":{"type":"Point","coordinates":[121.53695344338483,25.06075769144925]},"properties":{"parking_id":"TPE0228U09","name":"建國北路高架橋下H區","area":"中山區","city":"TPE","total_car":246,"available_car":35,"availability_rate":14.2,"status":"偏滿"}},{"type":"Feature","geometry":{"type":"Point","coordinates":[121.5370441268739,25.06337098435854]},"properties":{"parking_id":"TPE0228U10","name":"建國北路高架橋下IA區","area":"中山區","city":"TPE","total_car":57,"available_car":9,"availability_rate":15.8,"status":"偏滿"}},{"type":"Feature","geometry":{"type":"Point","coordinates":[121.53701317139713,25.064440920129737]},"properties":{"parking_id":"TPE0228U11","name":"建國北路高架橋下IB區","area":"中山區","city":"TPE","total_car":142,"available_car":10,"availability_rate":7.0,"status":"緊張"}},{"type":"Feature","geometry":{"type":"Point","coordinates":[121.53607733761854,25.06584139230813]},"properties":{"parking_id":"TPE0228U12","name":"建國北路高架橋下J區","area":"中山區","city":"TPE","total_car":122,"available_car":10,"availability_rate":8.2,"status":"緊張"}},{"type":"Feature","geometry":{"type":"Point","coordinates":[121.6066,25.0561]},"properties":{"parking_id":"TPE0229","name":"興中立體停車場","area":"南港區","city":"TPE","total_car":638,"available_car":147,"availability_rate":23.0,"status":"偏滿"}},{"type":"Feature","geometry":{"type":"Point","coordinates":[121.5684,25.0402]},"properties":{"parking_id":"TPE0230","name":"忠信廣場地下停車場","area":"信義區","city":"TPE","total_car":314,"available_car":21,"availability_rate":6.7,"status":"緊張"}},{"type":"Feature","geometry":{"type":"Point","coordinates":[121.5098,25.0504]},"properties":{"parking_id":"TPE0231","name":"市民大道塔城段停車場","area":"大同區","city":"TPE","total_car":254,"available_car":25,"availability_rate":9.8,"status":"緊張"}},{"type":"Feature","geometry":{"type":"Point","coordinates":[121.5753,25.0485]},"properties":{"parking_id":"TPE0233","name":"松隆平面停車場","area":"信義區","city":"TPE","total_car":18,"available_car":1,"availability_rate":5.6,"status":"緊張"}},{"type":"Feature","geometry":{"type":"Point","coordinates":[121.5611,25.0502]},"properties":{"parking_id":"TPE0234","name":"吉祥平面停車場","area":"松山區","city":"TPE","total_car":32,"available_car":3,"availability_rate":9.4,"status":"緊張"}},{"type":"Feature","geometry":{"type":"Point","coordinates":[121.5332,25.1202]},"properties":{"parking_id":"TPE0237","name":"東和公園平面停車場","area":"士林區","city":"TPE","total_car":40,"available_car":0,"availability_rate":0.0,"status":"滿車"}},{"type":"Feature","geometry":{"type":"Point","coordinates":[121.5735,25.0316]},"properties":{"parking_id":"TPE0238","name":"松德臨時平面停車場","area":"信義區","city":"TPE","total_car":86,"available_car":66,"availability_rate":76.7,"status":"充足"}},{"type":"Feature","geometry":{"type":"Point","coordinates":[121.5196,25.0503]},"properties":{"parking_id":"TPE0239","name":"建成國中地下停車場","area":"大同區","city":"TPE","total_car":326,"available_car":0,"availability_rate":0.0,"status":"滿車"}},{"type":"Feature","geometry":{"type":"Point","coordinates":[121.5061,25.0895]},"properties":{"parking_id":"TPE0242","name":"社園立體停車場","area":"士林區","city":"TPE","total_car":266,"available_car":32,"availability_rate":12.0,"status":"偏滿"}},{"type":"Feature","geometry":{"type":"Point","coordinates":[121.5224,25.0504]},"properties":{"parking_id":"TPE0249","name":"五條通停車場","area":"中山區","city":"TPE","total_car":9,"available_car":7,"availability_rate":77.8,"status":"充足"}},{"type":"Feature","geometry":{"type":"Point","coordinates":[121.5356,25.011]},"properties":{"parking_id":"TPE0251","name":"公館停車場","area":"中正區","city":"TPE","total_car":133,"available_car":6,"availability_rate":4.5,"status":"緊張"}},{"type":"Feature","geometry":{"type":"Point","coordinates":[121.5524,25.0146]},"properties":{"parking_id":"TPE0255","name":"助安企業股份有限公司懷愛館地下停車場","area":"大安區","city":"TPE","total_car":245,"available_car":160,"availability_rate":65.3,"status":"充足"}},{"type":"Feature","geometry":{"type":"Point","coordinates":[121.5369,25.0629]},"properties":{"parking_id":"TPE0256","name":"第一停車場","area":"中山區","city":"TPE","total_car":315,"available_car":30,"availability_rate":9.5,"status":"緊張"}},{"type":"Feature","geometry":{"type":"Point","coordinates":[121.5239,25.0654]},"properties":{"parking_id":"TPE0259","name":"雙城停車場","area":"中山區","city":"TPE","total_car":23,"available_car":4,"availability_rate":17.4,"status":"偏滿"}},{"type":"Feature","geometry":{"type":"Point","coordinates":[121.5452,25.0451]},"properties":{"parking_id":"TPE0263","name":"微風廣場地下停車場","area":"松山區","city":"TPE","total_car":331,"available_car":140,"availability_rate":42.3,"status":"充足"}},{"type":"Feature","geometry":{"type":"Point","coordinates":[121.5259,25.0488]},"properties":{"parking_id":"TPE0266","name":"通通停長安停車場","area":"中山區","city":"TPE","total_car":16,"available_car":0,"availability_rate":0.0,"status":"滿車"}},{"type":"Feature","geometry":{"type":"Point","coordinates":[121.5388,25.0455]},"properties":{"parking_id":"TPE0267","name":"通通停中崙停車場","area":"中山區","city":"TPE","total_car":20,"available_car":4,"availability_rate":20.0,"status":"偏滿"}},{"type":"Feature","geometry":{"type":"Point","coordinates":[121.50126905152618,25.019330555760074]},"properties":{"parking_id":"TPE0269","name":"通通停萬華青年站停車場","area":"萬華區","city":"TPE","total_car":24,"available_car":0,"availability_rate":0.0,"status":"滿車"}},{"type":"Feature","geometry":{"type":"Point","coordinates":[121.5295,25.0427]},"properties":{"parking_id":"TPE0274","name":"金山南路停車場","area":"中正區","city":"TPE","total_car":11,"available_car":0,"availability_rate":0.0,"status":"滿車"}},{"type":"Feature","geometry":{"type":"Point","coordinates":[121.5429,25.0397]},"properties":{"parking_id":"TPE0276","name":"通通停復興SOGO二站停車場","area":"大安區","city":"TPE","total_car":8,"available_car":0,"availability_rate":0.0,"status":"滿車"}},{"type":"Feature","geometry":{"type":"Point","coordinates":[121.5429,25.04]},"properties":{"parking_id":"TPE0277","name":"通通停復興SOGO一站停車場","area":"大安區","city":"TPE","total_car":17,"available_car":0,"availability_rate":0.0,"status":"滿車"}},{"type":"Feature","geometry":{"type":"Point","coordinates":[121.5722,25.0811]},"properties":{"parking_id":"TPE0278","name":"Times 內湖路一段","area":"內湖區","city":"TPE","total_car":37,"available_car":22,"availability_rate":59.5,"status":"充足"}},{"type":"Feature","geometry":{"type":"Point","coordinates":[121.5921,25.0685]},"properties":{"parking_id":"TPE0279","name":"石潭平面停車場","area":"內湖區","city":"TPE","total_car":70,"available_car":27,"availability_rate":38.6,"status":"充足"}},{"type":"Feature","geometry":{"type":"Point","coordinates":[121.5262,25.0457]},"properties":{"parking_id":"TPE0282","name":"華山停車場","area":"中正區","city":"TPE","total_car":42,"available_car":23,"availability_rate":54.8,"status":"充足"}},{"type":"Feature","geometry":{"type":"Point","coordinates":[121.6189743853149,25.06984785455855]},"properties":{"parking_id":"TPE0283","name":"嘟嘟房東湖站停車場","area":"內湖區","city":"TPE","total_car":94,"available_car":49,"availability_rate":52.1,"status":"充足"}},{"type":"Feature","geometry":{"type":"Point","coordinates":[121.54941444575496,25.027493360508128]},"properties":{"parking_id":"TPE0285","name":"敦南一站停車場","area":"大安區","city":"TPE","total_car":37,"available_car":31,"availability_rate":83.8,"status":"充足"}},{"type":"Feature","geometry":{"type":"Point","coordinates":[121.5667999991248,25.038812462291684]},"properties":{"parking_id":"TPE0287","name":"新光三越百貨股份有限公司台北信義店A8停車場","area":"信義區","city":"TPE","total_car":284,"available_car":0,"availability_rate":0.0,"status":"滿車"}},{"type":"Feature","geometry":{"type":"Point","coordinates":[121.4915,25.0279]},"properties":{"parking_id":"TPE0288","name":"雙園國中地下停車場","area":"萬華區","city":"TPE","total_car":321,"available_car":71,"availability_rate":22.1,"status":"偏滿"}},{"type":"Feature","geometry":{"type":"Point","coordinates":[121.5564,25.0472]},"properties":{"parking_id":"TPE0294","name":"台灣聯通復源停車場","area":"松山區","city":"TPE","total_car":21,"available_car":17,"availability_rate":81.0,"status":"充足"}},{"type":"Feature","geometry":{"type":"Point","coordinates":[121.5631,25.0401]},"properties":{"parking_id":"TPE0297","name":"城市車旅遠雄國際中心停車場","area":"信義區","city":"TPE","total_car":32,"available_car":4,"availability_rate":12.5,"status":"偏滿"}},{"type":"Feature","geometry":{"type":"Point","coordinates":[121.54918122920554,25.02734300198945]},"properties":{"parking_id":"TPE0299","name":"敦南二站停車場","area":"大安區","city":"TPE","total_car":49,"available_car":48,"availability_rate":98.0,"status":"充足"}},{"type":"Feature","geometry":{"type":"Point","coordinates":[121.6055,25.0724]},"properties":{"parking_id":"TPE0300","name":"康寧平面停車場","area":"內湖區","city":"TPE","total_car":20,"available_car":3,"availability_rate":15.0,"status":"偏滿"}},{"type":"Feature","geometry":{"type":"Point","coordinates":[121.5282,25.0578]},"properties":{"parking_id":"TPE0301","name":"Times 民生東路","area":"中山區","city":"TPE","total_car":5,"available_car":0,"availability_rate":0.0,"status":"滿車"}},{"type":"Feature","geometry":{"type":"Point","coordinates":[121.5297,25.1188]},"properties":{"parking_id":"TPE0302","name":"士林一號廣場(西側)地下停車場","area":"士林區","city":"TPE","total_car":222,"available_car":5,"availability_rate":2.3,"status":"緊張"}},{"type":"Feature","geometry":{"type":"Point","coordinates":[121.5308,25.1185]},"properties":{"parking_id":"TPE0303","name":"士林一號廣場(東側)地下停車場","area":"士林區","city":"TPE","total_car":99,"available_car":4,"availability_rate":4.0,"status":"緊張"}},{"type":"Feature","geometry":{"type":"Point","coordinates":[121.5769,25.0731]},"properties":{"parking_id":"TPE0304","name":"Times 陽光街","area":"內湖區","city":"TPE","total_car":88,"available_car":78,"availability_rate":88.6,"status":"充足"}},{"type":"Feature","geometry":{"type":"Point","coordinates":[121.5074,25.025]},"properties":{"parking_id":"TPE0305","name":"青年公園高爾夫球場地下停車場","area":"萬華區","city":"TPE","total_car":331,"available_car":57,"availability_rate":17.2,"status":"偏滿"}},{"type":"Feature","geometry":{"type":"Point","coordinates":[121.4999,25.02]},"properties":{"parking_id":"TPE0308","name":"冠華停車場","area":"萬華區","city":"TPE","total_car":41,"available_car":9,"availability_rate":22.0,"status":"偏滿"}},{"type":"Feature","geometry":{"type":"Point","coordinates":[121.5742,25.0735]},"properties":{"parking_id":"TPE0312","name":"嘟嘟房內湖基湖站停車場","area":"內湖區","city":"TPE","total_car":41,"available_car":25,"availability_rate":61.0,"status":"充足"}},{"type":"Feature","geometry":{"type":"Point","coordinates":[121.5567,25.0342]},"properties":{"parking_id":"TPE0313","name":"便利停車場大安地政事務所一站","area":"大安區","city":"TPE","total_car":5,"available_car":4,"availability_rate":80.0,"status":"充足"}},{"type":"Feature","geometry":{"type":"Point","coordinates":[121.5566,25.0333]},"properties":{"parking_id":"TPE0314","name":"便利停車場大安地政事務所二站","area":"大安區","city":"TPE","total_car":8,"available_car":7,"availability_rate":87.5,"status":"充足"}},{"type":"Feature","geometry":{"type":"Point","coordinates":[121.5143,25.1207]},"properties":{"parking_id":"TPE0316","name":"陽明大學停車場","area":"北投區","city":"TPE","total_car":15,"available_car":776,"availability_rate":5173.3,"status":"充足"}},{"type":"Feature","geometry":{"type":"Point","coordinates":[121.5028,25.0239]},"properties":{"parking_id":"TPE0318","name":"青年公園棒球場地下停車場","area":"萬華區","city":"TPE","total_car":276,"available_car":8,"availability_rate":2.9,"status":"緊張"}},{"type":"Feature","geometry":{"type":"Point","coordinates":[121.523,25.0392]},"properties":{"parking_id":"TPE0319","name":"臺北市政府青年局停車場","area":"中正區","city":"TPE","total_car":137,"available_car":30,"availability_rate":21.9,"status":"偏滿"}},{"type":"Feature","geometry":{"type":"Point","coordinates":[121.5404,25.0514]},"properties":{"parking_id":"TPE0320","name":"國泰新安停車場","area":"中山區","city":"TPE","total_car":111,"available_car":41,"availability_rate":36.9,"status":"充足"}},{"type":"Feature","geometry":{"type":"Point","coordinates":[121.5748,25.0734]},"properties":{"parking_id":"TPE0321","name":"便利停車場大眾站","area":"內湖區","city":"TPE","total_car":162,"available_car":20,"availability_rate":12.3,"status":"偏滿"}},{"type":"Feature","geometry":{"type":"Point","coordinates":[121.5315,25.0552]},"properties":{"parking_id":"TPE0322","name":"長春金融大樓停車場","area":"中山區","city":"TPE","total_car":181,"available_car":10,"availability_rate":5.5,"status":"緊張"}},{"type":"Feature","geometry":{"type":"Point","coordinates":[121.5674,25.0806]},"properties":{"parking_id":"TPE0324","name":"便利停車場元吉站","area":"內湖區","city":"TPE","total_car":81,"available_car":15,"availability_rate":18.5,"status":"偏滿"}},{"type":"Feature","geometry":{"type":"Point","coordinates":[121.5473,25.0524]},"properties":{"parking_id":"TPE0327","name":"台灣聯通敦北停車場","area":"松山區","city":"TPE","total_car":40,"available_car":40,"availability_rate":100.0,"status":"充足"}},{"type":"Feature","geometry":{"type":"Point","coordinates":[121.509,25.043]},"properties":{"parking_id":"TPE0329","name":"錢櫃新聲停車場","area":"中正區","city":"TPE","total_car":26,"available_car":0,"availability_rate":0.0,"status":"滿車"}},{"type":"Feature","geometry":{"type":"Point","coordinates":[121.5264,25.0522]},"properties":{"parking_id":"TPE0330","name":"林森公園地下停車場","area":"中山區","city":"TPE","total_car":850,"available_car":131,"availability_rate":15.4,"status":"偏滿"}},{"type":"Feature","geometry":{"type":"Point","coordinates":[121.5493,25.0611]},"properties":{"parking_id":"TPE0333","name":"民權東路停車場","area":"松山區","city":"TPE","total_car":49,"available_car":18,"availability_rate":36.7,"status":"充足"}},{"type":"Feature","geometry":{"type":"Point","coordinates":[121.56647011947703,25.033065106940985]},"properties":{"parking_id":"TPE0334","name":"信義廣場地下停車場","area":"信義區","city":"TPE","total_car":369,"available_car":72,"availability_rate":19.5,"status":"偏滿"}},{"type":"Feature","geometry":{"type":"Point","coordinates":[121.5331,25.0614]},"properties":{"parking_id":"TPE0335","name":"台灣聯通將捷二場停車場","area":"中山區","city":"TPE","total_car":56,"available_car":53,"availability_rate":94.6,"status":"充足"}},{"type":"Feature","geometry":{"type":"Point","coordinates":[121.5688,25.0809]},"properties":{"parking_id":"TPE0336","name":"便利停車場創世紀站","area":"內湖區","city":"TPE","total_car":65,"available_car":42,"availability_rate":64.6,"status":"充足"}},{"type":"Feature","geometry":{"type":"Point","coordinates":[121.5224,25.057]},"properties":{"parking_id":"TPE0338","name":"台灣聯通國賓停車場","area":"中山區","city":"TPE","total_car":78,"available_car":77,"availability_rate":98.7,"status":"充足"}},{"type":"Feature","geometry":{"type":"Point","coordinates":[121.5641,25.05]},"properties":{"parking_id":"TPE0342","name":"台灣聯通八德停車場","area":"松山區","city":"TPE","total_car":74,"available_car":73,"availability_rate":98.6,"status":"充足"}},{"type":"Feature","geometry":{"type":"Point","coordinates":[121.5265,25.0426]},"properties":{"parking_id":"TPE0347","name":"台灣聯通杭州停車場","area":"中正區","city":"TPE","total_car":54,"available_car":53,"availability_rate":98.1,"status":"充足"}},{"type":"Feature","geometry":{"type":"Point","coordinates":[121.58182667859067,25.06949477920949]},"properties":{"parking_id":"TPE0352","name":"便利停車場中時站","area":"內湖區","city":"TPE","total_car":49,"available_car":30,"availability_rate":61.2,"status":"充足"}},{"type":"Feature","geometry":{"type":"Point","coordinates":[121.5106,25.0722]},"properties":{"parking_id":"TPE0353","name":"迪化污水處理場平面停車場","area":"大同區","city":"TPE","total_car":91,"available_car":1,"availability_rate":1.1,"status":"緊張"}},{"type":"Feature","geometry":{"type":"Point","coordinates":[121.5137,25.0562]},"properties":{"parking_id":"TPE0354","name":"朝陽公園地下停車場","area":"大同區","city":"TPE","total_car":244,"available_car":0,"availability_rate":0.0,"status":"滿車"}},{"type":"Feature","geometry":{"type":"Point","coordinates":[121.5614,25.0502]},"properties":{"parking_id":"TPE0355","name":"中崙高中地下停車場","area":"松山區","city":"TPE","total_car":347,"available_car":94,"availability_rate":27.1,"status":"偏滿"}},{"type":"Feature","geometry":{"type":"Point","coordinates":[121.5619,25.0469]},"properties":{"parking_id":"TPE0356","name":"偶戲博物館地下停車場","area":"松山區","city":"TPE","total_car":69,"available_car":8,"availability_rate":11.6,"status":"偏滿"}},{"type":"Feature","geometry":{"type":"Point","coordinates":[121.522,25.0992]},"properties":{"parking_id":"TPE0359","name":"文昌國小地下停車場","area":"士林區","city":"TPE","total_car":222,"available_car":19,"availability_rate":8.6,"status":"緊張"}},{"type":"Feature","geometry":{"type":"Point","coordinates":[121.6161,25.0683]},"properties":{"parking_id":"TPE0360","name":"東湖國小地下停車場","area":"內湖區","city":"TPE","total_car":359,"available_car":71,"availability_rate":19.8,"status":"偏滿"}},{"type":"Feature","geometry":{"type":"Point","coordinates":[121.5203,25.0491]},"properties":{"parking_id":"TPE0362","name":"華陰街平面停車場","area":"中山區","city":"TPE","total_car":24,"available_car":0,"availability_rate":0.0,"status":"滿車"}},{"type":"Feature","geometry":{"type":"Point","coordinates":[121.5804,25.0447]},"properties":{"parking_id":"TPE0365","name":"中坡北停車場","area":"信義區","city":"TPE","total_car":15,"available_car":3,"availability_rate":20.0,"status":"偏滿"}},{"type":"Feature","geometry":{"type":"Point","coordinates":[121.5031,25.0412]},"properties":{"parking_id":"TPE0367","name":"嘟嘟房內江1站停車場","area":"萬華區","city":"TPE","total_car":5,"available_car":4,"availability_rate":80.0,"status":"充足"}},{"type":"Feature","geometry":{"type":"Point","coordinates":[121.5487,25.0475]},"properties":{"parking_id":"TPE0371","name":"臺安停車場","area":"松山區","city":"TPE","total_car":202,"available_car":144,"availability_rate":71.3,"status":"充足"}},{"type":"Feature","geometry":{"type":"Point","coordinates":[121.56917118488722,25.038205290363315]},"properties":{"parking_id":"TPE0375","name":"國泰金融大樓停車場","area":"信義區","city":"TPE","total_car":176,"available_car":0,"availability_rate":0.0,"status":"滿車"}},{"type":"Feature","geometry":{"type":"Point","coordinates":[121.5492,25.0993]},"properties":{"parking_id":"TPE0377","name":"故宮廣場平面停車場","area":"士林區","city":"TPE","total_car":87,"available_car":108,"availability_rate":124.1,"status":"充足"}},{"type":"Feature","geometry":{"type":"Point","coordinates":[121.53779256971741,25.02789698714277]},"properties":{"parking_id":"TPE0378U01","name":"建國南路高架橋下停車場A區","area":"大安區","city":"TPE","total_car":287,"available_car":10,"availability_rate":3.5,"status":"緊張"}},{"type":"Feature","geometry":{"type":"Point","coordinates":[121.53782823294081,25.032810395384107]},"properties":{"parking_id":"TPE0378U02","name":"建國南路高架橋下停車場D區","area":"大安區","city":"TPE","total_car":64,"available_car":0,"availability_rate":0.0,"status":"滿車"}},{"type":"Feature","geometry":{"type":"Point","coordinates":[121.53786247165871,25.031643391305646]},"properties":{"parking_id":"TPE0378U03","name":"建國南路高架橋下停車場C區","area":"大安區","city":"TPE","total_car":108,"available_car":0,"availability_rate":0.0,"status":"滿車"}},{"type":"Feature","geometry":{"type":"Point","coordinates":[121.53780672912218,25.02915635459628]},"properties":{"parking_id":"TPE0378U04","name":"建國南路高架橋下停車場B區","area":"大安區","city":"TPE","total_car":236,"available_car":2,"availability_rate":0.8,"status":"緊張"}},{"type":"Feature","geometry":{"type":"Point","coordinates":[121.53809813024708,25.03476851271605]},"properties":{"parking_id":"TPE0378U05","name":"建國南路高架橋下E區","area":"大安區","city":"TPE","total_car":52,"available_car":0,"availability_rate":0.0,"status":"滿車"}},{"type":"Feature","geometry":{"type":"Point","coordinates":[121.53801994741808,25.034734940473715]},"properties":{"parking_id":"TPE0378U06","name":"建國南路高架橋下F區","area":"大安區","city":"TPE","total_car":175,"available_car":0,"availability_rate":0.0,"status":"滿車"}},{"type":"Feature","geometry":{"type":"Point","coordinates":[121.53779000051249,25.03725235062742]},"properties":{"parking_id":"TPE0378U07","name":"建國南路高架橋下G區","area":"大安區","city":"TPE","total_car":84,"available_car":0,"availability_rate":0.0,"status":"滿車"}},{"type":"Feature","geometry":{"type":"Point","coordinates":[121.53795091424661,25.038574381828052]},"properties":{"parking_id":"TPE0378U08","name":"建國南路高架橋下H區","area":"大安區","city":"TPE","total_car":218,"available_car":1,"availability_rate":0.5,"status":"緊張"}},{"type":"Feature","geometry":{"type":"Point","coordinates":[121.53732384887005,25.041140624740645]},"properties":{"parking_id":"TPE0378U09","name":"建國南路高架橋下停車場I區","area":"大安區","city":"TPE","total_car":92,"available_car":0,"availability_rate":0.0,"status":"滿車"}},{"type":"Feature","geometry":{"type":"Point","coordinates":[121.5354,25.0044]},"properties":{"parking_id":"TPE0380","name":"溪洲街平面停車場","area":"文山區","city":"TPE","total_car":17,"available_car":1,"availability_rate":5.9,"status":"緊張"}},{"type":"Feature","geometry":{"type":"Point","coordinates":[121.5722,25.086]},"properties":{"parking_id":"TPE0381","name":"環山平面停車場","area":"內湖區","city":"TPE","total_car":31,"available_car":2,"availability_rate":6.5,"status":"緊張"}},{"type":"Feature","geometry":{"type":"Point","coordinates":[121.5397,25.1568]},"properties":{"parking_id":"TPE0382","name":"陽明山花鐘停車場","area":"北投區","city":"TPE","total_car":34,"available_car":6,"availability_rate":17.6,"status":"偏滿"}},{"type":"Feature","geometry":{"type":"Point","coordinates":[121.5458,25.1554]},"properties":{"parking_id":"TPE0383","name":"陽明山第二停車場","area":"北投區","city":"TPE","total_car":112,"available_car":40,"availability_rate":35.7,"status":"充足"}},{"type":"Feature","geometry":{"type":"Point","coordinates":[121.518,25.0448]},"properties":{"parking_id":"TPE0387","name":"臺大醫院兒童醫院停車場","area":"中正區","city":"TPE","total_car":314,"available_car":89,"availability_rate":28.3,"status":"偏滿"}},{"type":"Feature","geometry":{"type":"Point","coordinates":[121.5381,25.0671]},"properties":{"parking_id":"TPE0389","name":"臺北農產運銷股份有限公司第二果菜批發市場地下三樓停車場(濱江市場地下停車場)","area":"中山區","city":"TPE","total_car":349,"available_car":80,"availability_rate":22.9,"status":"偏滿"}},{"type":"Feature","geometry":{"type":"Point","coordinates":[121.5537,25.0285]},"properties":{"parking_id":"TPE0395","name":"台北通化停車場","area":"大安區","city":"TPE","total_car":49,"available_car":50,"availability_rate":102.0,"status":"充足"}},{"type":"Feature","geometry":{"type":"Point","coordinates":[121.5499,25.0295]},"properties":{"parking_id":"TPE0396","name":"敦南大樓停車場","area":"大安區","city":"TPE","total_car":122,"available_car":31,"availability_rate":25.4,"status":"偏滿"}},{"type":"Feature","geometry":{"type":"Point","coordinates":[121.5052,25.043]},"properties":{"parking_id":"TPE0397","name":"台灣聯通大世界停車場","area":"萬華區","city":"TPE","total_car":91,"available_car":32,"availability_rate":35.2,"status":"充足"}},{"type":"Feature","geometry":{"type":"Point","coordinates":[121.5228,25.0443]},"properties":{"parking_id":"TPE0398","name":"便利停車場林森三站","area":"中正區","city":"TPE","total_car":26,"available_car":7,"availability_rate":26.9,"status":"偏滿"}},{"type":"Feature","geometry":{"type":"Point","coordinates":[121.4633,25.1176]},"properties":{"parking_id":"TPE0399","name":"關渡水岸自然公園平面停車場","area":"北投區","city":"TPE","total_car":309,"available_car":35,"availability_rate":11.3,"status":"偏滿"}},{"type":"Feature","geometry":{"type":"Point","coordinates":[121.4998,25.0345]},"properties":{"parking_id":"TPE0401","name":"臺北市萬華區行政中心地下停車場","area":"萬華區","city":"TPE","total_car":205,"available_car":4,"availability_rate":2.0,"status":"緊張"}},{"type":"Feature","geometry":{"type":"Point","coordinates":[121.5085,25.0515]},"properties":{"parking_id":"TPE0402","name":"臺北市立聯合醫院-中興院區停車場","area":"大同區","city":"TPE","total_car":80,"available_car":34,"availability_rate":42.5,"status":"充足"}},{"type":"Feature","geometry":{"type":"Point","coordinates":[121.5664,25.0471]},"properties":{"parking_id":"TPE0403","name":"嘟嘟房東興站停車場","area":"信義區","city":"TPE","total_car":144,"available_car":67,"availability_rate":46.5,"status":"充足"}},{"type":"Feature","geometry":{"type":"Point","coordinates":[121.565,25.032]},"properties":{"parking_id":"TPE0404","name":"信義一站停車場","area":"信義區","city":"TPE","total_car":79,"available_car":49,"availability_rate":62.0,"status":"充足"}},{"type":"Feature","geometry":{"type":"Point","coordinates":[121.5202,25.1192]},"properties":{"parking_id":"TPE0405","name":"臺北榮民總醫院二號門地下停車場","area":"北投區","city":"TPE","total_car":366,"available_car":364,"availability_rate":99.5,"status":"充足"}},{"type":"Feature","geometry":{"type":"Point","coordinates":[121.6134,25.0676]},"properties":{"parking_id":"TPE0407","name":"安康公車調度站臨時平面停車場","area":"內湖區","city":"TPE","total_car":113,"available_car":21,"availability_rate":18.6,"status":"偏滿"}},{"type":"Feature","geometry":{"type":"Point","coordinates":[121.5637,25.0254]},"properties":{"parking_id":"TPE0409","name":"吳興街284巷臨時平面停車場","area":"信義區","city":"TPE","total_car":50,"available_car":3,"availability_rate":6.0,"status":"緊張"}},{"type":"Feature","geometry":{"type":"Point","coordinates":[121.5406,25.0041]},"properties":{"parking_id":"TPE0410","name":"臺北花木批發市場地下停車場","area":"文山區","city":"TPE","total_car":411,"available_car":69,"availability_rate":16.8,"status":"偏滿"}},{"type":"Feature","geometry":{"type":"Point","coordinates":[121.5262,25.0457]},"properties":{"parking_id":"TPE0413","name":"168停車聯盟-北平東場","area":"中正區","city":"TPE","total_car":59,"available_car":23,"availability_rate":39.0,"status":"充足"}},{"type":"Feature","geometry":{"type":"Point","coordinates":[121.52898814715846,25.036681319476575]},"properties":{"parking_id":"TPE0417","name":"Times臨沂街第2","area":"中正區","city":"TPE","total_car":23,"available_car":10,"availability_rate":43.5,"status":"充足"}},{"type":"Feature","geometry":{"type":"Point","coordinates":[121.5654,25.0325]},"properties":{"parking_id":"TPE0418","name":"便利停車場信義二站","area":"信義區","city":"TPE","total_car":18,"available_car":8,"availability_rate":44.4,"status":"充足"}},{"type":"Feature","geometry":{"type":"Point","coordinates":[121.5811,25.0426]},"properties":{"parking_id":"TPE0421","name":"春光公園地下停車場","area":"信義區","city":"TPE","total_car":214,"available_car":11,"availability_rate":5.1,"status":"緊張"}},{"type":"Feature","geometry":{"type":"Point","coordinates":[121.5998,25.0541]},"properties":{"parking_id":"TPE0422","name":"家樂福新南港停車場","area":"南港區","city":"TPE","total_car":48,"available_car":47,"availability_rate":97.9,"status":"充足"}},{"type":"Feature","geometry":{"type":"Point","coordinates":[121.5248,25.0593]},"properties":{"parking_id":"TPE0425","name":"永盛公園地下停車場","area":"中山區","city":"TPE","total_car":224,"available_car":25,"availability_rate":11.2,"status":"偏滿"}},{"type":"Feature","geometry":{"type":"Point","coordinates":[121.5355,25.0521]},"properties":{"parking_id":"TPE0433","name":"台灣聯通南京停車場","area":"中山區","city":"TPE","total_car":241,"available_car":46,"availability_rate":19.1,"status":"偏滿"}},{"type":"Feature","geometry":{"type":"Point","coordinates":[121.55736014953654,25.051977214488797]},"properties":{"parking_id":"TPE0434","name":"台灣聯通前瞻停車場","area":"松山區","city":"TPE","total_car":65,"available_car":51,"availability_rate":78.5,"status":"充足"}},{"type":"Feature","geometry":{"type":"Point","coordinates":[121.5584,25.0324]},"properties":{"parking_id":"TPE0435","name":"台北信基大樓停車場","area":"信義區","city":"TPE","total_car":33,"available_car":25,"availability_rate":75.8,"status":"充足"}},{"type":"Feature","geometry":{"type":"Point","coordinates":[121.541,25.0522]},"properties":{"parking_id":"TPE0436","name":"JR台北大飯店停車場","area":"中山區","city":"TPE","total_car":175,"available_car":88,"availability_rate":50.3,"status":"充足"}},{"type":"Feature","geometry":{"type":"Point","coordinates":[121.4684,25.1318]},"properties":{"parking_id":"TPE0438","name":"臺北藝術大學停車場","area":"北投區","city":"TPE","total_car":47,"available_car":241,"availability_rate":512.8,"status":"充足"}},{"type":"Feature","geometry":{"type":"Point","coordinates":[121.5217,25.0551]},"properties":{"parking_id":"TPE0441","name":"中山運動中心旁臨時平面停車場","area":"中山區","city":"TPE","total_car":53,"available_car":0,"availability_rate":0.0,"status":"滿車"}},{"type":"Feature","geometry":{"type":"Point","coordinates":[121.5737,25.0762]},"properties":{"parking_id":"TPE0442","name":"瑞光二平面停車場","area":"內湖區","city":"TPE","total_car":39,"available_car":34,"availability_rate":87.2,"status":"充足"}},{"type":"Feature","geometry":{"type":"Point","coordinates":[121.555,25.0458]},"properties":{"parking_id":"TPE0443","name":"嘟嘟房光復南站停車場","area":"松山區","city":"TPE","total_car":10,"available_car":0,"availability_rate":0.0,"status":"滿車"}},{"type":"Feature","geometry":{"type":"Point","coordinates":[121.499,25.1103]},"properties":{"parking_id":"TPE0444","name":"洲美運動公園地下停車場","area":"北投區","city":"TPE","total_car":88,"available_car":48,"availability_rate":54.5,"status":"充足"}},{"type":"Feature","geometry":{"type":"Point","coordinates":[121.5179,25.0469]},"properties":{"parking_id":"TPE0446","name":"台北車站K區地下街停車場","area":"中正區","city":"TPE","total_car":188,"available_car":3,"availability_rate":1.6,"status":"緊張"}},{"type":"Feature","geometry":{"type":"Point","coordinates":[121.5433,25.0456]},"properties":{"parking_id":"TPE0447","name":"大潤發中崙店停車場","area":"中山區","city":"TPE","total_car":346,"available_car":95,"availability_rate":27.5,"status":"偏滿"}},{"type":"Feature","geometry":{"type":"Point","coordinates":[121.5379,25.0241]},"properties":{"parking_id":"TPE0449","name":"龍門國中地下停車場","area":"大安區","city":"TPE","total_car":730,"available_car":89,"availability_rate":12.2,"status":"偏滿"}},{"type":"Feature","geometry":{"type":"Point","coordinates":[121.4993,25.0362]},"properties":{"parking_id":"TPE0450","name":"艋舺公園地下停車場","area":"萬華區","city":"TPE","total_car":518,"available_car":0,"availability_rate":0.0,"status":"滿車"}},{"type":"Feature","geometry":{"type":"Point","coordinates":[121.529,25.1189]},"properties":{"parking_id":"TPE0451","name":"全聯天母天玉停車場","area":"士林區","city":"TPE","total_car":10,"available_car":7,"availability_rate":70.0,"status":"充足"}},{"type":"Feature","geometry":{"type":"Point","coordinates":[121.5526,25.0376]},"properties":{"parking_id":"TPE0452","name":"台灣聯通福安停車場","area":"大安區","city":"TPE","total_car":56,"available_car":30,"availability_rate":53.6,"status":"充足"}},{"type":"Feature","geometry":{"type":"Point","coordinates":[121.5244,25.0272]},"properties":{"parking_id":"TPE0456","name":"通通停古亭停車場","area":"大安區","city":"TPE","total_car":13,"available_car":1,"availability_rate":7.7,"status":"緊張"}},{"type":"Feature","geometry":{"type":"Point","coordinates":[121.5435,25.0592]},"properties":{"parking_id":"TPE0463","name":"168停車聯盟-民生場","area":"中山區","city":"TPE","total_car":6,"available_car":896,"availability_rate":14933.3,"status":"充足"}},{"type":"Feature","geometry":{"type":"Point","coordinates":[121.4929,25.0322]},"properties":{"parking_id":"TPE0467","name":"綠堤停車場","area":"萬華區","city":"TPE","total_car":49,"available_car":12,"availability_rate":24.5,"status":"偏滿"}},{"type":"Feature","geometry":{"type":"Point","coordinates":[121.5695,25.056]},"properties":{"parking_id":"TPE0475","name":"塔悠路停車場","area":"松山區","city":"TPE","total_car":17,"available_car":7,"availability_rate":41.2,"status":"充足"}},{"type":"Feature","geometry":{"type":"Point","coordinates":[121.5493,25.05]},"properties":{"parking_id":"TPE0476","name":"嘟嘟房台北小巨蛋站停車場","area":"松山區","city":"TPE","total_car":476,"available_car":275,"availability_rate":57.8,"status":"充足"}},{"type":"Feature","geometry":{"type":"Point","coordinates":[121.5003,25.0345]},"properties":{"parking_id":"TPE0478","name":"萬華停車場","area":"萬華區","city":"TPE","total_car":30,"available_car":2,"availability_rate":6.7,"status":"緊張"}},{"type":"Feature","geometry":{"type":"Point","coordinates":[121.6017,25.0733]},"properties":{"parking_id":"TPE0482","name":"麗湖國小地下停車場","area":"內湖區","city":"TPE","total_car":229,"available_car":36,"availability_rate":15.7,"status":"偏滿"}},{"type":"Feature","geometry":{"type":"Point","coordinates":[121.563,25.0814]},"properties":{"parking_id":"TPE0484","name":"台灣聯通內科停車場","area":"內湖區","city":"TPE","total_car":49,"available_car":49,"availability_rate":100.0,"status":"充足"}},{"type":"Feature","geometry":{"type":"Point","coordinates":[121.5253,25.0637]},"properties":{"parking_id":"TPE0487","name":"台灣聯通晴光商圈停車場","area":"中山區","city":"TPE","total_car":92,"available_car":25,"availability_rate":27.2,"status":"偏滿"}},{"type":"Feature","geometry":{"type":"Point","coordinates":[121.5603,25.0259]},"properties":{"parking_id":"TPE0489","name":"吳興街220巷平面停車場","area":"信義區","city":"TPE","total_car":82,"available_car":41,"availability_rate":50.0,"status":"充足"}},{"type":"Feature","geometry":{"type":"Point","coordinates":[121.539,25.0576]},"properties":{"parking_id":"TPE0493","name":"便利停車場民生站","area":"中山區","city":"TPE","total_car":210,"available_car":20,"availability_rate":9.5,"status":"緊張"}},{"type":"Feature","geometry":{"type":"Point","coordinates":[121.4721,25.1276]},"properties":{"parking_id":"TPE0495","name":"醫療財團法人辜公亮基金會和信治癌中心醫院-醫療大樓停車場","area":"北投區","city":"TPE","total_car":95,"available_car":151,"availability_rate":158.9,"status":"充足"}},{"type":"Feature","geometry":{"type":"Point","coordinates":[121.5218,25.0396]},"properties":{"parking_id":"TPE0497","name":"宏達經營管理顧問有限公司徐州停車場","area":"中正區","city":"TPE","total_car":83,"available_car":86,"availability_rate":103.6,"status":"充足"}},{"type":"Feature","geometry":{"type":"Point","coordinates":[121.53860215390647,25.03055734213568]},"properties":{"parking_id":"TPE0500","name":"臺北市大安福邸公寓大廈社區中庭地下停車場","area":"大安區","city":"TPE","total_car":204,"available_car":12,"availability_rate":5.9,"status":"緊張"}},{"type":"Feature","geometry":{"type":"Point","coordinates":[121.544,25.0259]},"properties":{"parking_id":"TPE0504","name":"科技大樓地下停車場","area":"大安區","city":"TPE","total_car":30,"available_car":7,"availability_rate":23.3,"status":"偏滿"}},{"type":"Feature","geometry":{"type":"Point","coordinates":[121.567,25.0304]},"properties":{"parking_id":"TPE0505","name":"三張里地下停車場","area":"信義區","city":"TPE","total_car":354,"available_car":63,"availability_rate":17.8,"status":"偏滿"}},{"type":"Feature","geometry":{"type":"Point","coordinates":[121.5214,25.0491]},"properties":{"parking_id":"TPE0506","name":"Times中山北路一段","area":"中山區","city":"TPE","total_car":13,"available_car":6,"availability_rate":46.2,"status":"充足"}},{"type":"Feature","geometry":{"type":"Point","coordinates":[121.5636,25.1657]},"properties":{"parking_id":"TPE0508","name":"歐特儀股份有限公司冷水坑1號停車場","area":"士林區","city":"TPE","total_car":80,"available_car":6,"availability_rate":7.5,"status":"緊張"}},{"type":"Feature","geometry":{"type":"Point","coordinates":[121.5949,25.0831]},"properties":{"parking_id":"TPE0510","name":"台灣聯通成功停車場","area":"內湖區","city":"TPE","total_car":77,"available_car":15,"availability_rate":19.5,"status":"偏滿"}},{"type":"Feature","geometry":{"type":"Point","coordinates":[121.5394,25.0473]},"properties":{"parking_id":"TPE0515","name":"台北建國停車場","area":"中山區","city":"TPE","total_car":39,"available_car":29,"availability_rate":74.4,"status":"充足"}},{"type":"Feature","geometry":{"type":"Point","coordinates":[121.563,25.0476]},"properties":{"parking_id":"TPE0517","name":"嘟嘟房京華城站停車場","area":"松山區","city":"TPE","total_car":22,"available_car":1,"availability_rate":4.5,"status":"緊張"}},{"type":"Feature","geometry":{"type":"Point","coordinates":[121.5266,25.0482]},"properties":{"parking_id":"TPE0521","name":"嘟嘟房林森北站停車場","area":"中山區","city":"TPE","total_car":6,"available_car":1,"availability_rate":16.7,"status":"偏滿"}},{"type":"Feature","geometry":{"type":"Point","coordinates":[121.5279,25.0392]},"properties":{"parking_id":"TPE0522","name":"嘟嘟房杭州南站停車場","area":"中正區","city":"TPE","total_car":11,"available_car":7,"availability_rate":63.6,"status":"充足"}},{"type":"Feature","geometry":{"type":"Point","coordinates":[121.5485,25.0222]},"properties":{"parking_id":"TPE0526","name":"台灣聯通敦南停車場","area":"大安區","city":"TPE","total_car":60,"available_car":29,"availability_rate":48.3,"status":"充足"}},{"type":"Feature","geometry":{"type":"Point","coordinates":[121.56666005960192,25.039359193039918]},"properties":{"parking_id":"TPE0527","name":"新光三越百貨股份有限公司台北信義分公司四館停車場","area":"信義區","city":"TPE","total_car":212,"available_car":0,"availability_rate":0.0,"status":"滿車"}},{"type":"Feature","geometry":{"type":"Point","coordinates":[121.5208,25.0208]},"properties":{"parking_id":"TPE0528","name":"同安街平面停車場","area":"中正區","city":"TPE","total_car":22,"available_car":0,"availability_rate":0.0,"status":"滿車"}},{"type":"Feature","geometry":{"type":"Point","coordinates":[121.5194,25.038]},"properties":{"parking_id":"TPE0529","name":"臺北市中正運動中心地下停車場","area":"中正區","city":"TPE","total_car":101,"available_car":7,"availability_rate":6.9,"status":"緊張"}},{"type":"Feature","geometry":{"type":"Point","coordinates":[121.58169064270423,25.048685748097153]},"properties":{"parking_id":"TPE0530","name":"臺北市南港運動中心停車場","area":"南港區","city":"TPE","total_car":89,"available_car":20,"availability_rate":22.5,"status":"偏滿"}},{"type":"Feature","geometry":{"type":"Point","coordinates":[121.5467,25.0608]},"properties":{"parking_id":"TPE0534","name":"民有市場地下停車場","area":"松山區","city":"TPE","total_car":334,"available_car":71,"availability_rate":21.3,"status":"偏滿"}},{"type":"Feature","geometry":{"type":"Point","coordinates":[121.5619,25.0795]},"properties":{"parking_id":"TPE0535","name":"濱江國中地下停車場","area":"中山區","city":"TPE","total_car":209,"available_car":99,"availability_rate":47.4,"status":"充足"}},{"type":"Feature","geometry":{"type":"Point","coordinates":[121.5085,25.081]},"properties":{"parking_id":"TPE0538","name":"海光公園地下停車場","area":"士林區","city":"TPE","total_car":105,"available_car":3,"availability_rate":2.9,"status":"緊張"}},{"type":"Feature","geometry":{"type":"Point","coordinates":[121.5093,25.0633]},"properties":{"parking_id":"TPE0539","name":"臺北大橋橋下停車場","area":"大同區","city":"TPE","total_car":84,"available_car":0,"availability_rate":0.0,"status":"滿車"}},{"type":"Feature","geometry":{"type":"Point","coordinates":[121.5783,25.0806]},"properties":{"parking_id":"TPE0540","name":"港富立體停車場","area":"內湖區","city":"TPE","total_car":245,"available_car":76,"availability_rate":31.0,"status":"充足"}},{"type":"Feature","geometry":{"type":"Point","coordinates":[121.5168,25.0238]},"properties":{"parking_id":"TPE0541","name":"168停車聯盟-重慶南場","area":"中正區","city":"TPE","total_car":19,"available_car":9,"availability_rate":47.4,"status":"充足"}},{"type":"Feature","geometry":{"type":"Point","coordinates":[121.543,25.0407]},"properties":{"parking_id":"TPE0542","name":"太平洋崇光百貨股份有限公司復興店停車場","area":"大安區","city":"TPE","total_car":616,"available_car":46,"availability_rate":7.5,"status":"緊張"}},{"type":"Feature","geometry":{"type":"Point","coordinates":[121.5682,25.0786]},"properties":{"parking_id":"TPE0552","name":"嘟嘟房內湖堤頂站停車場","area":"內湖區","city":"TPE","total_car":130,"available_car":25,"availability_rate":19.2,"status":"偏滿"}},{"type":"Feature","geometry":{"type":"Point","coordinates":[121.5708,25.0782]},"properties":{"parking_id":"TPE0557","name":"台灣聯通里昂停車場","area":"內湖區","city":"TPE","total_car":93,"available_car":79,"availability_rate":84.9,"status":"充足"}},{"type":"Feature","geometry":{"type":"Point","coordinates":[121.5532,25.0305]},"properties":{"parking_id":"TPE0564","name":"城市車旅台北臨江停車場","area":"大安區","city":"TPE","total_car":16,"available_car":4,"availability_rate":25.0,"status":"偏滿"}},{"type":"Feature","geometry":{"type":"Point","coordinates":[121.5659,25.0286]},"properties":{"parking_id":"TPE0567","name":"臺北市災害應變中心地下停車場","area":"信義區","city":"TPE","total_car":169,"available_car":2,"availability_rate":1.2,"status":"緊張"}},{"type":"Feature","geometry":{"type":"Point","coordinates":[121.496,25.0287]},"properties":{"parking_id":"TPE0570","name":"華江高中活動中心地下停車場","area":"萬華區","city":"TPE","total_car":38,"available_car":23,"availability_rate":60.5,"status":"充足"}},{"type":"Feature","geometry":{"type":"Point","coordinates":[121.5551,25.0591]},"properties":{"parking_id":"TPE0571","name":"科技服務大樓附設停車場","area":"松山區","city":"TPE","total_car":146,"available_car":3,"availability_rate":2.1,"status":"緊張"}},{"type":"Feature","geometry":{"type":"Point","coordinates":[121.5238,25.0581]},"properties":{"parking_id":"TPE0574","name":"民生東路停車場","area":"中山區","city":"TPE","total_car":5,"available_car":1,"availability_rate":20.0,"status":"偏滿"}},{"type":"Feature","geometry":{"type":"Point","coordinates":[121.4994,25.0335]},"properties":{"parking_id":"TPE0575","name":"萬華車站地下停車場","area":"萬華區","city":"TPE","total_car":297,"available_car":28,"availability_rate":9.4,"status":"緊張"}},{"type":"Feature","geometry":{"type":"Point","coordinates":[121.5313,25.0156]},"properties":{"parking_id":"TPE0579","name":"南華高中收費停車場","area":"中正區","city":"TPE","total_car":17,"available_car":8,"availability_rate":47.1,"status":"充足"}},{"type":"Feature","geometry":{"type":"Point","coordinates":[121.563,25.0814]},"properties":{"parking_id":"TPE0587","name":"便利停車場基湖五站","area":"內湖區","city":"TPE","total_car":213,"available_car":0,"availability_rate":0.0,"status":"滿車"}},{"type":"Feature","geometry":{"type":"Point","coordinates":[121.5445,25.0022]},"properties":{"parking_id":"TPE0591","name":"景豐臨時平面停車場","area":"文山區","city":"TPE","total_car":44,"available_car":14,"availability_rate":31.8,"status":"充足"}},{"type":"Feature","geometry":{"type":"Point","coordinates":[121.55,25.0604]},"properties":{"parking_id":"TPE0592","name":"Times 民權敦化第3","area":"松山區","city":"TPE","total_car":37,"available_car":3,"availability_rate":8.1,"status":"緊張"}},{"type":"Feature","geometry":{"type":"Point","coordinates":[121.5684,25.0332]},"properties":{"parking_id":"TPE0595","name":"昇榮信義停車場","area":"信義區","city":"TPE","total_car":45,"available_car":4,"availability_rate":8.9,"status":"緊張"}},{"type":"Feature","geometry":{"type":"Point","coordinates":[121.6201,25.057]},"properties":{"parking_id":"TPE0598","name":"嘟嘟房南港展覽館站停車場","area":"南港區","city":"TPE","total_car":620,"available_car":559,"availability_rate":90.2,"status":"充足"}},{"type":"Feature","geometry":{"type":"Point","coordinates":[121.5043,25.0432]},"properties":{"parking_id":"TPE0601","name":"Times浩瀚運創西門館","area":"萬華區","city":"TPE","total_car":31,"available_car":1,"availability_rate":3.2,"status":"緊張"}},{"type":"Feature","geometry":{"type":"Point","coordinates":[121.5119,25.0423]},"properties":{"parking_id":"TPE0602","name":"台灣聯通衡陽停車場","area":"中正區","city":"TPE","total_car":149,"available_car":42,"availability_rate":28.2,"status":"偏滿"}},{"type":"Feature","geometry":{"type":"Point","coordinates":[121.5313,25.0505]},"properties":{"parking_id":"TPE0606","name":"長安國小地下停車場","area":"中山區","city":"TPE","total_car":284,"available_car":100,"availability_rate":35.2,"status":"充足"}},{"type":"Feature","geometry":{"type":"Point","coordinates":[121.56746012899856,25.04901840271437]},"properties":{"parking_id":"TPE0609","name":"台灣聯通東興停車場","area":"松山區","city":"TPE","total_car":32,"available_car":30,"availability_rate":93.8,"status":"充足"}},{"type":"Feature","geometry":{"type":"Point","coordinates":[121.5556,25.0438]},"properties":{"parking_id":"TPE0614","name":"168停車聯盟-文教一場","area":"大安區","city":"TPE","total_car":40,"available_car":148,"availability_rate":370.0,"status":"充足"}},{"type":"Feature","geometry":{"type":"Point","coordinates":[121.5383,25.0643]},"properties":{"parking_id":"TPE0615","name":"榮星花園地下停車場","area":"中山區","city":"TPE","total_car":242,"available_car":14,"availability_rate":5.8,"status":"緊張"}},{"type":"Feature","geometry":{"type":"Point","coordinates":[121.5624,25.027]},"properties":{"parking_id":"TPE0616","name":"臺北醫學大學附設醫院停車場","area":"信義區","city":"TPE","total_car":236,"available_car":177,"availability_rate":75.0,"status":"充足"}},{"type":"Feature","geometry":{"type":"Point","coordinates":[121.5708,25.0503]},"properties":{"parking_id":"TPE0618","name":"台灣聯通饒河停車場","area":"松山區","city":"TPE","total_car":30,"available_car":27,"availability_rate":90.0,"status":"充足"}},{"type":"Feature","geometry":{"type":"Point","coordinates":[121.535,25.0637]},"properties":{"parking_id":"TPE0619","name":"Times 行天宮","area":"中山區","city":"TPE","total_car":14,"available_car":6,"availability_rate":42.9,"status":"充足"}},{"type":"Feature","geometry":{"type":"Point","coordinates":[121.5316,25.0456]},"properties":{"parking_id":"TPE0622","name":"台北光華商場停車場","area":"中正區","city":"TPE","total_car":81,"available_car":16,"availability_rate":19.8,"status":"偏滿"}},{"type":"Feature","geometry":{"type":"Point","coordinates":[121.5528,25.0624]},"properties":{"parking_id":"TPE0623","name":"臺北國際航空站第2、6號收費停車場","area":"松山區","city":"TPE","total_car":210,"available_car":73,"availability_rate":34.8,"status":"充足"}},{"type":"Feature","geometry":{"type":"Point","coordinates":[121.5532,25.0632]},"properties":{"parking_id":"TPE0624","name":"臺北國際航空站第3號停車場","area":"松山區","city":"TPE","total_car":500,"available_car":202,"availability_rate":40.4,"status":"充足"}},{"type":"Feature","geometry":{"type":"Point","coordinates":[121.5248,25.0369]},"properties":{"parking_id":"TPE0628","name":"中華電信仁愛場停車場","area":"中正區","city":"TPE","total_car":133,"available_car":25,"availability_rate":18.8,"status":"偏滿"}},{"type":"Feature","geometry":{"type":"Point","coordinates":[121.5186,25.0875]},"properties":{"parking_id":"TPE0630","name":"福港街平面停車場","area":"士林區","city":"TPE","total_car":62,"available_car":3,"availability_rate":4.8,"status":"緊張"}},{"type":"Feature","geometry":{"type":"Point","coordinates":[121.5306,25.0288]},"properties":{"parking_id":"TPE0633","name":"金華站停車場","area":"大安區","city":"TPE","total_car":20,"available_car":6,"availability_rate":30.0,"status":"偏滿"}},{"type":"Feature","geometry":{"type":"Point","coordinates":[121.5455,25.018]},"properties":{"parking_id":"TPE0634","name":"統一精工長興停車場","area":"大安區","city":"TPE","total_car":151,"available_car":74,"availability_rate":49.0,"status":"充足"}},{"type":"Feature","geometry":{"type":"Point","coordinates":[121.5227,25.0509]},"properties":{"parking_id":"TPE0635","name":"台灣聯通天津停車場","area":"中山區","city":"TPE","total_car":48,"available_car":48,"availability_rate":100.0,"status":"充足"}},{"type":"Feature","geometry":{"type":"Point","coordinates":[121.5279,25.0247]},"properties":{"parking_id":"TPE0637","name":"Times浦城街","area":"大安區","city":"TPE","total_car":9,"available_car":4,"availability_rate":44.4,"status":"充足"}},{"type":"Feature","geometry":{"type":"Point","coordinates":[121.4675,25.1281]},"properties":{"parking_id":"TPE0638","name":"中央北路四段平面停車場","area":"北投區","city":"TPE","total_car":23,"available_car":7,"availability_rate":30.4,"status":"充足"}},{"type":"Feature","geometry":{"type":"Point","coordinates":[121.5336,25.0488]},"properties":{"parking_id":"TPE0641","name":"台灣聯通長榮停車場","area":"中山區","city":"TPE","total_car":80,"available_car":77,"availability_rate":96.2,"status":"充足"}},{"type":"Feature","geometry":{"type":"Point","coordinates":[121.5566,25.0407]},"properties":{"parking_id":"TPE0645","name":"僑安地下停車場","area":"大安區","city":"TPE","total_car":422,"available_car":26,"availability_rate":6.2,"status":"緊張"}},{"type":"Feature","geometry":{"type":"Point","coordinates":[121.5289,25.0114]},"properties":{"parking_id":"TPE0646","name":"水岸停車場","area":"中正區","city":"TPE","total_car":112,"available_car":42,"availability_rate":37.5,"status":"充足"}},{"type":"Feature","geometry":{"type":"Point","coordinates":[121.5563,25.0431]},"properties":{"parking_id":"TPE0650","name":"168停車聯盟-華視電視台停車場","area":"大安區","city":"TPE","total_car":98,"available_car":36,"availability_rate":36.7,"status":"充足"}},{"type":"Feature","geometry":{"type":"Point","coordinates":[121.5071,25.0359]},"properties":{"parking_id":"TPE0652","name":"台北花園大酒店機械停車場","area":"中正區","city":"TPE","total_car":108,"available_car":64,"availability_rate":59.3,"status":"充足"}},{"type":"Feature","geometry":{"type":"Point","coordinates":[121.5229,25.1133]},"properties":{"parking_id":"TPE0653","name":"北台國際開發股份有限公司石牌停車場","area":"北投區","city":"TPE","total_car":29,"available_car":2,"availability_rate":6.9,"status":"緊張"}},{"type":"Feature","geometry":{"type":"Point","coordinates":[121.5658,25.0805]},"properties":{"parking_id":"TPE0659","name":"Times 瑞光路","area":"內湖區","city":"TPE","total_car":48,"available_car":36,"availability_rate":75.0,"status":"充足"}},{"type":"Feature","geometry":{"type":"Point","coordinates":[121.5571,25.0498]},"properties":{"parking_id":"TPE0661","name":"台灣聯通博仁醫院停車場","area":"松山區","city":"TPE","total_car":6,"available_car":6,"availability_rate":100.0,"status":"充足"}},{"type":"Feature","geometry":{"type":"Point","coordinates":[121.5072,25.0368]},"properties":{"parking_id":"TPE0663","name":"台北花園大酒店停車場","area":"中正區","city":"TPE","total_car":100,"available_car":64,"availability_rate":64.0,"status":"充足"}},{"type":"Feature","geometry":{"type":"Point","coordinates":[121.52724682270893,25.113642561132536]},"properties":{"parking_id":"TPE0668","name":"通通停士東國小站停車場","area":"士林區","city":"TPE","total_car":8,"available_car":0,"availability_rate":0.0,"status":"滿車"}},{"type":"Feature","geometry":{"type":"Point","coordinates":[121.5608,25.029]},"properties":{"parking_id":"TPE0671","name":"台灣聯通三興停車場","area":"信義區","city":"TPE","total_car":64,"available_car":31,"availability_rate":48.4,"status":"充足"}},{"type":"Feature","geometry":{"type":"Point","coordinates":[121.5321,25.0381]},"properties":{"parking_id":"TPE0673","name":"嘟嘟房仁愛新生2站停車場","area":"中正區","city":"TPE","total_car":20,"available_car":15,"availability_rate":75.0,"status":"充足"}},{"type":"Feature","geometry":{"type":"Point","coordinates":[121.526,25.0564]},"properties":{"parking_id":"TPE0674","name":"台灣聯通新生停車場","area":"中山區","city":"TPE","total_car":56,"available_car":20,"availability_rate":35.7,"status":"充足"}},{"type":"Feature","geometry":{"type":"Point","coordinates":[121.5141,25.0446]},"properties":{"parking_id":"TPE0676","name":"台灣聯通重慶停車場","area":"中正區","city":"TPE","total_car":111,"available_car":109,"availability_rate":98.2,"status":"充足"}},{"type":"Feature","geometry":{"type":"Point","coordinates":[121.5849,25.0785]},"properties":{"parking_id":"TPE0677","name":"嘟嘟房捷運文德站停車場","area":"內湖區","city":"TPE","total_car":306,"available_car":167,"availability_rate":54.6,"status":"充足"}},{"type":"Feature","geometry":{"type":"Point","coordinates":[121.6179,25.0616]},"properties":{"parking_id":"TPE0678","name":"嘟嘟房捷運內湖機廠站停車場","area":"南港區","city":"TPE","total_car":382,"available_car":149,"availability_rate":39.0,"status":"充足"}},{"type":"Feature","geometry":{"type":"Point","coordinates":[121.5022,25.1368]},"properties":{"parking_id":"TPE0680","name":"七星公園地下停車場","area":"北投區","city":"TPE","total_car":328,"available_car":53,"availability_rate":16.2,"status":"偏滿"}},{"type":"Feature","geometry":{"type":"Point","coordinates":[121.529,25.0225]},"properties":{"parking_id":"TPE0684","name":"嘟嘟房師大3站停車場","area":"大安區","city":"TPE","total_car":12,"available_car":1,"availability_rate":8.3,"status":"緊張"}},{"type":"Feature","geometry":{"type":"Point","coordinates":[121.4995,25.0293]},"properties":{"parking_id":"TPE0690","name":"萬華國中地下停車場","area":"萬華區","city":"TPE","total_car":508,"available_car":79,"availability_rate":15.6,"status":"偏滿"}},{"type":"Feature","geometry":{"type":"Point","coordinates":[121.5181,25.0486]},"properties":{"parking_id":"TPE0701","name":"京站停車場","area":"大同區","city":"TPE","total_car":536,"available_car":198,"availability_rate":36.9,"status":"充足"}},{"type":"Feature","geometry":{"type":"Point","coordinates":[121.5361,25.1165]},"properties":{"parking_id":"TPE0709","name":"臺北市立大學天母校區教學、行政科資大樓地下停車場","area":"士林區","city":"TPE","total_car":472,"available_car":0,"availability_rate":0.0,"status":"滿車"}},{"type":"Feature","geometry":{"type":"Point","coordinates":[121.5636,25.0848]},"properties":{"parking_id":"TPE0710","name":"西康地下停車場","area":"內湖區","city":"TPE","total_car":86,"available_car":1,"availability_rate":1.2,"status":"緊張"}},{"type":"Feature","geometry":{"type":"Point","coordinates":[121.5507,25.0489]},"properties":{"parking_id":"TPE0712","name":"臺北田徑場平面、地下停車場","area":"松山區","city":"TPE","total_car":269,"available_car":37,"availability_rate":13.8,"status":"偏滿"}},{"type":"Feature","geometry":{"type":"Point","coordinates":[121.5716,25.0475]},"properties":{"parking_id":"TPE0714","name":"雅祥公園地下停車場","area":"信義區","city":"TPE","total_car":204,"available_car":29,"availability_rate":14.2,"status":"偏滿"}},{"type":"Feature","geometry":{"type":"Point","coordinates":[121.5512,25.0007]},"properties":{"parking_id":"TPE0715","name":"興隆公園地下停車場","area":"文山區","city":"TPE","total_car":259,"available_car":49,"availability_rate":18.9,"status":"偏滿"}},{"type":"Feature","geometry":{"type":"Point","coordinates":[121.5789,25.0502]},"properties":{"parking_id":"TPE0717","name":"Times 松山車站前","area":"松山區","city":"TPE","total_car":67,"available_car":22,"availability_rate":32.8,"status":"充足"}},{"type":"Feature","geometry":{"type":"Point","coordinates":[121.5371,25.0529]},"properties":{"parking_id":"TPE0718","name":"台北漢普頓酒店停車場","area":"中山區","city":"TPE","total_car":13,"available_car":77,"availability_rate":592.3,"status":"充足"}},{"type":"Feature","geometry":{"type":"Point","coordinates":[121.5926,25.0532]},"properties":{"parking_id":"TPE0722","name":"玉成國小地下停車場","area":"南港區","city":"TPE","total_car":293,"available_car":98,"availability_rate":33.4,"status":"充足"}},{"type":"Feature","geometry":{"type":"Point","coordinates":[121.503,25.1184]},"properties":{"parking_id":"TPE0723","name":"立農公園地下停車場","area":"北投區","city":"TPE","total_car":204,"available_car":36,"availability_rate":17.6,"status":"偏滿"}},{"type":"Feature","geometry":{"type":"Point","coordinates":[121.5298,25.1075]},"properties":{"parking_id":"TPE0728","name":"忠誠路（一）平面停車場","area":"士林區","city":"TPE","total_car":24,"available_car":0,"availability_rate":0.0,"status":"滿車"}},{"type":"Feature","geometry":{"type":"Point","coordinates":[121.5654,25.0792]},"properties":{"parking_id":"TPE0729","name":"嘟嘟房內湖堤頂2站停車場","area":"內湖區","city":"TPE","total_car":57,"available_car":40,"availability_rate":70.2,"status":"充足"}},{"type":"Feature","geometry":{"type":"Point","coordinates":[121.5294,25.1069]},"properties":{"parking_id":"TPE0735","name":"忠誠路（二）平面停車場","area":"士林區","city":"TPE","total_car":35,"available_car":1,"availability_rate":2.9,"status":"緊張"}},{"type":"Feature","geometry":{"type":"Point","coordinates":[121.5364,25.0681]},"properties":{"parking_id":"TPE0738","name":"臺北農產運銷股份有限公司第二果菜批發市場停車場","area":"中山區","city":"TPE","total_car":606,"available_car":55,"availability_rate":9.1,"status":"緊張"}},{"type":"Feature","geometry":{"type":"Point","coordinates":[121.5791,24.9975]},"properties":{"parking_id":"TPE0739","name":"嘟嘟房動物園站停車場","area":"文山區","city":"TPE","total_car":150,"available_car":19,"availability_rate":12.7,"status":"偏滿"}},{"type":"Feature","geometry":{"type":"Point","coordinates":[121.5462,25.0202]},"properties":{"parking_id":"TPE0741","name":"大安運動中心停車場","area":"大安區","city":"TPE","total_car":52,"available_car":24,"availability_rate":46.2,"status":"充足"}},{"type":"Feature","geometry":{"type":"Point","coordinates":[121.5225,25.09]},"properties":{"parking_id":"TPE0742","name":"承德公園地下停車場","area":"士林區","city":"TPE","total_car":176,"available_car":0,"availability_rate":0.0,"status":"滿車"}},{"type":"Feature","geometry":{"type":"Point","coordinates":[121.5605,25.0325]},"properties":{"parking_id":"TPE0744","name":"叭叭房曼哈頓大樓停車場","area":"信義區","city":"TPE","total_car":39,"available_car":18,"availability_rate":46.2,"status":"充足"}},{"type":"Feature","geometry":{"type":"Point","coordinates":[121.5647,25.0791]},"properties":{"parking_id":"TPE0749","name":"叭叭房內湖科技大樓停車場","area":"內湖區","city":"TPE","total_car":84,"available_car":5,"availability_rate":6.0,"status":"緊張"}},{"type":"Feature","geometry":{"type":"Point","coordinates":[121.5784,25.0735]},"properties":{"parking_id":"TPE0751","name":"叭叭房陽光大樓停車場","area":"內湖區","city":"TPE","total_car":63,"available_car":37,"availability_rate":58.7,"status":"充足"}},{"type":"Feature","geometry":{"type":"Point","coordinates":[121.6112,25.0564]},"properties":{"parking_id":"TPE0752","name":"南港國小地下停車場","area":"南港區","city":"TPE","total_car":313,"available_car":195,"availability_rate":62.3,"status":"充足"}},{"type":"Feature","geometry":{"type":"Point","coordinates":[121.5894,25.0794]},"properties":{"parking_id":"TPE0755","name":"台灣聯通文成停車場","area":"內湖區","city":"TPE","total_car":46,"available_car":18,"availability_rate":39.1,"status":"充足"}},{"type":"Feature","geometry":{"type":"Point","coordinates":[121.5213,25.114]},"properties":{"parking_id":"TPE0757","name":"嘟嘟房北投榮華站停車場","area":"北投區","city":"TPE","total_car":45,"available_car":0,"availability_rate":0.0,"status":"滿車"}},{"type":"Feature","geometry":{"type":"Point","coordinates":[121.5156,25.0555]},"properties":{"parking_id":"TPE0758","name":"蓬萊國小地下停車場","area":"大同區","city":"TPE","total_car":286,"available_car":0,"availability_rate":0.0,"status":"滿車"}},{"type":"Feature","geometry":{"type":"Point","coordinates":[121.5758,25.0719]},"properties":{"parking_id":"TPE0760","name":"叭叭房亞太C區停車場","area":"內湖區","city":"TPE","total_car":264,"available_car":71,"availability_rate":26.9,"status":"偏滿"}},{"type":"Feature","geometry":{"type":"Point","coordinates":[121.5298,25.0139]},"properties":{"parking_id":"TPE0762","name":"國立臺灣大學水源校區平面停車場","area":"中正區","city":"TPE","total_car":143,"available_car":98,"availability_rate":68.5,"status":"充足"}},{"type":"Feature","geometry":{"type":"Point","coordinates":[121.536,25.0134]},"properties":{"parking_id":"TPE0764","name":"吉拾停車場台大尊賢場","area":"大安區","city":"TPE","total_car":27,"available_car":5,"availability_rate":18.5,"status":"偏滿"}},{"type":"Feature","geometry":{"type":"Point","coordinates":[121.56514985843062,25.04086811501069]},"properties":{"parking_id":"TPE0766","name":"市府轉運站停車場","area":"信義區","city":"TPE","total_car":473,"available_car":294,"availability_rate":62.2,"status":"充足"}},{"type":"Feature","geometry":{"type":"Point","coordinates":[121.5533,25.085]},"properties":{"parking_id":"TPE0767","name":"明水三平面停車場","area":"中山區","city":"TPE","total_car":47,"available_car":4,"availability_rate":8.5,"status":"緊張"}},{"type":"Feature","geometry":{"type":"Point","coordinates":[121.5508,25.0164]},"properties":{"parking_id":"TPE0774","name":"助安企業股份有限公司黎元停車場","area":"大安區","city":"TPE","total_car":97,"available_car":34,"availability_rate":35.1,"status":"充足"}},{"type":"Feature","geometry":{"type":"Point","coordinates":[121.5872,25.0423]},"properties":{"parking_id":"TPE0775","name":"玉成公園地下停車場","area":"南港區","city":"TPE","total_car":412,"available_car":87,"availability_rate":21.1,"status":"偏滿"}},{"type":"Feature","geometry":{"type":"Point","coordinates":[121.5787,25.06]},"properties":{"parking_id":"TPE0776","name":"吉拾停車場內湖一場","area":"內湖區","city":"TPE","total_car":548,"available_car":373,"availability_rate":68.1,"status":"充足"}},{"type":"Feature","geometry":{"type":"Point","coordinates":[121.546,25.0325]},"properties":{"parking_id":"TPE0778","name":"Times大安路二段","area":"大安區","city":"TPE","total_car":15,"available_car":11,"availability_rate":73.3,"status":"充足"}},{"type":"Feature","geometry":{"type":"Point","coordinates":[121.5503,25.0809]},"properties":{"parking_id":"TPE0786","name":"Times北安路第3","area":"中山區","city":"TPE","total_car":20,"available_car":4,"availability_rate":20.0,"status":"偏滿"}},{"type":"Feature","geometry":{"type":"Point","coordinates":[121.5034,25.1212]},"properties":{"parking_id":"TPE0787","name":"公舘路平面停車場","area":"北投區","city":"TPE","total_car":132,"available_car":105,"availability_rate":79.5,"status":"充足"}},{"type":"Feature","geometry":{"type":"Point","coordinates":[121.5693,25.0774]},"properties":{"parking_id":"TPE0788","name":"嘟嘟房內湖堤頂3站停車場","area":"內湖區","city":"TPE","total_car":191,"available_car":188,"availability_rate":98.4,"status":"充足"}},{"type":"Feature","geometry":{"type":"Point","coordinates":[121.5487,25.0477]},"properties":{"parking_id":"TPE0792","name":"便利停車場萬國站","area":"松山區","city":"TPE","total_car":123,"available_car":16,"availability_rate":13.0,"status":"偏滿"}},{"type":"Feature","geometry":{"type":"Point","coordinates":[121.5221,25.0917]},"properties":{"parking_id":"TPE0799","name":"Times 基河路第5","area":"士林區","city":"TPE","total_car":9,"available_car":4,"availability_rate":44.4,"status":"充足"}},{"type":"Feature","geometry":{"type":"Point","coordinates":[121.5284,25.0328]},"properties":{"parking_id":"TPE0801","name":"Times金山南路","area":"大安區","city":"TPE","total_car":4,"available_car":0,"availability_rate":0.0,"status":"滿車"}},{"type":"Feature","geometry":{"type":"Point","coordinates":[121.52009715139397,25.090980402186133]},"properties":{"parking_id":"TPE0807","name":"叭叭房聖賢大樓停車場","area":"士林區","city":"TPE","total_car":49,"available_car":17,"availability_rate":34.7,"status":"充足"}},{"type":"Feature","geometry":{"type":"Point","coordinates":[121.5128,25.0286]},"properties":{"parking_id":"TPE0808","name":"Times和平西路二段","area":"中正區","city":"TPE","total_car":13,"available_car":7,"availability_rate":53.8,"status":"充足"}},{"type":"Feature","geometry":{"type":"Point","coordinates":[121.5749,25.0748]},"properties":{"parking_id":"TPE0809","name":"双旺停車場瑞光站","area":"內湖區","city":"TPE","total_car":90,"available_car":41,"availability_rate":45.6,"status":"充足"}},{"type":"Feature","geometry":{"type":"Point","coordinates":[121.52718307254452,25.050518757051186]},"properties":{"parking_id":"TPE0810","name":"Times林森八條通第2","area":"中山區","city":"TPE","total_car":7,"available_car":2,"availability_rate":28.6,"status":"偏滿"}},{"type":"Feature","geometry":{"type":"Point","coordinates":[121.547,25.0322]},"properties":{"parking_id":"TPE0812","name":"168停車聯盟-中華信義場","area":"大安區","city":"TPE","total_car":124,"available_car":51,"availability_rate":41.1,"status":"充足"}},{"type":"Feature","geometry":{"type":"Point","coordinates":[121.5251,25.051]},"properties":{"parking_id":"TPE0813","name":"台灣聯通七條通停車場","area":"中山區","city":"TPE","total_car":121,"available_car":37,"availability_rate":30.6,"status":"充足"}},{"type":"Feature","geometry":{"type":"Point","coordinates":[121.519,25.0946]},"properties":{"parking_id":"TPE0814","name":"Times基河路第6","area":"士林區","city":"TPE","total_car":45,"available_car":12,"availability_rate":26.7,"status":"偏滿"}},{"type":"Feature","geometry":{"type":"Point","coordinates":[121.56255989249559,25.031818288117147]},"properties":{"parking_id":"TPE0816","name":"信義國小地下停車場","area":"信義區","city":"TPE","total_car":230,"available_car":54,"availability_rate":23.5,"status":"偏滿"}},{"type":"Feature","geometry":{"type":"Point","coordinates":[121.5501,25.0811]},"properties":{"parking_id":"TPE0817","name":"Times北安路第5","area":"中山區","city":"TPE","total_car":13,"available_car":11,"availability_rate":84.6,"status":"充足"}},{"type":"Feature","geometry":{"type":"Point","coordinates":[121.5294,25.1096]},"properties":{"parking_id":"TPE0819","name":"蘭雅公園地下停車場","area":"士林區","city":"TPE","total_car":155,"available_car":0,"availability_rate":0.0,"status":"滿車"}},{"type":"Feature","geometry":{"type":"Point","coordinates":[121.5602,25.05]},"properties":{"parking_id":"TPE0822","name":"叭叭房光復大樓地下停車場","area":"松山區","city":"TPE","total_car":111,"available_car":62,"availability_rate":55.9,"status":"充足"}},{"type":"Feature","geometry":{"type":"Point","coordinates":[121.518,25.054]},"properties":{"parking_id":"TPE0824","name":"建成公園地下停車場","area":"大同區","city":"TPE","total_car":238,"available_car":0,"availability_rate":0.0,"status":"滿車"}},{"type":"Feature","geometry":{"type":"Point","coordinates":[121.6145,25.0577]},"properties":{"parking_id":"TPE0827","name":"世貿公園地下停車場","area":"南港區","city":"TPE","total_car":400,"available_car":111,"availability_rate":27.8,"status":"偏滿"}},{"type":"Feature","geometry":{"type":"Point","coordinates":[121.5173,25.0741]},"properties":{"parking_id":"TPE0828","name":"大龍國小地下停車場","area":"大同區","city":"TPE","total_car":266,"available_car":15,"availability_rate":5.6,"status":"緊張"}},{"type":"Feature","geometry":{"type":"Point","coordinates":[121.5185,25.095]},"properties":{"parking_id":"TPE0830","name":"Times基河路第2","area":"士林區","city":"TPE","total_car":49,"available_car":9,"availability_rate":18.4,"status":"偏滿"}},{"type":"Feature","geometry":{"type":"Point","coordinates":[121.5661,25.0559]},"properties":{"parking_id":"TPE0832","name":"西松高中地下停車場","area":"松山區","city":"TPE","total_car":341,"available_car":54,"availability_rate":15.8,"status":"偏滿"}},{"type":"Feature","geometry":{"type":"Point","coordinates":[121.5768,24.9895]},"properties":{"parking_id":"TPE0835","name":"萬興國小地下停車場","area":"文山區","city":"TPE","total_car":233,"available_car":28,"availability_rate":12.0,"status":"偏滿"}},{"type":"Feature","geometry":{"type":"Point","coordinates":[121.519,25.0258]},"properties":{"parking_id":"TPE0836","name":"嘟嘟房牯嶺2站停車場","area":"中正區","city":"TPE","total_car":89,"available_car":28,"availability_rate":31.5,"status":"充足"}},{"type":"Feature","geometry":{"type":"Point","coordinates":[121.5447,25.0512]},"properties":{"parking_id":"TPE0837","name":"台灣聯通復興北停車場","area":"松山區","city":"TPE","total_car":26,"available_car":24,"availability_rate":92.3,"status":"充足"}},{"type":"Feature","geometry":{"type":"Point","coordinates":[121.6197,25.0414]},"properties":{"parking_id":"TPE0838","name":"北台國際開發股份有限公司舊莊停車場","area":"南港區","city":"TPE","total_car":23,"available_car":36,"availability_rate":156.5,"status":"充足"}},{"type":"Feature","geometry":{"type":"Point","coordinates":[121.5731,24.998]},"properties":{"parking_id":"TPE0840","name":"歐特儀股份有限公司捷運木柵站轉乘停車場","area":"文山區","city":"TPE","total_car":146,"available_car":4,"availability_rate":2.7,"status":"緊張"}},{"type":"Feature","geometry":{"type":"Point","coordinates":[121.5236,25.0523]},"properties":{"parking_id":"TPE0841","name":"大倉久和大飯店地下停車場","area":"中山區","city":"TPE","total_car":136,"available_car":55,"availability_rate":40.4,"status":"充足"}},{"type":"Feature","geometry":{"type":"Point","coordinates":[121.5683,25.0323]},"properties":{"parking_id":"TPE0844","name":"國泰信義停車場","area":"信義區","city":"TPE","total_car":101,"available_car":111,"availability_rate":109.9,"status":"充足"}},{"type":"Feature","geometry":{"type":"Point","coordinates":[121.5725,25.039]},"properties":{"parking_id":"TPE0848","name":"松山工農地下停車場","area":"信義區","city":"TPE","total_car":239,"available_car":29,"availability_rate":12.1,"status":"偏滿"}},{"type":"Feature","geometry":{"type":"Point","coordinates":[121.553,25.0841]},"properties":{"parking_id":"TPE0849","name":"Times 敬業一路","area":"中山區","city":"TPE","total_car":82,"available_car":30,"availability_rate":36.6,"status":"充足"}},{"type":"Feature","geometry":{"type":"Point","coordinates":[121.5784,25.0481]},"properties":{"parking_id":"TPE0851","name":"松山車站地下停車場","area":"信義區","city":"TPE","total_car":430,"available_car":85,"availability_rate":19.8,"status":"偏滿"}},{"type":"Feature","geometry":{"type":"Point","coordinates":[121.5306,25.0962]},"properties":{"parking_id":"TPE0852","name":"福林公園地下停車場","area":"士林區","city":"TPE","total_car":229,"available_car":12,"availability_rate":5.2,"status":"緊張"}},{"type":"Feature","geometry":{"type":"Point","coordinates":[121.53098745625284,25.033961248134187]},"properties":{"parking_id":"TPE0856","name":"永康停車場","area":"中正區","city":"TPE","total_car":15,"available_car":11,"availability_rate":73.3,"status":"充足"}},{"type":"Feature","geometry":{"type":"Point","coordinates":[121.5324,25.0526]},"properties":{"parking_id":"TPE0862","name":"台灣聯通將捷一停車場","area":"中山區","city":"TPE","total_car":43,"available_car":40,"availability_rate":93.0,"status":"充足"}},{"type":"Feature","geometry":{"type":"Point","coordinates":[121.5297,25.1192]},"properties":{"parking_id":"TPE0863","name":"天玉街停車場","area":"士林區","city":"TPE","total_car":18,"available_car":1,"availability_rate":5.6,"status":"緊張"}},{"type":"Feature","geometry":{"type":"Point","coordinates":[121.5767,25.0624]},"properties":{"parking_id":"TPE0865","name":"大潤發流通事業股份有限公司南湖分公司之收費停車場","area":"內湖區","city":"TPE","total_car":83,"available_car":919,"availability_rate":1107.2,"status":"充足"}},{"type":"Feature","geometry":{"type":"Point","coordinates":[121.563,25.0814]},"properties":{"parking_id":"TPE0866","name":"台灣聯通內科一停車場","area":"內湖區","city":"TPE","total_car":17,"available_car":17,"availability_rate":100.0,"status":"充足"}},{"type":"Feature","geometry":{"type":"Point","coordinates":[121.5154,25.0475]},"properties":{"parking_id":"TPE0871","name":"臺北車站西區地下停車場","area":"中正區","city":"TPE","total_car":179,"available_car":20,"availability_rate":11.2,"status":"偏滿"}},{"type":"Feature","geometry":{"type":"Point","coordinates":[121.5862,25.0498]},"properties":{"parking_id":"TPE0872","name":"Times市民大道七段","area":"南港區","city":"TPE","total_car":49,"available_car":17,"availability_rate":34.7,"status":"充足"}},{"type":"Feature","geometry":{"type":"Point","coordinates":[121.5713,25.08]},"properties":{"parking_id":"TPE0878","name":"便利停車場momo站","area":"內湖區","city":"TPE","total_car":199,"available_car":20,"availability_rate":10.1,"status":"偏滿"}},{"type":"Feature","geometry":{"type":"Point","coordinates":[121.5433,25.0205]},"properties":{"parking_id":"TPE0880","name":"國立臺灣大學辛亥地下停車場","area":"大安區","city":"TPE","total_car":425,"available_car":220,"availability_rate":51.8,"status":"充足"}},{"type":"Feature","geometry":{"type":"Point","coordinates":[121.52255972654201,25.036629582339863]},"properties":{"parking_id":"TPE0882","name":"Times 石園社區","area":"中正區","city":"TPE","total_car":29,"available_car":21,"availability_rate":72.4,"status":"充足"}},{"type":"Feature","geometry":{"type":"Point","coordinates":[121.5785,25.0501]},"properties":{"parking_id":"TPE0884","name":"松山國小地下停車場","area":"松山區","city":"TPE","total_car":286,"available_car":0,"availability_rate":0.0,"status":"滿車"}},{"type":"Feature","geometry":{"type":"Point","coordinates":[121.6021,25.0833]},"properties":{"parking_id":"TPE0888","name":"大湖公園地下停車場","area":"內湖區","city":"TPE","total_car":221,"available_car":32,"availability_rate":14.5,"status":"偏滿"}},{"type":"Feature","geometry":{"type":"Point","coordinates":[121.5229,25.0513]},"properties":{"parking_id":"TPE0890","name":"城市車旅希爾頓停車場","area":"中山區","city":"TPE","total_car":44,"available_car":37,"availability_rate":84.1,"status":"充足"}},{"type":"Feature","geometry":{"type":"Point","coordinates":[121.5172,25.069]},"properties":{"parking_id":"TPE0896","name":"168停車聯盟-大龍場","area":"大同區","city":"TPE","total_car":43,"available_car":3,"availability_rate":7.0,"status":"緊張"}},{"type":"Feature","geometry":{"type":"Point","coordinates":[121.5155,25.0519]},"properties":{"parking_id":"TPE0905","name":"台灣聯通太原停車場","area":"大同區","city":"TPE","total_car":28,"available_car":26,"availability_rate":92.9,"status":"充足"}},{"type":"Feature","geometry":{"type":"Point","coordinates":[121.5306,25.0449]},"properties":{"parking_id":"TPE0910","name":"三創生活園區停車場","area":"中正區","city":"TPE","total_car":454,"available_car":5,"availability_rate":1.1,"status":"緊張"}},{"type":"Feature","geometry":{"type":"Point","coordinates":[121.5694,25.0807]},"properties":{"parking_id":"TPE0911","name":"萬國科技大樓停車場","area":"內湖區","city":"TPE","total_car":109,"available_car":40,"availability_rate":36.7,"status":"充足"}},{"type":"Feature","geometry":{"type":"Point","coordinates":[121.56385830885688,25.086845971481825]},"properties":{"parking_id":"TPE0915","name":"168停車聯盟-德明研推場","area":"內湖區","city":"TPE","total_car":36,"available_car":10,"availability_rate":27.8,"status":"偏滿"}},{"type":"Feature","geometry":{"type":"Point","coordinates":[121.5483,25.0553]},"properties":{"parking_id":"TPE0916","name":"文華停車場","area":"松山區","city":"TPE","total_car":449,"available_car":190,"availability_rate":42.3,"status":"充足"}},{"type":"Feature","geometry":{"type":"Point","coordinates":[121.5217,25.0547]},"properties":{"parking_id":"TPE0919","name":"中山大樓地下停車場","area":"中山區","city":"TPE","total_car":260,"available_car":12,"availability_rate":4.6,"status":"緊張"}},{"type":"Feature","geometry":{"type":"Point","coordinates":[121.5524,25.0824]},"properties":{"parking_id":"TPE0922","name":"Times 明水路","area":"中山區","city":"TPE","total_car":70,"available_car":34,"availability_rate":48.6,"status":"充足"}},{"type":"Feature","geometry":{"type":"Point","coordinates":[121.5295,25.0296]},"properties":{"parking_id":"TPE0924","name":"Times永康街第4","area":"大安區","city":"TPE","total_car":5,"available_car":4,"availability_rate":80.0,"status":"充足"}},{"type":"Feature","geometry":{"type":"Point","coordinates":[121.537,25.0515]},"properties":{"parking_id":"TPE0925","name":"便利停車場建國七站","area":"中山區","city":"TPE","total_car":80,"available_car":10,"availability_rate":12.5,"status":"偏滿"}},{"type":"Feature","geometry":{"type":"Point","coordinates":[121.5519,25.0218]},"properties":{"parking_id":"TPE0926","name":"嘉興公園地下停車場","area":"大安區","city":"TPE","total_car":194,"available_car":15,"availability_rate":7.7,"status":"緊張"}},{"type":"Feature","geometry":{"type":"Point","coordinates":[121.5149,25.0982]},"properties":{"parking_id":"TPE0928","name":"兒童新樂園停車場","area":"士林區","city":"TPE","total_car":442,"available_car":59,"availability_rate":13.3,"status":"偏滿"}},{"type":"Feature","geometry":{"type":"Point","coordinates":[121.5115,25.0744]},"properties":{"parking_id":"TPE0930","name":"啟聰學校地下停車場","area":"大同區","city":"TPE","total_car":175,"available_car":18,"availability_rate":10.3,"status":"偏滿"}},{"type":"Feature","geometry":{"type":"Point","coordinates":[121.529,25.0366]},"properties":{"parking_id":"TPE0933","name":"便利停車場臨沂五站","area":"中正區","city":"TPE","total_car":16,"available_car":0,"availability_rate":0.0,"status":"滿車"}},{"type":"Feature","geometry":{"type":"Point","coordinates":[121.5355,25.1165]},"properties":{"parking_id":"TPE0935","name":"臺北市立大學天母校區體育館平面停車場","area":"士林區","city":"TPE","total_car":82,"available_car":0,"availability_rate":0.0,"status":"滿車"}},{"type":"Feature","geometry":{"type":"Point","coordinates":[121.5132,25.0447]},"properties":{"parking_id":"TPE0939","name":"嘟嘟房重慶南站停車場","area":"中正區","city":"TPE","total_car":43,"available_car":3,"availability_rate":7.0,"status":"緊張"}},{"type":"Feature","geometry":{"type":"Point","coordinates":[121.5497,25.0441]},"properties":{"parking_id":"TPE0944","name":"便利停車場富敦站","area":"大安區","city":"TPE","total_car":70,"available_car":30,"availability_rate":42.9,"status":"充足"}},{"type":"Feature","geometry":{"type":"Point","coordinates":[121.5509,25.0572]},"properties":{"parking_id":"TPE0945","name":"博客停車場-台北敦北場","area":"松山區","city":"TPE","total_car":13,"available_car":12,"availability_rate":92.3,"status":"充足"}},{"type":"Feature","geometry":{"type":"Point","coordinates":[121.533,25.0282]},"properties":{"parking_id":"TPE0950","name":"青田街停車場","area":"大安區","city":"TPE","total_car":36,"available_car":9,"availability_rate":25.0,"status":"偏滿"}},{"type":"Feature","geometry":{"type":"Point","coordinates":[121.5448,25.0443]},"properties":{"parking_id":"TPE0953","name":"忠孝停車場","area":"大安區","city":"TPE","total_car":11,"available_car":9,"availability_rate":81.8,"status":"充足"}},{"type":"Feature","geometry":{"type":"Point","coordinates":[121.6035,25.052]},"properties":{"parking_id":"TPE0959","name":"南港車站地下停車場","area":"南港區","city":"TPE","total_car":1100,"available_car":0,"availability_rate":0.0,"status":"滿車"}},{"type":"Feature","geometry":{"type":"Point","coordinates":[121.5637,25.0854]},"properties":{"parking_id":"TPE0960","name":"博客停車場-內湖場","area":"內湖區","city":"TPE","total_car":13,"available_car":5,"availability_rate":38.5,"status":"充足"}},{"type":"Feature","geometry":{"type":"Point","coordinates":[121.5633,25.081]},"properties":{"parking_id":"TPE0965","name":"USPACE 倫敦科技總部附設停車場","area":"內湖區","city":"TPE","total_car":130,"available_car":0,"availability_rate":0.0,"status":"滿車"}},{"type":"Feature","geometry":{"type":"Point","coordinates":[121.5159,25.0675]},"properties":{"parking_id":"TPE0975","name":"揚雅立體停車場","area":"大同區","city":"TPE","total_car":204,"available_car":23,"availability_rate":11.3,"status":"偏滿"}},{"type":"Feature","geometry":{"type":"Point","coordinates":[121.5452,25.0404]},"properties":{"parking_id":"TPE0976","name":"168停車聯盟-大安場","area":"大安區","city":"TPE","total_car":132,"available_car":36,"availability_rate":27.3,"status":"偏滿"}},{"type":"Feature","geometry":{"type":"Point","coordinates":[121.5234,25.0561]},"properties":{"parking_id":"TPE0977","name":"中山大樓停車場","area":"中山區","city":"TPE","total_car":97,"available_car":33,"availability_rate":34.0,"status":"充足"}},{"type":"Feature","geometry":{"type":"Point","coordinates":[121.6191,25.0719]},"properties":{"parking_id":"TPE0978","name":"康樂立體停車場","area":"內湖區","city":"TPE","total_car":153,"available_car":0,"availability_rate":0.0,"status":"滿車"}},{"type":"Feature","geometry":{"type":"Point","coordinates":[121.6054,25.0522]},"properties":{"parking_id":"TPE0980","name":"南港立體停車場","area":"南港區","city":"TPE","total_car":406,"available_car":91,"availability_rate":22.4,"status":"偏滿"}},{"type":"Feature","geometry":{"type":"Point","coordinates":[121.5499,25.0234]},"properties":{"parking_id":"TPE0987","name":"驛馬站收費停車場","area":"大安區","city":"TPE","total_car":18,"available_car":18,"availability_rate":100.0,"status":"充足"}},{"type":"Feature","geometry":{"type":"Point","coordinates":[121.5057,25.1355]},"properties":{"parking_id":"TPE0989","name":"驛馬站北投一收費停車場","area":"北投區","city":"TPE","total_car":42,"available_car":42,"availability_rate":100.0,"status":"充足"}},{"type":"Feature","geometry":{"type":"Point","coordinates":[121.581,25.049]},"properties":{"parking_id":"TPE0991","name":"日月亭松山車站停車場","area":"南港區","city":"TPE","total_car":348,"available_car":139,"availability_rate":39.9,"status":"充足"}},{"type":"Feature","geometry":{"type":"Point","coordinates":[121.4704,25.1282]},"properties":{"parking_id":"TPE0992","name":"好市多北投分公司","area":"北投區","city":"TPE","total_car":690,"available_car":2,"availability_rate":0.3,"status":"緊張"}},{"type":"Feature","geometry":{"type":"Point","coordinates":[121.5869,25.0596]},"properties":{"parking_id":"TPE0994","name":"台北企業總部園區湖區地下停車場","area":"內湖區","city":"TPE","total_car":419,"available_car":286,"availability_rate":68.3,"status":"充足"}},{"type":"Feature","geometry":{"type":"Point","coordinates":[121.5408,25.0478]},"properties":{"parking_id":"TPE1000","name":"嘟嘟房龍江八德站停車場","area":"中山區","city":"TPE","total_car":74,"available_car":32,"availability_rate":43.2,"status":"充足"}},{"type":"Feature","geometry":{"type":"Point","coordinates":[121.5218,25.0638]},"properties":{"parking_id":"TPE1003","name":"便利停車場天祥站","area":"中山區","city":"TPE","total_car":58,"available_car":10,"availability_rate":17.2,"status":"偏滿"}},{"type":"Feature","geometry":{"type":"Point","coordinates":[121.5746,25.0324]},"properties":{"parking_id":"TPE1004","name":"松德大樓地下停車場","area":"信義區","city":"TPE","total_car":111,"available_car":84,"availability_rate":75.7,"status":"充足"}},{"type":"Feature","geometry":{"type":"Point","coordinates":[121.5359,25.0529]},"properties":{"parking_id":"TPE1006","name":"嘟嘟房四平站停車場","area":"中山區","city":"TPE","total_car":22,"available_car":9,"availability_rate":40.9,"status":"充足"}},{"type":"Feature","geometry":{"type":"Point","coordinates":[121.5857,25.0628]},"properties":{"parking_id":"TPE1007","name":"國泰潭美停車場","area":"內湖區","city":"TPE","total_car":98,"available_car":9,"availability_rate":9.2,"status":"緊張"}},{"type":"Feature","geometry":{"type":"Point","coordinates":[121.5372,24.9947]},"properties":{"parking_id":"TPE1009","name":"台北景福停車場","area":"文山區","city":"TPE","total_car":49,"available_car":28,"availability_rate":57.1,"status":"充足"}},{"type":"Feature","geometry":{"type":"Point","coordinates":[121.5443,25.0119]},"properties":{"parking_id":"TPE1011","name":"國立臺灣大學芳蘭第一平面停車場","area":"大安區","city":"TPE","total_car":36,"available_car":22,"availability_rate":61.1,"status":"充足"}},{"type":"Feature","geometry":{"type":"Point","coordinates":[121.5469,25.0142]},"properties":{"parking_id":"TPE1012","name":"國立臺灣大學生醫工程館地下停車場","area":"大安區","city":"TPE","total_car":117,"available_car":52,"availability_rate":44.4,"status":"充足"}},{"type":"Feature","geometry":{"type":"Point","coordinates":[121.5507,25.0574]},"properties":{"parking_id":"TPE1014","name":"吉拾停車場民生場","area":"松山區","city":"TPE","total_car":91,"available_car":37,"availability_rate":40.7,"status":"充足"}},{"type":"Feature","geometry":{"type":"Point","coordinates":[121.5092,25.0429]},"properties":{"parking_id":"TPE1015","name":"嘟嘟房西門中華1站停車場","area":"中正區","city":"TPE","total_car":43,"available_car":6,"availability_rate":14.0,"status":"偏滿"}},{"type":"Feature","geometry":{"type":"Point","coordinates":[121.5838,25.0452]},"properties":{"parking_id":"TPE1021","name":"嘟嘟房玉成2站停車場","area":"南港區","city":"TPE","total_car":49,"available_car":4,"availability_rate":8.2,"status":"緊張"}},{"type":"Feature","geometry":{"type":"Point","coordinates":[121.5529,25.0326]},"properties":{"parking_id":"TPE1022","name":"多多站收費停車場(文昌場)","area":"大安區","city":"TPE","total_car":24,"available_car":6,"availability_rate":25.0,"status":"偏滿"}},{"type":"Feature","geometry":{"type":"Point","coordinates":[121.5501,25.0316]},"properties":{"parking_id":"TPE1029","name":"台北安和2停車場","area":"大安區","city":"TPE","total_car":47,"available_car":32,"availability_rate":68.1,"status":"充足"}},{"type":"Feature","geometry":{"type":"Point","coordinates":[121.4991,25.1372]},"properties":{"parking_id":"TPE1031","name":"北台國際開發股份有限公司大業停車場","area":"北投區","city":"TPE","total_car":13,"available_car":7,"availability_rate":53.8,"status":"充足"}},{"type":"Feature","geometry":{"type":"Point","coordinates":[121.594,25.0847]},"properties":{"parking_id":"TPE1032","name":"CITYLINK 內湖店停車場","area":"內湖區","city":"TPE","total_car":660,"available_car":187,"availability_rate":28.3,"status":"偏滿"}},{"type":"Feature","geometry":{"type":"Point","coordinates":[121.5363,25.0653]},"properties":{"parking_id":"TPE1033","name":"Times 建國農安","area":"中山區","city":"TPE","total_car":10,"available_car":4,"availability_rate":40.0,"status":"充足"}},{"type":"Feature","geometry":{"type":"Point","coordinates":[121.4985,25.1283]},"properties":{"parking_id":"TPE1038","name":"北投雅樂軒停車場","area":"北投區","city":"TPE","total_car":189,"available_car":50,"availability_rate":26.5,"status":"偏滿"}},{"type":"Feature","geometry":{"type":"Point","coordinates":[121.5624,25.1692]},"properties":{"parking_id":"TPE1039","name":"歐特儀股份有限公司夢幻湖停車場","area":"北投區","city":"TPE","total_car":66,"available_car":4,"availability_rate":6.1,"status":"緊張"}},{"type":"Feature","geometry":{"type":"Point","coordinates":[121.5441,25.1793]},"properties":{"parking_id":"TPE1040","name":"歐特儀股份有限公司小油坑橋停車場","area":"北投區","city":"TPE","total_car":40,"available_car":34,"availability_rate":85.0,"status":"充足"}},{"type":"Feature","geometry":{"type":"Point","coordinates":[121.5461,25.1799]},"properties":{"parking_id":"TPE1041","name":"歐特儀股份有限公司小觀音停車場","area":"北投區","city":"TPE","total_car":16,"available_car":4,"availability_rate":25.0,"status":"偏滿"}},{"type":"Feature","geometry":{"type":"Point","coordinates":[121.563,25.1678]},"properties":{"parking_id":"TPE1042","name":"歐特儀股份有限公司冷水坑2號停車場","area":"士林區","city":"TPE","total_car":47,"available_car":45,"availability_rate":95.7,"status":"充足"}},{"type":"Feature","geometry":{"type":"Point","coordinates":[121.5246,25.1063]},"properties":{"parking_id":"TPE1044","name":"Times 德行西路","area":"士林區","city":"TPE","total_car":4,"available_car":4,"availability_rate":100.0,"status":"充足"}},{"type":"Feature","geometry":{"type":"Point","coordinates":[121.5614,25.0812]},"properties":{"parking_id":"TPE1045","name":"嘟嘟房樂群二路站停車場","area":"中山區","city":"TPE","total_car":42,"available_car":25,"availability_rate":59.5,"status":"充足"}},{"type":"Feature","geometry":{"type":"Point","coordinates":[121.4984,25.0327]},"properties":{"parking_id":"TPE1046","name":"凱達大飯店附屬停車場","area":"萬華區","city":"TPE","total_car":503,"available_car":125,"availability_rate":24.9,"status":"偏滿"}},{"type":"Feature","geometry":{"type":"Point","coordinates":[121.5177,25.0507]},"properties":{"parking_id":"TPE1051","name":"Times 長安西路","area":"大同區","city":"TPE","total_car":5,"available_car":1,"availability_rate":20.0,"status":"偏滿"}},{"type":"Feature","geometry":{"type":"Point","coordinates":[121.5687501503069,25.03722510210693]},"properties":{"parking_id":"TPE1053","name":"USPACE交易一號停車場","area":"信義區","city":"TPE","total_car":75,"available_car":44,"availability_rate":58.7,"status":"充足"}},{"type":"Feature","geometry":{"type":"Point","coordinates":[121.56869005217958,25.036078769667466]},"properties":{"parking_id":"TPE1054","name":"USPACE交易二號停車場","area":"信義區","city":"TPE","total_car":122,"available_car":124,"availability_rate":101.6,"status":"充足"}},{"type":"Feature","geometry":{"type":"Point","coordinates":[121.4836,25.1344]},"properties":{"parking_id":"TPE1055","name":"嘟嘟房捷運北投機廠站停車場","area":"北投區","city":"TPE","total_car":72,"available_car":2,"availability_rate":2.8,"status":"緊張"}},{"type":"Feature","geometry":{"type":"Point","coordinates":[121.5527,25.0504]},"properties":{"parking_id":"TPE1060","name":"臺北網球場平面停車場","area":"松山區","city":"TPE","total_car":16,"available_car":1,"availability_rate":6.2,"status":"緊張"}},{"type":"Feature","geometry":{"type":"Point","coordinates":[121.5398,25.0534]},"properties":{"parking_id":"TPE1061","name":"便利停車場龍江站","area":"中山區","city":"TPE","total_car":10,"available_car":10,"availability_rate":100.0,"status":"充足"}},{"type":"Feature","geometry":{"type":"Point","coordinates":[121.5228,25.1208]},"properties":{"parking_id":"TPE1067","name":"臺北榮民總醫院神經再生中心停車場","area":"北投區","city":"TPE","total_car":14,"available_car":10,"availability_rate":71.4,"status":"充足"}},{"type":"Feature","geometry":{"type":"Point","coordinates":[121.4657775109232,25.118992134451467]},"properties":{"parking_id":"TPE1070","name":"嘟嘟房關渡宮站停車場","area":"北投區","city":"TPE","total_car":39,"available_car":5,"availability_rate":12.8,"status":"偏滿"}},{"type":"Feature","geometry":{"type":"Point","coordinates":[121.5468,25.0551]},"properties":{"parking_id":"TPE1071","name":"慶城停車場","area":"松山區","city":"TPE","total_car":28,"available_car":13,"availability_rate":46.4,"status":"充足"}},{"type":"Feature","geometry":{"type":"Point","coordinates":[121.5556,25.0312]},"properties":{"parking_id":"TPE1073","name":"新長越通化街停車場","area":"大安區","city":"TPE","total_car":5,"available_car":1,"availability_rate":20.0,"status":"偏滿"}},{"type":"Feature","geometry":{"type":"Point","coordinates":[121.5451,25.0482]},"properties":{"parking_id":"TPE1075","name":"嘟嘟房合庫大樓站停車場","area":"松山區","city":"TPE","total_car":703,"available_car":294,"availability_rate":41.8,"status":"充足"}},{"type":"Feature","geometry":{"type":"Point","coordinates":[121.5594,25.0259]},"properties":{"parking_id":"TPE1077","name":"信安街67巷臨時平面停車場","area":"信義區","city":"TPE","total_car":199,"available_car":108,"availability_rate":54.3,"status":"充足"}},{"type":"Feature","geometry":{"type":"Point","coordinates":[121.5457,25.0224]},"properties":{"parking_id":"TPE1081","name":"臺北和平籃球館停車場","area":"大安區","city":"TPE","total_car":190,"available_car":94,"availability_rate":49.5,"status":"充足"}},{"type":"Feature","geometry":{"type":"Point","coordinates":[121.5961,25.0681]},"properties":{"parking_id":"TPE1084","name":"臺北市網球中心停車場","area":"內湖區","city":"TPE","total_car":338,"available_car":15,"availability_rate":4.4,"status":"緊張"}},{"type":"Feature","geometry":{"type":"Point","coordinates":[121.575,25.0623]},"properties":{"parking_id":"TPE1085","name":"特力廣場停車場","area":"內湖區","city":"TPE","total_car":301,"available_car":276,"availability_rate":91.7,"status":"充足"}},{"type":"Feature","geometry":{"type":"Point","coordinates":[121.5779,25.0789]},"properties":{"parking_id":"TPE1088","name":"便利停車場港墘站","area":"內湖區","city":"TPE","total_car":12,"available_car":10,"availability_rate":83.3,"status":"充足"}},{"type":"Feature","geometry":{"type":"Point","coordinates":[121.4675,25.1255]},"properties":{"parking_id":"TPE1092","name":"嘟嘟房捷運關渡站停車場","area":"北投區","city":"TPE","total_car":53,"available_car":0,"availability_rate":0.0,"status":"滿車"}},{"type":"Feature","geometry":{"type":"Point","coordinates":[121.5242,25.1097]},"properties":{"parking_id":"TPE1093","name":"台灣聯通克強停車場","area":"士林區","city":"TPE","total_car":12,"available_car":0,"availability_rate":0.0,"status":"滿車"}},{"type":"Feature","geometry":{"type":"Point","coordinates":[121.5176,25.119]},"properties":{"parking_id":"TPE1094","name":"臺北榮民總醫院第三門診地下停車場","area":"北投區","city":"TPE","total_car":120,"available_car":111,"availability_rate":92.5,"status":"充足"}},{"type":"Feature","geometry":{"type":"Point","coordinates":[121.5195,25.1032]},"properties":{"parking_id":"TPE1095","name":"臺灣戲曲中心地下停車場","area":"士林區","city":"TPE","total_car":172,"available_car":48,"availability_rate":27.9,"status":"偏滿"}},{"type":"Feature","geometry":{"type":"Point","coordinates":[121.5367,25.0617]},"properties":{"parking_id":"TPE1098","name":"嘟嘟房建國民權站停車場","area":"中山區","city":"TPE","total_car":272,"available_car":0,"availability_rate":0.0,"status":"滿車"}},{"type":"Feature","geometry":{"type":"Point","coordinates":[121.619,25.0724]},"properties":{"parking_id":"TPE1102","name":"康樂合署大樓地下停車場","area":"內湖區","city":"TPE","total_car":53,"available_car":19,"availability_rate":35.8,"status":"充足"}},{"type":"Feature","geometry":{"type":"Point","coordinates":[121.5705,25.0258]},"properties":{"parking_id":"TPE1110","name":"信義路5段150巷臨時平面停車場","area":"信義區","city":"TPE","total_car":30,"available_car":1,"availability_rate":3.3,"status":"緊張"}},{"type":"Feature","geometry":{"type":"Point","coordinates":[121.505,25.1271]},"properties":{"parking_id":"TPE1119","name":"Times北投三合街一段","area":"北投區","city":"TPE","total_car":95,"available_car":8,"availability_rate":8.4,"status":"緊張"}},{"type":"Feature","geometry":{"type":"Point","coordinates":[121.5879,25.0624]},"properties":{"parking_id":"TPE1121","name":"便利停車場潭美站","area":"內湖區","city":"TPE","total_car":108,"available_car":0,"availability_rate":0.0,"status":"滿車"}},{"type":"Feature","geometry":{"type":"Point","coordinates":[121.5629,25.0446]},"properties":{"parking_id":"TPE1126","name":"松菸停車場","area":"信義區","city":"TPE","total_car":5,"available_car":0,"availability_rate":0.0,"status":"滿車"}},{"type":"Feature","geometry":{"type":"Point","coordinates":[121.5728,25.0385]},"properties":{"parking_id":"TPE1130","name":"忠孝五停車場","area":"信義區","city":"TPE","total_car":33,"available_car":3,"availability_rate":9.1,"status":"緊張"}},{"type":"Feature","geometry":{"type":"Point","coordinates":[121.5212,25.0235]},"properties":{"parking_id":"TPE1136","name":"博客停車場-家福同安場","area":"中正區","city":"TPE","total_car":17,"available_car":0,"availability_rate":0.0,"status":"滿車"}},{"type":"Feature","geometry":{"type":"Point","coordinates":[121.5312,25.1188]},"properties":{"parking_id":"TPE1137","name":"玉璽精品飯店停車場","area":"士林區","city":"TPE","total_car":20,"available_car":1,"availability_rate":5.0,"status":"緊張"}},{"type":"Feature","geometry":{"type":"Point","coordinates":[121.5086,25.0387]},"properties":{"parking_id":"TPE1142","name":"城中社會福利綜合大樓地下停車場","area":"中正區","city":"TPE","total_car":41,"available_car":33,"availability_rate":80.5,"status":"充足"}},{"type":"Feature","geometry":{"type":"Point","coordinates":[121.6158,25.0543]},"properties":{"parking_id":"TPE1143","name":"市民八停車場","area":"南港區","city":"TPE","total_car":6,"available_car":1,"availability_rate":16.7,"status":"偏滿"}},{"type":"Feature","geometry":{"type":"Point","coordinates":[121.5294,25.0935]},"properties":{"parking_id":"TPE1146","name":"萬麗酒店停車場","area":"士林區","city":"TPE","total_car":190,"available_car":109,"availability_rate":57.4,"status":"充足"}},{"type":"Feature","geometry":{"type":"Point","coordinates":[121.5561,24.9893]},"properties":{"parking_id":"TPE1148","name":"永建國小地下停車場","area":"文山區","city":"TPE","total_car":212,"available_car":30,"availability_rate":14.2,"status":"偏滿"}},{"type":"Feature","geometry":{"type":"Point","coordinates":[121.5681,25.0475]},"properties":{"parking_id":"TPE1149","name":"正氣橋下平面停車場","area":"信義區","city":"TPE","total_car":65,"available_car":9,"availability_rate":13.8,"status":"偏滿"}},{"type":"Feature","geometry":{"type":"Point","coordinates":[121.54,25.0547]},"properties":{"parking_id":"TPE1150","name":"長春路龍江路臨時平面停車場","area":"中山區","city":"TPE","total_car":38,"available_car":10,"availability_rate":26.3,"status":"偏滿"}},{"type":"Feature","geometry":{"type":"Point","coordinates":[121.5193,25.0942]},"properties":{"parking_id":"TPE1151","name":"基河停車場","area":"士林區","city":"TPE","total_car":607,"available_car":264,"availability_rate":43.5,"status":"充足"}},{"type":"Feature","geometry":{"type":"Point","coordinates":[121.5047,25.1249]},"properties":{"parking_id":"TPE1160","name":"公舘路228巷平面停車場","area":"北投區","city":"TPE","total_car":68,"available_car":37,"availability_rate":54.4,"status":"充足"}},{"type":"Feature","geometry":{"type":"Point","coordinates":[121.5527,25.0855]},"properties":{"parking_id":"TPE1161","name":"明水二停車場","area":"中山區","city":"TPE","total_car":43,"available_car":43,"availability_rate":100.0,"status":"充足"}},{"type":"Feature","geometry":{"type":"Point","coordinates":[121.5401,24.9957]},"properties":{"parking_id":"TPE1162","name":"財政大樓地下停車場","area":"文山區","city":"TPE","total_car":135,"available_car":26,"availability_rate":19.3,"status":"偏滿"}},{"type":"Feature","geometry":{"type":"Point","coordinates":[121.5625,24.9884]},"properties":{"parking_id":"TPE1164","name":"興隆D2社會住宅地下停車場","area":"文山區","city":"TPE","total_car":349,"available_car":155,"availability_rate":44.4,"status":"充足"}},{"type":"Feature","geometry":{"type":"Point","coordinates":[121.5228,25.0598]},"properties":{"parking_id":"TPE1166","name":"嘉新大樓停車場","area":"中山區","city":"TPE","total_car":73,"available_car":73,"availability_rate":100.0,"status":"充足"}},{"type":"Feature","geometry":{"type":"Point","coordinates":[121.5305,25.0529]},"properties":{"parking_id":"TPE1167","name":"Times 美侖商旅","area":"中山區","city":"TPE","total_car":43,"available_car":28,"availability_rate":65.1,"status":"充足"}},{"type":"Feature","geometry":{"type":"Point","coordinates":[121.5871,25.0626]},"properties":{"parking_id":"TPE1168","name":"金莊停車場","area":"內湖區","city":"TPE","total_car":49,"available_car":43,"availability_rate":87.8,"status":"充足"}},{"type":"Feature","geometry":{"type":"Point","coordinates":[121.5719,25.0754]},"properties":{"parking_id":"TPE1174","name":"台灣聯通港墘停車場","area":"內湖區","city":"TPE","total_car":32,"available_car":23,"availability_rate":71.9,"status":"充足"}},{"type":"Feature","geometry":{"type":"Point","coordinates":[121.5554,25.0269]},"properties":{"parking_id":"TPE1181","name":"基隆路停車場","area":"大安區","city":"TPE","total_car":42,"available_car":12,"availability_rate":28.6,"status":"偏滿"}},{"type":"Feature","geometry":{"type":"Point","coordinates":[121.5052,25.0381]},"properties":{"parking_id":"TPE1182","name":"家樂福桂林店停車場","area":"萬華區","city":"TPE","total_car":195,"available_car":49,"availability_rate":25.1,"status":"偏滿"}},{"type":"Feature","geometry":{"type":"Point","coordinates":[121.6146,25.057]},"properties":{"parking_id":"TPE1183","name":"嘟嘟房南港展覽館2站停車場","area":"南港區","city":"TPE","total_car":1290,"available_car":951,"availability_rate":73.7,"status":"充足"}},{"type":"Feature","geometry":{"type":"Point","coordinates":[121.5214,25.1174]},"properties":{"parking_id":"TPE1189","name":"國立臺北護理健康大學校本部停車場","area":"北投區","city":"TPE","total_car":20,"available_car":39,"availability_rate":195.0,"status":"充足"}},{"type":"Feature","geometry":{"type":"Point","coordinates":[121.6171,25.0523]},"properties":{"parking_id":"TPE1192","name":"嘟嘟房南港全聯站停車場","area":"南港區","city":"TPE","total_car":70,"available_car":37,"availability_rate":52.9,"status":"充足"}},{"type":"Feature","geometry":{"type":"Point","coordinates":[121.5437,25.0147]},"properties":{"parking_id":"TPE1195","name":"臺大癌醫中心分院地下停車場","area":"大安區","city":"TPE","total_car":404,"available_car":358,"availability_rate":88.6,"status":"充足"}},{"type":"Feature","geometry":{"type":"Point","coordinates":[121.5363,25.0575]},"properties":{"parking_id":"TPE1206","name":"臺北市立大同高級中學附設停車場","area":"中山區","city":"TPE","total_car":100,"available_car":91,"availability_rate":91.0,"status":"充足"}},{"type":"Feature","geometry":{"type":"Point","coordinates":[121.5832,25.0643]},"properties":{"parking_id":"TPE1207","name":"嘟嘟房內湖新湖站停車場","area":"內湖區","city":"TPE","total_car":35,"available_car":33,"availability_rate":94.3,"status":"充足"}},{"type":"Feature","geometry":{"type":"Point","coordinates":[121.5036,25.0283]},"properties":{"parking_id":"TPE1212","name":"多多站收費停車場(中華站)","area":"萬華區","city":"TPE","total_car":40,"available_car":12,"availability_rate":30.0,"status":"偏滿"}},{"type":"Feature","geometry":{"type":"Point","coordinates":[121.5489,25.0587]},"properties":{"parking_id":"TPE1214","name":"Times敦化北路第2","area":"松山區","city":"TPE","total_car":20,"available_car":10,"availability_rate":50.0,"status":"充足"}},{"type":"Feature","geometry":{"type":"Point","coordinates":[121.5406,25.0574]},"properties":{"parking_id":"TPE1228","name":"台北龍江停車場","area":"中山區","city":"TPE","total_car":36,"available_car":28,"availability_rate":77.8,"status":"充足"}},{"type":"Feature","geometry":{"type":"Point","coordinates":[121.5265,25.0427]},"properties":{"parking_id":"TPE1230","name":"台灣聯通醒吾停車場","area":"中正區","city":"TPE","total_car":23,"available_car":9,"availability_rate":39.1,"status":"充足"}},{"type":"Feature","geometry":{"type":"Point","coordinates":[121.5511,25.0525]},"properties":{"parking_id":"TPE1237","name":"南京東路停車場","area":"松山區","city":"TPE","total_car":48,"available_car":48,"availability_rate":100.0,"status":"充足"}},{"type":"Feature","geometry":{"type":"Point","coordinates":[121.5676,25.0369]},"properties":{"parking_id":"TPE1238","name":"遠東百貨信義分公司","area":"信義區","city":"TPE","total_car":293,"available_car":32,"availability_rate":10.9,"status":"偏滿"}},{"type":"Feature","geometry":{"type":"Point","coordinates":[121.5584,25.026]},"properties":{"parking_id":"TPE1243","name":"景勤二號公園地下停車場","area":"信義區","city":"TPE","total_car":219,"available_car":49,"availability_rate":22.4,"status":"偏滿"}},{"type":"Feature","geometry":{"type":"Point","coordinates":[121.5784,25.0644]},"properties":{"parking_id":"TPE1244","name":"台灣聯通新湖三停車場","area":"內湖區","city":"TPE","total_car":30,"available_car":27,"availability_rate":90.0,"status":"充足"}},{"type":"Feature","geometry":{"type":"Point","coordinates":[121.5941,25.0847]},"properties":{"parking_id":"TPE1262","name":"詮營內湖金龍停車場","area":"內湖區","city":"TPE","total_car":25,"available_car":11,"availability_rate":44.0,"status":"充足"}},{"type":"Feature","geometry":{"type":"Point","coordinates":[121.58736335720351,25.065236590651683]},"properties":{"parking_id":"TPE1263","name":"台灣聯通潭美停車場","area":"內湖區","city":"TPE","total_car":49,"available_car":49,"availability_rate":100.0,"status":"充足"}},{"type":"Feature","geometry":{"type":"Point","coordinates":[121.5426,24.9915]},"properties":{"parking_id":"TPE1264","name":"景美集應廟站停車場","area":"文山區","city":"TPE","total_car":50,"available_car":5,"availability_rate":10.0,"status":"緊張"}},{"type":"Feature","geometry":{"type":"Point","coordinates":[121.5754,25.0305]},"properties":{"parking_id":"TPE1265","name":"臺北市立聯合醫院-松德院區停車場","area":"信義區","city":"TPE","total_car":31,"available_car":31,"availability_rate":100.0,"status":"充足"}},{"type":"Feature","geometry":{"type":"Point","coordinates":[121.49138001589505,25.02694043438127]},"properties":{"parking_id":"TPE1267","name":"168停車聯盟-西園國宅場","area":"萬華區","city":"TPE","total_car":43,"available_car":12,"availability_rate":27.9,"status":"偏滿"}},{"type":"Feature","geometry":{"type":"Point","coordinates":[121.5204,25.0243]},"properties":{"parking_id":"TPE1268","name":"嘟嘟房廈門站停車場","area":"中正區","city":"TPE","total_car":7,"available_car":0,"availability_rate":0.0,"status":"滿車"}},{"type":"Feature","geometry":{"type":"Point","coordinates":[121.5247,25.092]},"properties":{"parking_id":"TPE1276","name":"陽光士林881停車場","area":"士林區","city":"TPE","total_car":14,"available_car":3,"availability_rate":21.4,"status":"偏滿"}},{"type":"Feature","geometry":{"type":"Point","coordinates":[121.4891,25.029]},"properties":{"parking_id":"TPE1277","name":"環南市場停車場","area":"萬華區","city":"TPE","total_car":1256,"available_car":746,"availability_rate":59.4,"status":"充足"}},{"type":"Feature","geometry":{"type":"Point","coordinates":[121.5151,25.026]},"properties":{"parking_id":"TPE1278","name":"嘟嘟房汀州站停車場","area":"中正區","city":"TPE","total_car":45,"available_car":8,"availability_rate":17.8,"status":"偏滿"}},{"type":"Feature","geometry":{"type":"Point","coordinates":[121.52765514272389,25.027084678061115]},"properties":{"parking_id":"TPE1281","name":"聯永物業股份有限公司-師大站","area":"大安區","city":"TPE","total_car":61,"available_car":7,"availability_rate":11.5,"status":"偏滿"}},{"type":"Feature","geometry":{"type":"Point","coordinates":[121.58734974373118,25.065044799561218]},"properties":{"parking_id":"TPE1286","name":"台灣聯通潭一停車場","area":"內湖區","city":"TPE","total_car":43,"available_car":43,"availability_rate":100.0,"status":"充足"}},{"type":"Feature","geometry":{"type":"Point","coordinates":[121.5873069046682,25.064765101089897]},"properties":{"parking_id":"TPE1288","name":"台灣聯通潭二停車場","area":"內湖區","city":"TPE","total_car":49,"available_car":47,"availability_rate":95.9,"status":"充足"}},{"type":"Feature","geometry":{"type":"Point","coordinates":[121.5234,25.0667]},"properties":{"parking_id":"TPE1289","name":"德惠大同停車場","area":"中山區","city":"TPE","total_car":81,"available_car":25,"availability_rate":30.9,"status":"充足"}},{"type":"Feature","geometry":{"type":"Point","coordinates":[121.5993,25.0528]},"properties":{"parking_id":"TPE1291","name":"臺北流行音樂中心停車場","area":"南港區","city":"TPE","total_car":293,"available_car":140,"availability_rate":47.8,"status":"充足"}},{"type":"Feature","geometry":{"type":"Point","coordinates":[121.5668,25.0485]},"properties":{"parking_id":"TPE1297","name":"Times中農科技大樓","area":"信義區","city":"TPE","total_car":43,"available_car":5,"availability_rate":11.6,"status":"偏滿"}},{"type":"Feature","geometry":{"type":"Point","coordinates":[121.5237,25.0435]},"properties":{"parking_id":"TPE1308","name":"台北時代寓所地下平面停車場","area":"中正區","city":"TPE","total_car":137,"available_car":97,"availability_rate":70.8,"status":"充足"}},{"type":"Feature","geometry":{"type":"Point","coordinates":[121.5182,25.0267]},"properties":{"parking_id":"TPE1311","name":"和平廈門停車場","area":"中正區","city":"TPE","total_car":3,"available_car":1,"availability_rate":33.3,"status":"充足"}},{"type":"Feature","geometry":{"type":"Point","coordinates":[121.5188,25.0269]},"properties":{"parking_id":"TPE1312","name":"牯嶺街停車場","area":"中正區","city":"TPE","total_car":2,"available_car":0,"availability_rate":0.0,"status":"滿車"}},{"type":"Feature","geometry":{"type":"Point","coordinates":[121.5038,25.1261]},"properties":{"parking_id":"TPE1316","name":"北投三合地下停車場","area":"北投區","city":"TPE","total_car":46,"available_car":30,"availability_rate":65.2,"status":"充足"}},{"type":"Feature","geometry":{"type":"Point","coordinates":[121.5677,25.0317]},"properties":{"parking_id":"TPE1317","name":"Times 松勤松仁","area":"信義區","city":"TPE","total_car":113,"available_car":22,"availability_rate":19.5,"status":"偏滿"}},{"type":"Feature","geometry":{"type":"Point","coordinates":[121.5414,25.0518]},"properties":{"parking_id":"TPE1318","name":"宏盛國際停車場","area":"中山區","city":"TPE","total_car":71,"available_car":83,"availability_rate":116.9,"status":"充足"}},{"type":"Feature","geometry":{"type":"Point","coordinates":[121.5341,25.0128]},"properties":{"parking_id":"TPE1323","name":"水源停車場","area":"中正區","city":"TPE","total_car":44,"available_car":0,"availability_rate":0.0,"status":"滿車"}},{"type":"Feature","geometry":{"type":"Point","coordinates":[121.5282,25.0621]},"properties":{"parking_id":"TPE1325","name":"新生民權停車場","area":"中山區","city":"TPE","total_car":5,"available_car":3,"availability_rate":60.0,"status":"充足"}},{"type":"Feature","geometry":{"type":"Point","coordinates":[121.5098,25.0277]},"properties":{"parking_id":"TPE1329","name":"中正永昌停車場","area":"中正區","city":"TPE","total_car":34,"available_car":17,"availability_rate":50.0,"status":"充足"}},{"type":"Feature","geometry":{"type":"Point","coordinates":[121.5756,25.06]},"properties":{"parking_id":"TPE1331","name":"家樂福內湖站停車場","area":"內湖區","city":"TPE","total_car":183,"available_car":0,"availability_rate":0.0,"status":"滿車"}},{"type":"Feature","geometry":{"type":"Point","coordinates":[121.5119,25.0672]},"properties":{"parking_id":"TPE1334","name":"延平國小地下停車場","area":"大同區","city":"TPE","total_car":309,"available_car":5,"availability_rate":1.6,"status":"緊張"}},{"type":"Feature","geometry":{"type":"Point","coordinates":[121.5663201427709,24.989229817482496]},"properties":{"parking_id":"TPE1336","name":"木柵社會住宅地下停車場","area":"文山區","city":"TPE","total_car":94,"available_car":25,"availability_rate":26.6,"status":"偏滿"}},{"type":"Feature","geometry":{"type":"Point","coordinates":[121.5053,25.1281]},"properties":{"parking_id":"TPE1339","name":"城市車旅北投三合停車場","area":"北投區","city":"TPE","total_car":48,"available_car":0,"availability_rate":0.0,"status":"滿車"}},{"type":"Feature","geometry":{"type":"Point","coordinates":[121.5032,25.0418]},"properties":{"parking_id":"TPE1340","name":"國立臺北護理健康大學城區部","area":"萬華區","city":"TPE","total_car":10,"available_car":6,"availability_rate":60.0,"status":"充足"}},{"type":"Feature","geometry":{"type":"Point","coordinates":[121.5125,25.0335]},"properties":{"parking_id":"TPE1341","name":"重慶南二停車場","area":"中正區","city":"TPE","total_car":36,"available_car":36,"availability_rate":100.0,"status":"充足"}},{"type":"Feature","geometry":{"type":"Point","coordinates":[121.5479,25.0279]},"properties":{"parking_id":"TPE1343","name":"大安四維停車場","area":"大安區","city":"TPE","total_car":4,"available_car":2,"availability_rate":50.0,"status":"充足"}},{"type":"Feature","geometry":{"type":"Point","coordinates":[121.5197,25.1132]},"properties":{"parking_id":"TPE1346","name":"懷德街55巷平面停車場","area":"北投區","city":"TPE","total_car":132,"available_car":19,"availability_rate":14.4,"status":"偏滿"}},{"type":"Feature","geometry":{"type":"Point","coordinates":[121.5295,25.0186]},"properties":{"parking_id":"TPE1348","name":"羅斯福三停車場","area":"中正區","city":"TPE","total_car":6,"available_car":3,"availability_rate":50.0,"status":"充足"}},{"type":"Feature","geometry":{"type":"Point","coordinates":[121.5756,25.065]},"properties":{"parking_id":"TPE1354","name":"好市多內湖店停車場","area":"內湖區","city":"TPE","total_car":572,"available_car":36,"availability_rate":6.3,"status":"緊張"}},{"type":"Feature","geometry":{"type":"Point","coordinates":[121.5788,25.073]},"properties":{"parking_id":"TPE1365","name":"瑞光社會住宅地下停車場","area":"內湖區","city":"TPE","total_car":194,"available_car":109,"availability_rate":56.2,"status":"充足"}},{"type":"Feature","geometry":{"type":"Point","coordinates":[121.5462,25.0253]},"properties":{"parking_id":"TPE1367","name":"Times和平東路三段","area":"大安區","city":"TPE","total_car":6,"available_car":2,"availability_rate":33.3,"status":"充足"}},{"type":"Feature","geometry":{"type":"Point","coordinates":[121.5916,25.083]},"properties":{"parking_id":"TPE1368","name":"內湖停車場","area":"內湖區","city":"TPE","total_car":19,"available_car":5,"availability_rate":26.3,"status":"偏滿"}},{"type":"Feature","geometry":{"type":"Point","coordinates":[121.4692,25.1251]},"properties":{"parking_id":"TPE1373","name":"立功停車場","area":"北投區","city":"TPE","total_car":135,"available_car":135,"availability_rate":100.0,"status":"充足"}},{"type":"Feature","geometry":{"type":"Point","coordinates":[121.5271,25.0931]},"properties":{"parking_id":"TPE1374","name":"Times士林捷運站","area":"士林區","city":"TPE","total_car":6,"available_car":4,"availability_rate":66.7,"status":"充足"}},{"type":"Feature","geometry":{"type":"Point","coordinates":[121.5109,25.0564]},"properties":{"parking_id":"TPE1375","name":"民樂街停車場","area":"大同區","city":"TPE","total_car":11,"available_car":0,"availability_rate":0.0,"status":"滿車"}},{"type":"Feature","geometry":{"type":"Point","coordinates":[121.6187,25.0428]},"properties":{"parking_id":"TPE1376","name":"中南社會住宅地下停車場","area":"南港區","city":"TPE","total_car":73,"available_car":27,"availability_rate":37.0,"status":"充足"}},{"type":"Feature","geometry":{"type":"Point","coordinates":[121.5035,25.1237]},"properties":{"parking_id":"TPE1380","name":"新奇岩社會住宅地下停車場","area":"北投區","city":"TPE","total_car":170,"available_car":34,"availability_rate":20.0,"status":"偏滿"}},{"type":"Feature","geometry":{"type":"Point","coordinates":[121.5745,25.0615]},"properties":{"parking_id":"TPE1382","name":"美福停車場","area":"內湖區","city":"TPE","total_car":79,"available_car":42,"availability_rate":53.2,"status":"充足"}},{"type":"Feature","geometry":{"type":"Point","coordinates":[121.5076,25.0247]},"properties":{"parking_id":"TPE1383","name":"青年公園高爾夫球練習場附設停車場","area":"萬華區","city":"TPE","total_car":21,"available_car":1,"availability_rate":4.8,"status":"緊張"}},{"type":"Feature","geometry":{"type":"Point","coordinates":[121.5201,25.1186]},"properties":{"parking_id":"TPE1384","name":"Times北護大學思樓停車場","area":"北投區","city":"TPE","total_car":91,"available_car":61,"availability_rate":67.0,"status":"充足"}},{"type":"Feature","geometry":{"type":"Point","coordinates":[121.5178,25.1182]},"properties":{"parking_id":"TPE1385","name":"Times北護大爾雅樓停車場","area":"北投區","city":"TPE","total_car":33,"available_car":2,"availability_rate":6.1,"status":"緊張"}},{"type":"Feature","geometry":{"type":"Point","coordinates":[121.5274,25.1154]},"properties":{"parking_id":"TPE1386","name":"天玉一停車場","area":"士林區","city":"TPE","total_car":6,"available_car":1,"availability_rate":16.7,"status":"偏滿"}},{"type":"Feature","geometry":{"type":"Point","coordinates":[121.5273,25.1154]},"properties":{"parking_id":"TPE1387","name":"天玉二停車場","area":"士林區","city":"TPE","total_car":6,"available_car":0,"availability_rate":0.0,"status":"滿車"}},{"type":"Feature","geometry":{"type":"Point","coordinates":[121.5746,25.0786]},"properties":{"parking_id":"TPE1388","name":"大港墘公園地下停車場","area":"內湖區","city":"TPE","total_car":258,"available_car":58,"availability_rate":22.5,"status":"偏滿"}},{"type":"Feature","geometry":{"type":"Point","coordinates":[121.577,24.9889]},"properties":{"parking_id":"TPE1389","name":"博客停車場-政大場","area":"文山區","city":"TPE","total_car":29,"available_car":29,"availability_rate":100.0,"status":"充足"}},{"type":"Feature","geometry":{"type":"Point","coordinates":[121.5335,25.1092]},"properties":{"parking_id":"TPE1392","name":"博客停車場-德行東場","area":"士林區","city":"TPE","total_car":25,"available_car":10,"availability_rate":40.0,"status":"充足"}},{"type":"Feature","geometry":{"type":"Point","coordinates":[121.5465,25.139]},"properties":{"parking_id":"TPE1393","name":"格致路停車場","area":"士林區","city":"TPE","total_car":49,"available_car":44,"availability_rate":89.8,"status":"充足"}},{"type":"Feature","geometry":{"type":"Point","coordinates":[121.557,25.0322]},"properties":{"parking_id":"TPE1398","name":"文昌街停車場","area":"大安區","city":"TPE","total_car":3,"available_car":1,"availability_rate":33.3,"status":"充足"}},{"type":"Feature","geometry":{"type":"Point","coordinates":[121.6041,25.0543]},"properties":{"parking_id":"TPE1399","name":"東明甲區社會住宅地下停車場","area":"南港區","city":"TPE","total_car":65,"available_car":27,"availability_rate":41.5,"status":"充足"}},{"type":"Feature","geometry":{"type":"Point","coordinates":[121.604,25.0544]},"properties":{"parking_id":"TPE1400","name":"東明乙區社會住宅地下停車場","area":"南港區","city":"TPE","total_car":323,"available_car":97,"availability_rate":30.0,"status":"充足"}},{"type":"Feature","geometry":{"type":"Point","coordinates":[121.5036,25.0204]},"properties":{"parking_id":"TPE1401","name":"青年一期社會住宅地下停車場","area":"萬華區","city":"TPE","total_car":133,"available_car":47,"availability_rate":35.3,"status":"充足"}},{"type":"Feature","geometry":{"type":"Point","coordinates":[121.5642,25.0546]},"properties":{"parking_id":"TPE1402","name":"健康1區社會住宅地下停車場","area":"松山區","city":"TPE","total_car":135,"available_car":13,"availability_rate":9.6,"status":"緊張"}},{"type":"Feature","geometry":{"type":"Point","coordinates":[121.5656,25.0546]},"properties":{"parking_id":"TPE1403","name":"健康2區社會住宅地下停車場","area":"松山區","city":"TPE","total_car":149,"available_car":34,"availability_rate":22.8,"status":"偏滿"}},{"type":"Feature","geometry":{"type":"Point","coordinates":[121.5595,24.9932]},"properties":{"parking_id":"TPE1404","name":"興隆路3段229巷平面停車場","area":"文山區","city":"TPE","total_car":23,"available_car":9,"availability_rate":39.1,"status":"充足"}},{"type":"Feature","geometry":{"type":"Point","coordinates":[121.558,24.9884]},"properties":{"parking_id":"TPE1411","name":"興隆D1社會住宅地下停車場","area":"文山區","city":"TPE","total_car":128,"available_car":58,"availability_rate":45.3,"status":"充足"}},{"type":"Feature","geometry":{"type":"Point","coordinates":[121.5195,25.0873]},"properties":{"parking_id":"TPE1412","name":"博客停車場華齡場","area":"士林區","city":"TPE","total_car":15,"available_car":7,"availability_rate":46.7,"status":"充足"}},{"type":"Feature","geometry":{"type":"Point","coordinates":[121.5343,25.0634]},"properties":{"parking_id":"TPE1417","name":"臺北市中山地政事務所地下停車場","area":"中山區","city":"TPE","total_car":9,"available_car":0,"availability_rate":0.0,"status":"滿車"}},{"type":"Feature","geometry":{"type":"Point","coordinates":[121.5236,25.0846]},"properties":{"parking_id":"TPE1425","name":"臺北表演藝術中心停車場","area":"士林區","city":"TPE","total_car":170,"available_car":2,"availability_rate":1.2,"status":"緊張"}},{"type":"Feature","geometry":{"type":"Point","coordinates":[121.5067,25.141]},"properties":{"parking_id":"TPE1426","name":"華南巷停車場","area":"北投區","city":"TPE","total_car":32,"available_car":13,"availability_rate":40.6,"status":"充足"}},{"type":"Feature","geometry":{"type":"Point","coordinates":[121.5597,24.9882]},"properties":{"parking_id":"TPE1430","name":"安康平宅B臨時平面停車場","area":"文山區","city":"TPE","total_car":3,"available_car":0,"availability_rate":0.0,"status":"滿車"}},{"type":"Feature","geometry":{"type":"Point","coordinates":[121.505,25.0278]},"properties":{"parking_id":"TPE1435","name":"新和庭園平面停車場","area":"萬華區","city":"TPE","total_car":91,"available_car":0,"availability_rate":0.0,"status":"滿車"}},{"type":"Feature","geometry":{"type":"Point","coordinates":[121.5398,25.0231]},"properties":{"parking_id":"TPE1445","name":"Times和平東路二段第2","area":"大安區","city":"TPE","total_car":6,"available_car":10,"availability_rate":166.7,"status":"充足"}},{"type":"Feature","geometry":{"type":"Point","coordinates":[121.605,25.0545]},"properties":{"parking_id":"TPE1447","name":"全聯南港旗艦店停車場","area":"南港區","city":"TPE","total_car":44,"available_car":133,"availability_rate":302.3,"status":"充足"}},{"type":"Feature","geometry":{"type":"Point","coordinates":[121.5024,25.1344]},"properties":{"parking_id":"TPE1448","name":"光明路停車場","area":"北投區","city":"TPE","total_car":44,"available_car":57,"availability_rate":129.5,"status":"充足"}},{"type":"Feature","geometry":{"type":"Point","coordinates":[121.5242,25.054]},"properties":{"parking_id":"TPE1452","name":"Times中山北路二段","area":"中山區","city":"TPE","total_car":27,"available_car":10,"availability_rate":37.0,"status":"充足"}},{"type":"Feature","geometry":{"type":"Point","coordinates":[121.5915,25.0571]},"properties":{"parking_id":"TPE1453","name":"Times 成功路一段","area":"南港區","city":"TPE","total_car":47,"available_car":28,"availability_rate":59.6,"status":"充足"}},{"type":"Feature","geometry":{"type":"Point","coordinates":[121.5934,25.0571]},"properties":{"parking_id":"TPE1455","name":"小彎社會住宅地下停車場","area":"南港區","city":"TPE","total_car":237,"available_car":83,"availability_rate":35.0,"status":"充足"}},{"type":"Feature","geometry":{"type":"Point","coordinates":[121.5802,25.0574]},"properties":{"parking_id":"TPE1458","name":"台灣聯通舊宗停車場","area":"內湖區","city":"TPE","total_car":48,"available_car":39,"availability_rate":81.2,"status":"充足"}},{"type":"Feature","geometry":{"type":"Point","coordinates":[121.5562,24.9794]},"properties":{"parking_id":"TPE1463","name":"力行停車場","area":"文山區","city":"TPE","total_car":65,"available_car":11,"availability_rate":16.9,"status":"偏滿"}},{"type":"Feature","geometry":{"type":"Point","coordinates":[121.583,25.0393]},"properties":{"parking_id":"TPE1472","name":"廣慈1區社會住宅地下停車場","area":"信義區","city":"TPE","total_car":370,"available_car":82,"availability_rate":22.2,"status":"偏滿"}},{"type":"Feature","geometry":{"type":"Point","coordinates":[121.5571,25.0388]},"properties":{"parking_id":"TPE1473","name":"USPACE國父紀念館西側","area":"大安區","city":"TPE","total_car":4,"available_car":0,"availability_rate":0.0,"status":"滿車"}},{"type":"Feature","geometry":{"type":"Point","coordinates":[121.5348,25.0133]},"properties":{"parking_id":"TPE1476","name":"168停車聯盟-水源市場","area":"中正區","city":"TPE","total_car":59,"available_car":99,"availability_rate":167.8,"status":"充足"}},{"type":"Feature","geometry":{"type":"Point","coordinates":[121.5139,25.0452]},"properties":{"parking_id":"TPE1477","name":"便利停車場懷寧站","area":"中正區","city":"TPE","total_car":5,"available_car":4,"availability_rate":80.0,"status":"充足"}},{"type":"Feature","geometry":{"type":"Point","coordinates":[121.5629,25.0398]},"properties":{"parking_id":"TPE1480","name":"嘟嘟房瀚寓酒店站停車場","area":"信義區","city":"TPE","total_car":35,"available_car":18,"availability_rate":51.4,"status":"充足"}},{"type":"Feature","geometry":{"type":"Point","coordinates":[121.5064,25.0483]},"properties":{"parking_id":"TPE1481","name":"168停車聯盟-西寧市場","area":"萬華區","city":"TPE","total_car":17,"available_car":28,"availability_rate":164.7,"status":"充足"}},{"type":"Feature","geometry":{"type":"Point","coordinates":[121.53434327395219,25.050032741086877]},"properties":{"parking_id":"TPE1482","name":"松江85巷停車場","area":"中山區","city":"TPE","total_car":49,"available_car":51,"availability_rate":104.1,"status":"充足"}},{"type":"Feature","geometry":{"type":"Point","coordinates":[121.5542,25.084]},"properties":{"parking_id":"TPE1483","name":"虹光LIVE停車場","area":"中山區","city":"TPE","total_car":16,"available_car":3,"availability_rate":18.8,"status":"偏滿"}},{"type":"Feature","geometry":{"type":"Point","coordinates":[121.5346,25.0415]},"properties":{"parking_id":"TPE1486","name":"北科先鋒停車場","area":"大安區","city":"TPE","total_car":78,"available_car":10,"availability_rate":12.8,"status":"偏滿"}},{"type":"Feature","geometry":{"type":"Point","coordinates":[121.5811,25.0385]},"properties":{"parking_id":"TPE1488","name":"廣慈2區社會住宅地下停車場","area":"信義區","city":"TPE","total_car":270,"available_car":60,"availability_rate":22.2,"status":"偏滿"}},{"type":"Feature","geometry":{"type":"Point","coordinates":[121.524,25.0919]},"properties":{"parking_id":"TPE1489","name":"Times士林福德路第2","area":"士林區","city":"TPE","total_car":8,"available_car":4,"availability_rate":50.0,"status":"充足"}},{"type":"Feature","geometry":{"type":"Point","coordinates":[121.5752,25.0575]},"properties":{"parking_id":"TPE1491","name":"台灣聯通內湖行善一停車場","area":"內湖區","city":"TPE","total_car":49,"available_car":49,"availability_rate":100.0,"status":"充足"}},{"type":"Feature","geometry":{"type":"Point","coordinates":[121.5752,25.0575]},"properties":{"parking_id":"TPE1492","name":"台灣捷通內湖行善二停車場","area":"內湖區","city":"TPE","total_car":49,"available_car":47,"availability_rate":95.9,"status":"充足"}},{"type":"Feature","geometry":{"type":"Point","coordinates":[121.5752,25.0575]},"properties":{"parking_id":"TPE1493","name":"台灣聯通內湖行善三停車場","area":"內湖區","city":"TPE","total_car":49,"available_car":47,"availability_rate":95.9,"status":"充足"}},{"type":"Feature","geometry":{"type":"Point","coordinates":[121.5813,25.0658]},"properties":{"parking_id":"TPE1495","name":"城市車旅新湖二站停車場","area":"內湖區","city":"TPE","total_car":47,"available_car":40,"availability_rate":85.1,"status":"充足"}},{"type":"Feature","geometry":{"type":"Point","coordinates":[121.5636,25.0272]},"properties":{"parking_id":"TPE1496","name":"臺北醫學大學附設醫院癌症大樓停車場","area":"信義區","city":"TPE","total_car":87,"available_car":38,"availability_rate":43.7,"status":"充足"}},{"type":"Feature","geometry":{"type":"Point","coordinates":[121.5028,25.0346]},"properties":{"parking_id":"TPE1497","name":"Times大理街","area":"萬華區","city":"TPE","total_car":20,"available_car":6,"availability_rate":30.0,"status":"偏滿"}},{"type":"Feature","geometry":{"type":"Point","coordinates":[121.5933,25.0609]},"properties":{"parking_id":"TPE1498","name":"台灣聯通安美停車場","area":"內湖區","city":"TPE","total_car":38,"available_car":19,"availability_rate":50.0,"status":"充足"}},{"type":"Feature","geometry":{"type":"Point","coordinates":[121.5729,24.9893]},"properties":{"parking_id":"TPE1501","name":"Times 新光路一段","area":"文山區","city":"TPE","total_car":13,"available_car":3,"availability_rate":23.1,"status":"偏滿"}},{"type":"Feature","geometry":{"type":"Point","coordinates":[121.54977992855868,25.006309845154593]},"properties":{"parking_id":"TPE1503","name":"興旺平面停車場","area":"文山區","city":"TPE","total_car":14,"available_car":0,"availability_rate":0.0,"status":"滿車"}},{"type":"Feature","geometry":{"type":"Point","coordinates":[121.5365,25.0512]},"properties":{"parking_id":"TPE1504","name":"便利停車場建國六站","area":"中山區","city":"TPE","total_car":42,"available_car":0,"availability_rate":0.0,"status":"滿車"}},{"type":"Feature","geometry":{"type":"Point","coordinates":[121.5103,25.0698]},"properties":{"parking_id":"TPE1507","name":"民族西路303巷臨時平面停車場","area":"大同區","city":"TPE","total_car":54,"available_car":2,"availability_rate":3.7,"status":"緊張"}},{"type":"Feature","geometry":{"type":"Point","coordinates":[121.5822,25.0613]},"properties":{"parking_id":"TPE1515","name":"行善社會住宅地下停車場","area":"內湖區","city":"TPE","total_car":400,"available_car":259,"availability_rate":64.8,"status":"充足"}},{"type":"Feature","geometry":{"type":"Point","coordinates":[121.5685,25.0482]},"properties":{"parking_id":"TPE1516","name":"台泥基隆路臨時平面停車場","area":"信義區","city":"TPE","total_car":278,"available_car":145,"availability_rate":52.2,"status":"充足"}},{"type":"Feature","geometry":{"type":"Point","coordinates":[121.58327990466428,25.03870806010726]},"properties":{"parking_id":"TPE1519","name":"廣慈衛福大樓地下停車場","area":"信義區","city":"TPE","total_car":701,"available_car":142,"availability_rate":20.3,"status":"偏滿"}},{"type":"Feature","geometry":{"type":"Point","coordinates":[121.5814000164462,25.03769074540776]},"properties":{"parking_id":"TPE1520","name":"信義區行政中心地下停車場","area":"信義區","city":"TPE","total_car":96,"available_car":7,"availability_rate":7.3,"status":"緊張"}},{"type":"Feature","geometry":{"type":"Point","coordinates":[121.5698,25.0403]},"properties":{"parking_id":"TPE1524","name":"嘟嘟房富邦信義A25站停車場","area":"信義區","city":"TPE","total_car":278,"available_car":38,"availability_rate":13.7,"status":"偏滿"}},{"type":"Feature","geometry":{"type":"Point","coordinates":[121.5685,25.0482]},"properties":{"parking_id":"TPE1526","name":"台泥松山臨時平面停車場","area":"信義區","city":"TPE","total_car":92,"available_car":58,"availability_rate":63.0,"status":"充足"}},{"type":"Feature","geometry":{"type":"Point","coordinates":[121.55621008113086,25.053462124728892]},"properties":{"parking_id":"TPE1529","name":"Times 健康路","area":"松山區","city":"TPE","total_car":17,"available_car":7,"availability_rate":41.2,"status":"充足"}},{"type":"Feature","geometry":{"type":"Point","coordinates":[121.5251,25.1011]},"properties":{"parking_id":"TPE1535","name":"叭叭房雙溪停車場","area":"士林區","city":"TPE","total_car":46,"available_car":11,"availability_rate":23.9,"status":"偏滿"}},{"type":"Feature","geometry":{"type":"Point","coordinates":[121.6113,25.0671]},"properties":{"parking_id":"TPE1537","name":"南湖國小活動中心附設停車場","area":"內湖區","city":"TPE","total_car":31,"available_car":3,"availability_rate":9.7,"status":"緊張"}},{"type":"Feature","geometry":{"type":"Point","coordinates":[121.5404,25.0259]},"properties":{"parking_id":"TPE1538","name":"城市車旅台北瑞安二站停車場","area":"大安區","city":"TPE","total_car":8,"available_car":7,"availability_rate":87.5,"status":"充足"}},{"type":"Feature","geometry":{"type":"Point","coordinates":[121.5554,25.0827]},"properties":{"parking_id":"TPE1548","name":"Times敬業樂群","area":"中山區","city":"TPE","total_car":238,"available_car":119,"availability_rate":50.0,"status":"充足"}},{"type":"Feature","geometry":{"type":"Point","coordinates":[121.5143,25.107]},"properties":{"parking_id":"TPE1549","name":"Times文林北路第2停車場","area":"北投區","city":"TPE","total_car":35,"available_car":12,"availability_rate":34.3,"status":"充足"}},{"type":"Feature","geometry":{"type":"Point","coordinates":[121.4997,25.0319]},"properties":{"parking_id":"TPE1550","name":"莒光社會住宅地下停車場","area":"萬華區","city":"TPE","total_car":145,"available_car":48,"availability_rate":33.1,"status":"充足"}},{"type":"Feature","geometry":{"type":"Point","coordinates":[121.5498,25.0462]},"properties":{"parking_id":"TPE1552","name":"Times八德路三段","area":"松山區","city":"TPE","total_car":2,"available_car":1,"availability_rate":50.0,"status":"充足"}},{"type":"Feature","geometry":{"type":"Point","coordinates":[121.5132,25.0454]},"properties":{"parking_id":"TPE1558","name":"Times重慶南路一段","area":"中正區","city":"TPE","total_car":5,"available_car":2,"availability_rate":40.0,"status":"充足"}},{"type":"Feature","geometry":{"type":"Point","coordinates":[121.5067,25.1274]},"properties":{"parking_id":"TPE1560","name":"博客停車場-家福公館場","area":"北投區","city":"TPE","total_car":61,"available_car":27,"availability_rate":44.3,"status":"充足"}},{"type":"Feature","geometry":{"type":"Point","coordinates":[121.5383,25.0444]},"properties":{"parking_id":"TPE1561","name":"Times市民大道三段","area":"大安區","city":"TPE","total_car":12,"available_car":0,"availability_rate":0.0,"status":"滿車"}},{"type":"Feature","geometry":{"type":"Point","coordinates":[121.5278,25.0472]},"properties":{"parking_id":"TPE1565","name":"Times 市民大道二段","area":"中山區","city":"TPE","total_car":34,"available_car":7,"availability_rate":20.6,"status":"偏滿"}},{"type":"Feature","geometry":{"type":"Point","coordinates":[121.4716,25.1249]},"properties":{"parking_id":"TPE1571","name":"宏達經營管理顧問有限公司大愛二停車場","area":"北投區","city":"TPE","total_car":67,"available_car":21,"availability_rate":31.3,"status":"充足"}},{"type":"Feature","geometry":{"type":"Point","coordinates":[121.5343,25.0341]},"properties":{"parking_id":"TPE1573","name":"Times新生南路一段","area":"大安區","city":"TPE","total_car":3,"available_car":1,"availability_rate":33.3,"status":"充足"}},{"type":"Feature","geometry":{"type":"Point","coordinates":[121.5467,25.0607]},"properties":{"parking_id":"TPE1578","name":"中山國中地下停車場","area":"松山區","city":"TPE","total_car":288,"available_car":24,"availability_rate":8.3,"status":"緊張"}},{"type":"Feature","geometry":{"type":"Point","coordinates":[121.6204,25.0577]},"properties":{"parking_id":"TPE1581","name":"TFC PLAZA 大樓地下停車場","area":"南港區","city":"TPE","total_car":549,"available_car":302,"availability_rate":55.0,"status":"充足"}},{"type":"Feature","geometry":{"type":"Point","coordinates":[121.5268,25.0494]},"properties":{"parking_id":"TPE1582","name":"Times林森五條通第2","area":"中山區","city":"TPE","total_car":28,"available_car":13,"availability_rate":46.4,"status":"充足"}},{"type":"Feature","geometry":{"type":"Point","coordinates":[121.5568,24.9821]},"properties":{"parking_id":"TPE1589","name":"景美女中地下停車場","area":"文山區","city":"TPE","total_car":268,"available_car":89,"availability_rate":33.2,"status":"充足"}},{"type":"Feature","geometry":{"type":"Point","coordinates":[121.5405,25.0041]},"properties":{"parking_id":"TPE1591","name":"台灣聯通興隆停車場","area":"文山區","city":"TPE","total_car":85,"available_car":13,"availability_rate":15.3,"status":"偏滿"}},{"type":"Feature","geometry":{"type":"Point","coordinates":[121.5494,25.0165]},"properties":{"parking_id":"TPE1593","name":"辛亥水安停車場","area":"大安區","city":"TPE","total_car":62,"available_car":28,"availability_rate":45.2,"status":"充足"}},{"type":"Feature","geometry":{"type":"Point","coordinates":[121.5774,25.0487]},"properties":{"parking_id":"TPE1595","name":"Times 松山松隆","area":"信義區","city":"TPE","total_car":17,"available_car":10,"availability_rate":58.8,"status":"充足"}},{"type":"Feature","geometry":{"type":"Point","coordinates":[121.4778,25.1358]},"properties":{"parking_id":"TPE1601","name":"Times行天宮北投分宮","area":"北投區","city":"TPE","total_car":64,"available_car":16,"availability_rate":25.0,"status":"偏滿"}},{"type":"Feature","geometry":{"type":"Point","coordinates":[121.5028,25.0267]},"properties":{"parking_id":"TPE1602","name":"新和國小地下停車場","area":"萬華區","city":"TPE","total_car":304,"available_car":0,"availability_rate":0.0,"status":"滿車"}},{"type":"Feature","geometry":{"type":"Point","coordinates":[121.6124,25.0698]},"properties":{"parking_id":"TPE1604","name":"東湖立體停車場","area":"內湖區","city":"TPE","total_car":228,"available_car":9,"availability_rate":3.9,"status":"緊張"}},{"type":"Feature","geometry":{"type":"Point","coordinates":[121.56122591191928,25.048089628288395]},"properties":{"parking_id":"TPE1617","name":"便利停車場八德站","area":"松山區","city":"TPE","total_car":28,"available_car":8,"availability_rate":28.6,"status":"偏滿"}},{"type":"Feature","geometry":{"type":"Point","coordinates":[121.5577,25.0394]},"properties":{"parking_id":"TPE1620","name":"嘟嘟房國父紀念館-光復站停車場","area":"信義區","city":"TPE","total_car":147,"available_car":0,"availability_rate":0.0,"status":"滿車"}},{"type":"Feature","geometry":{"type":"Point","coordinates":[121.5325,25.056]},"properties":{"parking_id":"TPE1621","name":"嘟嘟房松江2站停車場","area":"中山區","city":"TPE","total_car":47,"available_car":42,"availability_rate":89.4,"status":"充足"}},{"type":"Feature","geometry":{"type":"Point","coordinates":[121.5246,25.0208]},"properties":{"parking_id":"TPE1624","name":"臺北市客家文化中心附設地下停車場","area":"中正區","city":"TPE","total_car":63,"available_car":6,"availability_rate":9.5,"status":"緊張"}},{"type":"Feature","geometry":{"type":"Point","coordinates":[121.5835,25.0463]},"properties":{"parking_id":"TPE1626","name":"忠孝玉成停車場","area":"南港區","city":"TPE","total_car":149,"available_car":44,"availability_rate":29.5,"status":"偏滿"}},{"type":"Feature","geometry":{"type":"Point","coordinates":[121.528,25.0361]},"properties":{"parking_id":"TPE1629","name":"聯永物業股份有限公司臨沂站","area":"中正區","city":"TPE","total_car":6,"available_car":2,"availability_rate":33.3,"status":"充足"}},{"type":"Feature","geometry":{"type":"Point","coordinates":[121.5694,25.0797]},"properties":{"parking_id":"TPE1634","name":"洲子站","area":"內湖區","city":"TPE","total_car":35,"available_car":22,"availability_rate":62.9,"status":"充足"}},{"type":"Feature","geometry":{"type":"Point","coordinates":[121.58563287797973,25.061860182799037]},"properties":{"parking_id":"TPE1642","name":"城市車旅潭美二站停車場","area":"內湖區","city":"TPE","total_car":38,"available_car":0,"availability_rate":0.0,"status":"滿車"}},{"type":"Feature","geometry":{"type":"Point","coordinates":[121.5494,25.0006]},"properties":{"parking_id":"TPE1650","name":"168停車聯盟-興岩社福大樓","area":"文山區","city":"TPE","total_car":160,"available_car":59,"availability_rate":36.9,"status":"充足"}},{"type":"Feature","geometry":{"type":"Point","coordinates":[121.6154,25.0613]},"properties":{"parking_id":"TPE1655","name":"Times 經貿二路第2","area":"南港區","city":"TPE","total_car":23,"available_car":13,"availability_rate":56.5,"status":"充足"}},{"type":"Feature","geometry":{"type":"Point","coordinates":[121.5412,25.0513]},"properties":{"parking_id":"TPE1657","name":"嘟嘟房南京復興站停車場","area":"中山區","city":"TPE","total_car":26,"available_car":22,"availability_rate":84.6,"status":"充足"}},{"type":"Feature","geometry":{"type":"Point","coordinates":[121.5617,25.0413]},"properties":{"parking_id":"TPE1661","name":"臺北大巨蛋園區停車場","area":"信義區","city":"TPE","total_car":1902,"available_car":298,"availability_rate":15.7,"status":"偏滿"}},{"type":"Feature","geometry":{"type":"Point","coordinates":[121.5675,25.0789]},"properties":{"parking_id":"TPE1664","name":"台灣聯通瑞堤停車場","area":"內湖區","city":"TPE","total_car":304,"available_car":288,"availability_rate":94.7,"status":"充足"}},{"type":"Feature","geometry":{"type":"Point","coordinates":[121.55,25.0367]},"properties":{"parking_id":"TPE1665","name":"大安中山醫院地下停車場","area":"大安區","city":"TPE","total_car":11,"available_car":11,"availability_rate":100.0,"status":"充足"}},{"type":"Feature","geometry":{"type":"Point","coordinates":[121.565,25.0328]},"properties":{"parking_id":"TPE1667","name":"詮營信義101停車場","area":"信義區","city":"TPE","total_car":83,"available_car":6,"availability_rate":7.2,"status":"緊張"}},{"type":"Feature","geometry":{"type":"Point","coordinates":[121.503,25.0309]},"properties":{"parking_id":"TPE1670","name":"Times莒光路","area":"萬華區","city":"TPE","total_car":5,"available_car":2,"availability_rate":40.0,"status":"充足"}},{"type":"Feature","geometry":{"type":"Point","coordinates":[121.5096,25.1161]},"properties":{"parking_id":"TPE1674","name":"北投運動中心停車場","area":"北投區","city":"TPE","total_car":95,"available_car":1,"availability_rate":1.1,"status":"緊張"}},{"type":"Feature","geometry":{"type":"Point","coordinates":[121.5326,25.1118]},"properties":{"parking_id":"TPE1675","name":"168停車聯盟-士林場","area":"士林區","city":"TPE","total_car":69,"available_car":29,"availability_rate":42.0,"status":"充足"}},{"type":"Feature","geometry":{"type":"Point","coordinates":[121.55938990236157,24.997171428251075]},"properties":{"parking_id":"TPE1676","name":"臺北市文山運動中心停車場","area":"文山區","city":"TPE","total_car":79,"available_car":10,"availability_rate":12.7,"status":"偏滿"}},{"type":"Feature","geometry":{"type":"Point","coordinates":[121.5605,25.0816]},"properties":{"parking_id":"TPE1683","name":"Times植福路第2","area":"中山區","city":"TPE","total_car":88,"available_car":26,"availability_rate":29.5,"status":"偏滿"}},{"type":"Feature","geometry":{"type":"Point","coordinates":[121.6049,25.053]},"properties":{"parking_id":"TPE1685","name":"Times 南港車站前","area":"南港區","city":"TPE","total_car":83,"available_car":4,"availability_rate":4.8,"status":"緊張"}},{"type":"Feature","geometry":{"type":"Point","coordinates":[121.5365,25.0498]},"properties":{"parking_id":"TPE1686","name":"便利停車場建國三站","area":"中山區","city":"TPE","total_car":192,"available_car":66,"availability_rate":34.4,"status":"充足"}},{"type":"Feature","geometry":{"type":"Point","coordinates":[121.5542,25.0833]},"properties":{"parking_id":"TPE1687","name":"台灣聯通敬業停車場","area":"中山區","city":"TPE","total_car":34,"available_car":3,"availability_rate":8.8,"status":"緊張"}},{"type":"Feature","geometry":{"type":"Point","coordinates":[121.532,25.0288]},"properties":{"parking_id":"TPE1693","name":"Times青田街","area":"大安區","city":"TPE","total_car":13,"available_car":3,"availability_rate":23.1,"status":"偏滿"}},{"type":"Feature","geometry":{"type":"Point","coordinates":[121.518,25.0616]},"properties":{"parking_id":"TPE1694","name":"承德二站停車場","area":"大同區","city":"TPE","total_car":20,"available_car":8,"availability_rate":40.0,"status":"充足"}},{"type":"Feature","geometry":{"type":"Point","coordinates":[121.5658,25.079]},"properties":{"parking_id":"TPE1698","name":"Times 基湖路第3","area":"內湖區","city":"TPE","total_car":16,"available_car":13,"availability_rate":81.2,"status":"充足"}},{"type":"Feature","geometry":{"type":"Point","coordinates":[121.5495,25.0326]},"properties":{"parking_id":"TPE1712","name":"寶紘敦南停車場","area":"大安區","city":"TPE","total_car":29,"available_car":8,"availability_rate":27.6,"status":"偏滿"}},{"type":"Feature","geometry":{"type":"Point","coordinates":[121.5398,25.026]},"properties":{"parking_id":"TPE1714","name":"宸亭有限公司瑞安停車場","area":"大安區","city":"TPE","total_car":6,"available_car":0,"availability_rate":0.0,"status":"滿車"}},{"type":"Feature","geometry":{"type":"Point","coordinates":[121.5268,25.1171]},"properties":{"parking_id":"TPE1716","name":"日僑停車場","area":"士林區","city":"TPE","total_car":62,"available_car":16,"availability_rate":25.8,"status":"偏滿"}},{"type":"Feature","geometry":{"type":"Point","coordinates":[121.5255,25.0403]},"properties":{"parking_id":"TPE1717","name":"Right here parking瑞誼停車場","area":"中正區","city":"TPE","total_car":28,"available_car":8,"availability_rate":28.6,"status":"偏滿"}},{"type":"Feature","geometry":{"type":"Point","coordinates":[121.56012788242532,25.081777335016753]},"properties":{"parking_id":"TPE1719","name":"168停車聯盟-植福場","area":"中山區","city":"TPE","total_car":116,"available_car":386,"availability_rate":332.8,"status":"充足"}},{"type":"Feature","geometry":{"type":"Point","coordinates":[121.5635,25.0786]},"properties":{"parking_id":"TPE1722","name":"神通基湖路停車場","area":"中山區","city":"TPE","total_car":21,"available_car":10,"availability_rate":47.6,"status":"充足"}},{"type":"Feature","geometry":{"type":"Point","coordinates":[121.5245,25.06]},"properties":{"parking_id":"TPE1723","name":"Times錦州街","area":"中山區","city":"TPE","total_car":14,"available_car":10,"availability_rate":71.4,"status":"充足"}},{"type":"Feature","geometry":{"type":"Point","coordinates":[121.506,25.0473]},"properties":{"parking_id":"TPE1726","name":"福星社會住宅地下停車場","area":"萬華區","city":"TPE","total_car":165,"available_car":0,"availability_rate":0.0,"status":"滿車"}},{"type":"Feature","geometry":{"type":"Point","coordinates":[121.5501,25.0312]},"properties":{"parking_id":"TPE1732","name":"多多站敦南二場","area":"大安區","city":"TPE","total_car":6,"available_car":6,"availability_rate":100.0,"status":"充足"}},{"type":"Feature","geometry":{"type":"Point","coordinates":[121.5404,25.0453]},"properties":{"parking_id":"TPE1734","name":"USPACE中崙旗艦二場","area":"中山區","city":"TPE","total_car":49,"available_car":50,"availability_rate":102.0,"status":"充足"}},{"type":"Feature","geometry":{"type":"Point","coordinates":[121.5308,25.0161]},"properties":{"parking_id":"TPE1736","name":"168停車聯盟-汀州場","area":"中正區","city":"TPE","total_car":26,"available_car":15,"availability_rate":57.7,"status":"充足"}},{"type":"Feature","geometry":{"type":"Point","coordinates":[121.5711,25.0342]},"properties":{"parking_id":"TPE1740","name":"168停車聯盟-松勇二場","area":"信義區","city":"TPE","total_car":14,"available_car":5,"availability_rate":35.7,"status":"充足"}},{"type":"Feature","geometry":{"type":"Point","coordinates":[121.5318,25.0955]},"properties":{"parking_id":"TPE1741","name":"台灣聯通士林官邸停車場","area":"士林區","city":"TPE","total_car":78,"available_car":8,"availability_rate":10.3,"status":"偏滿"}},{"type":"Feature","geometry":{"type":"Point","coordinates":[121.5207,25.0514]},"properties":{"parking_id":"TPE1742","name":"USPACE中山南西旗艦停車場","area":"中山區","city":"TPE","total_car":44,"available_car":14,"availability_rate":31.8,"status":"充足"}},{"type":"Feature","geometry":{"type":"Point","coordinates":[121.5258,25.0658]},"properties":{"parking_id":"TPE1748","name":"台灣捷通華國停車場","area":"中山區","city":"TPE","total_car":4,"available_car":3,"availability_rate":75.0,"status":"充足"}},{"type":"Feature","geometry":{"type":"Point","coordinates":[121.5175,25.0345]},"properties":{"parking_id":"TPE1750","name":"Times中正紀念堂捷運站","area":"中正區","city":"TPE","total_car":10,"available_car":1,"availability_rate":10.0,"status":"緊張"}},{"type":"Feature","geometry":{"type":"Point","coordinates":[121.4973,25.0253]},"properties":{"parking_id":"TPE1751","name":"萬華民和街停車場","area":"萬華區","city":"TPE","total_car":21,"available_car":20,"availability_rate":95.2,"status":"充足"}},{"type":"Feature","geometry":{"type":"Point","coordinates":[121.5218,25.0208]},"properties":{"parking_id":"TPE1753","name":"台北金門街停車場","area":"中正區","city":"TPE","total_car":6,"available_car":2,"availability_rate":33.3,"status":"充足"}},{"type":"Feature","geometry":{"type":"Point","coordinates":[121.5597,25.0412]},"properties":{"parking_id":"TPE1756","name":"嘟嘟房國父紀念館-忠孝站停車場","area":"信義區","city":"TPE","total_car":65,"available_car":0,"availability_rate":0.0,"status":"滿車"}},{"type":"Feature","geometry":{"type":"Point","coordinates":[121.5654,25.0289]},"properties":{"parking_id":"TPE1758","name":"168停車聯盟-松智場","area":"信義區","city":"TPE","total_car":214,"available_car":60,"availability_rate":28.0,"status":"偏滿"}},{"type":"Feature","geometry":{"type":"Point","coordinates":[121.4997,25.0401]},"properties":{"parking_id":"TPE1759","name":"貴陽街停車場","area":"萬華區","city":"TPE","total_car":7,"available_car":1,"availability_rate":14.3,"status":"偏滿"}},{"type":"Feature","geometry":{"type":"Point","coordinates":[121.5197,25.0336]},"properties":{"parking_id":"TPE1761","name":"Times中正紀念堂前","area":"中正區","city":"TPE","total_car":5,"available_car":3,"availability_rate":60.0,"status":"充足"}},{"type":"Feature","geometry":{"type":"Point","coordinates":[121.5494,24.9853]},"properties":{"parking_id":"TPE1767","name":"和興水岸社會住宅地下停車場","area":"文山區","city":"TPE","total_car":113,"available_car":52,"availability_rate":46.0,"status":"充足"}},{"type":"Feature","geometry":{"type":"Point","coordinates":[121.5034,25.0206]},"properties":{"parking_id":"TPE1769","name":"青年二期社會住宅地下停車場","area":"萬華區","city":"TPE","total_car":296,"available_car":94,"availability_rate":31.8,"status":"充足"}},{"type":"Feature","geometry":{"type":"Point","coordinates":[121.5462,25.1361]},"properties":{"parking_id":"TPE1770","name":"博客停車場-士林格致場","area":"士林區","city":"TPE","total_car":14,"available_car":12,"availability_rate":85.7,"status":"充足"}},{"type":"Feature","geometry":{"type":"Point","coordinates":[121.5556,25.051]},"properties":{"parking_id":"TPE1771","name":"漢傑台北小巨蛋站","area":"松山區","city":"TPE","total_car":62,"available_car":33,"availability_rate":53.2,"status":"充足"}},{"type":"Feature","geometry":{"type":"Point","coordinates":[121.5534,25.0516]},"properties":{"parking_id":"TPE1772","name":"國泰中央商業大樓停車場","area":"松山區","city":"TPE","total_car":59,"available_car":28,"availability_rate":47.5,"status":"充足"}},{"type":"Feature","geometry":{"type":"Point","coordinates":[121.5325,25.0514]},"properties":{"parking_id":"TPE1775","name":"嘟嘟房松江南京2站停車場","area":"中山區","city":"TPE","total_car":51,"available_car":24,"availability_rate":47.1,"status":"充足"}},{"type":"Feature","geometry":{"type":"Point","coordinates":[121.5606,25.027]},"properties":{"parking_id":"TPE1777","name":"吳興街220巷59弄平面停車場","area":"信義區","city":"TPE","total_car":141,"available_car":81,"availability_rate":57.4,"status":"充足"}},{"type":"Feature","geometry":{"type":"Point","coordinates":[121.535,25.0628]},"properties":{"parking_id":"TPE1778","name":"嘟嘟房行天宮1站停車場","area":"中山區","city":"TPE","total_car":28,"available_car":6,"availability_rate":21.4,"status":"偏滿"}},{"type":"Feature","geometry":{"type":"Point","coordinates":[121.5743,25.0467]},"properties":{"parking_id":"TPE1782","name":"Times永吉路","area":"信義區","city":"TPE","total_car":3,"available_car":1,"availability_rate":33.3,"status":"充足"}},{"type":"Feature","geometry":{"type":"Point","coordinates":[121.5651,25.0824]},"properties":{"parking_id":"TPE1784","name":"興林-內湖路停車場","area":"內湖區","city":"TPE","total_car":15,"available_car":9,"availability_rate":60.0,"status":"充足"}},{"type":"Feature","geometry":{"type":"Point","coordinates":[121.5811,25.0386]},"properties":{"parking_id":"TPE1785","name":"廣慈3區社會住宅地下停車場","area":"信義區","city":"TPE","total_car":269,"available_car":101,"availability_rate":37.5,"status":"充足"}},{"type":"Feature","geometry":{"type":"Point","coordinates":[121.5297,25.0413]},"properties":{"parking_id":"TPE1787","name":"御車坊","area":"中正區","city":"TPE","total_car":34,"available_car":0,"availability_rate":0.0,"status":"滿車"}},{"type":"Feature","geometry":{"type":"Point","coordinates":[121.5297,25.0246]},"properties":{"parking_id":"TPE1788","name":"Times師大夜市","area":"大安區","city":"TPE","total_car":18,"available_car":2,"availability_rate":11.1,"status":"偏滿"}},{"type":"Feature","geometry":{"type":"Point","coordinates":[121.6151,25.0602]},"properties":{"parking_id":"TPE1790","name":"Times 經貿二路第3","area":"南港區","city":"TPE","total_car":41,"available_car":20,"availability_rate":48.8,"status":"充足"}},{"type":"Feature","geometry":{"type":"Point","coordinates":[121.546,25.0299]},"properties":{"parking_id":"TPE1793","name":"大安國中地下停車場","area":"大安區","city":"TPE","total_car":223,"available_car":48,"availability_rate":21.5,"status":"偏滿"}},{"type":"Feature","geometry":{"type":"Point","coordinates":[121.55478995343513,25.000894692204305]},"properties":{"parking_id":"TPE1807","name":"興隆A區社會住宅地下停車場","area":"文山區","city":"TPE","total_car":272,"available_car":133,"availability_rate":48.9,"status":"充足"}},{"type":"Feature","geometry":{"type":"Point","coordinates":[121.5479,25.0252]},"properties":{"parking_id":"TPE1808","name":"四維路停車場","area":"大安區","city":"TPE","total_car":8,"available_car":3,"availability_rate":37.5,"status":"充足"}},{"type":"Feature","geometry":{"type":"Point","coordinates":[121.5227,25.0967]},"properties":{"parking_id":"TPE1809","name":"華榮社宅場","area":"士林區","city":"TPE","total_car":114,"available_car":58,"availability_rate":50.9,"status":"充足"}},{"type":"Feature","geometry":{"type":"Point","coordinates":[121.5931,25.0524]},"properties":{"parking_id":"TPE1810","name":"Times 昆陽街","area":"南港區","city":"TPE","total_car":247,"available_car":112,"availability_rate":45.3,"status":"充足"}},{"type":"Feature","geometry":{"type":"Point","coordinates":[121.619,25.0596]},"properties":{"parking_id":"TPE1813","name":"南港LaLaport停車場","area":"南港區","city":"TPE","total_car":2378,"available_car":524,"availability_rate":22.0,"status":"偏滿"}},{"type":"Feature","geometry":{"type":"Point","coordinates":[121.5338,25.038]},"properties":{"parking_id":"TPE1815","name":"Times仁愛路三段","area":"大安區","city":"TPE","total_car":25,"available_car":7,"availability_rate":28.0,"status":"偏滿"}},{"type":"Feature","geometry":{"type":"Point","coordinates":[121.5922,25.0792]},"properties":{"parking_id":"TPE1817","name":"Times 星雲街","area":"內湖區","city":"TPE","total_car":25,"available_car":0,"availability_rate":0.0,"status":"滿車"}},{"type":"Feature","geometry":{"type":"Point","coordinates":[121.5858,25.0638]},"properties":{"parking_id":"TPE1818","name":"城市車旅內湖領航停車場","area":"內湖區","city":"TPE","total_car":117,"available_car":58,"availability_rate":49.6,"status":"充足"}},{"type":"Feature","geometry":{"type":"Point","coordinates":[121.5298,25.0301]},"properties":{"parking_id":"TPE1821","name":"Times 永康街第5","area":"大安區","city":"TPE","total_car":10,"available_car":4,"availability_rate":40.0,"status":"充足"}},{"type":"Feature","geometry":{"type":"Point","coordinates":[121.5187,25.1066]},"properties":{"parking_id":"TPE1823","name":"嘟嘟房北投文林站停車場","area":"北投區","city":"TPE","total_car":50,"available_car":10,"availability_rate":20.0,"status":"偏滿"}},{"type":"Feature","geometry":{"type":"Point","coordinates":[121.5892,25.0773]},"properties":{"parking_id":"TPE1824","name":"內湖國中地下停車場","area":"內湖區","city":"TPE","total_car":119,"available_car":27,"availability_rate":22.7,"status":"偏滿"}},{"type":"Feature","geometry":{"type":"Point","coordinates":[121.5534,25.0854]},"properties":{"parking_id":"TPE1833","name":"明水四平面停車場","area":"中山區","city":"TPE","total_car":49,"available_car":22,"availability_rate":44.9,"status":"充足"}},{"type":"Feature","geometry":{"type":"Point","coordinates":[121.5197,25.0699]},"properties":{"parking_id":"TPE1835","name":"Times 圓山捷運站","area":"大同區","city":"TPE","total_car":3,"available_car":1,"availability_rate":33.3,"status":"充足"}},{"type":"Feature","geometry":{"type":"Point","coordinates":[121.50629991604939,25.11585520830744]},"properties":{"parking_id":"TPE1851","name":"承德七停車場","area":"北投區","city":"TPE","total_car":6,"available_car":1,"availability_rate":16.7,"status":"偏滿"}},{"type":"Feature","geometry":{"type":"Point","coordinates":[121.54142014680409,24.993581518302154]},"properties":{"parking_id":"TPE1853","name":"Times 景美捷運站","area":"文山區","city":"TPE","total_car":4,"available_car":0,"availability_rate":0.0,"status":"滿車"}},{"type":"Feature","geometry":{"type":"Point","coordinates":[121.58440991140927,25.05314620072476]},"properties":{"parking_id":"TPE1858","name":"Times 松河街","area":"南港區","city":"TPE","total_car":24,"available_car":7,"availability_rate":29.2,"status":"偏滿"}},{"type":"Feature","geometry":{"type":"Point","coordinates":[121.55859985266343,24.991619851045407]},"properties":{"parking_id":"TPE1859","name":"興隆路3段308號臨時平面停車場","area":"文山區","city":"TPE","total_car":50,"available_car":18,"availability_rate":36.0,"status":"充足"}},{"type":"Feature","geometry":{"type":"Point","coordinates":[121.51822003231763,25.115762111774877]},"properties":{"parking_id":"TPE1864","name":"振華公園地下停車場","area":"北投區","city":"TPE","total_car":405,"available_car":58,"availability_rate":14.3,"status":"偏滿"}},{"type":"Feature","geometry":{"type":"Point","coordinates":[121.53290005743203,25.023086832131057]},"properties":{"parking_id":"TPE1866","name":"城市車旅雲和站停車場","area":"大安區","city":"TPE","total_car":6,"available_car":1,"availability_rate":16.7,"status":"偏滿"}},{"type":"Feature","geometry":{"type":"Point","coordinates":[121.55646014404253,24.977582361987565]},"properties":{"parking_id":"TPE1870","name":"樟新水岸社會住宅地下停車場","area":"文山區","city":"TPE","total_car":154,"available_car":50,"availability_rate":32.5,"status":"充足"}},{"type":"Feature","geometry":{"type":"Point","coordinates":[121.47194015187137,25.126497512297203]},"properties":{"parking_id":"TPE1872","name":"Times立德路","area":"北投區","city":"TPE","total_car":29,"available_car":27,"availability_rate":93.1,"status":"充足"}},{"type":"Feature","geometry":{"type":"Point","coordinates":[121.52675010480391,25.036093415471793]},"properties":{"parking_id":"TPE1873","name":"東門市場停車場","area":"中正區","city":"TPE","total_car":10,"available_car":6,"availability_rate":60.0,"status":"充足"}},{"type":"Feature","geometry":{"type":"Point","coordinates":[121.55888994978622,25.027476090846022]},"properties":{"parking_id":"TPE1875","name":"六張犁1區社宅停車場","area":"信義區","city":"TPE","total_car":230,"available_car":67,"availability_rate":29.1,"status":"偏滿"}},{"type":"Feature","geometry":{"type":"Point","coordinates":[121.5593001245145,25.027725076997672]},"properties":{"parking_id":"TPE1876","name":"六張犁2區社宅停車場","area":"信義區","city":"TPE","total_car":340,"available_car":91,"availability_rate":26.8,"status":"偏滿"}},{"type":"Feature","geometry":{"type":"Point","coordinates":[121.5800000926776,25.078642770688823]},"properties":{"parking_id":"TPE1882","name":"Times 成功路二段","area":"內湖區","city":"TPE","total_car":4,"available_car":1,"availability_rate":25.0,"status":"偏滿"}},{"type":"Feature","geometry":{"type":"Point","coordinates":[121.61029992092162,25.056256039417754]},"properties":{"parking_id":"TPE1884","name":"經貿社會住宅地下停車場","area":"南港區","city":"TPE","total_car":108,"available_car":73,"availability_rate":67.6,"status":"充足"}},{"type":"Feature","geometry":{"type":"Point","coordinates":[121.54327992727852,25.0260759286075]},"properties":{"parking_id":"TPE1888","name":"科技大樓地下停車場","area":"大安區","city":"TPE","total_car":113,"available_car":11,"availability_rate":9.7,"status":"緊張"}},{"type":"Feature","geometry":{"type":"Point","coordinates":[121.512580113775,25.10753236984787]},"properties":{"parking_id":"TPE1889","name":"福星公園地下停車場","area":"北投區","city":"TPE","total_car":425,"available_car":237,"availability_rate":55.8,"status":"充足"}},{"type":"Feature","geometry":{"type":"Point","coordinates":[121.53967985605112,25.033268629407498]},"properties":{"parking_id":"TPE1893","name":"嘟嘟房信義1站停車場","area":"大安區","city":"TPE","total_car":49,"available_car":7,"availability_rate":14.3,"status":"偏滿"}},{"type":"Feature","geometry":{"type":"Point","coordinates":[121.54144009381122,25.041193392537537]},"properties":{"parking_id":"TPE1894","name":"新光三越Diamond Towers停車場","area":"大安區","city":"TPE","total_car":64,"available_car":29,"availability_rate":45.3,"status":"充足"}},{"type":"Feature","geometry":{"type":"Point","coordinates":[121.62052000014701,25.069836888267506]},"properties":{"parking_id":"TPE1897","name":"樂活公園地下停車場","area":"內湖區","city":"TPE","total_car":207,"available_car":95,"availability_rate":45.9,"status":"充足"}},{"type":"Feature","geometry":{"type":"Point","coordinates":[121.59598997411995,25.050757418911612]},"properties":{"parking_id":"TPE1898","name":"南港機廠1區社會住宅停車場","area":"南港區","city":"TPE","total_car":727,"available_car":662,"availability_rate":91.1,"status":"充足"}},{"type":"Feature","geometry":{"type":"Point","coordinates":[121.52660999877371,25.11334238633604]},"properties":{"parking_id":"TPE1899","name":"Times中山北路六段第2","area":"士林區","city":"TPE","total_car":13,"available_car":4,"availability_rate":30.8,"status":"充足"}},{"type":"Feature","geometry":{"type":"Point","coordinates":[121.57785008284047,25.062567773961465]},"properties":{"parking_id":"TPE1908","name":"舊宗社會住宅地下停車場","area":"內湖區","city":"TPE","total_car":62,"available_car":37,"availability_rate":59.7,"status":"充足"}},{"type":"Feature","geometry":{"type":"Point","coordinates":[121.59290994591873,25.06768595748549]},"properties":{"parking_id":"TPE1917","name":"Times 民權東路六段","area":"內湖區","city":"TPE","total_car":25,"available_car":15,"availability_rate":60.0,"status":"充足"}},{"type":"Feature","geometry":{"type":"Point","coordinates":[121.5139,25.0542]},"properties":{"parking_id":"TPE1922","name":"Times南京西路第2【機車】","area":"大同區","city":"TPE","total_car":15,"available_car":0,"availability_rate":0.0,"status":"滿車"}},{"type":"Feature","geometry":{"type":"Point","coordinates":[121.54106994975861,25.13720542007437]},"properties":{"parking_id":"TPE1924","name":"中國文化大學曉峯館停車場","area":"士林區","city":"TPE","total_car":8,"available_car":10,"availability_rate":125.0,"status":"充足"}},{"type":"Feature","geometry":{"type":"Point","coordinates":[121.539690078573,25.134648768999714]},"properties":{"parking_id":"TPE1925","name":"中國文化大學大孝館停車場","area":"士林區","city":"TPE","total_car":6,"available_car":29,"availability_rate":483.3,"status":"充足"}}]}