{"type": "FeatureCollection", "features": [{"type": "Feature", "geometry": {"type": "Point", "coordinates": [121.5242, 25.0552]}, "properties": {"city": "TPE", "parking_id": "TPE0001", "name": "台灣聯通長春停車場", "area": "中山區", "address": "長春路17號地下1層", "service_time": "00:00:00-23:59:59", "operator_type": "民營停車場", "kind": "D", "total_car": 17, "available_car": 7, "availability_rate": 0.4117647058823529, "status": "充足", "lat": 25.0552, "lon": 121.5242}}, {"type": "Feature", "geometry": {"type": "Point", "coordinates": [121.56197985470915, 25.033167920854915]}, "properties": {"city": "TPE", "parking_id": "TPE0002", "name": "嘟嘟房世貿一館站停車場", "area": "信義區", "address": "信義路5段5號地下1層", "service_time": "00:00:00-23:59:59", "operator_type": "中央機關學校委外", "kind": "D", "total_car": 335, "available_car": 130, "availability_rate": 0.3880597014925373, "status": "充足", "lat": 25.033167920854915, "lon": 121.56197985470915}}, {"type": "Feature", "geometry": {"type": "Point", "coordinates": [121.5596, 25.0585]}, "properties": {"city": "TPE", "parking_id": "TPE0003", "name": "民生立體停車場", "area": "松山區", "address": "民生東路5段84號", "service_time": "00:00:00-23:59:59", "operator_type": "本處自營停車場", "kind": "D", "total_car": 457, "available_car": 100, "availability_rate": 0.2188183807439825, "status": "偏滿", "lat": 25.0585, "lon": 121.5596}}, {"type": "Feature", "geometry": {"type": "Point", "coordinates": [121.5791, 24.9983]}, "properties": {"city": "TPE", "parking_id": "TPE0005", "name": "嘟嘟房動物園堤外站停車場", "area": "文山區", "address": "新光路2段2號河川高灘地", "service_time": "00:00:00-23:59:59", "operator_type": "市屬機關學校委外", "kind": "D", "total_car": 1228, "available_car": 488, "availability_rate": 0.3973941368078176, "status": "充足", "lat": 24.9983, "lon": 121.5791}}, {"type": "Feature", "geometry": {"type": "Point", "coordinates": [121.5058, 25.0443]}, "properties": {"city": "TPE", "parking_id": "TPE0006", "name": "峨眉立體停車場", "area": "萬華區", "address": "峨眉街83號地下1層及地上7層", "service_time": "00:00:00-23:59:59", "operator_type": "本處委外停車場", "kind": "D", "total_car": 518, "available_car": 1, "availability_rate": 0.0019305019305019305, "status": "緊張", "lat": 25.0443, "lon": 121.5058}}, {"type": "Feature", "geometry": {"type": "Point", "coordinates": [121.5203, 25.0687]}, "properties": {"city": "TPE", "parking_id": "TPE0007", "name": "花博公園圓山地下停車場", "area": "中山區", "address": "玉門街1號地下1層", "service_time": "00:00:00-23:59:59", "operator_type": "市屬機關學校委外", "kind": "D", "total_car": 105, "available_car": 0, "availability_rate": 0.0, "status": "滿車", "lat": 25.0687, "lon": 121.5203}}, {"type": "Feature", "geometry": {"type": "Point", "coordinates": [121.55254169411948, 25.049081413815124]}, "properties": {"city": "TPE", "parking_id": "TPE0008", "name": "北寧路地下停車場", "area": "松山區", "address": "八德路3段25號地下（地下共2層）", "service_time": "00:00:00-23:59:59", "operator_type": "本處委外停車場", "kind": "D", "total_car": 76, "available_car": 35, "availability_rate": 0.4605263157894737, "status": "充足", "lat": 25.049081413815124, "lon": 121.55254169411948}}, {"type": "Feature", "geometry": {"type": "Point", "coordinates": [121.5049, 25.0476]}, "properties": {"city": "TPE", "parking_id": "TPE0010", "name": "洛陽綜合立體停車場", "area": "萬華區", "address": "環河南路1段1號", "service_time": "00:00:00-23:59:59", "operator_type": "本處自營停車場", "kind": "D", "total_car": 1295, "available_car": 166, "availability_rate": 0.12818532818532818, "status": "偏滿", "lat": 25.0476, "lon": 121.5049}}, {"type": "Feature", "geometry": {"type": "Point", "coordinates": [121.5107, 25.0441]}, "properties": {"city": "TPE", "parking_id": "TPE0011", "name": "中山堂地下停車場", "area": "中正區", "address": "延平南路98號地下1至2層", "service_time": "00:00:00-23:59:59", "operator_type": "本處委外停車場", "kind": "D", "total_car": 441, "available_car": 42, "availability_rate": 0.09523809523809523, "status": "緊張", "lat": 25.0441, "lon": 121.5107}}, {"type": "Feature", "geometry": {"type": "Point", "coordinates": [121.5481, 25.0569]}, "properties": {"city": "TPE", "parking_id": "TPE0020", "name": "USPACE宏泰世界大樓停車場", "area": "松山區", "address": "敦化北路168號地下2至5層", "service_time": "00:00:00-23:59:59", "operator_type": "民營停車場", "kind": "D", "total_car": 272, "available_car": 30, "availability_rate": 0.11029411764705882, "status": "偏滿", "lat": 25.0569, "lon": 121.5481}}, {"type": "Feature", "geometry": {"type": "Point", "coordinates": [121.5631, 25.0359]}, "properties": {"city": "TPE", "parking_id": "TPE0022", "name": "台北君悅酒店停車場", "area": "信義區", "address": "松壽路2號地下1至2層", "service_time": "00:00:00-23:59:59", "operator_type": "民營停車場", "kind": "S", "total_car": 490, "available_car": 316, "availability_rate": 0.6448979591836734, "status": "充足", "lat": 25.0359, "lon": 121.5631}}, {"type": "Feature", "geometry": {"type": "Point", "coordinates": [121.5263, 25.0594]}, "properties": {"city": "TPE", "parking_id": "TPE0027", "name": "台灣捷通林森停車場", "area": "中山區", "address": "錦州街46、48號地下1層，林森北路413號、錦州街46、48、50號地下2層", "service_time": "00:00:00-23:59:59", "operator_type": "民營停車場", "kind": "D", "total_car": 89, "available_car": 87, "availability_rate": 0.9775280898876404, "status": "充足", "lat": 25.0594, "lon": 121.5263}}, {"type": "Feature", "geometry": {"type": "Point", "coordinates": [121.5565, 25.051]}, "properties": {"city": "TPE", "parking_id": "TPE0032", "name": "台灣聯通新高停車場", "area": "松山區", "address": "南京東路4段162-1號地下2樓", "service_time": "00:00:00-23:59:59", "operator_type": "民營停車場", "kind": "D", "total_car": 18, "available_car": 1, "availability_rate": 0.05555555555555555, "status": "緊張", "lat": 25.051, "lon": 121.5565}}, {"type": "Feature", "geometry": {"type": "Point", "coordinates": [121.56084003343143, 25.033178997663555]}, "properties": {"city": "TPE", "parking_id": "TPE0033", "name": "嘟嘟房世貿站停車場", "area": "信義區", "address": "信義路5段1號地下1至地下2層", "service_time": "00:00:00-23:59:59", "operator_type": "中央機關學校委外", "kind": "D", "total_car": 382, "available_car": 43, "availability_rate": 0.112565445026178, "status": "偏滿", "lat": 25.033178997663555, "lon": 121.56084003343143}}, {"type": "Feature", "geometry": {"type": "Point", "coordinates": [121.5079, 25.0336]}, "properties": {"city": "TPE", "parking_id": "TPE0044", "name": "台灣聯通南門停車場", "area": "中正區", "address": "延平南路189號地下2層", "service_time": "00:00:00-23:59:59", "operator_type": "民營停車場", "kind": "D", "total_car": 59, "available_car": 1, "availability_rate": 0.01694915254237288, "status": "緊張", "lat": 25.0336, "lon": 121.5079}}, {"type": "Feature", "geometry": {"type": "Point", "coordinates": [121.5296, 25.0428]}, "properties": {"city": "TPE", "parking_id": "TPE0045", "name": "台灣聯通華山停車場", "area": "中正區", "address": "忠孝東路2段88號地下2至5層", "service_time": "00:00:00-23:59:59", "operator_type": "民營停車場", "kind": "D", "total_car": 150, "available_car": 63, "availability_rate": 0.42, "status": "充足", "lat": 25.0428, "lon": 121.5296}}, {"type": "Feature", "geometry": {"type": "Point", "coordinates": [121.5516, 25.0624]}, "properties": {"city": "TPE", "parking_id": "TPE0046", "name": "臺北國際航空站第1號停車場", "area": "松山區", "address": "敦化北路340號之9", "service_time": "00:00:00-23:59:59", "operator_type": "中央機關學校委外", "kind": "D", "total_car": 111, "available_car": 6, "availability_rate": 0.05405405405405406, "status": "緊張", "lat": 25.0624, "lon": 121.5516}}, {"type": "Feature", "geometry": {"type": "Point", "coordinates": [121.52, 25.0473]}, "properties": {"city": "TPE", "parking_id": "TPE0047", "name": "臺北車站東區地下停車場", "area": "中正區", "address": "北平西路3號地下1層（東區）", "service_time": "00:00:00-23:59:59", "operator_type": "民營停車場", "kind": "D", "total_car": 258, "available_car": 15, "availability_rate": 0.05813953488372093, "status": "緊張", "lat": 25.0473, "lon": 121.52}}, {"type": "Feature", "geometry": {"type": "Point", "coordinates": [121.5207, 25.0963]}, "properties": {"city": "TPE", "parking_id": "TPE0049", "name": "叭叭房新光醫院地下停車場", "area": "士林區", "address": "文昌路95號地下3層", "service_time": "00:00:00-23:59:59", "operator_type": "民營停車場", "kind": "D", "total_car": 85, "available_car": 0, "availability_rate": 0.0, "status": "滿車", "lat": 25.0963, "lon": 121.5207}}, {"type": "Feature", "geometry": {"type": "Point", "coordinates": [121.5202, 25.1212]}, "properties": {"city": "TPE", "parking_id": "TPE0050", "name": "臺北榮民總醫院地面停車場", "area": "北投區", "address": "石牌路2段201號", "service_time": "00:00:00-23:59:59", "operator_type": "民營停車場", "kind": "S", "total_car": 209, "available_car": 177, "availability_rate": 0.84688995215311, "status": "充足", "lat": 25.1212, "lon": 121.5202}}, {"type": "Feature", "geometry": {"type": "Point", "coordinates": [121.5715, 25.0495]}, "properties": {"city": "TPE", "parking_id": "TPE0051", "name": "八德立體停車場", "area": "松山區", "address": "八德路4段580號(地下1層及地上10層)", "service_time": "00:00:00-23:59:59", "operator_type": "本處委外停車場", "kind": "D", "total_car": 310, "available_car": 75, "availability_rate": 0.24193548387096775, "status": "偏滿", "lat": 25.0495, "lon": 121.5715}}, {"type": "Feature", "geometry": {"type": "Point", "coordinates": [121.5625, 25.0509]}, "properties": {"city": "TPE", "parking_id": "TPE0053", "name": "台灣聯通大千停車場", "area": "松山區", "address": "南京東路5段108號地下1至2層", "service_time": "00:00:00-23:59:59", "operator_type": "民營停車場", "kind": "D", "total_car": 31, "available_car": 14, "availability_rate": 0.45161290322580644, "status": "充足", "lat": 25.0509, "lon": 121.5625}}, {"type": "Feature", "geometry": {"type": "Point", "coordinates": [121.5631, 25.0599]}, "properties": {"city": "TPE", "parking_id": "TPE0054", "name": "民生社區中心地下停車場", "area": "松山區", "address": "民生東路5段163之1號地下室［地下2至3］層", "service_time": "00:00:00-23:59:59", "operator_type": "本處委外停車場", "kind": "D", "total_car": 151, "available_car": 7, "availability_rate": 0.046357615894039736, "status": "緊張", "lat": 25.0599, "lon": 121.5631}}, {"type": "Feature", "geometry": {"type": "Point", "coordinates": [121.5105, 25.051]}, "properties": {"city": "TPE", "parking_id": "TPE0056", "name": "塔城公園地下停車場", "area": "大同區", "address": "塔城街11號地下共2層", "service_time": "00:00:00-23:59:59", "operator_type": "本處委外停車場", "kind": "D", "total_car": 157, "available_car": 0, "availability_rate": 0.0, "status": "滿車", "lat": 25.051, "lon": 121.5105}}, {"type": "Feature", "geometry": {"type": "Point", "coordinates": [121.5234, 25.0857]}, "properties": {"city": "TPE", "parking_id": "TPE0058", "name": "百齡高中地下停車場", "area": "士林區", "address": "承德路4段175號地下", "service_time": "00:00:00-23:59:59", "operator_type": "本處委外停車場", "kind": "D", "total_car": 231, "available_car": 74, "availability_rate": 0.3203463203463203, "status": "充足", "lat": 25.0857, "lon": 121.5234}}, {"type": "Feature", "geometry": {"type": "Point", "coordinates": [121.5443, 25.0476]}, "properties": {"city": "TPE", "parking_id": "TPE0059", "name": "台灣聯通中興停車場", "area": "松山區", "address": "復興南路1段1號地下2層", "service_time": "臨停：08-24；月租：24小時", "operator_type": "民營停車場", "kind": "D", "total_car": 18, "available_car": 11, "availability_rate": 0.6111111111111112, "status": "充足", "lat": 25.0476, "lon": 121.5443}}, {"type": "Feature", "geometry": {"type": "Point", "coordinates": [121.5154, 25.0455]}, "properties": {"city": "TPE", "parking_id": "TPE0061", "name": "新光摩天大樓停車場", "area": "中正區", "address": "忠孝西路1段66號地下3至5層", "service_time": "00:00:00-23:59:59", "operator_type": "民營停車場", "kind": "S", "total_car": 288, "available_car": 286, "availability_rate": 0.9930555555555556, "status": "充足", "lat": 25.0455, "lon": 121.5154}}, {"type": "Feature", "geometry": {"type": "Point", "coordinates": [121.5214, 25.0859]}, "properties": {"city": "TPE", "parking_id": "TPE0062", "name": "前港公園地下停車場", "area": "士林區", "address": "前港街45號地下", "service_time": "00:00:00-23:59:59", "operator_type": "本處自營停車場", "kind": "D", "total_car": 528, "available_car": 95, "availability_rate": 0.17992424242424243, "status": "偏滿", "lat": 25.0859, "lon": 121.5214}}, {"type": "Feature", "geometry": {"type": "Point", "coordinates": [121.543, 25.0421]}, "properties": {"city": "TPE", "parking_id": "TPE0064", "name": "停車棧忠孝復興站", "area": "大安區", "address": "忠孝東路3段305號地下2層", "service_time": "00:00:00-23:59:59", "operator_type": "民營停車場", "kind": "D", "total_car": 19, "available_car": 8, "availability_rate": 0.42105263157894735, "status": "充足", "lat": 25.0421, "lon": 121.543}}, {"type": "Feature", "geometry": {"type": "Point", "coordinates": [121.56966014310726, 24.989548851759626]}, "properties": {"city": "TPE", "parking_id": "TPE0065", "name": "臺北市文山區行政中心停車場", "area": "文山區", "address": "木柵路3段220號", "service_time": "平面24小時，地下室8時至18時", "operator_type": "市屬機關學校自營", "kind": "D", "total_car": 132, "available_car": 2, "availability_rate": 0.015151515151515152, "status": "緊張", "lat": 24.989548851759626, "lon": 121.56966014310726}}, {"type": "Feature", "geometry": {"type": "Point", "coordinates": [121.5501, 25.0258]}, "properties": {"city": "TPE", "parking_id": "TPE0069", "name": "遠企中心地下停車場", "area": "大安區", "address": "敦化南路2段207號地下4至5層", "service_time": "00:00:00-23:59:59", "operator_type": "民營停車場", "kind": "D", "total_car": 422, "available_car": 50, "availability_rate": 0.11848341232227488, "status": "偏滿", "lat": 25.0258, "lon": 121.5501}}, {"type": "Feature", "geometry": {"type": "Point", "coordinates": [121.5664, 25.037]}, "properties": {"city": "TPE", "parking_id": "TPE0070", "name": "松壽廣場地下停車場", "area": "信義區", "address": "松智路15號（地下共3層）", "service_time": "00:00:00-23:59:59", "operator_type": "本處委外停車場", "kind": "D", "total_car": 446, "available_car": 34, "availability_rate": 0.07623318385650224, "status": "緊張", "lat": 25.037, "lon": 121.5664}}, {"type": "Feature", "geometry": {"type": "Point", "coordinates": [121.5637, 25.0441]}, "properties": {"city": "TPE", "parking_id": "TPE0072", "name": "松山高中地下停車場", "area": "信義區", "address": "基隆路1段156號地下", "service_time": "00:00:00-23:59:59", "operator_type": "本處自營停車場", "kind": "D", "total_car": 226, "available_car": 20, "availability_rate": 0.08849557522123894, "status": "緊張", "lat": 25.0441, "lon": 121.5637}}, {"type": "Feature", "geometry": {"type": "Point", "coordinates": [121.521, 25.1197]}, "properties": {"city": "TPE", "parking_id": "TPE0073", "name": "臺北榮民總醫院立體停車場", "area": "北投區", "address": "石牌路2段201號地下1至地上10層", "service_time": "00:00:00-23:59:59", "operator_type": "民營停車場", "kind": "S", "total_car": 812, "available_car": 505, "availability_rate": 0.6219211822660099, "status": "充足", "lat": 25.1197, "lon": 121.521}}, {"type": "Feature", "geometry": {"type": "Point", "coordinates": [121.5806, 25.0468]}, "properties": {"city": "TPE", "parking_id": "TPE0075", "name": "五分埔公園地下停車場", "area": "信義區", "address": "中坡北路57號地下", "service_time": "00:00:00-23:59:59", "operator_type": "本處自營停車場", "kind": "D", "total_car": 209, "available_car": 12, "availability_rate": 0.05741626794258373, "status": "緊張", "lat": 25.0468, "lon": 121.5806}}, {"type": "Feature", "geometry": {"type": "Point", "coordinates": [121.5473, 24.9995]}, "properties": {"city": "TPE", "parking_id": "TPE0080", "name": "興隆市場旁平面停車場", "area": "文山區", "address": "興隆路2段97號旁", "service_time": "00:00:00-23:59:59", "operator_type": "本處委外停車場", "kind": "D", "total_car": 35, "available_car": 10, "availability_rate": 0.2857142857142857, "status": "偏滿", "lat": 24.9995, "lon": 121.5473}}, {"type": "Feature", "geometry": {"type": "Point", "coordinates": [121.5419, 25.0462]}, "properties": {"city": "TPE", "parking_id": "TPE0081", "name": "台灣聯通安東停車場", "area": "中山區", "address": "安東街8號旁", "service_time": "00:00:00-23:59:59", "operator_type": "民營停車場", "kind": "D", "total_car": 38, "available_car": 13, "availability_rate": 0.34210526315789475, "status": "充足", "lat": 25.0462, "lon": 121.5419}}, {"type": "Feature", "geometry": {"type": "Point", "coordinates": [121.5587, 25.0622]}, "properties": {"city": "TPE", "parking_id": "TPE0082", "name": "民權公園地下停車場", "area": "松山區", "address": "民權東路4段180號地下(地下共3層)", "service_time": "00:00:00-23:59:59", "operator_type": "本處委外停車場", "kind": "D", "total_car": 716, "available_car": 136, "availability_rate": 0.18994413407821228, "status": "偏滿", "lat": 25.0622, "lon": 121.5587}}, {"type": "Feature", "geometry": {"type": "Point", "coordinates": [121.4992, 25.1308]}, "properties": {"city": "TPE", "parking_id": "TPE0084", "name": "中壽北投站停車場", "area": "北投區", "address": "大業路452巷60、62號地下3至5層", "service_time": "00:00:00-23:59:59", "operator_type": "民營停車場", "kind": "D", "total_car": 291, "available_car": 136, "availability_rate": 0.46735395189003437, "status": "充足", "lat": 25.1308, "lon": 121.4992}}, {"type": "Feature", "geometry": {"type": "Point", "coordinates": [121.5159, 25.0485]}, "properties": {"city": "TPE", "parking_id": "TPE0085", "name": "臺北車站西側地上停車場", "area": "中正區", "address": "北平西路3號（西側）", "service_time": "00:00:00-23:59:59", "operator_type": "民營停車場", "kind": "D", "total_car": 96, "available_car": 10, "availability_rate": 0.10416666666666667, "status": "偏滿", "lat": 25.0485, "lon": 121.5159}}, {"type": "Feature", "geometry": {"type": "Point", "coordinates": [121.5317, 25.0296]}, "properties": {"city": "TPE", "parking_id": "TPE0086", "name": "金華公園地下停車場", "area": "大安區", "address": "金華街190號地下", "service_time": "00:00:00-23:59:59", "operator_type": "本處自營停車場", "kind": "D", "total_car": 193, "available_car": 0, "availability_rate": 0.0, "status": "滿車", "lat": 25.0296, "lon": 121.5317}}, {"type": "Feature", "geometry": {"type": "Point", "coordinates": [121.5202, 25.0374]}, "properties": {"city": "TPE", "parking_id": "TPE0088", "name": "歐特儀股份有限公司兩廳院地下停車場", "area": "中正區", "address": "中山南路21-1號地下1層", "service_time": "00:00:00-23:59:59", "operator_type": "中央機關學校委外", "kind": "D", "total_car": 695, "available_car": 79, "availability_rate": 0.11366906474820145, "status": "偏滿", "lat": 25.0374, "lon": 121.5202}}, {"type": "Feature", "geometry": {"type": "Point", "coordinates": [121.533, 25.1163]}, "properties": {"city": "TPE", "parking_id": "TPE0089", "name": "新光天母傑仕堡停車場", "area": "士林區", "address": "忠誠路2段180、182、184、186、188號地下1-3層", "service_time": "00:00:00-23:59:59", "operator_type": "民營停車場", "kind": "D", "total_car": 187, "available_car": 0, "availability_rate": 0.0, "status": "滿車", "lat": 25.1163, "lon": 121.533}}, {"type": "Feature", "geometry": {"type": "Point", "coordinates": [121.5099, 25.0239]}, "properties": {"city": "TPE", "parking_id": "TPE0092", "name": "古亭國中地下停車場", "area": "萬華區", "address": "中華路2段606巷1號地下", "service_time": "00:00:00-23:59:59", "operator_type": "本處自營停車場", "kind": "D", "total_car": 260, "available_car": 58, "availability_rate": 0.2230769230769231, "status": "偏滿", "lat": 25.0239, "lon": 121.5099}}, {"type": "Feature", "geometry": {"type": "Point", "coordinates": [121.5374, 25.0319]}, "properties": {"city": "TPE", "parking_id": "TPE0095", "name": "大安森林公園地下停車場", "area": "大安區", "address": "建國南路2段2號地下", "service_time": "00:00:00-23:59:59", "operator_type": "本處自營停車場", "kind": "D", "total_car": 1360, "available_car": 41, "availability_rate": 0.030147058823529412, "status": "緊張", "lat": 25.0319, "lon": 121.5374}}, {"type": "Feature", "geometry": {"type": "Point", "coordinates": [121.563, 25.0359]}, "properties": {"city": "TPE", "parking_id": "TPE0096", "name": "府前廣場地下停車場", "area": "信義區", "address": "松壽路1號(地下共2層)", "service_time": "00:00:00-23:59:59", "operator_type": "本處委外停車場", "kind": "D", "total_car": 1998, "available_car": 161, "availability_rate": 0.08058058058058058, "status": "緊張", "lat": 25.0359, "lon": 121.563}}, {"type": "Feature", "geometry": {"type": "Point", "coordinates": [121.5409, 25.0328]}, "properties": {"city": "TPE", "parking_id": "TPE0098", "name": "大安高工地下停車場", "area": "大安區", "address": "信義路3段166巷6弄12號地下(共2層)", "service_time": "00:00:00-23:59:59", "operator_type": "本處委外停車場", "kind": "D", "total_car": 522, "available_car": 46, "availability_rate": 0.08812260536398467, "status": "緊張", "lat": 25.0328, "lon": 121.5409}}, {"type": "Feature", "geometry": {"type": "Point", "coordinates": [121.5192, 25.0482]}, "properties": {"city": "TPE", "parking_id": "TPE0099", "name": "市民大道公中段停車場", "area": "中山區", "address": "公園路至中山北路地下室", "service_time": "00:00:00-23:59:59", "operator_type": "本處委外停車場", "kind": "D", "total_car": 186, "available_car": 1, "availability_rate": 0.005376344086021506, "status": "緊張", "lat": 25.0482, "lon": 121.5192}}, {"type": "Feature", "geometry": {"type": "Point", "coordinates": [121.5222, 25.048]}, "properties": {"city": "TPE", "parking_id": "TPE0100", "name": "市民大道中林段停車場", "area": "中山區", "address": "市民大道2段(中山北路至林森北路)地下1-2層", "service_time": "00:00:00-23:59:59", "operator_type": "本處委外停車場", "kind": "D", "total_car": 496, "available_car": 126, "availability_rate": 0.2540322580645161, "status": "偏滿", "lat": 25.048, "lon": 121.5222}}, {"type": "Feature", "geometry": {"type": "Point", "coordinates": [121.5193, 25.0961]}, "properties": {"city": "TPE", "parking_id": "TPE0101", "name": "臺北市立天文科學教育館地下及戶外平面停車場", "area": "士林區", "address": "基河路363號地上1層及地下1至2層", "service_time": "戶外平面：週二至週五17:30至翌日8:30；週六、日及休館日(週一)全日。地下停車場：平日8時至17:30(16時起禁止進場)，週六8時至21時(20時起禁止進場)，週一休館停止開放(國定假日除外)。", "operator_type": "市屬機關學校自營", "kind": "S", "total_car": 279, "available_car": 49, "availability_rate": 0.17562724014336917, "status": "偏滿", "lat": 25.0961, "lon": 121.5193}}, {"type": "Feature", "geometry": {"type": "Point", "coordinates": [121.5014, 25.1367]}, "properties": {"city": "TPE", "parking_id": "TPE0102", "name": "嘟嘟房捷運新北投站停車場", "area": "北投區", "address": "大業路700號", "service_time": "00:00:00-23:59:59", "operator_type": "市屬機關學校委外", "kind": "S", "total_car": 24, "available_car": 5, "availability_rate": 0.20833333333333334, "status": "偏滿", "lat": 25.1367, "lon": 121.5014}}, {"type": "Feature", "geometry": {"type": "Point", "coordinates": [121.5148, 25.116]}, "properties": {"city": "TPE", "parking_id": "TPE0103", "name": "嘟嘟房捷運石牌站停車場", "area": "北投區", "address": "石牌路1段200號", "service_time": "00:00:00-23:59:59", "operator_type": "市屬機關學校委外", "kind": "S", "total_car": 64, "available_car": 0, "availability_rate": 0.0, "status": "滿車", "lat": 25.116, "lon": 121.5148}}, {"type": "Feature", "geometry": {"type": "Point", "coordinates": [121.5079, 25.1208]}, "properties": {"city": "TPE", "parking_id": "TPE0104", "name": "嘟嘟房捷運唭哩岸站停車場", "area": "北投區", "address": "東華街2段301號", "service_time": "00:00:00-23:59:59", "operator_type": "市屬機關學校委外", "kind": "S", "total_car": 37, "available_car": 0, "availability_rate": 0.0, "status": "滿車", "lat": 25.1208, "lon": 121.5079}}, {"type": "Feature", "geometry": {"type": "Point", "coordinates": [121.5426, 25.0361]}, "properties": {"city": "TPE", "parking_id": "TPE0106", "name": "附中公園地下停車場", "area": "大安區", "address": "復興南路1段340巷11號地下1至2層", "service_time": "00:00:00-23:59:59", "operator_type": "本處委外停車場", "kind": "D", "total_car": 115, "available_car": 33, "availability_rate": 0.28695652173913044, "status": "偏滿", "lat": 25.0361, "lon": 121.5426}}, {"type": "Feature", "geometry": {"type": "Point", "coordinates": [121.5729, 25.0348]}, "properties": {"city": "TPE", "parking_id": "TPE0108", "name": "興雅國中地下停車場", "area": "信義區", "address": "松德路200巷18號地下", "service_time": "00:00:00-23:59:59", "operator_type": "本處自營停車場", "kind": "D", "total_car": 447, "available_car": 68, "availability_rate": 0.15212527964205816, "status": "偏滿", "lat": 25.0348, "lon": 121.5729}}, {"type": "Feature", "geometry": {"type": "Point", "coordinates": [121.5405, 25.0447]}, "properties": {"city": "TPE", "parking_id": "TPE0109", "name": "市民大道建復段停車場", "area": "中山區", "address": "市民大道3段(建國南路至復興南路)地下(地下共1層)", "service_time": "00:00:00-23:59:59", "operator_type": "本處委外停車場", "kind": "D", "total_car": 178, "available_car": 19, "availability_rate": 0.10674157303370786, "status": "偏滿", "lat": 25.0447, "lon": 121.5405}}, {"type": "Feature", "geometry": {"type": "Point", "coordinates": [121.5256, 25.0477]}, "properties": {"city": "TPE", "parking_id": "TPE0110", "name": "市民大道林金段停車場", "area": "中山區", "address": "市民大道2段(林森北路至金山北路)地下1至2層", "service_time": "00:00:00-23:59:59", "operator_type": "本處委外停車場", "kind": "D", "total_car": 973, "available_car": 262, "availability_rate": 0.2692702980472765, "status": "偏滿", "lat": 25.0477, "lon": 121.5256}}, {"type": "Feature", "geometry": {"type": "Point", "coordinates": [121.4715, 25.1299]}, "properties": {"city": "TPE", "parking_id": "TPE0114", "name": "嘟嘟房捷運忠義站停車場", "area": "北投區", "address": "中央北路4段301號", "service_time": "00:00:00-23:59:59", "operator_type": "市屬機關學校委外", "kind": "S", "total_car": 44, "available_car": 1, "availability_rate": 0.022727272727272728, "status": "緊張", "lat": 25.1299, "lon": 121.4715}}, {"type": "Feature", "geometry": {"type": "Point", "coordinates": [121.5534, 25.014]}, "properties": {"city": "TPE", "parking_id": "TPE0116", "name": "助安企業股份有限公司辛亥路高架橋下停車場", "area": "大安區", "address": "辛亥路3段330號(懷愛館)對面橋下空間", "service_time": "00:00:00-23:59:59", "operator_type": "市屬機關學校委外", "kind": "S", "total_car": 150, "available_car": 131, "availability_rate": 0.8733333333333333, "status": "充足", "lat": 25.014, "lon": 121.5534}}, {"type": "Feature", "geometry": {"type": "Point", "coordinates": [121.5314, 25.1054]}, "properties": {"city": "TPE", "parking_id": "TPE0118", "name": "臺北市立聯合醫院-陽明院區停車場", "area": "士林區", "address": "雨聲街105號", "service_time": "00:00:00-23:59:59", "operator_type": "市屬機關學校委外", "kind": "D", "total_car": 57, "available_car": 26, "availability_rate": 0.45614035087719296, "status": "充足", "lat": 25.1054, "lon": 121.5314}}, {"type": "Feature", "geometry": {"type": "Point", "coordinates": [121.5377, 25.0462]}, "properties": {"city": "TPE", "parking_id": "TPE0120", "name": "進安公園地下停車場", "area": "中山區", "address": "八德路2段158號地下1至3層", "service_time": "00:00:00-23:59:59", "operator_type": "本處委外停車場", "kind": "D", "total_car": 151, "available_car": 35, "availability_rate": 0.23178807947019867, "status": "偏滿", "lat": 25.0462, "lon": 121.5377}}, {"type": "Feature", "geometry": {"type": "Point", "coordinates": [121.5244, 25.0679]}, "properties": {"city": "TPE", "parking_id": "TPE0123", "name": "中山北路3段55巷平面停車場", "area": "中山區", "address": "中山北路3段55巷", "service_time": "00:00:00-23:59:59", "operator_type": "本處委外停車場", "kind": "D", "total_car": 59, "available_car": 1, "availability_rate": 0.01694915254237288, "status": "緊張", "lat": 25.0679, "lon": 121.5244}}, {"type": "Feature", "geometry": {"type": "Point", "coordinates": [121.5309, 25.0686]}, "properties": {"city": "TPE", "parking_id": "TPE0125", "name": "新生公園停車場", "area": "中山區", "address": "民族東路與吉林路口(新生公園溫水游泳池旁)", "service_time": "00:00:00-23:59:59", "operator_type": "本處委外停車場", "kind": "D", "total_car": 114, "available_car": 0, "availability_rate": 0.0, "status": "滿車", "lat": 25.0686, "lon": 121.5309}}, {"type": "Feature", "geometry": {"type": "Point", "coordinates": [121.5335, 25.0225]}, "properties": {"city": "TPE", "parking_id": "TPE0127", "name": "辛亥高架橋下停車場", "area": "大安區", "address": "新生南路、辛亥高架橋下", "service_time": "00:00:00-23:59:59", "operator_type": "本處委外停車場", "kind": "D", "total_car": 89, "available_car": 10, "availability_rate": 0.11235955056179775, "status": "偏滿", "lat": 25.0225, "lon": 121.5335}}, {"type": "Feature", "geometry": {"type": "Point", "coordinates": [121.5583, 25.006]}, "properties": {"city": "TPE", "parking_id": "TPE0128", "name": "辛亥國小地下停車場", "area": "文山區", "address": "辛亥路4段103號地下共2層", "service_time": "00:00:00-23:59:59", "operator_type": "本處委外停車場", "kind": "D", "total_car": 129, "available_car": 25, "availability_rate": 0.1937984496124031, "status": "偏滿", "lat": 25.006, "lon": 121.5583}}, {"type": "Feature", "geometry": {"type": "Point", "coordinates": [121.5446, 25.0378]}, "properties": {"city": "TPE", "parking_id": "TPE0129", "name": "臺北市立聯合醫院-仁愛院區停車場", "area": "大安區", "address": "仁愛路4段10號", "service_time": "00:00:00-23:59:59", "operator_type": "市屬機關學校委外", "kind": "S", "total_car": 60, "available_car": 29, "availability_rate": 0.48333333333333334, "status": "充足", "lat": 25.0378, "lon": 121.5446}}, {"type": "Feature", "geometry": {"type": "Point", "coordinates": [121.56621014160127, 25.036131122574474]}, "properties": {"city": "TPE", "parking_id": "TPE0130", "name": "新光三越百貨股份有限公司台北信義分公司停車場", "area": "信義區", "address": "松壽路11號地下3、4、5層", "service_time": "平日：11時至21時30分；假日：11時至22時", "operator_type": "民營停車場", "kind": "S", "total_car": 284, "available_car": 2, "availability_rate": 0.007042253521126761, "status": "緊張", "lat": 25.036131122574474, "lon": 121.56621014160127}}, {"type": "Feature", "geometry": {"type": "Point", "coordinates": [121.5418, 25.0542]}, "properties": {"city": "TPE", "parking_id": "TPE0134", "name": "龍江平面停車場", "area": "中山區", "address": "龍江路155巷與遼寧街口", "service_time": "00:00:00-23:59:59", "operator_type": "本處委外停車場", "kind": "D", "total_car": 26, "available_car": 0, "availability_rate": 0.0, "status": "滿車", "lat": 25.0542, "lon": 121.5418}}, {"type": "Feature", "geometry": {"type": "Point", "coordinates": [121.5453, 25.042]}, "properties": {"city": "TPE", "parking_id": "TPE0135", "name": "太平洋崇光百貨股份有限公司忠孝店停車場", "area": "大安區", "address": "忠孝東路4段45號地下2至3層", "service_time": "09:00:00-22:00:00", "operator_type": "民營停車場", "kind": "S", "total_car": 104, "available_car": 0, "availability_rate": 0.0, "status": "滿車", "lat": 25.042, "lon": 121.5453}}, {"type": "Feature", "geometry": {"type": "Point", "coordinates": [121.56665984925857, 25.035673491702116]}, "properties": {"city": "TPE", "parking_id": "TPE0136", "name": "威秀A16停車場", "area": "信義區", "address": "松壽路18號地下1層", "service_time": "00:00:00-23:59:59", "operator_type": "民營停車場", "kind": "D", "total_car": 75, "available_car": 60, "availability_rate": 0.8, "status": "充足", "lat": 25.035673491702116, "lon": 121.56665984925857}}, {"type": "Feature", "geometry": {"type": "Point", "coordinates": [121.56740012067482, 25.035641325895828]}, "properties": {"city": "TPE", "parking_id": "TPE0137", "name": "威秀A17停車場", "area": "信義區", "address": "松壽路20號地下1至2層", "service_time": "00:00:00-23:59:59", "operator_type": "民營停車場", "kind": "D", "total_car": 105, "available_car": 48, "availability_rate": 0.45714285714285713, "status": "充足", "lat": 25.035641325895828, "lon": 121.56740012067482}}, {"type": "Feature", "geometry": {"type": "Point", "coordinates": [121.5064, 25.0458]}, "properties": {"city": "TPE", "parking_id": "TPE0138", "name": "新光育樂股份有限公司獅子林停車場", "area": "萬華區", "address": "西寧南路36號地下2至3層", "service_time": "00:00:00-23:59:59", "operator_type": "民營停車場", "kind": "S", "total_car": 94, "available_car": 10, "availability_rate": 0.10638297872340426, "status": "偏滿", "lat": 25.0458, "lon": 121.5064}}, {"type": "Feature", "geometry": {"type": "Point", "coordinates": [121.5858, 25.0016]}, "properties": {"city": "TPE", "parking_id": "TPE0139", "name": "嘟嘟房捷運木柵機廠站停車場", "area": "文山區", "address": "新光路2段19號地上2至4層", "service_time": "假日24小時（僅開放0800-1600，1600後仍開放取車）", "operator_type": "市屬機關學校委外", "kind": "D", "total_car": 678, "available_car": 0, "availability_rate": 0.0, "status": "滿車", "lat": 25.0016, "lon": 121.5858}}, {"type": "Feature", "geometry": {"type": "Point", "coordinates": [121.5266, 25.0927]}, "properties": {"city": "TPE", "parking_id": "TPE0140", "name": "嘟嘟房捷運士林站停車場", "area": "士林區", "address": "福德路1號", "service_time": "00:00:00-23:59:59", "operator_type": "市屬機關學校委外", "kind": "D", "total_car": 61, "available_car": 0, "availability_rate": 0.0, "status": "滿車", "lat": 25.0927, "lon": 121.5266}}, {"type": "Feature", "geometry": {"type": "Point", "coordinates": [121.5855, 25.0467]}, "properties": {"city": "TPE", "parking_id": "TPE0142", "name": "臺北市立聯合醫院-忠孝院區停車場", "area": "南港區", "address": "同德路87號", "service_time": "00:00:00-23:59:59", "operator_type": "市屬機關學校委外", "kind": "D", "total_car": 20, "available_car": 12, "availability_rate": 0.6, "status": "充足", "lat": 25.0467, "lon": 121.5855}}, {"type": "Feature", "geometry": {"type": "Point", "coordinates": [121.5106, 25.0896]}, "properties": {"city": "TPE", "parking_id": "TPE0144", "name": "社中街平面停車場", "area": "士林區", "address": "社中街94號旁", "service_time": "00:00:00-23:59:59", "operator_type": "本處委外停車場", "kind": "D", "total_car": 31, "available_car": 0, "availability_rate": 0.0, "status": "滿車", "lat": 25.0896, "lon": 121.5106}}, {"type": "Feature", "geometry": {"type": "Point", "coordinates": [121.56659993323429, 25.03638242237088]}, "properties": {"city": "TPE", "parking_id": "TPE0145", "name": "新光三越百貨公司台北信義分公司三館停車場", "area": "信義區", "address": "松壽路9號地下3、4、5層", "service_time": "11:00:00-22:30:00", "operator_type": "民營停車場", "kind": "D", "total_car": 186, "available_car": 0, "availability_rate": 0.0, "status": "滿車", "lat": 25.03638242237088, "lon": 121.56659993323429}}, {"type": "Feature", "geometry": {"type": "Point", "coordinates": [121.5429, 25.0361]}, "properties": {"city": "TPE", "parking_id": "TPE0147", "name": "台北市農會C區停車場", "area": "大安區", "address": "復興南路1段340巷附中公園東側空地(使用面積1,707平方公尺)", "service_time": "00:00:00-23:59:59", "operator_type": "民營停車場", "kind": "S", "total_car": 48, "available_car": 16, "availability_rate": 0.3333333333333333, "status": "充足", "lat": 25.0361, "lon": 121.5429}}, {"type": "Feature", "geometry": {"type": "Point", "coordinates": [121.5431, 25.0361]}, "properties": {"city": "TPE", "parking_id": "TPE0148", "name": "台北市農會A區停車場", "area": "大安區", "address": "復興南路1段340巷空地(使用面積1,167平方公尺)", "service_time": "00:00:00-23:59:59", "operator_type": "民營停車場", "kind": "S", "total_car": 40, "available_car": 10, "availability_rate": 0.25, "status": "偏滿", "lat": 25.0361, "lon": 121.5431}}, {"type": "Feature", "geometry": {"type": "Point", "coordinates": [121.542, 25.0367]}, "properties": {"city": "TPE", "parking_id": "TPE0150", "name": "台北市農會B區停車場", "area": "大安區", "address": "復興南路1段340巷附中公園旁(使用面積2,611平方公尺)", "service_time": "00:00:00-23:59:59", "operator_type": "民營停車場", "kind": "S", "total_car": 49, "available_car": 0, "availability_rate": 0.0, "status": "滿車", "lat": 25.0367, "lon": 121.542}}, {"type": "Feature", "geometry": {"type": "Point", "coordinates": [121.5518, 25.0516]}, "properties": {"city": "TPE", "parking_id": "TPE0151", "name": "臺北體育館地下停車場", "area": "松山區", "address": "南京東路4段10號地下1至2層", "service_time": "00:00:00-23:59:59", "operator_type": "市屬機關學校委外", "kind": "D", "total_car": 151, "available_car": 18, "availability_rate": 0.11920529801324503, "status": "偏滿", "lat": 25.0516, "lon": 121.5518}}, {"type": "Feature", "geometry": {"type": "Point", "coordinates": [121.5059, 25.0395]}, "properties": {"city": "TPE", "parking_id": "TPE0152", "name": "貴陽二停車場", "area": "萬華區", "address": "貴陽街2段26號", "service_time": "00:00:00-23:59:59", "operator_type": "民營停車場", "kind": "D", "total_car": 2, "available_car": 0, "availability_rate": 0.0, "status": "滿車", "lat": 25.0395, "lon": 121.5059}}, {"type": "Feature", "geometry": {"type": "Point", "coordinates": [121.5283, 25.019]}, "properties": {"city": "TPE", "parking_id": "TPE0154", "name": "耕莘文教院前平面停車場", "area": "中正區", "address": "辛亥路1段22號前（耕莘文教院前）", "service_time": "00:00:00-23:59:59", "operator_type": "本處委外停車場", "kind": "D", "total_car": 58, "available_car": 4, "availability_rate": 0.06896551724137931, "status": "緊張", "lat": 25.019, "lon": 121.5283}}, {"type": "Feature", "geometry": {"type": "Point", "coordinates": [121.5476, 25.0449]}, "properties": {"city": "TPE", "parking_id": "TPE0155", "name": "市民大道復敦段停車場", "area": "松山區", "address": "市民大道4段(復興南路至敦化南路)地下(地下共2層)", "service_time": "00:00:00-23:59:59", "operator_type": "本處委外停車場", "kind": "D", "total_car": 214, "available_car": 7, "availability_rate": 0.03271028037383177, "status": "緊張", "lat": 25.0449, "lon": 121.5476}}, {"type": "Feature", "geometry": {"type": "Point", "coordinates": [121.5203, 25.0603]}, "properties": {"city": "TPE", "parking_id": "TPE0156", "name": "成淵高中地下停車場", "area": "大同區", "address": "承德路2段235號之1地下", "service_time": "00:00:00-23:59:59", "operator_type": "本處委外停車場", "kind": "D", "total_car": 269, "available_car": 0, "availability_rate": 0.0, "status": "滿車", "lat": 25.0603, "lon": 121.5203}}, {"type": "Feature", "geometry": {"type": "Point", "coordinates": [121.586, 25.0458]}, "properties": {"city": "TPE", "parking_id": "TPE0157", "name": "成德立體停車場", "area": "南港區", "address": "成福路1號", "service_time": "00:00:00-23:59:59", "operator_type": "本處委外停車場", "kind": "D", "total_car": 180, "available_car": 9, "availability_rate": 0.05, "status": "緊張", "lat": 25.0458, "lon": 121.586}}, {"type": "Feature", "geometry": {"type": "Point", "coordinates": [121.5474, 25.1779]}, "properties": {"city": "TPE", "parking_id": "TPE0158", "name": "歐特儀股份有限公司小油坑停車場", "area": "北投區", "address": "竹子湖路69號", "service_time": "00:00:00-23:59:59", "operator_type": "中央機關學校委外", "kind": "D", "total_car": 60, "available_car": 49, "availability_rate": 0.8166666666666667, "status": "充足", "lat": 25.1779, "lon": 121.5474}}, {"type": "Feature", "geometry": {"type": "Point", "coordinates": [121.5391, 25.1545]}, "properties": {"city": "TPE", "parking_id": "TPE0160", "name": "陽明山立體停車場", "area": "北投區", "address": "湖山路(陽明山公園大門口旁)", "service_time": "00:00:00-23:59:59", "operator_type": "本處委外停車場", "kind": "D", "total_car": 209, "available_car": 75, "availability_rate": 0.3588516746411483, "status": "充足", "lat": 25.1545, "lon": 121.5391}}, {"type": "Feature", "geometry": {"type": "Point", "coordinates": [121.5213, 25.0749]}, "properties": {"city": "TPE", "parking_id": "TPE0161", "name": "兒童育樂中心平面停車場", "area": "中山區", "address": "玉門街與敦煌路口兒童育樂中心旁", "service_time": "00:00:00-23:59:59", "operator_type": "本處委外停車場", "kind": "D", "total_car": 86, "available_car": 46, "availability_rate": 0.5348837209302325, "status": "充足", "lat": 25.0749, "lon": 121.5213}}, {"type": "Feature", "geometry": {"type": "Point", "coordinates": [121.5308, 25.1252]}, "properties": {"city": "TPE", "parking_id": "TPE0162", "name": "天母公園平面停車場", "area": "士林區", "address": "中山北路7段191巷21號對面", "service_time": "00:00:00-23:59:59", "operator_type": "本處委外停車場", "kind": "D", "total_car": 14, "available_car": 0, "availability_rate": 0.0, "status": "滿車", "lat": 25.1252, "lon": 121.5308}}, {"type": "Feature", "geometry": {"type": "Point", "coordinates": [121.5507, 25.0447]}, "properties": {"city": "TPE", "parking_id": "TPE0163", "name": "市民大道敦延段停車場", "area": "松山區", "address": "市民大道4段(敦化南路至延吉街)地下(地下共2層)", "service_time": "00:00:00-23:59:59", "operator_type": "本處委外停車場", "kind": "D", "total_car": 217, "available_car": 58, "availability_rate": 0.2672811059907834, "status": "偏滿", "lat": 25.0447, "lon": 121.5507}}, {"type": "Feature", "geometry": {"type": "Point", "coordinates": [121.5522, 25.0444]}, "properties": {"city": "TPE", "parking_id": "TPE0164", "name": "市民大道延吉段停車場", "area": "松山區", "address": "市民大道4段(延吉街兩側)地下(地下共1層)", "service_time": "00:00:00-23:59:59", "operator_type": "本處委外停車場", "kind": "D", "total_car": 79, "available_car": 0, "availability_rate": 0.0, "status": "滿車", "lat": 25.0444, "lon": 121.5522}}, {"type": "Feature", "geometry": {"type": "Point", "coordinates": [121.5208, 25.0634]}, "properties": {"city": "TPE", "parking_id": "TPE0168", "name": "嘟嘟房天祥站停車場", "area": "中山區", "address": "民權西路53號", "service_time": "00:00:00-23:59:59", "operator_type": "民營停車場", "kind": "D", "total_car": 104, "available_car": 52, "availability_rate": 0.5, "status": "充足", "lat": 25.0634, "lon": 121.5208}}, {"type": "Feature", "geometry": {"type": "Point", "coordinates": [121.5042, 25.131]}, "properties": {"city": "TPE", "parking_id": "TPE0169", "name": "大豐公園地下停車場", "area": "北投區", "address": "大興街145號地下", "service_time": "00:00:00-23:59:59", "operator_type": "本處自營停車場", "kind": "D", "total_car": 234, "available_car": 36, "availability_rate": 0.15384615384615385, "status": "偏滿", "lat": 25.131, "lon": 121.5042}}, {"type": "Feature", "geometry": {"type": "Point", "coordinates": [121.5089, 25.0881]}, "properties": {"city": "TPE", "parking_id": "TPE0170", "name": "社正路平面停車場", "area": "士林區", "address": "社正路12號旁", "service_time": "00:00:00-23:59:59", "operator_type": "本處委外停車場", "kind": "D", "total_car": 31, "available_car": 28, "availability_rate": 0.9032258064516129, "status": "充足", "lat": 25.0881, "lon": 121.5089}}, {"type": "Feature", "geometry": {"type": "Point", "coordinates": [121.52330562322601, 25.066877785263998]}, "properties": {"city": "TPE", "parking_id": "TPE0172", "name": "德惠街停車場", "area": "中山區", "address": "德惠街5-1號旁空地", "service_time": "00:00:00-23:59:59", "operator_type": "民營停車場", "kind": "D", "total_car": 10, "available_car": 2, "availability_rate": 0.2, "status": "偏滿", "lat": 25.066877785263998, "lon": 121.52330562322601}}, {"type": "Feature", "geometry": {"type": "Point", "coordinates": [121.5627, 25.056]}, "properties": {"city": "TPE", "parking_id": "TPE0177", "name": "健康國小地下停車場", "area": "松山區", "address": "延壽街168號地下層［地下2層］", "service_time": "00:00:00-23:59:59", "operator_type": "本處委外停車場", "kind": "D", "total_car": 193, "available_car": 12, "availability_rate": 0.06217616580310881, "status": "緊張", "lat": 25.056, "lon": 121.5627}}, {"type": "Feature", "geometry": {"type": "Point", "coordinates": [121.5736, 25.1669]}, "properties": {"city": "TPE", "parking_id": "TPE0181", "name": "歐特儀股份有限公司擎天崗停車場", "area": "士林區", "address": "菁山路101巷246號", "service_time": "00:00:00-23:59:59", "operator_type": "中央機關學校委外", "kind": "D", "total_car": 81, "available_car": 0, "availability_rate": 0.0, "status": "滿車", "lat": 25.1669, "lon": 121.5736}}, {"type": "Feature", "geometry": {"type": "Point", "coordinates": [121.5203, 25.0931]}, "properties": {"city": "TPE", "parking_id": "TPE0183", "name": "臺北市士林區行政中心地下停車場", "area": "士林區", "address": "中正路439號地下1至2層", "service_time": "配合行政機關上班時間(8-20)；夜間停車於當日20時前駛入至翌日7時30分前駛離；例假日不開放。", "operator_type": "市屬機關學校自營", "kind": "S", "total_car": 103, "available_car": 26, "availability_rate": 0.2524271844660194, "status": "偏滿", "lat": 25.0931, "lon": 121.5203}}, {"type": "Feature", "geometry": {"type": "Point", "coordinates": [121.5895, 25.0691]}, "properties": {"city": "TPE", "parking_id": "TPE0184", "name": "內湖區行政中心停車場", "area": "內湖區", "address": "民權東路6段99號地上1層及地下1層", "service_time": "地上1層:周一至五0830-1730(計時)，例假日不開放；夜間：1800-0800(地上1層)、1800-0730(地下1層)，選舉期間、特殊活動不開放。", "operator_type": "市屬機關學校自營", "kind": "S", "total_car": 45, "available_car": 21, "availability_rate": 0.4666666666666667, "status": "充足", "lat": 25.0691, "lon": 121.5895}}, {"type": "Feature", "geometry": {"type": "Point", "coordinates": [121.5393, 25.0255]}, "properties": {"city": "TPE", "parking_id": "TPE0187", "name": "台北瑞安停車場", "area": "大安區", "address": "和平東路2段89號旁空地", "service_time": "00:00:00-23:59:59", "operator_type": "民營停車場", "kind": "S", "total_car": 46, "available_car": 21, "availability_rate": 0.45652173913043476, "status": "充足", "lat": 25.0255, "lon": 121.5393}}, {"type": "Feature", "geometry": {"type": "Point", "coordinates": [121.5183, 25.032]}, "properties": {"city": "TPE", "parking_id": "TPE0188", "name": "富山停車中正區南門市場停車場", "area": "中正區", "address": "羅斯福路1段8號地下1至5層", "service_time": "00:00:00-23:59:59", "operator_type": "市屬機關學校委外", "kind": "D", "total_car": 193, "available_car": 56, "availability_rate": 0.29015544041450775, "status": "偏滿", "lat": 25.032, "lon": 121.5183}}, {"type": "Feature", "geometry": {"type": "Point", "coordinates": [121.532, 25.0281]}, "properties": {"city": "TPE", "parking_id": "TPE0190", "name": "嘟嘟房青田站停車場", "area": "大安區", "address": "青田街6巷3號旁空地", "service_time": "00:00:00-23:59:59", "operator_type": "民營停車場", "kind": "D", "total_car": 13, "available_car": 4, "availability_rate": 0.3076923076923077, "status": "充足", "lat": 25.0281, "lon": 121.532}}, {"type": "Feature", "geometry": {"type": "Point", "coordinates": [121.5262, 25.1237]}, "properties": {"city": "TPE", "parking_id": "TPE0192", "name": "行義路平面停車場", "area": "北投區", "address": "行義路與石牌路2段交叉口（行義路1號對面）", "service_time": "00:00:00-23:59:59", "operator_type": "本處委外停車場", "kind": "D", "total_car": 18, "available_car": 0, "availability_rate": 0.0, "status": "滿車", "lat": 25.1237, "lon": 121.5262}}, {"type": "Feature", "geometry": {"type": "Point", "coordinates": [121.5254, 25.0624]}, "properties": {"city": "TPE", "parking_id": "TPE0193", "name": "台灣聯通新興停車場", "area": "中山區", "address": "林森北路522號", "service_time": "00:00:00-23:59:59", "operator_type": "民營停車場", "kind": "D", "total_car": 35, "available_car": 34, "availability_rate": 0.9714285714285714, "status": "充足", "lat": 25.0624, "lon": 121.5254}}, {"type": "Feature", "geometry": {"type": "Point", "coordinates": [121.5507, 25.0291]}, "properties": {"city": "TPE", "parking_id": "TPE0195", "name": "台灣捷通安和停車場", "area": "大安區", "address": "安和路2段86號", "service_time": "00:00:00-23:59:59", "operator_type": "民營停車場", "kind": "D", "total_car": 50, "available_car": 49, "availability_rate": 0.98, "status": "充足", "lat": 25.0291, "lon": 121.5507}}, {"type": "Feature", "geometry": {"type": "Point", "coordinates": [121.53844123807204, 25.012411446600463]}, "properties": {"city": "TPE", "parking_id": "TPE0201U02", "name": "國立臺灣大學公館平面停車場", "area": "大安區", "address": "羅斯福路4段1號", "service_time": "00:00:00-23:59:59", "operator_type": "中央機關學校自營", "kind": "S", "total_car": 421, "available_car": 153, "availability_rate": 0.36342042755344417, "status": "充足", "lat": 25.012411446600463, "lon": 121.53844123807204}}, {"type": "Feature", "geometry": {"type": "Point", "coordinates": [121.5045, 25.1406]}, "properties": {"city": "TPE", "parking_id": "TPE0203", "name": "復興路平面停車場", "area": "北投區", "address": "進賢路與復興路口", "service_time": "00:00:00-23:59:59", "operator_type": "本處委外停車場", "kind": "D", "total_car": 69, "available_car": 12, "availability_rate": 0.17391304347826086, "status": "偏滿", "lat": 25.1406, "lon": 121.5045}}, {"type": "Feature", "geometry": {"type": "Point", "coordinates": [121.5049, 25.1408]}, "properties": {"city": "TPE", "parking_id": "TPE0204", "name": "開勝平面停車場", "area": "北投區", "address": "珠海路88號", "service_time": "00:00:00-23:59:59", "operator_type": "本處委外停車場", "kind": "D", "total_car": 29, "available_car": 15, "availability_rate": 0.5172413793103449, "status": "充足", "lat": 25.1408, "lon": 121.5049}}, {"type": "Feature", "geometry": {"type": "Point", "coordinates": [121.5663, 24.9843]}, "properties": {"city": "TPE", "parking_id": "TPE0206", "name": "保儀路平面停車場", "area": "文山區", "address": "保儀路157號對面", "service_time": "00:00:00-23:59:59", "operator_type": "本處委外停車場", "kind": "D", "total_car": 44, "available_car": 1, "availability_rate": 0.022727272727272728, "status": "緊張", "lat": 24.9843, "lon": 121.5663}}, {"type": "Feature", "geometry": {"type": "Point", "coordinates": [121.4659, 25.1204]}, "properties": {"city": "TPE", "parking_id": "TPE0207", "name": "關渡醫院旁平面停車場", "area": "北投區", "address": "大度路3段301巷", "service_time": "00:00:00-23:59:59", "operator_type": "本處委外停車場", "kind": "D", "total_car": 36, "available_car": 0, "availability_rate": 0.0, "status": "滿車", "lat": 25.1204, "lon": 121.4659}}, {"type": "Feature", "geometry": {"type": "Point", "coordinates": [121.5443, 25.0593]}, "properties": {"city": "TPE", "parking_id": "TPE0208", "name": "台灣聯通復有停車場", "area": "松山區", "address": "復興北路321號", "service_time": "00:00:00-23:59:59", "operator_type": "民營停車場", "kind": "D", "total_car": 14, "available_car": 0, "availability_rate": 0.0, "status": "滿車", "lat": 25.0593, "lon": 121.5443}}, {"type": "Feature", "geometry": {"type": "Point", "coordinates": [121.5936, 25.0709]}, "properties": {"city": "TPE", "parking_id": "TPE0209", "name": "三軍總醫院內湖院區停車場", "area": "內湖區", "address": "成功路2段325號", "service_time": "00:00:00-23:59:59", "operator_type": "中央機關學校委外", "kind": "D", "total_car": 493, "available_car": 319, "availability_rate": 0.6470588235294118, "status": "充足", "lat": 25.0709, "lon": 121.5936}}, {"type": "Feature", "geometry": {"type": "Point", "coordinates": [121.5217, 25.0583]}, "properties": {"city": "TPE", "parking_id": "TPE0214", "name": "馬偕醫院地下停車場", "area": "中山區", "address": "中山北路2段92號地下3-4層", "service_time": "00:00:00-23:59:59", "operator_type": "民營停車場", "kind": "D", "total_car": 342, "available_car": 267, "availability_rate": 0.7807017543859649, "status": "充足", "lat": 25.0583, "lon": 121.5217}}, {"type": "Feature", "geometry": {"type": "Point", "coordinates": [121.5607, 25.0864]}, "properties": {"city": "TPE", "parking_id": "TPE0215", "name": "文湖平面停車場", "area": "內湖區", "address": "文湖街21巷口文湖國小旁", "service_time": "00:00:00-23:59:59", "operator_type": "本處委外停車場", "kind": "D", "total_car": 34, "available_car": 23, "availability_rate": 0.6764705882352942, "status": "充足", "lat": 25.0864, "lon": 121.5607}}, {"type": "Feature", "geometry": {"type": "Point", "coordinates": [121.5181, 25.0486]}, "properties": {"city": "TPE", "parking_id": "TPE0220", "name": "台北地下街停車場", "area": "中正區", "address": "市民大道1段100號地下2層", "service_time": "00:00:00-23:59:59", "operator_type": "市屬機關學校委外", "kind": "D", "total_car": 392, "available_car": 0, "availability_rate": 0.0, "status": "滿車", "lat": 25.0486, "lon": 121.5181}}, {"type": "Feature", "geometry": {"type": "Point", "coordinates": [121.5547, 25.0446]}, "properties": {"city": "TPE", "parking_id": "TPE0222", "name": "嘟嘟房市民延吉1站停車場", "area": "松山區", "address": "市民大道4段259號旁空地", "service_time": "00:00:00-23:59:59", "operator_type": "民營停車場", "kind": "D", "total_car": 16, "available_car": 0, "availability_rate": 0.0, "status": "滿車", "lat": 25.0446, "lon": 121.5547}}, {"type": "Feature", "geometry": {"type": "Point", "coordinates": [121.5481, 25.0539]}, "properties": {"city": "TPE", "parking_id": "TPE0223", "name": "中國人壽敦北大樓停車場", "area": "松山區", "address": "敦化北路122號1層", "service_time": "00:00:00-23:59:59", "operator_type": "民營停車場", "kind": "D", "total_car": 15, "available_car": 16, "availability_rate": 1.0666666666666667, "status": "充足", "lat": 25.0539, "lon": 121.5481}}, {"type": "Feature", "geometry": {"type": "Point", "coordinates": [121.5282, 25.0487]}, "properties": {"city": "TPE", "parking_id": "TPE0226", "name": "嘟嘟房長安東站停車場", "area": "中山區", "address": "長安東路1段77巷4弄", "service_time": "00:00:00-23:59:59", "operator_type": "民營停車場", "kind": "D", "total_car": 14, "available_car": 0, "availability_rate": 0.0, "status": "滿車", "lat": 25.0487, "lon": 121.5282}}, {"type": "Feature", "geometry": {"type": "Point", "coordinates": [121.53670134126688, 25.04689375734375]}, "properties": {"city": "TPE", "parking_id": "TPE0228U01", "name": "建國北路高架橋下O區", "area": "中山區", "address": "建國北路高架橋下(八德路-民族東路)", "service_time": "00:00:00-23:59:59", "operator_type": "本處委外停車場", "kind": "D", "total_car": 137, "available_car": 43, "availability_rate": 0.31386861313868614, "status": "充足", "lat": 25.04689375734375, "lon": 121.53670134126688}}, {"type": "Feature", "geometry": {"type": "Point", "coordinates": [121.53675423021815, 25.04922506492668]}, "properties": {"city": "TPE", "parking_id": "TPE0228U02", "name": "建國北路高架橋下A區", "area": "中山區", "address": "建國北路高架橋下(八德路-民族東路)", "service_time": "00:00:00-23:59:59", "operator_type": "本處委外停車場", "kind": "D", "total_car": 173, "available_car": 86, "availability_rate": 0.49710982658959535, "status": "充足", "lat": 25.04922506492668, "lon": 121.53675423021815}}, {"type": "Feature", "geometry": {"type": "Point", "coordinates": [121.53676519145344, 25.049893102247378]}, "properties": {"city": "TPE", "parking_id": "TPE0228U03", "name": "建國北路高架橋下B區", "area": "中山區", "address": "建國北路高架橋下(八德路-民族東路)", "service_time": "00:00:00-23:59:59", "operator_type": "本處委外停車場", "kind": "D", "total_car": 374, "available_car": 241, "availability_rate": 0.6443850267379679, "status": "充足", "lat": 25.049893102247378, "lon": 121.53676519145344}}, {"type": "Feature", "geometry": {"type": "Point", "coordinates": [121.53684922130171, 25.05340020144548]}, "properties": {"city": "TPE", "parking_id": "TPE0228U04", "name": "建國北路高架橋下C區", "area": "中山區", "address": "建國北路高架橋下(八德路-民族東路)", "service_time": "00:00:00-23:59:59", "operator_type": "本處委外停車場", "kind": "D", "total_car": 134, "available_car": 38, "availability_rate": 0.2835820895522388, "status": "偏滿", "lat": 25.05340020144548, "lon": 121.53684922130171}}, {"type": "Feature", "geometry": {"type": "Point", "coordinates": [121.53686230316961, 25.0541991375946]}, "properties": {"city": "TPE", "parking_id": "TPE0228U05", "name": "建國北路高架橋下D區", "area": "中山區", "address": "建國北路高架橋下(八德路-民族東路)", "service_time": "00:00:00-23:59:59", "operator_type": "本處委外停車場", "kind": "D", "total_car": 121, "available_car": 25, "availability_rate": 0.2066115702479339, "status": "偏滿", "lat": 25.0541991375946, "lon": 121.53686230316961}}, {"type": "Feature", "geometry": {"type": "Point", "coordinates": [121.53696925920451, 25.056568616540144]}, "properties": {"city": "TPE", "parking_id": "TPE0228U06", "name": "建國北路高架橋下E區", "area": "中山區", "address": "建國北路高架橋下(八德路-民族東路)", "service_time": "00:00:00-23:59:59", "operator_type": "本處委外停車場", "kind": "D", "total_car": 69, "available_car": 33, "availability_rate": 0.4782608695652174, "status": "充足", "lat": 25.056568616540144, "lon": 121.53696925920451}}, {"type": "Feature", "geometry": {"type": "Point", "coordinates": [121.5369307705838, 25.05718943465472]}, "properties": {"city": "TPE", "parking_id": "TPE0228U07", "name": "建國北路高架橋下F區", "area": "中山區", "address": "建國北路高架橋下(八德路-民族東路)", "service_time": "00:00:00-23:59:59", "operator_type": "本處委外停車場", "kind": "D", "total_car": 105, "available_car": 49, "availability_rate": 0.4666666666666667, "status": "充足", "lat": 25.05718943465472, "lon": 121.5369307705838}}, {"type": "Feature", "geometry": {"type": "Point", "coordinates": [121.5369755939066, 25.05930183768172]}, "properties": {"city": "TPE", "parking_id": "TPE0228U08", "name": "建國北路高架橋下G區", "area": "中山區", "address": "建國北路高架橋下(八德路-民族東路)", "service_time": "00:00:00-23:59:59", "operator_type": "本處委外停車場", "kind": "D", "total_car": 255, "available_car": 47, "availability_rate": 0.1843137254901961, "status": "偏滿", "lat": 25.05930183768172, "lon": 121.5369755939066}}, {"type": "Feature", "geometry": {"type": "Point", "coordinates": [121.53695344338483, 25.06075769144925]}, "properties": {"city": "TPE", "parking_id": "TPE0228U09", "name": "建國北路高架橋下H區", "area": "中山區", "address": "建國北路高架橋下(八德路-民族東路)", "service_time": "00:00:00-23:59:59", "operator_type": "本處委外停車場", "kind": "D", "total_car": 246, "available_car": 35, "availability_rate": 0.14227642276422764, "status": "偏滿", "lat": 25.06075769144925, "lon": 121.53695344338483}}, {"type": "Feature", "geometry": {"type": "Point", "coordinates": [121.5370441268739, 25.06337098435854]}, "properties": {"city": "TPE", "parking_id": "TPE0228U10", "name": "建國北路高架橋下IA區", "area": "中山區", "address": "建國北路高架橋下(八德路-民族東路)", "service_time": "00:00:00-23:59:59", "operator_type": "本處委外停車場", "kind": "D", "total_car": 57, "available_car": 9, "availability_rate": 0.15789473684210525, "status": "偏滿", "lat": 25.06337098435854, "lon": 121.5370441268739}}, {"type": "Feature", "geometry": {"type": "Point", "coordinates": [121.53701317139713, 25.064440920129737]}, "properties": {"city": "TPE", "parking_id": "TPE0228U11", "name": "建國北路高架橋下IB區", "area": "中山區", "address": "建國北路高架橋下(八德路-民族東路)", "service_time": "00:00:00-23:59:59", "operator_type": "本處委外停車場", "kind": "D", "total_car": 142, "available_car": 10, "availability_rate": 0.07042253521126761, "status": "緊張", "lat": 25.064440920129737, "lon": 121.53701317139713}}, {"type": "Feature", "geometry": {"type": "Point", "coordinates": [121.53607733761854, 25.06584139230813]}, "properties": {"city": "TPE", "parking_id": "TPE0228U12", "name": "建國北路高架橋下J區", "area": "中山區", "address": "建國北路高架橋下(八德路-民族東路)", "service_time": "00:00:00-23:59:59", "operator_type": "本處委外停車場", "kind": "D", "total_car": 122, "available_car": 10, "availability_rate": 0.08196721311475409, "status": "緊張", "lat": 25.06584139230813, "lon": 121.53607733761854}}, {"type": "Feature", "geometry": {"type": "Point", "coordinates": [121.6066, 25.0561]}, "properties": {"city": "TPE", "parking_id": "TPE0229", "name": "興中立體停車場", "area": "南港區", "address": "興中路44巷1號", "service_time": "00:00:00-23:59:59", "operator_type": "本處自營停車場", "kind": "D", "total_car": 638, "available_car": 147, "availability_rate": 0.2304075235109718, "status": "偏滿", "lat": 25.0561, "lon": 121.6066}}, {"type": "Feature", "geometry": {"type": "Point", "coordinates": [121.5684, 25.0402]}, "properties": {"city": "TPE", "parking_id": "TPE0230", "name": "忠信廣場地下停車場", "area": "信義區", "address": "松仁路2號地下", "service_time": "00:00:00-23:59:59", "operator_type": "本處自營停車場", "kind": "D", "total_car": 314, "available_car": 21, "availability_rate": 0.06687898089171974, "status": "緊張", "lat": 25.0402, "lon": 121.5684}}, {"type": "Feature", "geometry": {"type": "Point", "coordinates": [121.5098, 25.0504]}, "properties": {"city": "TPE", "parking_id": "TPE0231", "name": "市民大道塔城段停車場", "area": "大同區", "address": "西寧北路至塔城街(地下)", "service_time": "00:00:00-23:59:59", "operator_type": "本處委外停車場", "kind": "D", "total_car": 254, "available_car": 25, "availability_rate": 0.0984251968503937, "status": "緊張", "lat": 25.0504, "lon": 121.5098}}, {"type": "Feature", "geometry": {"type": "Point", "coordinates": [121.5753, 25.0485]}, "properties": {"city": "TPE", "parking_id": "TPE0233", "name": "松隆平面停車場", "area": "信義區", "address": "松隆路286號旁", "service_time": "00:00:00-23:59:59", "operator_type": "本處委外停車場", "kind": "D", "total_car": 18, "available_car": 1, "availability_rate": 0.05555555555555555, "status": "緊張", "lat": 25.0485, "lon": 121.5753}}, {"type": "Feature", "geometry": {"type": "Point", "coordinates": [121.5611, 25.0502]}, "properties": {"city": "TPE", "parking_id": "TPE0234", "name": "吉祥平面停車場", "area": "松山區", "address": "光復北路11巷81號旁", "service_time": "00:00:00-23:59:59", "operator_type": "本處委外停車場", "kind": "D", "total_car": 32, "available_car": 3, "availability_rate": 0.09375, "status": "緊張", "lat": 25.0502, "lon": 121.5611}}, {"type": "Feature", "geometry": {"type": "Point", "coordinates": [121.5332, 25.1202]}, "properties": {"city": "TPE", "parking_id": "TPE0237", "name": "東和公園平面停車場", "area": "士林區", "address": "天母東路69巷旁", "service_time": "00:00:00-23:59:59", "operator_type": "本處委外停車場", "kind": "D", "total_car": 40, "available_car": 0, "availability_rate": 0.0, "status": "滿車", "lat": 25.1202, "lon": 121.5332}}, {"type": "Feature", "geometry": {"type": "Point", "coordinates": [121.5735, 25.0316]}, "properties": {"city": "TPE", "parking_id": "TPE0238", "name": "松德臨時平面停車場", "area": "信義區", "address": "松德路底(中強公園旁)", "service_time": "00:00:00-23:59:59", "operator_type": "本處委外停車場", "kind": "D", "total_car": 86, "available_car": 66, "availability_rate": 0.7674418604651163, "status": "充足", "lat": 25.0316, "lon": 121.5735}}, {"type": "Feature", "geometry": {"type": "Point", "coordinates": [121.5196, 25.0503]}, "properties": {"city": "TPE", "parking_id": "TPE0239", "name": "建成國中地下停車場", "area": "大同區", "address": "長安西路37號之一地下", "service_time": "00:00:00-23:59:59", "operator_type": "本處自營停車場", "kind": "D", "total_car": 326, "available_car": 0, "availability_rate": 0.0, "status": "滿車", "lat": 25.0503, "lon": 121.5196}}, {"type": "Feature", "geometry": {"type": "Point", "coordinates": [121.5061, 25.0895]}, "properties": {"city": "TPE", "parking_id": "TPE0242", "name": "社園立體停車場", "area": "士林區", "address": "延平北路6段180號", "service_time": "00:00:00-23:59:59", "operator_type": "本處委外停車場", "kind": "D", "total_car": 266, "available_car": 32, "availability_rate": 0.12030075187969924, "status": "偏滿", "lat": 25.0895, "lon": 121.5061}}, {"type": "Feature", "geometry": {"type": "Point", "coordinates": [121.5224, 25.0504]}, "properties": {"city": "TPE", "parking_id": "TPE0249", "name": "五條通停車場", "area": "中山區", "address": "中山北路1段83巷4弄6號旁空地", "service_time": "00:00:00-23:59:59", "operator_type": "民營停車場", "kind": "D", "total_car": 9, "available_car": 7, "availability_rate": 0.7777777777777778, "status": "充足", "lat": 25.0504, "lon": 121.5224}}, {"type": "Feature", "geometry": {"type": "Point", "coordinates": [121.5356, 25.011]}, "properties": {"city": "TPE", "parking_id": "TPE0251", "name": "公館停車場", "area": "中正區", "address": "汀州路3段230巷內空地", "service_time": "00:00:00-23:59:59", "operator_type": "市屬機關學校自營", "kind": "S", "total_car": 133, "available_car": 6, "availability_rate": 0.045112781954887216, "status": "緊張", "lat": 25.011, "lon": 121.5356}}, {"type": "Feature", "geometry": {"type": "Point", "coordinates": [121.5524, 25.0146]}, "properties": {"city": "TPE", "parking_id": "TPE0255", "name": "助安企業股份有限公司懷愛館地下停車場", "area": "大安區", "address": "辛亥路3段330號", "service_time": "00:00:00-23:59:59", "operator_type": "市屬機關學校委外", "kind": "S", "total_car": 245, "available_car": 160, "availability_rate": 0.6530612244897959, "status": "充足", "lat": 25.0146, "lon": 121.5524}}, {"type": "Feature", "geometry": {"type": "Point", "coordinates": [121.5369, 25.0629]}, "properties": {"city": "TPE", "parking_id": "TPE0256", "name": "第一停車場", "area": "中山區", "address": "民權東路2段145號", "service_time": "00:00:00-23:59:59", "operator_type": "市屬機關學校委外", "kind": "D", "total_car": 315, "available_car": 30, "availability_rate": 0.09523809523809523, "status": "緊張", "lat": 25.0629, "lon": 121.5369}}, {"type": "Feature", "geometry": {"type": "Point", "coordinates": [121.5239, 25.0654]}, "properties": {"city": "TPE", "parking_id": "TPE0259", "name": "雙城停車場", "area": "中山區", "address": "雙城街18巷5號空地", "service_time": "00:00:00-23:59:59", "operator_type": "民營停車場", "kind": "S", "total_car": 23, "available_car": 4, "availability_rate": 0.17391304347826086, "status": "偏滿", "lat": 25.0654, "lon": 121.5239}}, {"type": "Feature", "geometry": {"type": "Point", "coordinates": [121.5452, 25.0451]}, "properties": {"city": "TPE", "parking_id": "TPE0263", "name": "微風廣場地下停車場", "area": "松山區", "address": "復興南路1段39號地下2至5層", "service_time": "00:00:00-23:59:59", "operator_type": "民營停車場", "kind": "D", "total_car": 331, "available_car": 140, "availability_rate": 0.4229607250755287, "status": "充足", "lat": 25.0451, "lon": 121.5452}}, {"type": "Feature", "geometry": {"type": "Point", "coordinates": [121.5259, 25.0488]}, "properties": {"city": "TPE", "parking_id": "TPE0266", "name": "通通停長安停車場", "area": "中山區", "address": "長安東路1段26號空地", "service_time": "00:00:00-23:59:59", "operator_type": "民營停車場", "kind": "D", "total_car": 16, "available_car": 0, "availability_rate": 0.0, "status": "滿車", "lat": 25.0488, "lon": 121.5259}}, {"type": "Feature", "geometry": {"type": "Point", "coordinates": [121.5388, 25.0455]}, "properties": {"city": "TPE", "parking_id": "TPE0267", "name": "通通停中崙停車場", "area": "中山區", "address": "八德路2段174巷11弄5號空地", "service_time": "00:00:00-23:59:59", "operator_type": "民營停車場", "kind": "D", "total_car": 20, "available_car": 4, "availability_rate": 0.2, "status": "偏滿", "lat": 25.0455, "lon": 121.5388}}, {"type": "Feature", "geometry": {"type": "Point", "coordinates": [121.50126905152618, 25.019330555760074]}, "properties": {"city": "TPE", "parking_id": "TPE0269", "name": "通通停萬華青年站停車場", "area": "萬華區", "address": "青年路168巷51弄富民路145巷口", "service_time": "00:00:00-23:59:59", "operator_type": "民營停車場", "kind": "D", "total_car": 24, "available_car": 0, "availability_rate": 0.0, "status": "滿車", "lat": 25.019330555760074, "lon": 121.50126905152618}}, {"type": "Feature", "geometry": {"type": "Point", "coordinates": [121.5295, 25.0427]}, "properties": {"city": "TPE", "parking_id": "TPE0274", "name": "金山南路停車場", "area": "中正區", "address": "金山南路1段與齊東街口空地", "service_time": "00:00:00-23:59:59", "operator_type": "民營停車場", "kind": "D", "total_car": 11, "available_car": 0, "availability_rate": 0.0, "status": "滿車", "lat": 25.0427, "lon": 121.5295}}, {"type": "Feature", "geometry": {"type": "Point", "coordinates": [121.5429, 25.0397]}, "properties": {"city": "TPE", "parking_id": "TPE0276", "name": "通通停復興SOGO二站停車場", "area": "大安區", "address": "仁愛路3段123巷13弄與仁愛路3段143巷口(西南側)", "service_time": "00:00:00-23:59:59", "operator_type": "民營停車場", "kind": "D", "total_car": 8, "available_car": 0, "availability_rate": 0.0, "status": "滿車", "lat": 25.0397, "lon": 121.5429}}, {"type": "Feature", "geometry": {"type": "Point", "coordinates": [121.5429, 25.04]}, "properties": {"city": "TPE", "parking_id": "TPE0277", "name": "通通停復興SOGO一站停車場", "area": "大安區", "address": "仁愛路3段123巷13弄與仁愛路3段143巷口(西北側)", "service_time": "00:00:00-23:59:59", "operator_type": "民營停車場", "kind": "D", "total_car": 17, "available_car": 0, "availability_rate": 0.0, "status": "滿車", "lat": 25.04, "lon": 121.5429}}, {"type": "Feature", "geometry": {"type": "Point", "coordinates": [121.5722, 25.0811]}, "properties": {"city": "TPE", "parking_id": "TPE0278", "name": "Times 內湖路一段", "area": "內湖區", "address": "內湖路1段388號旁", "service_time": "00:00:00-23:59:59", "operator_type": "民營停車場", "kind": "D", "total_car": 37, "available_car": 22, "availability_rate": 0.5945945945945946, "status": "充足", "lat": 25.0811, "lon": 121.5722}}, {"type": "Feature", "geometry": {"type": "Point", "coordinates": [121.5921, 25.0685]}, "properties": {"city": "TPE", "parking_id": "TPE0279", "name": "石潭平面停車場", "area": "內湖區", "address": "民權東路6段與民權東路6段174巷口", "service_time": "00:00:00-23:59:59", "operator_type": "本處委外停車場", "kind": "D", "total_car": 70, "available_car": 27, "availability_rate": 0.38571428571428573, "status": "充足", "lat": 25.0685, "lon": 121.5921}}, {"type": "Feature", "geometry": {"type": "Point", "coordinates": [121.5262, 25.0457]}, "properties": {"city": "TPE", "parking_id": "TPE0282", "name": "華山停車場", "area": "中正區", "address": "北平東路30之1號地下1至3層", "service_time": "00:00:00-23:59:59", "operator_type": "民營停車場", "kind": "D", "total_car": 42, "available_car": 23, "availability_rate": 0.5476190476190477, "status": "充足", "lat": 25.0457, "lon": 121.5262}}, {"type": "Feature", "geometry": {"type": "Point", "coordinates": [121.6189743853149, 25.06984785455855]}, "properties": {"city": "TPE", "parking_id": "TPE0283", "name": "嘟嘟房東湖站停車場", "area": "內湖區", "address": "康樂街91號旁空地", "service_time": "00:00:00-23:59:59", "operator_type": "民營停車場", "kind": "D", "total_car": 94, "available_car": 49, "availability_rate": 0.5212765957446809, "status": "充足", "lat": 25.06984785455855, "lon": 121.6189743853149}}, {"type": "Feature", "geometry": {"type": "Point", "coordinates": [121.54941444575496, 25.027493360508128]}, "properties": {"city": "TPE", "parking_id": "TPE0285", "name": "敦南一站停車場", "area": "大安區", "address": "敦化南路2段201號旁空地", "service_time": "00:00:00-23:59:59", "operator_type": "民營停車場", "kind": "D", "total_car": 37, "available_car": 31, "availability_rate": 0.8378378378378378, "status": "充足", "lat": 25.027493360508128, "lon": 121.54941444575496}}, {"type": "Feature", "geometry": {"type": "Point", "coordinates": [121.5667999991248, 25.038812462291684]}, "properties": {"city": "TPE", "parking_id": "TPE0287", "name": "新光三越百貨股份有限公司台北信義店A8停車場", "area": "信義區", "address": "松高路12號地下3、4、5層", "service_time": "平日:11時至21時30分；假日:11時至22時", "operator_type": "民營停車場", "kind": "S", "total_car": 284, "available_car": 0, "availability_rate": 0.0, "status": "滿車", "lat": 25.038812462291684, "lon": 121.5667999991248}}, {"type": "Feature", "geometry": {"type": "Point", "coordinates": [121.4915, 25.0279]}, "properties": {"city": "TPE", "parking_id": "TPE0288", "name": "雙園國中地下停車場", "area": "萬華區", "address": "西園路2段320巷55弄3號地下", "service_time": "00:00:00-23:59:59", "operator_type": "本處自營停車場", "kind": "D", "total_car": 321, "available_car": 71, "availability_rate": 0.22118380062305296, "status": "偏滿", "lat": 25.0279, "lon": 121.4915}}, {"type": "Feature", "geometry": {"type": "Point", "coordinates": [121.5564, 25.0472]}, "properties": {"city": "TPE", "parking_id": "TPE0294", "name": "台灣聯通復源停車場", "area": "松山區", "address": "光復南路6巷48弄7號對面空地", "service_time": "00:00:00-23:59:59", "operator_type": "民營停車場", "kind": "D", "total_car": 21, "available_car": 17, "availability_rate": 0.8095238095238095, "status": "充足", "lat": 25.0472, "lon": 121.5564}}, {"type": "Feature", "geometry": {"type": "Point", "coordinates": [121.5631, 25.0401]}, "properties": {"city": "TPE", "parking_id": "TPE0297", "name": "城市車旅遠雄國際中心停車場", "area": "信義區", "address": "基隆路1段200號地下3層", "service_time": "00:00:00-23:59:59", "operator_type": "民營停車場", "kind": "D", "total_car": 32, "available_car": 4, "availability_rate": 0.125, "status": "偏滿", "lat": 25.0401, "lon": 121.5631}}, {"type": "Feature", "geometry": {"type": "Point", "coordinates": [121.54918122920554, 25.02734300198945]}, "properties": {"city": "TPE", "parking_id": "TPE0299", "name": "敦南二站停車場", "area": "大安區", "address": "敦化南路2段201號旁空地", "service_time": "00:00:00-23:59:59", "operator_type": "民營停車場", "kind": "D", "total_car": 49, "available_car": 48, "availability_rate": 0.9795918367346939, "status": "充足", "lat": 25.02734300198945, "lon": 121.54918122920554}}, {"type": "Feature", "geometry": {"type": "Point", "coordinates": [121.6055, 25.0724]}, "properties": {"city": "TPE", "parking_id": "TPE0300", "name": "康寧平面停車場", "area": "內湖區", "address": "民權東路6段與民權東路6段296巷口", "service_time": "00:00:00-23:59:59", "operator_type": "本處委外停車場", "kind": "D", "total_car": 20, "available_car": 3, "availability_rate": 0.15, "status": "偏滿", "lat": 25.0724, "lon": 121.6055}}, {"type": "Feature", "geometry": {"type": "Point", "coordinates": [121.5282, 25.0578]}, "properties": {"city": "TPE", "parking_id": "TPE0301", "name": "Times 民生東路", "area": "中山區", "address": "民生東路2段16號旁", "service_time": "00:00:00-23:59:59", "operator_type": "民營停車場", "kind": "D", "total_car": 5, "available_car": 0, "availability_rate": 0.0, "status": "滿車", "lat": 25.0578, "lon": 121.5282}}, {"type": "Feature", "geometry": {"type": "Point", "coordinates": [121.5297, 25.1188]}, "properties": {"city": "TPE", "parking_id": "TPE0302", "name": "士林一號廣場(西側)地下停車場", "area": "士林區", "address": "天母西路1號地下1至5層", "service_time": "00:00:00-23:59:59", "operator_type": "民營停車場", "kind": "S", "total_car": 222, "available_car": 5, "availability_rate": 0.02252252252252252, "status": "緊張", "lat": 25.1188, "lon": 121.5297}}, {"type": "Feature", "geometry": {"type": "Point", "coordinates": [121.5308, 25.1185]}, "properties": {"city": "TPE", "parking_id": "TPE0303", "name": "士林一號廣場(東側)地下停車場", "area": "士林區", "address": "中山北路7段2號地下1至4層", "service_time": "00:00:00-23:59:59", "operator_type": "民營停車場", "kind": "S", "total_car": 99, "available_car": 4, "availability_rate": 0.04040404040404041, "status": "緊張", "lat": 25.1185, "lon": 121.5308}}, {"type": "Feature", "geometry": {"type": "Point", "coordinates": [121.5769, 25.0731]}, "properties": {"city": "TPE", "parking_id": "TPE0304", "name": "Times 陽光街", "area": "內湖區", "address": "陽光街381號旁空地", "service_time": "00:00:00-23:59:59", "operator_type": "民營停車場", "kind": "D", "total_car": 88, "available_car": 78, "availability_rate": 0.8863636363636364, "status": "充足", "lat": 25.0731, "lon": 121.5769}}, {"type": "Feature", "geometry": {"type": "Point", "coordinates": [121.5074, 25.025]}, "properties": {"city": "TPE", "parking_id": "TPE0305", "name": "青年公園高爾夫球場地下停車場", "area": "萬華區", "address": "國興路5號地下共2層", "service_time": "00:00:00-23:59:59", "operator_type": "本處委外停車場", "kind": "D", "total_car": 331, "available_car": 57, "availability_rate": 0.17220543806646527, "status": "偏滿", "lat": 25.025, "lon": 121.5074}}, {"type": "Feature", "geometry": {"type": "Point", "coordinates": [121.4999, 25.02]}, "properties": {"city": "TPE", "parking_id": "TPE0308", "name": "冠華停車場", "area": "萬華區", "address": "萬大路493巷48弄23-10號對面空地", "service_time": "00:00:00-23:59:59", "operator_type": "民營停車場", "kind": "D", "total_car": 41, "available_car": 9, "availability_rate": 0.21951219512195122, "status": "偏滿", "lat": 25.02, "lon": 121.4999}}, {"type": "Feature", "geometry": {"type": "Point", "coordinates": [121.5742, 25.0735]}, "properties": {"city": "TPE", "parking_id": "TPE0312", "name": "嘟嘟房內湖基湖站停車場", "area": "內湖區", "address": "基湖路35巷11號旁", "service_time": "00:00:00-23:59:59", "operator_type": "民營停車場", "kind": "D", "total_car": 41, "available_car": 25, "availability_rate": 0.6097560975609756, "status": "充足", "lat": 25.0735, "lon": 121.5742}}, {"type": "Feature", "geometry": {"type": "Point", "coordinates": [121.5567, 25.0342]}, "properties": {"city": "TPE", "parking_id": "TPE0313", "name": "便利停車場大安地政事務所一站", "area": "大安區", "address": "信義路4段335巷6號旁空地", "service_time": "00:00:00-23:59:59", "operator_type": "市屬機關學校委外", "kind": "D", "total_car": 5, "available_car": 4, "availability_rate": 0.8, "status": "充足", "lat": 25.0342, "lon": 121.5567}}, {"type": "Feature", "geometry": {"type": "Point", "coordinates": [121.5566, 25.0333]}, "properties": {"city": "TPE", "parking_id": "TPE0314", "name": "便利停車場大安地政事務所二站", "area": "大安區", "address": "信義路4段335巷6號旁空地", "service_time": "00:00:00-23:59:59", "operator_type": "市屬機關學校委外", "kind": "D", "total_car": 8, "available_car": 7, "availability_rate": 0.875, "status": "充足", "lat": 25.0333, "lon": 121.5566}}, {"type": "Feature", "geometry": {"type": "Point", "coordinates": [121.5143, 25.1207]}, "properties": {"city": "TPE", "parking_id": "TPE0316", "name": "陽明大學停車場", "area": "北投區", "address": "立農街2段201號圖書資訊暨研究發展大樓室外東側及西南側", "service_time": "00:00:00-23:59:59", "operator_type": "中央機關學校委外", "kind": "D", "total_car": 15, "available_car": 776, "availability_rate": 51.733333333333334, "status": "充足", "lat": 25.1207, "lon": 121.5143}}, {"type": "Feature", "geometry": {"type": "Point", "coordinates": [121.5028, 25.0239]}, "properties": {"city": "TPE", "parking_id": "TPE0318", "name": "青年公園棒球場地下停車場", "area": "萬華區", "address": "青年路69號地下", "service_time": "00:00:00-23:59:59", "operator_type": "本處委外停車場", "kind": "D", "total_car": 276, "available_car": 8, "availability_rate": 0.028985507246376812, "status": "緊張", "lat": 25.0239, "lon": 121.5028}}, {"type": "Feature", "geometry": {"type": "Point", "coordinates": [121.523, 25.0392]}, "properties": {"city": "TPE", "parking_id": "TPE0319", "name": "臺北市政府青年局停車場", "area": "中正區", "address": "仁愛路1段17號", "service_time": "00:00:00-23:59:59", "operator_type": "市屬機關學校自營", "kind": "S", "total_car": 137, "available_car": 30, "availability_rate": 0.21897810218978103, "status": "偏滿", "lat": 25.0392, "lon": 121.523}}, {"type": "Feature", "geometry": {"type": "Point", "coordinates": [121.5404, 25.0514]}, "properties": {"city": "TPE", "parking_id": "TPE0320", "name": "國泰新安停車場", "area": "中山區", "address": "南京東路3段128、130號地下1-6層", "service_time": "00:00:00-23:59:59", "operator_type": "民營停車場", "kind": "D", "total_car": 111, "available_car": 41, "availability_rate": 0.36936936936936937, "status": "充足", "lat": 25.0514, "lon": 121.5404}}, {"type": "Feature", "geometry": {"type": "Point", "coordinates": [121.5748, 25.0734]}, "properties": {"city": "TPE", "parking_id": "TPE0321", "name": "便利停車場大眾站", "area": "內湖區", "address": "陽光街300號地下1至3層", "service_time": "00:00:00-23:59:59", "operator_type": "民營停車場", "kind": "D", "total_car": 162, "available_car": 20, "availability_rate": 0.12345679012345678, "status": "偏滿", "lat": 25.0734, "lon": 121.5748}}, {"type": "Feature", "geometry": {"type": "Point", "coordinates": [121.5315, 25.0552]}, "properties": {"city": "TPE", "parking_id": "TPE0322", "name": "長春金融大樓停車場", "area": "中山區", "address": "長春路143號地下2至5層", "service_time": "00:00:00-23:59:59", "operator_type": "民營停車場", "kind": "S", "total_car": 181, "available_car": 10, "availability_rate": 0.055248618784530384, "status": "緊張", "lat": 25.0552, "lon": 121.5315}}, {"type": "Feature", "geometry": {"type": "Point", "coordinates": [121.5674, 25.0806]}, "properties": {"city": "TPE", "parking_id": "TPE0324", "name": "便利停車場元吉站", "area": "內湖區", "address": "基湖路3巷47號地下1、2層", "service_time": "00:00:00-23:59:59", "operator_type": "民營停車場", "kind": "D", "total_car": 81, "available_car": 15, "availability_rate": 0.18518518518518517, "status": "偏滿", "lat": 25.0806, "lon": 121.5674}}, {"type": "Feature", "geometry": {"type": "Point", "coordinates": [121.5473, 25.0524]}, "properties": {"city": "TPE", "parking_id": "TPE0327", "name": "台灣聯通敦北停車場", "area": "松山區", "address": "南京東路3段331號地下2至3層", "service_time": "00:00:00-23:59:59", "operator_type": "民營停車場", "kind": "D", "total_car": 40, "available_car": 40, "availability_rate": 1.0, "status": "充足", "lat": 25.0524, "lon": 121.5473}}, {"type": "Feature", "geometry": {"type": "Point", "coordinates": [121.509, 25.043]}, "properties": {"city": "TPE", "parking_id": "TPE0329", "name": "錢櫃新聲停車場", "area": "中正區", "address": "中華路1段55號地下3層", "service_time": "00:00:00-23:59:59", "operator_type": "民營停車場", "kind": "D", "total_car": 26, "available_car": 0, "availability_rate": 0.0, "status": "滿車", "lat": 25.043, "lon": 121.509}}, {"type": "Feature", "geometry": {"type": "Point", "coordinates": [121.5264, 25.0522]}, "properties": {"city": "TPE", "parking_id": "TPE0330", "name": "林森公園地下停車場", "area": "中山區", "address": "南京東路1段35號地下", "service_time": "00:00:00-23:59:59", "operator_type": "本處委外停車場", "kind": "D", "total_car": 850, "available_car": 131, "availability_rate": 0.15411764705882353, "status": "偏滿", "lat": 25.0522, "lon": 121.5264}}, {"type": "Feature", "geometry": {"type": "Point", "coordinates": [121.5493, 25.0611]}, "properties": {"city": "TPE", "parking_id": "TPE0333", "name": "民權東路停車場", "area": "松山區", "address": "民權東路3段178號地下2、5層", "service_time": "00:00:00-23:59:59", "operator_type": "民營停車場", "kind": "D", "total_car": 49, "available_car": 18, "availability_rate": 0.3673469387755102, "status": "充足", "lat": 25.0611, "lon": 121.5493}}, {"type": "Feature", "geometry": {"type": "Point", "coordinates": [121.56647011947703, 25.033065106940985]}, "properties": {"city": "TPE", "parking_id": "TPE0334", "name": "信義廣場地下停車場", "area": "信義區", "address": "信義路5段11號地下(地下共2層)", "service_time": "00:00:00-23:59:59", "operator_type": "本處委外停車場", "kind": "D", "total_car": 369, "available_car": 72, "availability_rate": 0.1951219512195122, "status": "偏滿", "lat": 25.033065106940985, "lon": 121.56647011947703}}, {"type": "Feature", "geometry": {"type": "Point", "coordinates": [121.5331, 25.0614]}, "properties": {"city": "TPE", "parking_id": "TPE0335", "name": "台灣聯通將捷二場停車場", "area": "中山區", "address": "松江路336、338號停車塔及地下2層", "service_time": "00:00:00-23:59:59", "operator_type": "民營停車場", "kind": "D", "total_car": 56, "available_car": 53, "availability_rate": 0.9464285714285714, "status": "充足", "lat": 25.0614, "lon": 121.5331}}, {"type": "Feature", "geometry": {"type": "Point", "coordinates": [121.5688, 25.0809]}, "properties": {"city": "TPE", "parking_id": "TPE0336", "name": "便利停車場創世紀站", "area": "內湖區", "address": "洲子街118號地下1至3層", "service_time": "00:00:00-23:59:59", "operator_type": "民營停車場", "kind": "D", "total_car": 65, "available_car": 42, "availability_rate": 0.6461538461538462, "status": "充足", "lat": 25.0809, "lon": 121.5688}}, {"type": "Feature", "geometry": {"type": "Point", "coordinates": [121.5224, 25.057]}, "properties": {"city": "TPE", "parking_id": "TPE0338", "name": "台灣聯通國賓停車場", "area": "中山區", "address": "中山北路2段66、68號", "service_time": "00:00:00-23:59:59", "operator_type": "民營停車場", "kind": "D", "total_car": 78, "available_car": 77, "availability_rate": 0.9871794871794872, "status": "充足", "lat": 25.057, "lon": 121.5224}}, {"type": "Feature", "geometry": {"type": "Point", "coordinates": [121.5641, 25.05]}, "properties": {"city": "TPE", "parking_id": "TPE0342", "name": "台灣聯通八德停車場", "area": "松山區", "address": "八德路4段245巷32弄9號", "service_time": "00:00:00-23:59:59", "operator_type": "民營停車場", "kind": "D", "total_car": 74, "available_car": 73, "availability_rate": 0.9864864864864865, "status": "充足", "lat": 25.05, "lon": 121.5641}}, {"type": "Feature", "geometry": {"type": "Point", "coordinates": [121.5265, 25.0426]}, "properties": {"city": "TPE", "parking_id": "TPE0347", "name": "台灣聯通杭州停車場", "area": "中正區", "address": "杭州南路1段19號地下3至4層", "service_time": "00:00:00-23:59:59", "operator_type": "民營停車場", "kind": "D", "total_car": 54, "available_car": 53, "availability_rate": 0.9814814814814815, "status": "充足", "lat": 25.0426, "lon": 121.5265}}, {"type": "Feature", "geometry": {"type": "Point", "coordinates": [121.58182667859067, 25.06949477920949]}, "properties": {"city": "TPE", "parking_id": "TPE0352", "name": "便利停車場中時站", "area": "內湖區", "address": "瑞光路26巷36弄6號旁空地", "service_time": "00:00:00-23:59:59", "operator_type": "民營停車場", "kind": "D", "total_car": 49, "available_car": 30, "availability_rate": 0.6122448979591837, "status": "充足", "lat": 25.06949477920949, "lon": 121.58182667859067}}, {"type": "Feature", "geometry": {"type": "Point", "coordinates": [121.5106, 25.0722]}, "properties": {"city": "TPE", "parking_id": "TPE0353", "name": "迪化污水處理場平面停車場", "area": "大同區", "address": "酒泉街235號", "service_time": "00:00:00-23:59:59", "operator_type": "本處委外停車場", "kind": "D", "total_car": 91, "available_car": 1, "availability_rate": 0.01098901098901099, "status": "緊張", "lat": 25.0722, "lon": 121.5106}}, {"type": "Feature", "geometry": {"type": "Point", "coordinates": [121.5137, 25.0562]}, "properties": {"city": "TPE", "parking_id": "TPE0354", "name": "朝陽公園地下停車場", "area": "大同區", "address": "重慶北路2段68號地下室［地下共3層］", "service_time": "00:00:00-23:59:59", "operator_type": "本處委外停車場", "kind": "D", "total_car": 244, "available_car": 0, "availability_rate": 0.0, "status": "滿車", "lat": 25.0562, "lon": 121.5137}}, {"type": "Feature", "geometry": {"type": "Point", "coordinates": [121.5614, 25.0502]}, "properties": {"city": "TPE", "parking_id": "TPE0355", "name": "中崙高中地下停車場", "area": "松山區", "address": "八德路4段101號地下室（地下2層）", "service_time": "00:00:00-23:59:59", "operator_type": "本處委外停車場", "kind": "D", "total_car": 347, "available_car": 94, "availability_rate": 0.27089337175792505, "status": "偏滿", "lat": 25.0502, "lon": 121.5614}}, {"type": "Feature", "geometry": {"type": "Point", "coordinates": [121.5619, 25.0469]}, "properties": {"city": "TPE", "parking_id": "TPE0356", "name": "偶戲博物館地下停車場", "area": "松山區", "address": "市民大道5段99號地下1層", "service_time": "00:00:00-23:59:59", "operator_type": "本處委外停車場", "kind": "D", "total_car": 69, "available_car": 8, "availability_rate": 0.11594202898550725, "status": "偏滿", "lat": 25.0469, "lon": 121.5619}}, {"type": "Feature", "geometry": {"type": "Point", "coordinates": [121.522, 25.0992]}, "properties": {"city": "TPE", "parking_id": "TPE0359", "name": "文昌國小地下停車場", "area": "士林區", "address": "文林路615巷20號地下1至2層", "service_time": "00:00:00-23:59:59", "operator_type": "本處委外停車場", "kind": "D", "total_car": 222, "available_car": 19, "availability_rate": 0.08558558558558559, "status": "緊張", "lat": 25.0992, "lon": 121.522}}, {"type": "Feature", "geometry": {"type": "Point", "coordinates": [121.6161, 25.0683]}, "properties": {"city": "TPE", "parking_id": "TPE0360", "name": "東湖國小地下停車場", "area": "內湖區", "address": "東湖路115號之1地下", "service_time": "00:00:00-23:59:59", "operator_type": "本處自營停車場", "kind": "D", "total_car": 359, "available_car": 71, "availability_rate": 0.1977715877437326, "status": "偏滿", "lat": 25.0683, "lon": 121.6161}}, {"type": "Feature", "geometry": {"type": "Point", "coordinates": [121.5203, 25.0491]}, "properties": {"city": "TPE", "parking_id": "TPE0362", "name": "華陰街平面停車場", "area": "中山區", "address": "華陰街18號對面", "service_time": "00:00:00-23:59:59", "operator_type": "本處委外停車場", "kind": "D", "total_car": 24, "available_car": 0, "availability_rate": 0.0, "status": "滿車", "lat": 25.0491, "lon": 121.5203}}, {"type": "Feature", "geometry": {"type": "Point", "coordinates": [121.5804, 25.0447]}, "properties": {"city": "TPE", "parking_id": "TPE0365", "name": "中坡北停車場", "area": "信義區", "address": "中坡北路15巷8號旁空地", "service_time": "00:00:00-23:59:59", "operator_type": "民營停車場", "kind": "D", "total_car": 15, "available_car": 3, "availability_rate": 0.2, "status": "偏滿", "lat": 25.0447, "lon": 121.5804}}, {"type": "Feature", "geometry": {"type": "Point", "coordinates": [121.5031, 25.0412]}, "properties": {"city": "TPE", "parking_id": "TPE0367", "name": "嘟嘟房內江1站停車場", "area": "萬華區", "address": "內江街126巷4號", "service_time": "00:00:00-23:59:59", "operator_type": "民營停車場", "kind": "D", "total_car": 5, "available_car": 4, "availability_rate": 0.8, "status": "充足", "lat": 25.0412, "lon": 121.5031}}, {"type": "Feature", "geometry": {"type": "Point", "coordinates": [121.5487, 25.0475]}, "properties": {"city": "TPE", "parking_id": "TPE0371", "name": "臺安停車場", "area": "松山區", "address": "八德路2段428號地下1至5層", "service_time": "00:00:00-23:59:59", "operator_type": "民營停車場", "kind": "D", "total_car": 202, "available_car": 144, "availability_rate": 0.7128712871287128, "status": "充足", "lat": 25.0475, "lon": 121.5487}}, {"type": "Feature", "geometry": {"type": "Point", "coordinates": [121.56917118488722, 25.038205290363315]}, "properties": {"city": "TPE", "parking_id": "TPE0375", "name": "國泰金融大樓停車場", "area": "信義區", "address": "松仁路7、9號地下3層", "service_time": "00:00:00-23:59:59", "operator_type": "民營停車場", "kind": "D", "total_car": 176, "available_car": 0, "availability_rate": 0.0, "status": "滿車", "lat": 25.038205290363315, "lon": 121.56917118488722}}, {"type": "Feature", "geometry": {"type": "Point", "coordinates": [121.5492, 25.0993]}, "properties": {"city": "TPE", "parking_id": "TPE0377", "name": "故宮廣場平面停車場", "area": "士林區", "address": "至善路2段〔故宮博物院斜對面，至善天下旁〕", "service_time": "00:00:00-23:59:59", "operator_type": "本處委外停車場", "kind": "D", "total_car": 87, "available_car": 108, "availability_rate": 1.2413793103448276, "status": "充足", "lat": 25.0993, "lon": 121.5492}}, {"type": "Feature", "geometry": {"type": "Point", "coordinates": [121.53779256971741, 25.02789698714277]}, "properties": {"city": "TPE", "parking_id": "TPE0378U01", "name": "建國南路高架橋下停車場A區", "area": "大安區", "address": "建國南路橋下(忠孝東路-和平東路)", "service_time": "00:00:00-23:59:59", "operator_type": "本處委外停車場", "kind": "D", "total_car": 287, "available_car": 10, "availability_rate": 0.03484320557491289, "status": "緊張", "lat": 25.02789698714277, "lon": 121.53779256971741}}, {"type": "Feature", "geometry": {"type": "Point", "coordinates": [121.53782823294081, 25.032810395384107]}, "properties": {"city": "TPE", "parking_id": "TPE0378U02", "name": "建國南路高架橋下停車場D區", "area": "大安區", "address": "建國南路橋下(忠孝東路-和平東路)", "service_time": "00:00:00-23:59:59", "operator_type": "本處委外停車場", "kind": "D", "total_car": 64, "available_car": 0, "availability_rate": 0.0, "status": "滿車", "lat": 25.032810395384107, "lon": 121.53782823294081}}, {"type": "Feature", "geometry": {"type": "Point", "coordinates": [121.53786247165871, 25.031643391305646]}, "properties": {"city": "TPE", "parking_id": "TPE0378U03", "name": "建國南路高架橋下停車場C區", "area": "大安區", "address": "建國南路橋下(忠孝東路-和平東路)", "service_time": "00:00:00-23:59:59", "operator_type": "本處委外停車場", "kind": "D", "total_car": 108, "available_car": 0, "availability_rate": 0.0, "status": "滿車", "lat": 25.031643391305646, "lon": 121.53786247165871}}, {"type": "Feature", "geometry": {"type": "Point", "coordinates": [121.53780672912218, 25.02915635459628]}, "properties": {"city": "TPE", "parking_id": "TPE0378U04", "name": "建國南路高架橋下停車場B區", "area": "大安區", "address": "建國南路橋下(忠孝東路-和平東路)", "service_time": "00:00:00-23:59:59", "operator_type": "本處委外停車場", "kind": "D", "total_car": 236, "available_car": 2, "availability_rate": 0.00847457627118644, "status": "緊張", "lat": 25.02915635459628, "lon": 121.53780672912218}}, {"type": "Feature", "geometry": {"type": "Point", "coordinates": [121.53809813024708, 25.03476851271605]}, "properties": {"city": "TPE", "parking_id": "TPE0378U05", "name": "建國南路高架橋下E區", "area": "大安區", "address": "建國南路橋下(忠孝東路-和平東路)", "service_time": "00:00:00-23:59:59", "operator_type": "本處委外停車場", "kind": "D", "total_car": 52, "available_car": 0, "availability_rate": 0.0, "status": "滿車", "lat": 25.03476851271605, "lon": 121.53809813024708}}, {"type": "Feature", "geometry": {"type": "Point", "coordinates": [121.53801994741808, 25.034734940473715]}, "properties": {"city": "TPE", "parking_id": "TPE0378U06", "name": "建國南路高架橋下F區", "area": "大安區", "address": "建國南路橋下(忠孝東路-和平東路)", "service_time": "00:00:00-23:59:59", "operator_type": "本處委外停車場", "kind": "D", "total_car": 175, "available_car": 0, "availability_rate": 0.0, "status": "滿車", "lat": 25.034734940473715, "lon": 121.53801994741808}}, {"type": "Feature", "geometry": {"type": "Point", "coordinates": [121.53779000051249, 25.03725235062742]}, "properties": {"city": "TPE", "parking_id": "TPE0378U07", "name": "建國南路高架橋下G區", "area": "大安區", "address": "建國南路橋下(忠孝東路-和平東路)", "service_time": "00:00:00-23:59:59", "operator_type": "本處委外停車場", "kind": "D", "total_car": 84, "available_car": 0, "availability_rate": 0.0, "status": "滿車", "lat": 25.03725235062742, "lon": 121.53779000051249}}, {"type": "Feature", "geometry": {"type": "Point", "coordinates": [121.53795091424661, 25.038574381828052]}, "properties": {"city": "TPE", "parking_id": "TPE0378U08", "name": "建國南路高架橋下H區", "area": "大安區", "address": "建國南路橋下(忠孝東路-和平東路)", "service_time": "00:00:00-23:59:59", "operator_type": "本處委外停車場", "kind": "D", "total_car": 218, "available_car": 1, "availability_rate": 0.0045871559633027525, "status": "緊張", "lat": 25.038574381828052, "lon": 121.53795091424661}}, {"type": "Feature", "geometry": {"type": "Point", "coordinates": [121.53732384887005, 25.041140624740645]}, "properties": {"city": "TPE", "parking_id": "TPE0378U09", "name": "建國南路高架橋下停車場I區", "area": "大安區", "address": "建國南路橋下(忠孝東路-和平東路)", "service_time": "00:00:00-23:59:59", "operator_type": "本處委外停車場", "kind": "D", "total_car": 92, "available_car": 0, "availability_rate": 0.0, "status": "滿車", "lat": 25.041140624740645, "lon": 121.53732384887005}}, {"type": "Feature", "geometry": {"type": "Point", "coordinates": [121.5354, 25.0044]}, "properties": {"city": "TPE", "parking_id": "TPE0380", "name": "溪洲街平面停車場", "area": "文山區", "address": "汀州路4段與溪洲街交叉口", "service_time": "00:00:00-23:59:59", "operator_type": "本處委外停車場", "kind": "D", "total_car": 17, "available_car": 1, "availability_rate": 0.058823529411764705, "status": "緊張", "lat": 25.0044, "lon": 121.5354}}, {"type": "Feature", "geometry": {"type": "Point", "coordinates": [121.5722, 25.086]}, "properties": {"city": "TPE", "parking_id": "TPE0381", "name": "環山平面停車場", "area": "內湖區", "address": "環山路2段與內湖路1段411巷口", "service_time": "00:00:00-23:59:59", "operator_type": "本處委外停車場", "kind": "D", "total_car": 31, "available_car": 2, "availability_rate": 0.06451612903225806, "status": "緊張", "lat": 25.086, "lon": 121.5722}}, {"type": "Feature", "geometry": {"type": "Point", "coordinates": [121.5397, 25.1568]}, "properties": {"city": "TPE", "parking_id": "TPE0382", "name": "陽明山花鐘停車場", "area": "北投區", "address": "湖山路2段(陽明山公園花鐘前)", "service_time": "00:00:00-23:59:59", "operator_type": "本處委外停車場", "kind": "D", "total_car": 34, "available_car": 6, "availability_rate": 0.17647058823529413, "status": "偏滿", "lat": 25.1568, "lon": 121.5397}}, {"type": "Feature", "geometry": {"type": "Point", "coordinates": [121.5458, 25.1554]}, "properties": {"city": "TPE", "parking_id": "TPE0383", "name": "陽明山第二停車場", "area": "北投區", "address": "陽金公路(陽明山國家公園遊客服務中心對面)", "service_time": "00:00:00-23:59:59", "operator_type": "本處委外停車場", "kind": "D", "total_car": 112, "available_car": 40, "availability_rate": 0.35714285714285715, "status": "充足", "lat": 25.1554, "lon": 121.5458}}, {"type": "Feature", "geometry": {"type": "Point", "coordinates": [121.518, 25.0448]}, "properties": {"city": "TPE", "parking_id": "TPE0387", "name": "臺大醫院兒童醫院停車場", "area": "中正區", "address": "中山南路8號地上1及地下2至3層", "service_time": "00:00:00-23:59:59", "operator_type": "中央機關學校自營", "kind": "D", "total_car": 314, "available_car": 89, "availability_rate": 0.28343949044585987, "status": "偏滿", "lat": 25.0448, "lon": 121.518}}, {"type": "Feature", "geometry": {"type": "Point", "coordinates": [121.5381, 25.0671]}, "properties": {"city": "TPE", "parking_id": "TPE0389", "name": "臺北農產運銷股份有限公司第二果菜批發市場地下三樓停車場(濱江市場地下停車場)", "area": "中山區", "address": "民族東路336號地下3層", "service_time": "00:00:00-23:59:59", "operator_type": "市屬機關學校委外", "kind": "S", "total_car": 349, "available_car": 80, "availability_rate": 0.22922636103151864, "status": "偏滿", "lat": 25.0671, "lon": 121.5381}}, {"type": "Feature", "geometry": {"type": "Point", "coordinates": [121.5537, 25.0285]}, "properties": {"city": "TPE", "parking_id": "TPE0395", "name": "台北通化停車場", "area": "大安區", "address": "通化街163號旁空地", "service_time": "00:00:00-23:59:59", "operator_type": "民營停車場", "kind": "D", "total_car": 49, "available_car": 50, "availability_rate": 1.0204081632653061, "status": "充足", "lat": 25.0285, "lon": 121.5537}}, {"type": "Feature", "geometry": {"type": "Point", "coordinates": [121.5499, 25.0295]}, "properties": {"city": "TPE", "parking_id": "TPE0396", "name": "敦南大樓停車場", "area": "大安區", "address": "敦化南路2段93-95號地下3至5層", "service_time": "00:00:00-23:59:59", "operator_type": "民營停車場", "kind": "D", "total_car": 122, "available_car": 31, "availability_rate": 0.2540983606557377, "status": "偏滿", "lat": 25.0295, "lon": 121.5499}}, {"type": "Feature", "geometry": {"type": "Point", "coordinates": [121.5052, 25.043]}, "properties": {"city": "TPE", "parking_id": "TPE0397", "name": "台灣聯通大世界停車場", "area": "萬華區", "address": "成都路81號地下2至4層", "service_time": "00:00:00-23:59:59", "operator_type": "民營停車場", "kind": "D", "total_car": 91, "available_car": 32, "availability_rate": 0.3516483516483517, "status": "充足", "lat": 25.043, "lon": 121.5052}}, {"type": "Feature", "geometry": {"type": "Point", "coordinates": [121.5228, 25.0443]}, "properties": {"city": "TPE", "parking_id": "TPE0398", "name": "便利停車場林森三站", "area": "中正區", "address": "林森南路4-1、4-2號及青島東路9號地下1層", "service_time": "00:00:00-23:59:59", "operator_type": "民營停車場", "kind": "D", "total_car": 26, "available_car": 7, "availability_rate": 0.2692307692307692, "status": "偏滿", "lat": 25.0443, "lon": 121.5228}}, {"type": "Feature", "geometry": {"type": "Point", "coordinates": [121.4633, 25.1176]}, "properties": {"city": "TPE", "parking_id": "TPE0399", "name": "關渡水岸自然公園平面停車場", "area": "北投區", "address": "知行路360號(關渡宮)對面空地", "service_time": "00:00:00-23:59:59", "operator_type": "本處委外停車場", "kind": "D", "total_car": 309, "available_car": 35, "availability_rate": 0.11326860841423948, "status": "偏滿", "lat": 25.1176, "lon": 121.4633}}, {"type": "Feature", "geometry": {"type": "Point", "coordinates": [121.4998, 25.0345]}, "properties": {"city": "TPE", "parking_id": "TPE0401", "name": "臺北市萬華區行政中心地下停車場", "area": "萬華區", "address": "和平西路3段120號地下1至5層", "service_time": "00:00:00-23:59:59", "operator_type": "市屬機關學校自營", "kind": "D", "total_car": 205, "available_car": 4, "availability_rate": 0.01951219512195122, "status": "緊張", "lat": 25.0345, "lon": 121.4998}}, {"type": "Feature", "geometry": {"type": "Point", "coordinates": [121.5085, 25.0515]}, "properties": {"city": "TPE", "parking_id": "TPE0402", "name": "臺北市立聯合醫院-中興院區停車場", "area": "大同區", "address": "鄭州路145號", "service_time": "00:00:00-23:59:59", "operator_type": "市屬機關學校委外", "kind": "D", "total_car": 80, "available_car": 34, "availability_rate": 0.425, "status": "充足", "lat": 25.0515, "lon": 121.5085}}, {"type": "Feature", "geometry": {"type": "Point", "coordinates": [121.5664, 25.0471]}, "properties": {"city": "TPE", "parking_id": "TPE0403", "name": "嘟嘟房東興站停車場", "area": "信義區", "address": "東興路65號地下1-4層", "service_time": "00:00:00-23:59:59", "operator_type": "民營停車場", "kind": "D", "total_car": 144, "available_car": 67, "availability_rate": 0.4652777777777778, "status": "充足", "lat": 25.0471, "lon": 121.5664}}, {"type": "Feature", "geometry": {"type": "Point", "coordinates": [121.565, 25.032]}, "properties": {"city": "TPE", "parking_id": "TPE0404", "name": "信義一站停車場", "area": "信義區", "address": "松智路25號及松勤街90號旁空地", "service_time": "00:00:00-23:59:59", "operator_type": "民營停車場", "kind": "D", "total_car": 79, "available_car": 49, "availability_rate": 0.620253164556962, "status": "充足", "lat": 25.032, "lon": 121.565}}, {"type": "Feature", "geometry": {"type": "Point", "coordinates": [121.5202, 25.1192]}, "properties": {"city": "TPE", "parking_id": "TPE0405", "name": "臺北榮民總醫院二號門地下停車場", "area": "北投區", "address": "石牌路2段201號地下1至3層", "service_time": "00:00:00-23:59:59", "operator_type": "民營停車場", "kind": "D", "total_car": 366, "available_car": 364, "availability_rate": 0.994535519125683, "status": "充足", "lat": 25.1192, "lon": 121.5202}}, {"type": "Feature", "geometry": {"type": "Point", "coordinates": [121.6134, 25.0676]}, "properties": {"city": "TPE", "parking_id": "TPE0407", "name": "安康公車調度站臨時平面停車場", "area": "內湖區", "address": "五分街12號空地旁", "service_time": "00:00:00-23:59:59", "operator_type": "本處委外停車場", "kind": "D", "total_car": 113, "available_car": 21, "availability_rate": 0.18584070796460178, "status": "偏滿", "lat": 25.0676, "lon": 121.6134}}, {"type": "Feature", "geometry": {"type": "Point", "coordinates": [121.5637, 25.0254]}, "properties": {"city": "TPE", "parking_id": "TPE0409", "name": "吳興街284巷臨時平面停車場", "area": "信義區", "address": "吳興街284巷與吳興街260巷21弄交叉口旁", "service_time": "00:00:00-23:59:59", "operator_type": "本處委外停車場", "kind": "D", "total_car": 50, "available_car": 3, "availability_rate": 0.06, "status": "緊張", "lat": 25.0254, "lon": 121.5637}}, {"type": "Feature", "geometry": {"type": "Point", "coordinates": [121.5406, 25.0041]}, "properties": {"city": "TPE", "parking_id": "TPE0410", "name": "臺北花木批發市場地下停車場", "area": "文山區", "address": "興隆路1段15號地下(地下共2層)", "service_time": "00:00:00-23:59:59", "operator_type": "本處委外停車場", "kind": "D", "total_car": 411, "available_car": 69, "availability_rate": 0.1678832116788321, "status": "偏滿", "lat": 25.0041, "lon": 121.5406}}, {"type": "Feature", "geometry": {"type": "Point", "coordinates": [121.5262, 25.0457]}, "properties": {"city": "TPE", "parking_id": "TPE0413", "name": "168停車聯盟-北平東場", "area": "中正區", "address": "北平東路30號地下2層", "service_time": "00:00:00-23:59:59", "operator_type": "民營停車場", "kind": "D", "total_car": 59, "available_car": 23, "availability_rate": 0.3898305084745763, "status": "充足", "lat": 25.0457, "lon": 121.5262}}, {"type": "Feature", "geometry": {"type": "Point", "coordinates": [121.52898814715846, 25.036681319476575]}, "properties": {"city": "TPE", "parking_id": "TPE0417", "name": "Times臨沂街第2", "area": "中正區", "address": "臨沂街63巷1號旁空地", "service_time": "00:00:00-23:59:59", "operator_type": "民營停車場", "kind": "D", "total_car": 23, "available_car": 10, "availability_rate": 0.43478260869565216, "status": "充足", "lat": 25.036681319476575, "lon": 121.52898814715846}}, {"type": "Feature", "geometry": {"type": "Point", "coordinates": [121.5654, 25.0325]}, "properties": {"city": "TPE", "parking_id": "TPE0418", "name": "便利停車場信義二站", "area": "信義區", "address": "信義路5段100號對面空地", "service_time": "00:00:00-23:59:59", "operator_type": "民營停車場", "kind": "D", "total_car": 18, "available_car": 8, "availability_rate": 0.4444444444444444, "status": "充足", "lat": 25.0325, "lon": 121.5654}}, {"type": "Feature", "geometry": {"type": "Point", "coordinates": [121.5811, 25.0426]}, "properties": {"city": "TPE", "parking_id": "TPE0421", "name": "春光公園地下停車場", "area": "信義區", "address": "忠孝東路5段666號地下1至3層", "service_time": "00:00:00-23:59:59", "operator_type": "本處委外停車場", "kind": "D", "total_car": 214, "available_car": 11, "availability_rate": 0.0514018691588785, "status": "緊張", "lat": 25.0426, "lon": 121.5811}}, {"type": "Feature", "geometry": {"type": "Point", "coordinates": [121.5998, 25.0541]}, "properties": {"city": "TPE", "parking_id": "TPE0422", "name": "家樂福新南港停車場", "area": "南港區", "address": "南港路2段146號地下2層", "service_time": "00:00:00-23:59:59", "operator_type": "民營停車場", "kind": "D", "total_car": 48, "available_car": 47, "availability_rate": 0.9791666666666666, "status": "充足", "lat": 25.0541, "lon": 121.5998}}, {"type": "Feature", "geometry": {"type": "Point", "coordinates": [121.5248, 25.0593]}, "properties": {"city": "TPE", "parking_id": "TPE0425", "name": "永盛公園地下停車場", "area": "中山區", "address": "中山北路2段93巷30號地下", "service_time": "00:00:00-23:59:59", "operator_type": "本處自營停車場", "kind": "D", "total_car": 224, "available_car": 25, "availability_rate": 0.11160714285714286, "status": "偏滿", "lat": 25.0593, "lon": 121.5248}}, {"type": "Feature", "geometry": {"type": "Point", "coordinates": [121.5355, 25.0521]}, "properties": {"city": "TPE", "parking_id": "TPE0433", "name": "台灣聯通南京停車場", "area": "中山區", "address": "南京東路2段139號地下3-7層", "service_time": "00:00:00-23:59:59", "operator_type": "民營停車場", "kind": "D", "total_car": 241, "available_car": 46, "availability_rate": 0.1908713692946058, "status": "偏滿", "lat": 25.0521, "lon": 121.5355}}, {"type": "Feature", "geometry": {"type": "Point", "coordinates": [121.55736014953654, 25.051977214488797]}, "properties": {"city": "TPE", "parking_id": "TPE0434", "name": "台灣聯通前瞻停車場", "area": "松山區", "address": "南京東路5段1號地下1層至地下4層", "service_time": "臨停：08-21時；月租：24時", "operator_type": "民營停車場", "kind": "D", "total_car": 65, "available_car": 51, "availability_rate": 0.7846153846153846, "status": "充足", "lat": 25.051977214488797, "lon": 121.55736014953654}}, {"type": "Feature", "geometry": {"type": "Point", "coordinates": [121.5584, 25.0324]}, "properties": {"city": "TPE", "parking_id": "TPE0435", "name": "台北信基大樓停車場", "area": "信義區", "address": "信義路4段456號地下1層之一、460號地下2層之6及456、458、460、462、466號地下4層", "service_time": "00:00:00-23:59:59", "operator_type": "民營停車場", "kind": "D", "total_car": 33, "available_car": 25, "availability_rate": 0.7575757575757576, "status": "充足", "lat": 25.0324, "lon": 121.5584}}, {"type": "Feature", "geometry": {"type": "Point", "coordinates": [121.541, 25.0522]}, "properties": {"city": "TPE", "parking_id": "TPE0436", "name": "JR台北大飯店停車場", "area": "中山區", "address": "南京東路3段133號地下4-6層", "service_time": "00:00:00-23:59:59", "operator_type": "民營停車場", "kind": "D", "total_car": 175, "available_car": 88, "availability_rate": 0.5028571428571429, "status": "充足", "lat": 25.0522, "lon": 121.541}}, {"type": "Feature", "geometry": {"type": "Point", "coordinates": [121.4684, 25.1318]}, "properties": {"city": "TPE", "parking_id": "TPE0438", "name": "臺北藝術大學停車場", "area": "北投區", "address": "學園路1號", "service_time": "07:00:00-23:00:00", "operator_type": "中央機關學校委外", "kind": "D", "total_car": 47, "available_car": 241, "availability_rate": 5.127659574468085, "status": "充足", "lat": 25.1318, "lon": 121.4684}}, {"type": "Feature", "geometry": {"type": "Point", "coordinates": [121.5217, 25.0551]}, "properties": {"city": "TPE", "parking_id": "TPE0441", "name": "中山運動中心旁臨時平面停車場", "area": "中山區", "address": "中山北路2段44巷及46巷中間", "service_time": "00:00:00-23:59:59", "operator_type": "本處委外停車場", "kind": "D", "total_car": 53, "available_car": 0, "availability_rate": 0.0, "status": "滿車", "lat": 25.0551, "lon": 121.5217}}, {"type": "Feature", "geometry": {"type": "Point", "coordinates": [121.5737, 25.0762]}, "properties": {"city": "TPE", "parking_id": "TPE0442", "name": "瑞光二平面停車場", "area": "內湖區", "address": "瑞光路316巷5號對面空地", "service_time": "00:00:00-23:59:59", "operator_type": "民營停車場", "kind": "D", "total_car": 39, "available_car": 34, "availability_rate": 0.8717948717948718, "status": "充足", "lat": 25.0762, "lon": 121.5737}}, {"type": "Feature", "geometry": {"type": "Point", "coordinates": [121.555, 25.0458]}, "properties": {"city": "TPE", "parking_id": "TPE0443", "name": "嘟嘟房光復南站停車場", "area": "松山區", "address": "光復南路46巷37號", "service_time": "00:00:00-23:59:59", "operator_type": "民營停車場", "kind": "D", "total_car": 10, "available_car": 0, "availability_rate": 0.0, "status": "滿車", "lat": 25.0458, "lon": 121.555}}, {"type": "Feature", "geometry": {"type": "Point", "coordinates": [121.499, 25.1103]}, "properties": {"city": "TPE", "parking_id": "TPE0444", "name": "洲美運動公園地下停車場", "area": "北投區", "address": "洲美街271號地下1層", "service_time": "05時至22時(每周一及國定假日休館不開放)", "operator_type": "市屬機關學校自營", "kind": "S", "total_car": 88, "available_car": 48, "availability_rate": 0.5454545454545454, "status": "充足", "lat": 25.1103, "lon": 121.499}}, {"type": "Feature", "geometry": {"type": "Point", "coordinates": [121.5179, 25.0469]}, "properties": {"city": "TPE", "parking_id": "TPE0446", "name": "台北車站K區地下街停車場", "area": "中正區", "address": "忠孝西路1段47號地下2層", "service_time": "00:00:00-23:59:59", "operator_type": "市屬機關學校委外", "kind": "D", "total_car": 188, "available_car": 3, "availability_rate": 0.015957446808510637, "status": "緊張", "lat": 25.0469, "lon": 121.5179}}, {"type": "Feature", "geometry": {"type": "Point", "coordinates": [121.5433, 25.0456]}, "properties": {"city": "TPE", "parking_id": "TPE0447", "name": "大潤發中崙店停車場", "area": "中山區", "address": "八德路2段306號地下4-5層及地上1層", "service_time": "00:00:00-23:59:59", "operator_type": "民營停車場", "kind": "D", "total_car": 346, "available_car": 95, "availability_rate": 0.2745664739884393, "status": "偏滿", "lat": 25.0456, "lon": 121.5433}}, {"type": "Feature", "geometry": {"type": "Point", "coordinates": [121.5379, 25.0241]}, "properties": {"city": "TPE", "parking_id": "TPE0449", "name": "龍門國中地下停車場", "area": "大安區", "address": "建國南路2段269號地下", "service_time": "00:00:00-23:59:59", "operator_type": "本處自營停車場", "kind": "D", "total_car": 730, "available_car": 89, "availability_rate": 0.12191780821917808, "status": "偏滿", "lat": 25.0241, "lon": 121.5379}}, {"type": "Feature", "geometry": {"type": "Point", "coordinates": [121.4993, 25.0362]}, "properties": {"city": "TPE", "parking_id": "TPE0450", "name": "艋舺公園地下停車場", "area": "萬華區", "address": "西園路1段145號地下室", "service_time": "00:00:00-23:59:59", "operator_type": "本處委外停車場", "kind": "D", "total_car": 518, "available_car": 0, "availability_rate": 0.0, "status": "滿車", "lat": 25.0362, "lon": 121.4993}}, {"type": "Feature", "geometry": {"type": "Point", "coordinates": [121.529, 25.1189]}, "properties": {"city": "TPE", "parking_id": "TPE0451", "name": "全聯天母天玉停車場", "area": "士林區", "address": "天母西路3號地下1層", "service_time": "00:00:00-23:59:59", "operator_type": "民營停車場", "kind": "D", "total_car": 10, "available_car": 7, "availability_rate": 0.7, "status": "充足", "lat": 25.1189, "lon": 121.529}}, {"type": "Feature", "geometry": {"type": "Point", "coordinates": [121.5526, 25.0376]}, "properties": {"city": "TPE", "parking_id": "TPE0452", "name": "台灣聯通福安停車場", "area": "大安區", "address": "仁愛路4段258號", "service_time": "00:00:00-23:59:59", "operator_type": "民營停車場", "kind": "D", "total_car": 56, "available_car": 30, "availability_rate": 0.5357142857142857, "status": "充足", "lat": 25.0376, "lon": 121.5526}}, {"type": "Feature", "geometry": {"type": "Point", "coordinates": [121.5244, 25.0272]}, "properties": {"city": "TPE", "parking_id": "TPE0456", "name": "通通停古亭停車場", "area": "大安區", "address": "和平東路1段43號旁空地", "service_time": "00:00:00-23:59:59", "operator_type": "民營停車場", "kind": "D", "total_car": 13, "available_car": 1, "availability_rate": 0.07692307692307693, "status": "緊張", "lat": 25.0272, "lon": 121.5244}}, {"type": "Feature", "geometry": {"type": "Point", "coordinates": [121.5435, 25.0592]}, "properties": {"city": "TPE", "parking_id": "TPE0463", "name": "168停車聯盟-民生場", "area": "中山區", "address": "民生東路3段73巷14號空地", "service_time": "00:00:00-23:59:59", "operator_type": "民營停車場", "kind": "S", "total_car": 6, "available_car": 896, "availability_rate": 149.33333333333334, "status": "充足", "lat": 25.0592, "lon": 121.5435}}, {"type": "Feature", "geometry": {"type": "Point", "coordinates": [121.4929, 25.0322]}, "properties": {"city": "TPE", "parking_id": "TPE0467", "name": "綠堤停車場", "area": "萬華區", "address": "雙園街89巷1號對面空地", "service_time": "00:00:00-23:59:59", "operator_type": "民營停車場", "kind": "D", "total_car": 49, "available_car": 12, "availability_rate": 0.24489795918367346, "status": "偏滿", "lat": 25.0322, "lon": 121.4929}}, {"type": "Feature", "geometry": {"type": "Point", "coordinates": [121.5695, 25.056]}, "properties": {"city": "TPE", "parking_id": "TPE0475", "name": "塔悠路停車場", "area": "松山區", "address": "塔悠路164號旁空地", "service_time": "00:00:00-23:59:59", "operator_type": "民營停車場", "kind": "D", "total_car": 17, "available_car": 7, "availability_rate": 0.4117647058823529, "status": "充足", "lat": 25.056, "lon": 121.5695}}, {"type": "Feature", "geometry": {"type": "Point", "coordinates": [121.5493, 25.05]}, "properties": {"city": "TPE", "parking_id": "TPE0476", "name": "嘟嘟房台北小巨蛋站停車場", "area": "松山區", "address": "南京東路4段2號地下1至2層", "service_time": "00:00:00-23:59:59", "operator_type": "市屬機關學校委外", "kind": "D", "total_car": 476, "available_car": 275, "availability_rate": 0.5777310924369747, "status": "充足", "lat": 25.05, "lon": 121.5493}}, {"type": "Feature", "geometry": {"type": "Point", "coordinates": [121.5003, 25.0345]}, "properties": {"city": "TPE", "parking_id": "TPE0478", "name": "萬華停車場", "area": "萬華區", "address": "大理街57號空地", "service_time": "00:00:00-23:59:59", "operator_type": "民營停車場", "kind": "D", "total_car": 30, "available_car": 2, "availability_rate": 0.06666666666666667, "status": "緊張", "lat": 25.0345, "lon": 121.5003}}, {"type": "Feature", "geometry": {"type": "Point", "coordinates": [121.6017, 25.0733]}, "properties": {"city": "TPE", "parking_id": "TPE0482", "name": "麗湖國小地下停車場", "area": "內湖區", "address": "金湖路363巷8號地下(地下共1層)", "service_time": "00:00:00-23:59:59", "operator_type": "本處委外停車場", "kind": "D", "total_car": 229, "available_car": 36, "availability_rate": 0.1572052401746725, "status": "偏滿", "lat": 25.0733, "lon": 121.6017}}, {"type": "Feature", "geometry": {"type": "Point", "coordinates": [121.563, 25.0814]}, "properties": {"city": "TPE", "parking_id": "TPE0484", "name": "台灣聯通內科停車場", "area": "內湖區", "address": "堤頂大道2段407巷20弄35號對面空地", "service_time": "00:00:00-23:59:59", "operator_type": "民營停車場", "kind": "D", "total_car": 49, "available_car": 49, "availability_rate": 1.0, "status": "充足", "lat": 25.0814, "lon": 121.563}}, {"type": "Feature", "geometry": {"type": "Point", "coordinates": [121.5253, 25.0637]}, "properties": {"city": "TPE", "parking_id": "TPE0487", "name": "台灣聯通晴光商圈停車場", "area": "中山區", "address": "林森北路538號及538-1號", "service_time": "00:00:00-23:59:59", "operator_type": "民營停車場", "kind": "D", "total_car": 92, "available_car": 25, "availability_rate": 0.2717391304347826, "status": "偏滿", "lat": 25.0637, "lon": 121.5253}}, {"type": "Feature", "geometry": {"type": "Point", "coordinates": [121.5603, 25.0259]}, "properties": {"city": "TPE", "parking_id": "TPE0489", "name": "吳興街220巷平面停車場", "area": "信義區", "address": "吳興街220巷75號對面", "service_time": "00:00:00-23:59:59", "operator_type": "本處委外停車場", "kind": "D", "total_car": 82, "available_car": 41, "availability_rate": 0.5, "status": "充足", "lat": 25.0259, "lon": 121.5603}}, {"type": "Feature", "geometry": {"type": "Point", "coordinates": [121.539, 25.0576]}, "properties": {"city": "TPE", "parking_id": "TPE0493", "name": "便利停車場民生站", "area": "中山區", "address": "民生東路3段8號地下2-6層", "service_time": "00:00:00-23:59:59", "operator_type": "民營停車場", "kind": "D", "total_car": 210, "available_car": 20, "availability_rate": 0.09523809523809523, "status": "緊張", "lat": 25.0576, "lon": 121.539}}, {"type": "Feature", "geometry": {"type": "Point", "coordinates": [121.4721, 25.1276]}, "properties": {"city": "TPE", "parking_id": "TPE0495", "name": "醫療財團法人辜公亮基金會和信治癌中心醫院-醫療大樓停車場", "area": "北投區", "address": "立德路125號地下1至2層醫療大樓", "service_time": "00:00:00-23:59:59", "operator_type": "民營停車場", "kind": "D", "total_car": 95, "available_car": 151, "availability_rate": 1.5894736842105264, "status": "充足", "lat": 25.1276, "lon": 121.4721}}, {"type": "Feature", "geometry": {"type": "Point", "coordinates": [121.5218, 25.0396]}, "properties": {"city": "TPE", "parking_id": "TPE0497", "name": "宏達經營管理顧問有限公司徐州停車場", "area": "中正區", "address": "徐州路2號地下2至3層", "service_time": "00:00:00-23:59:59", "operator_type": "中央機關學校委外", "kind": "D", "total_car": 83, "available_car": 86, "availability_rate": 1.036144578313253, "status": "充足", "lat": 25.0396, "lon": 121.5218}}, {"type": "Feature", "geometry": {"type": "Point", "coordinates": [121.53860215390647, 25.03055734213568]}, "properties": {"city": "TPE", "parking_id": "TPE0500", "name": "臺北市大安福邸公寓大廈社區中庭地下停車場", "area": "大安區", "address": "信義路3段134巷40號地下1層", "service_time": "臨停：上午7時至下午6時；月租：24小時", "operator_type": "市屬機關學校委外", "kind": "S", "total_car": 204, "available_car": 12, "availability_rate": 0.058823529411764705, "status": "緊張", "lat": 25.03055734213568, "lon": 121.53860215390647}}, {"type": "Feature", "geometry": {"type": "Point", "coordinates": [121.544, 25.0259]}, "properties": {"city": "TPE", "parking_id": "TPE0504", "name": "科技大樓地下停車場", "area": "大安區", "address": "和平東路2段265巷9號地下1至2層", "service_time": "00:00:00-23:59:59", "operator_type": "民營停車場", "kind": "D", "total_car": 30, "available_car": 7, "availability_rate": 0.23333333333333334, "status": "偏滿", "lat": 25.0259, "lon": 121.544}}, {"type": "Feature", "geometry": {"type": "Point", "coordinates": [121.567, 25.0304]}, "properties": {"city": "TPE", "parking_id": "TPE0505", "name": "三張里地下停車場", "area": "信義區", "address": "松平路81號地下室(地下共3層)", "service_time": "00:00:00-23:59:59", "operator_type": "本處委外停車場", "kind": "D", "total_car": 354, "available_car": 63, "availability_rate": 0.17796610169491525, "status": "偏滿", "lat": 25.0304, "lon": 121.567}}, {"type": "Feature", "geometry": {"type": "Point", "coordinates": [121.5214, 25.0491]}, "properties": {"city": "TPE", "parking_id": "TPE0506", "name": "Times中山北路一段", "area": "中山區", "address": "中山北路1段39號旁空地", "service_time": "00:00:00-23:59:59", "operator_type": "民營停車場", "kind": "D", "total_car": 13, "available_car": 6, "availability_rate": 0.46153846153846156, "status": "充足", "lat": 25.0491, "lon": 121.5214}}, {"type": "Feature", "geometry": {"type": "Point", "coordinates": [121.5636, 25.1657]}, "properties": {"city": "TPE", "parking_id": "TPE0508", "name": "歐特儀股份有限公司冷水坑1號停車場", "area": "士林區", "address": "菁山路101巷170號", "service_time": "00:00:00-23:59:59", "operator_type": "中央機關學校委外", "kind": "S", "total_car": 80, "available_car": 6, "availability_rate": 0.075, "status": "緊張", "lat": 25.1657, "lon": 121.5636}}, {"type": "Feature", "geometry": {"type": "Point", "coordinates": [121.5949, 25.0831]}, "properties": {"city": "TPE", "parking_id": "TPE0510", "name": "台灣聯通成功停車場", "area": "內湖區", "address": "成功路4段161號地下3至4層", "service_time": "00:00:00-23:59:59", "operator_type": "民營停車場", "kind": "D", "total_car": 77, "available_car": 15, "availability_rate": 0.19480519480519481, "status": "偏滿", "lat": 25.0831, "lon": 121.5949}}, {"type": "Feature", "geometry": {"type": "Point", "coordinates": [121.5394, 25.0473]}, "properties": {"city": "TPE", "parking_id": "TPE0515", "name": "台北建國停車場", "area": "中山區", "address": "建國北路1段23巷39號旁空地", "service_time": "00:00:00-23:59:59", "operator_type": "民營停車場", "kind": "D", "total_car": 39, "available_car": 29, "availability_rate": 0.7435897435897436, "status": "充足", "lat": 25.0473, "lon": 121.5394}}, {"type": "Feature", "geometry": {"type": "Point", "coordinates": [121.563, 25.0476]}, "properties": {"city": "TPE", "parking_id": "TPE0517", "name": "嘟嘟房京華城站停車場", "area": "松山區", "address": "東寧路21號旁", "service_time": "00:00:00-23:59:59", "operator_type": "民營停車場", "kind": "D", "total_car": 22, "available_car": 1, "availability_rate": 0.045454545454545456, "status": "緊張", "lat": 25.0476, "lon": 121.563}}, {"type": "Feature", "geometry": {"type": "Point", "coordinates": [121.5266, 25.0482]}, "properties": {"city": "TPE", "parking_id": "TPE0521", "name": "嘟嘟房林森北站停車場", "area": "中山區", "address": "林森北路67巷68號", "service_time": "00:00:00-23:59:59", "operator_type": "民營停車場", "kind": "D", "total_car": 6, "available_car": 1, "availability_rate": 0.16666666666666666, "status": "偏滿", "lat": 25.0482, "lon": 121.5266}}, {"type": "Feature", "geometry": {"type": "Point", "coordinates": [121.5279, 25.0392]}, "properties": {"city": "TPE", "parking_id": "TPE0522", "name": "嘟嘟房杭州南站停車場", "area": "中正區", "address": "杭州南路1段71巷28號旁空地", "service_time": "00:00:00-23:59:59", "operator_type": "民營停車場", "kind": "D", "total_car": 11, "available_car": 7, "availability_rate": 0.6363636363636364, "status": "充足", "lat": 25.0392, "lon": 121.5279}}, {"type": "Feature", "geometry": {"type": "Point", "coordinates": [121.5485, 25.0222]}, "properties": {"city": "TPE", "parking_id": "TPE0526", "name": "台灣聯通敦南停車場", "area": "大安區", "address": "敦化南路2段206號", "service_time": "00:00:00-23:59:59", "operator_type": "民營停車場", "kind": "D", "total_car": 60, "available_car": 29, "availability_rate": 0.48333333333333334, "status": "充足", "lat": 25.0222, "lon": 121.5485}}, {"type": "Feature", "geometry": {"type": "Point", "coordinates": [121.56666005960192, 25.039359193039918]}, "properties": {"city": "TPE", "parking_id": "TPE0527", "name": "新光三越百貨股份有限公司台北信義分公司四館停車場", "area": "信義區", "address": "松高路19號地下1、2、4、5、6層", "service_time": "11:00:00-22:30:00", "operator_type": "民營停車場", "kind": "S", "total_car": 212, "available_car": 0, "availability_rate": 0.0, "status": "滿車", "lat": 25.039359193039918, "lon": 121.56666005960192}}, {"type": "Feature", "geometry": {"type": "Point", "coordinates": [121.5208, 25.0208]}, "properties": {"city": "TPE", "parking_id": "TPE0528", "name": "同安街平面停車場", "area": "中正區", "address": "同安街101巷與水源路交叉旁", "service_time": "00:00:00-23:59:59", "operator_type": "本處委外停車場", "kind": "D", "total_car": 22, "available_car": 0, "availability_rate": 0.0, "status": "滿車", "lat": 25.0208, "lon": 121.5208}}, {"type": "Feature", "geometry": {"type": "Point", "coordinates": [121.5194, 25.038]}, "properties": {"city": "TPE", "parking_id": "TPE0529", "name": "臺北市中正運動中心地下停車場", "area": "中正區", "address": "信義路1段1號地下3層", "service_time": "06:00:00-22:00:00", "operator_type": "市屬機關學校委外", "kind": "D", "total_car": 101, "available_car": 7, "availability_rate": 0.06930693069306931, "status": "緊張", "lat": 25.038, "lon": 121.5194}}, {"type": "Feature", "geometry": {"type": "Point", "coordinates": [121.58169064270423, 25.048685748097153]}, "properties": {"city": "TPE", "parking_id": "TPE0530", "name": "臺北市南港運動中心停車場", "area": "南港區", "address": "玉成街69號", "service_time": "臨停：5:50~22:30；月租：24小時(非開放時間無法取車)", "operator_type": "市屬機關學校委外", "kind": "D", "total_car": 89, "available_car": 20, "availability_rate": 0.2247191011235955, "status": "偏滿", "lat": 25.048685748097153, "lon": 121.58169064270423}}, {"type": "Feature", "geometry": {"type": "Point", "coordinates": [121.5467, 25.0608]}, "properties": {"city": "TPE", "parking_id": "TPE0534", "name": "民有市場地下停車場", "area": "松山區", "address": "民權東路3段140巷15號地下", "service_time": "00:00:00-23:59:59", "operator_type": "本處自營停車場", "kind": "D", "total_car": 334, "available_car": 71, "availability_rate": 0.2125748502994012, "status": "偏滿", "lat": 25.0608, "lon": 121.5467}}, {"type": "Feature", "geometry": {"type": "Point", "coordinates": [121.5619, 25.0795]}, "properties": {"city": "TPE", "parking_id": "TPE0535", "name": "濱江國中地下停車場", "area": "中山區", "address": "樂群二路266巷1號地下", "service_time": "00:00:00-23:59:59", "operator_type": "本處委外停車場", "kind": "D", "total_car": 209, "available_car": 99, "availability_rate": 0.47368421052631576, "status": "充足", "lat": 25.0795, "lon": 121.5619}}, {"type": "Feature", "geometry": {"type": "Point", "coordinates": [121.5085, 25.081]}, "properties": {"city": "TPE", "parking_id": "TPE0538", "name": "海光公園地下停車場", "area": "士林區", "address": "葫蘆街83號地下", "service_time": "00:00:00-23:59:59", "operator_type": "本處自營停車場", "kind": "D", "total_car": 105, "available_car": 3, "availability_rate": 0.02857142857142857, "status": "緊張", "lat": 25.081, "lon": 121.5085}}, {"type": "Feature", "geometry": {"type": "Point", "coordinates": [121.5093, 25.0633]}, "properties": {"city": "TPE", "parking_id": "TPE0539", "name": "臺北大橋橋下停車場", "area": "大同區", "address": "環河北路2段至延平北路3段間之臺北大橋橋下空間", "service_time": "00:00:00-23:59:59", "operator_type": "本處委外停車場", "kind": "D", "total_car": 84, "available_car": 0, "availability_rate": 0.0, "status": "滿車", "lat": 25.0633, "lon": 121.5093}}, {"type": "Feature", "geometry": {"type": "Point", "coordinates": [121.5783, 25.0806]}, "properties": {"city": "TPE", "parking_id": "TPE0540", "name": "港富立體停車場", "area": "內湖區", "address": "內湖路1段737巷50弄32號", "service_time": "00:00:00-23:59:59", "operator_type": "本處委外停車場", "kind": "D", "total_car": 245, "available_car": 76, "availability_rate": 0.31020408163265306, "status": "充足", "lat": 25.0806, "lon": 121.5783}}, {"type": "Feature", "geometry": {"type": "Point", "coordinates": [121.5168, 25.0238]}, "properties": {"city": "TPE", "parking_id": "TPE0541", "name": "168停車聯盟-重慶南場", "area": "中正區", "address": "重慶南路3段150號旁空地", "service_time": "00:00:00-23:59:59", "operator_type": "民營停車場", "kind": "D", "total_car": 19, "available_car": 9, "availability_rate": 0.47368421052631576, "status": "充足", "lat": 25.0238, "lon": 121.5168}}, {"type": "Feature", "geometry": {"type": "Point", "coordinates": [121.543, 25.0407]}, "properties": {"city": "TPE", "parking_id": "TPE0542", "name": "太平洋崇光百貨股份有限公司復興店停車場", "area": "大安區", "address": "忠孝東路3段300號地下4至6層", "service_time": "09:00:00-22:00:00", "operator_type": "民營停車場", "kind": "S", "total_car": 616, "available_car": 46, "availability_rate": 0.07467532467532467, "status": "緊張", "lat": 25.0407, "lon": 121.543}}, {"type": "Feature", "geometry": {"type": "Point", "coordinates": [121.5682, 25.0786]}, "properties": {"city": "TPE", "parking_id": "TPE0552", "name": "嘟嘟房內湖堤頂站停車場", "area": "內湖區", "address": "堤頂大道2段207號地下1至3層", "service_time": "00:00:00-23:59:59", "operator_type": "民營停車場", "kind": "D", "total_car": 130, "available_car": 25, "availability_rate": 0.19230769230769232, "status": "偏滿", "lat": 25.0786, "lon": 121.5682}}, {"type": "Feature", "geometry": {"type": "Point", "coordinates": [121.5708, 25.0782]}, "properties": {"city": "TPE", "parking_id": "TPE0557", "name": "台灣聯通里昂停車場", "area": "內湖區", "address": "瑞光路406、408、410、412號地下2層", "service_time": "08時至24時", "operator_type": "民營停車場", "kind": "D", "total_car": 93, "available_car": 79, "availability_rate": 0.8494623655913979, "status": "充足", "lat": 25.0782, "lon": 121.5708}}, {"type": "Feature", "geometry": {"type": "Point", "coordinates": [121.5532, 25.0305]}, "properties": {"city": "TPE", "parking_id": "TPE0564", "name": "城市車旅台北臨江停車場", "area": "大安區", "address": "安和路2段69巷26號對面空地", "service_time": "00:00:00-23:59:59", "operator_type": "市屬機關學校委外", "kind": "D", "total_car": 16, "available_car": 4, "availability_rate": 0.25, "status": "偏滿", "lat": 25.0305, "lon": 121.5532}}, {"type": "Feature", "geometry": {"type": "Point", "coordinates": [121.5659, 25.0286]}, "properties": {"city": "TPE", "parking_id": "TPE0567", "name": "臺北市災害應變中心地下停車場", "area": "信義區", "address": "莊敬路391巷11弄2號地下", "service_time": "00:00:00-23:59:59", "operator_type": "本處自營停車場", "kind": "D", "total_car": 169, "available_car": 2, "availability_rate": 0.011834319526627219, "status": "緊張", "lat": 25.0286, "lon": 121.5659}}, {"type": "Feature", "geometry": {"type": "Point", "coordinates": [121.496, 25.0287]}, "properties": {"city": "TPE", "parking_id": "TPE0570", "name": "華江高中活動中心地下停車場", "area": "萬華區", "address": "西藏路213號地下1層", "service_time": "臨停：平日18時至22時、例假日5時30分至22時；季租：24小時", "operator_type": "市屬機關學校委外", "kind": "D", "total_car": 38, "available_car": 23, "availability_rate": 0.6052631578947368, "status": "充足", "lat": 25.0287, "lon": 121.496}}, {"type": "Feature", "geometry": {"type": "Point", "coordinates": [121.5551, 25.0591]}, "properties": {"city": "TPE", "parking_id": "TPE0571", "name": "科技服務大樓附設停車場", "area": "松山區", "address": "光復北路266號地上5至6層", "service_time": "00:00:00-23:59:59", "operator_type": "市屬機關學校委外", "kind": "D", "total_car": 146, "available_car": 3, "availability_rate": 0.02054794520547945, "status": "緊張", "lat": 25.0591, "lon": 121.5551}}, {"type": "Feature", "geometry": {"type": "Point", "coordinates": [121.5238, 25.0581]}, "properties": {"city": "TPE", "parking_id": "TPE0574", "name": "民生東路停車場", "area": "中山區", "address": "民生東路1段11號空地", "service_time": "00:00:00-23:59:59", "operator_type": "民營停車場", "kind": "D", "total_car": 5, "available_car": 1, "availability_rate": 0.2, "status": "偏滿", "lat": 25.0581, "lon": 121.5238}}, {"type": "Feature", "geometry": {"type": "Point", "coordinates": [121.4994, 25.0335]}, "properties": {"city": "TPE", "parking_id": "TPE0575", "name": "萬華車站地下停車場", "area": "萬華區", "address": "康定路382號地下1至2層", "service_time": "00:00:00-23:59:59", "operator_type": "本處委外停車場", "kind": "D", "total_car": 297, "available_car": 28, "availability_rate": 0.09427609427609428, "status": "緊張", "lat": 25.0335, "lon": 121.4994}}, {"type": "Feature", "geometry": {"type": "Point", "coordinates": [121.5313, 25.0156]}, "properties": {"city": "TPE", "parking_id": "TPE0579", "name": "南華高中收費停車場", "area": "中正區", "address": "汀州路3段58號旁空地", "service_time": "00:00:00-23:59:59", "operator_type": "民營停車場", "kind": "S", "total_car": 17, "available_car": 8, "availability_rate": 0.47058823529411764, "status": "充足", "lat": 25.0156, "lon": 121.5313}}, {"type": "Feature", "geometry": {"type": "Point", "coordinates": [121.563, 25.0814]}, "properties": {"city": "TPE", "parking_id": "TPE0587", "name": "便利停車場基湖五站", "area": "內湖區", "address": "堤頂大道2段407巷22號地下1至4層", "service_time": "00:00:00-23:59:59", "operator_type": "民營停車場", "kind": "S", "total_car": 213, "available_car": 0, "availability_rate": 0.0, "status": "滿車", "lat": 25.0814, "lon": 121.563}}, {"type": "Feature", "geometry": {"type": "Point", "coordinates": [121.5445, 25.0022]}, "properties": {"city": "TPE", "parking_id": "TPE0591", "name": "景豐臨時平面停車場", "area": "文山區", "address": "景豐街79號旁(文山景美運動公園內)", "service_time": "00:00:00-23:59:59", "operator_type": "本處委外停車場", "kind": "D", "total_car": 44, "available_car": 14, "availability_rate": 0.3181818181818182, "status": "充足", "lat": 25.0022, "lon": 121.5445}}, {"type": "Feature", "geometry": {"type": "Point", "coordinates": [121.55, 25.0604]}, "properties": {"city": "TPE", "parking_id": "TPE0592", "name": "Times 民權敦化第3", "area": "松山區", "address": "敦化北路240號旁", "service_time": "00:00:00-23:59:59", "operator_type": "民營停車場", "kind": "D", "total_car": 37, "available_car": 3, "availability_rate": 0.08108108108108109, "status": "緊張", "lat": 25.0604, "lon": 121.55}}, {"type": "Feature", "geometry": {"type": "Point", "coordinates": [121.5684, 25.0332]}, "properties": {"city": "TPE", "parking_id": "TPE0595", "name": "昇榮信義停車場", "area": "信義區", "address": "松仁路130號對面空地", "service_time": "00:00:00-23:59:59", "operator_type": "民營停車場", "kind": "D", "total_car": 45, "available_car": 4, "availability_rate": 0.08888888888888889, "status": "緊張", "lat": 25.0332, "lon": 121.5684}}, {"type": "Feature", "geometry": {"type": "Point", "coordinates": [121.6201, 25.057]}, "properties": {"city": "TPE", "parking_id": "TPE0598", "name": "嘟嘟房南港展覽館站停車場", "area": "南港區", "address": "經貿二路1號地下1層", "service_time": "07:00:00-22:00:00", "operator_type": "中央機關學校委外", "kind": "D", "total_car": 620, "available_car": 559, "availability_rate": 0.9016129032258065, "status": "充足", "lat": 25.057, "lon": 121.6201}}, {"type": "Feature", "geometry": {"type": "Point", "coordinates": [121.5043, 25.0432]}, "properties": {"city": "TPE", "parking_id": "TPE0601", "name": "Times浩瀚運創西門館", "area": "萬華區", "address": "成都路98號", "service_time": "平日：17時至24時；假日：10時至24時", "operator_type": "市屬機關學校委外", "kind": "S", "total_car": 31, "available_car": 1, "availability_rate": 0.03225806451612903, "status": "緊張", "lat": 25.0432, "lon": 121.5043}}, {"type": "Feature", "geometry": {"type": "Point", "coordinates": [121.5119, 25.0423]}, "properties": {"city": "TPE", "parking_id": "TPE0602", "name": "台灣聯通衡陽停車場", "area": "中正區", "address": "衡陽路51號地下3至6層", "service_time": "00:00:00-23:59:59", "operator_type": "民營停車場", "kind": "D", "total_car": 149, "available_car": 42, "availability_rate": 0.28187919463087246, "status": "偏滿", "lat": 25.0423, "lon": 121.5119}}, {"type": "Feature", "geometry": {"type": "Point", "coordinates": [121.5313, 25.0505]}, "properties": {"city": "TPE", "parking_id": "TPE0606", "name": "長安國小地下停車場", "area": "中山區", "address": "松江路90巷14號地下", "service_time": "00:00:00-23:59:59", "operator_type": "本處自營停車場", "kind": "D", "total_car": 284, "available_car": 100, "availability_rate": 0.352112676056338, "status": "充足", "lat": 25.0505, "lon": 121.5313}}, {"type": "Feature", "geometry": {"type": "Point", "coordinates": [121.56746012899856, 25.04901840271437]}, "properties": {"city": "TPE", "parking_id": "TPE0609", "name": "台灣聯通東興停車場", "area": "松山區", "address": "八德路4段312-1號", "service_time": "00:00:00-23:59:59", "operator_type": "民營停車場", "kind": "D", "total_car": 32, "available_car": 30, "availability_rate": 0.9375, "status": "充足", "lat": 25.04901840271437, "lon": 121.56746012899856}}, {"type": "Feature", "geometry": {"type": "Point", "coordinates": [121.5556, 25.0438]}, "properties": {"city": "TPE", "parking_id": "TPE0614", "name": "168停車聯盟-文教一場", "area": "大安區", "address": "光復南路96巷25號", "service_time": "00:00:00-23:59:59", "operator_type": "民營停車場", "kind": "D", "total_car": 40, "available_car": 148, "availability_rate": 3.7, "status": "充足", "lat": 25.0438, "lon": 121.5556}}, {"type": "Feature", "geometry": {"type": "Point", "coordinates": [121.5383, 25.0643]}, "properties": {"city": "TPE", "parking_id": "TPE0615", "name": "榮星花園地下停車場", "area": "中山區", "address": "建國北路3段39號地下1-2層", "service_time": "00:00:00-23:59:59", "operator_type": "本處委外停車場", "kind": "D", "total_car": 242, "available_car": 14, "availability_rate": 0.05785123966942149, "status": "緊張", "lat": 25.0643, "lon": 121.5383}}, {"type": "Feature", "geometry": {"type": "Point", "coordinates": [121.5624, 25.027]}, "properties": {"city": "TPE", "parking_id": "TPE0616", "name": "臺北醫學大學附設醫院停車場", "area": "信義區", "address": "吳興街250號地下2至4層及1層機車停車場", "service_time": "00:00:00-23:59:59", "operator_type": "民營停車場", "kind": "D", "total_car": 236, "available_car": 177, "availability_rate": 0.75, "status": "充足", "lat": 25.027, "lon": 121.5624}}, {"type": "Feature", "geometry": {"type": "Point", "coordinates": [121.5708, 25.0503]}, "properties": {"city": "TPE", "parking_id": "TPE0618", "name": "台灣聯通饒河停車場", "area": "松山區", "address": "八德路4段455號", "service_time": "00:00:00-23:59:59", "operator_type": "民營停車場", "kind": "D", "total_car": 30, "available_car": 27, "availability_rate": 0.9, "status": "充足", "lat": 25.0503, "lon": 121.5708}}, {"type": "Feature", "geometry": {"type": "Point", "coordinates": [121.535, 25.0637]}, "properties": {"city": "TPE", "parking_id": "TPE0619", "name": "Times 行天宮", "area": "中山區", "address": "建國北路3段22巷與民權東路2段135巷交叉口", "service_time": "00:00:00-23:59:59", "operator_type": "民營停車場", "kind": "D", "total_car": 14, "available_car": 6, "availability_rate": 0.42857142857142855, "status": "充足", "lat": 25.0637, "lon": 121.535}}, {"type": "Feature", "geometry": {"type": "Point", "coordinates": [121.5316, 25.0456]}, "properties": {"city": "TPE", "parking_id": "TPE0622", "name": "台北光華商場停車場", "area": "中正區", "address": "市民大道3段8號地下1層", "service_time": "00:00:00-23:59:59", "operator_type": "市屬機關學校委外", "kind": "D", "total_car": 81, "available_car": 16, "availability_rate": 0.19753086419753085, "status": "偏滿", "lat": 25.0456, "lon": 121.5316}}, {"type": "Feature", "geometry": {"type": "Point", "coordinates": [121.5528, 25.0624]}, "properties": {"city": "TPE", "parking_id": "TPE0623", "name": "臺北國際航空站第2、6號收費停車場", "area": "松山區", "address": "敦化北路340之9號", "service_time": "00:00:00-23:59:59", "operator_type": "中央機關學校自營", "kind": "D", "total_car": 210, "available_car": 73, "availability_rate": 0.3476190476190476, "status": "充足", "lat": 25.0624, "lon": 121.5528}}, {"type": "Feature", "geometry": {"type": "Point", "coordinates": [121.5532, 25.0632]}, "properties": {"city": "TPE", "parking_id": "TPE0624", "name": "臺北國際航空站第3號停車場", "area": "松山區", "address": "敦化北路407號", "service_time": "00:00:00-23:59:59", "operator_type": "中央機關學校委外", "kind": "S", "total_car": 500, "available_car": 202, "availability_rate": 0.404, "status": "充足", "lat": 25.0632, "lon": 121.5532}}, {"type": "Feature", "geometry": {"type": "Point", "coordinates": [121.5248, 25.0369]}, "properties": {"city": "TPE", "parking_id": "TPE0628", "name": "中華電信仁愛場停車場", "area": "中正區", "address": "杭州南路1段24號地下3至4層", "service_time": "00:00:00-23:59:59", "operator_type": "民營停車場", "kind": "D", "total_car": 133, "available_car": 25, "availability_rate": 0.18796992481203006, "status": "偏滿", "lat": 25.0369, "lon": 121.5248}}, {"type": "Feature", "geometry": {"type": "Point", "coordinates": [121.5186, 25.0875]}, "properties": {"city": "TPE", "parking_id": "TPE0630", "name": "福港街平面停車場", "area": "士林區", "address": "福港街149巷2號對面", "service_time": "00:00:00-23:59:59", "operator_type": "本處委外停車場", "kind": "D", "total_car": 62, "available_car": 3, "availability_rate": 0.04838709677419355, "status": "緊張", "lat": 25.0875, "lon": 121.5186}}, {"type": "Feature", "geometry": {"type": "Point", "coordinates": [121.5306, 25.0288]}, "properties": {"city": "TPE", "parking_id": "TPE0633", "name": "金華站停車場", "area": "大安區", "address": "永康街75巷10號旁空地", "service_time": "00:00:00-23:59:59", "operator_type": "民營停車場", "kind": "S", "total_car": 20, "available_car": 6, "availability_rate": 0.3, "status": "偏滿", "lat": 25.0288, "lon": 121.5306}}, {"type": "Feature", "geometry": {"type": "Point", "coordinates": [121.5455, 25.018]}, "properties": {"city": "TPE", "parking_id": "TPE0634", "name": "統一精工長興停車場", "area": "大安區", "address": "基隆路3段75、85號地下1至2層", "service_time": "00:00:00-23:59:59", "operator_type": "民營停車場", "kind": "D", "total_car": 151, "available_car": 74, "availability_rate": 0.4900662251655629, "status": "充足", "lat": 25.018, "lon": 121.5455}}, {"type": "Feature", "geometry": {"type": "Point", "coordinates": [121.5227, 25.0509]}, "properties": {"city": "TPE", "parking_id": "TPE0635", "name": "台灣聯通天津停車場", "area": "中山區", "address": "中山北路1段105巷3-3號", "service_time": "00:00:00-23:59:59", "operator_type": "民營停車場", "kind": "D", "total_car": 48, "available_car": 48, "availability_rate": 1.0, "status": "充足", "lat": 25.0509, "lon": 121.5227}}, {"type": "Feature", "geometry": {"type": "Point", "coordinates": [121.5279, 25.0247]}, "properties": {"city": "TPE", "parking_id": "TPE0637", "name": "Times浦城街", "area": "大安區", "address": "浦城街1號旁空地", "service_time": "00:00:00-23:59:59", "operator_type": "民營停車場", "kind": "D", "total_car": 9, "available_car": 4, "availability_rate": 0.4444444444444444, "status": "充足", "lat": 25.0247, "lon": 121.5279}}, {"type": "Feature", "geometry": {"type": "Point", "coordinates": [121.4675, 25.1281]}, "properties": {"city": "TPE", "parking_id": "TPE0638", "name": "中央北路四段平面停車場", "area": "北投區", "address": "中央北路4段542號旁", "service_time": "00:00:00-23:59:59", "operator_type": "本處委外停車場", "kind": "D", "total_car": 23, "available_car": 7, "availability_rate": 0.30434782608695654, "status": "充足", "lat": 25.1281, "lon": 121.4675}}, {"type": "Feature", "geometry": {"type": "Point", "coordinates": [121.5336, 25.0488]}, "properties": {"city": "TPE", "parking_id": "TPE0641", "name": "台灣聯通長榮停車場", "area": "中山區", "address": "松江路63號", "service_time": "00:00:00-23:59:59", "operator_type": "民營停車場", "kind": "D", "total_car": 80, "available_car": 77, "availability_rate": 0.9625, "status": "充足", "lat": 25.0488, "lon": 121.5336}}, {"type": "Feature", "geometry": {"type": "Point", "coordinates": [121.5566, 25.0407]}, "properties": {"city": "TPE", "parking_id": "TPE0645", "name": "僑安地下停車場", "area": "大安區", "address": "忠孝東路4段306號地下1至3層", "service_time": "00:00:00-23:59:59", "operator_type": "本處委外停車場", "kind": "D", "total_car": 422, "available_car": 26, "availability_rate": 0.061611374407582936, "status": "緊張", "lat": 25.0407, "lon": 121.5566}}, {"type": "Feature", "geometry": {"type": "Point", "coordinates": [121.5289, 25.0114]}, "properties": {"city": "TPE", "parking_id": "TPE0646", "name": "水岸停車場", "area": "中正區", "address": "思源街1號空地", "service_time": "00:00:00-23:59:59", "operator_type": "市屬機關學校自營", "kind": "S", "total_car": 112, "available_car": 42, "availability_rate": 0.375, "status": "充足", "lat": 25.0114, "lon": 121.5289}}, {"type": "Feature", "geometry": {"type": "Point", "coordinates": [121.5563, 25.0431]}, "properties": {"city": "TPE", "parking_id": "TPE0650", "name": "168停車聯盟-華視電視台停車場", "area": "大安區", "address": "光復南路116巷7號地下1至5層", "service_time": "00:00:00-23:59:59", "operator_type": "民營停車場", "kind": "D", "total_car": 98, "available_car": 36, "availability_rate": 0.3673469387755102, "status": "充足", "lat": 25.0431, "lon": 121.5563}}, {"type": "Feature", "geometry": {"type": "Point", "coordinates": [121.5071, 25.0359]}, "properties": {"city": "TPE", "parking_id": "TPE0652", "name": "台北花園大酒店機械停車場", "area": "中正區", "address": "中華路2段1號", "service_time": "00:00:00-23:59:59", "operator_type": "民營停車場", "kind": "S", "total_car": 108, "available_car": 64, "availability_rate": 0.5925925925925926, "status": "充足", "lat": 25.0359, "lon": 121.5071}}, {"type": "Feature", "geometry": {"type": "Point", "coordinates": [121.5229, 25.1133]}, "properties": {"city": "TPE", "parking_id": "TPE0653", "name": "北台國際開發股份有限公司石牌停車場", "area": "北投區", "address": "明德路208巷5號地下1至2層", "service_time": "00:00:00-23:59:59", "operator_type": "市屬機關學校委外", "kind": "D", "total_car": 29, "available_car": 2, "availability_rate": 0.06896551724137931, "status": "緊張", "lat": 25.1133, "lon": 121.5229}}, {"type": "Feature", "geometry": {"type": "Point", "coordinates": [121.5658, 25.0805]}, "properties": {"city": "TPE", "parking_id": "TPE0659", "name": "Times 瑞光路", "area": "內湖區", "address": "瑞光路639號旁空地", "service_time": "00:00:00-23:59:59", "operator_type": "民營停車場", "kind": "D", "total_car": 48, "available_car": 36, "availability_rate": 0.75, "status": "充足", "lat": 25.0805, "lon": 121.5658}}, {"type": "Feature", "geometry": {"type": "Point", "coordinates": [121.5571, 25.0498]}, "properties": {"city": "TPE", "parking_id": "TPE0661", "name": "台灣聯通博仁醫院停車場", "area": "松山區", "address": "光復北路68號地下1層", "service_time": "00:00:00-23:59:59", "operator_type": "民營停車場", "kind": "D", "total_car": 6, "available_car": 6, "availability_rate": 1.0, "status": "充足", "lat": 25.0498, "lon": 121.5571}}, {"type": "Feature", "geometry": {"type": "Point", "coordinates": [121.5072, 25.0368]}, "properties": {"city": "TPE", "parking_id": "TPE0663", "name": "台北花園大酒店停車場", "area": "中正區", "address": "中華路2段1號", "service_time": "00:00:00-23:59:59", "operator_type": "民營停車場", "kind": "D", "total_car": 100, "available_car": 64, "availability_rate": 0.64, "status": "充足", "lat": 25.0368, "lon": 121.5072}}, {"type": "Feature", "geometry": {"type": "Point", "coordinates": [121.52724682270893, 25.113642561132536]}, "properties": {"city": "TPE", "parking_id": "TPE0668", "name": "通通停士東國小站停車場", "area": "士林區", "address": "中山北路6段424號空地", "service_time": "00:00:00-23:59:59", "operator_type": "民營停車場", "kind": "D", "total_car": 8, "available_car": 0, "availability_rate": 0.0, "status": "滿車", "lat": 25.113642561132536, "lon": 121.52724682270893}}, {"type": "Feature", "geometry": {"type": "Point", "coordinates": [121.5608, 25.029]}, "properties": {"city": "TPE", "parking_id": "TPE0671", "name": "台灣聯通三興停車場", "area": "信義區", "address": "吳興街156巷6號地下1至2層", "service_time": "00:00:00-23:59:59", "operator_type": "市屬機關學校委外", "kind": "D", "total_car": 64, "available_car": 31, "availability_rate": 0.484375, "status": "充足", "lat": 25.029, "lon": 121.5608}}, {"type": "Feature", "geometry": {"type": "Point", "coordinates": [121.5321, 25.0381]}, "properties": {"city": "TPE", "parking_id": "TPE0673", "name": "嘟嘟房仁愛新生2站停車場", "area": "中正區", "address": "仁愛路2段100號", "service_time": "00:00:00-23:59:59", "operator_type": "民營停車場", "kind": "D", "total_car": 20, "available_car": 15, "availability_rate": 0.75, "status": "充足", "lat": 25.0381, "lon": 121.5321}}, {"type": "Feature", "geometry": {"type": "Point", "coordinates": [121.526, 25.0564]}, "properties": {"city": "TPE", "parking_id": "TPE0674", "name": "台灣聯通新生停車場", "area": "中山區", "address": "新生北路2段68巷13號(代表號)", "service_time": "00:00:00-23:59:59", "operator_type": "民營停車場", "kind": "D", "total_car": 56, "available_car": 20, "availability_rate": 0.35714285714285715, "status": "充足", "lat": 25.0564, "lon": 121.526}}, {"type": "Feature", "geometry": {"type": "Point", "coordinates": [121.5141, 25.0446]}, "properties": {"city": "TPE", "parking_id": "TPE0676", "name": "台灣聯通重慶停車場", "area": "中正區", "address": "重慶南路1段57號地下1層", "service_time": "00:00:00-23:59:59", "operator_type": "民營停車場", "kind": "D", "total_car": 111, "available_car": 109, "availability_rate": 0.9819819819819819, "status": "充足", "lat": 25.0446, "lon": 121.5141}}, {"type": "Feature", "geometry": {"type": "Point", "coordinates": [121.5849, 25.0785]}, "properties": {"city": "TPE", "parking_id": "TPE0677", "name": "嘟嘟房捷運文德站停車場", "area": "內湖區", "address": "文德路216號", "service_time": "00:00:00-23:59:59", "operator_type": "市屬機關學校委外", "kind": "D", "total_car": 306, "available_car": 167, "availability_rate": 0.545751633986928, "status": "充足", "lat": 25.0785, "lon": 121.5849}}, {"type": "Feature", "geometry": {"type": "Point", "coordinates": [121.6179, 25.0616]}, "properties": {"city": "TPE", "parking_id": "TPE0678", "name": "嘟嘟房捷運內湖機廠站停車場", "area": "南港區", "address": "經貿一路265號地上3至5層", "service_time": "00:00:00-23:59:59", "operator_type": "市屬機關學校委外", "kind": "D", "total_car": 382, "available_car": 149, "availability_rate": 0.3900523560209424, "status": "充足", "lat": 25.0616, "lon": 121.6179}}, {"type": "Feature", "geometry": {"type": "Point", "coordinates": [121.5022, 25.1368]}, "properties": {"city": "TPE", "parking_id": "TPE0680", "name": "七星公園地下停車場", "area": "北投區", "address": "七星街3號地下(地下共2層)層", "service_time": "00:00:00-23:59:59", "operator_type": "本處委外停車場", "kind": "D", "total_car": 328, "available_car": 53, "availability_rate": 0.16158536585365854, "status": "偏滿", "lat": 25.1368, "lon": 121.5022}}, {"type": "Feature", "geometry": {"type": "Point", "coordinates": [121.529, 25.0225]}, "properties": {"city": "TPE", "parking_id": "TPE0684", "name": "嘟嘟房師大3站停車場", "area": "大安區", "address": "師大路105巷11號", "service_time": "臨停：7時至23時59分前取車；月租：24小時", "operator_type": "民營停車場", "kind": "D", "total_car": 12, "available_car": 1, "availability_rate": 0.08333333333333333, "status": "緊張", "lat": 25.0225, "lon": 121.529}}, {"type": "Feature", "geometry": {"type": "Point", "coordinates": [121.4995, 25.0293]}, "properties": {"city": "TPE", "parking_id": "TPE0690", "name": "萬華國中地下停車場", "area": "萬華區", "address": "西藏路201號地下", "service_time": "00:00:00-23:59:59", "operator_type": "本處自營停車場", "kind": "D", "total_car": 508, "available_car": 79, "availability_rate": 0.15551181102362205, "status": "偏滿", "lat": 25.0293, "lon": 121.4995}}, {"type": "Feature", "geometry": {"type": "Point", "coordinates": [121.5181, 25.0486]}, "properties": {"city": "TPE", "parking_id": "TPE0701", "name": "京站停車場", "area": "大同區", "address": "承德路1段1號地下4-5層暨華陰街32號地下2-3層", "service_time": "00:00:00-23:59:59", "operator_type": "民營停車場", "kind": "D", "total_car": 536, "available_car": 198, "availability_rate": 0.3694029850746269, "status": "充足", "lat": 25.0486, "lon": 121.5181}}, {"type": "Feature", "geometry": {"type": "Point", "coordinates": [121.5361, 25.1165]}, "properties": {"city": "TPE", "parking_id": "TPE0709", "name": "臺北市立大學天母校區教學、行政科資大樓地下停車場", "area": "士林區", "address": "忠誠路2段101號地下2至3層", "service_time": "00:00:00-23:59:59", "operator_type": "市屬機關學校委外", "kind": "S", "total_car": 472, "available_car": 0, "availability_rate": 0.0, "status": "滿車", "lat": 25.1165, "lon": 121.5361}}, {"type": "Feature", "geometry": {"type": "Point", "coordinates": [121.5636, 25.0848]}, "properties": {"city": "TPE", "parking_id": "TPE0710", "name": "西康地下停車場", "area": "內湖區", "address": "內湖路1段203巷25號地下室（地下1層）", "service_time": "00:00:00-23:59:59", "operator_type": "本處委外停車場", "kind": "D", "total_car": 86, "available_car": 1, "availability_rate": 0.011627906976744186, "status": "緊張", "lat": 25.0848, "lon": 121.5636}}, {"type": "Feature", "geometry": {"type": "Point", "coordinates": [121.5507, 25.0489]}, "properties": {"city": "TPE", "parking_id": "TPE0712", "name": "臺北田徑場平面、地下停車場", "area": "松山區", "address": "敦化北路3號地上1層C門外及地下1層", "service_time": "00:00:00-23:59:59", "operator_type": "市屬機關學校委外", "kind": "D", "total_car": 269, "available_car": 37, "availability_rate": 0.137546468401487, "status": "偏滿", "lat": 25.0489, "lon": 121.5507}}, {"type": "Feature", "geometry": {"type": "Point", "coordinates": [121.5716, 25.0475]}, "properties": {"city": "TPE", "parking_id": "TPE0714", "name": "雅祥公園地下停車場", "area": "信義區", "address": "松隆路123巷7號地下(地下共3層)", "service_time": "00:00:00-23:59:59", "operator_type": "本處委外停車場", "kind": "D", "total_car": 204, "available_car": 29, "availability_rate": 0.14215686274509803, "status": "偏滿", "lat": 25.0475, "lon": 121.5716}}, {"type": "Feature", "geometry": {"type": "Point", "coordinates": [121.5512, 25.0007]}, "properties": {"city": "TPE", "parking_id": "TPE0715", "name": "興隆公園地下停車場", "area": "文山區", "address": "仙岩路128號地下", "service_time": "00:00:00-23:59:59", "operator_type": "本處自營停車場", "kind": "D", "total_car": 259, "available_car": 49, "availability_rate": 0.1891891891891892, "status": "偏滿", "lat": 25.0007, "lon": 121.5512}}, {"type": "Feature", "geometry": {"type": "Point", "coordinates": [121.5789, 25.0502]}, "properties": {"city": "TPE", "parking_id": "TPE0717", "name": "Times 松山車站前", "area": "松山區", "address": "八德路4段758號地下1至5層", "service_time": "00:00:00-23:59:59", "operator_type": "民營停車場", "kind": "D", "total_car": 67, "available_car": 22, "availability_rate": 0.3283582089552239, "status": "充足", "lat": 25.0502, "lon": 121.5789}}, {"type": "Feature", "geometry": {"type": "Point", "coordinates": [121.5371, 25.0529]}, "properties": {"city": "TPE", "parking_id": "TPE0718", "name": "台北漢普頓酒店停車場", "area": "中山區", "address": "建國北路2段7號地下4層", "service_time": "00:00:00-23:59:59", "operator_type": "民營停車場", "kind": "D", "total_car": 13, "available_car": 77, "availability_rate": 5.923076923076923, "status": "充足", "lat": 25.0529, "lon": 121.5371}}, {"type": "Feature", "geometry": {"type": "Point", "coordinates": [121.5926, 25.0532]}, "properties": {"city": "TPE", "parking_id": "TPE0722", "name": "玉成國小地下停車場", "area": "南港區", "address": "昆陽街23號地下(地下共2層)", "service_time": "00:00:00-23:59:59", "operator_type": "本處委外停車場", "kind": "D", "total_car": 293, "available_car": 98, "availability_rate": 0.33447098976109213, "status": "充足", "lat": 25.0532, "lon": 121.5926}}, {"type": "Feature", "geometry": {"type": "Point", "coordinates": [121.503, 25.1184]}, "properties": {"city": "TPE", "parking_id": "TPE0723", "name": "立農公園地下停車場", "area": "北投區", "address": "承德路7段372號地下層", "service_time": "00:00:00-23:59:59", "operator_type": "本處委外停車場", "kind": "D", "total_car": 204, "available_car": 36, "availability_rate": 0.17647058823529413, "status": "偏滿", "lat": 25.1184, "lon": 121.503}}, {"type": "Feature", "geometry": {"type": "Point", "coordinates": [121.5298, 25.1075]}, "properties": {"city": "TPE", "parking_id": "TPE0728", "name": "忠誠路（一）平面停車場", "area": "士林區", "address": "忠誠路1段與德行東路132巷3弄交叉口旁", "service_time": "00:00:00-23:59:59", "operator_type": "本處委外停車場", "kind": "D", "total_car": 24, "available_car": 0, "availability_rate": 0.0, "status": "滿車", "lat": 25.1075, "lon": 121.5298}}, {"type": "Feature", "geometry": {"type": "Point", "coordinates": [121.5654, 25.0792]}, "properties": {"city": "TPE", "parking_id": "TPE0729", "name": "嘟嘟房內湖堤頂2站停車場", "area": "內湖區", "address": "堤頂大道2段293號地下1、3層", "service_time": "00:00:00-23:59:59", "operator_type": "民營停車場", "kind": "D", "total_car": 57, "available_car": 40, "availability_rate": 0.7017543859649122, "status": "充足", "lat": 25.0792, "lon": 121.5654}}, {"type": "Feature", "geometry": {"type": "Point", "coordinates": [121.5294, 25.1069]}, "properties": {"city": "TPE", "parking_id": "TPE0735", "name": "忠誠路（二）平面停車場", "area": "士林區", "address": "忠誠路1段與德行東路132巷7弄交叉口旁", "service_time": "00:00:00-23:59:59", "operator_type": "本處委外停車場", "kind": "D", "total_car": 35, "available_car": 1, "availability_rate": 0.02857142857142857, "status": "緊張", "lat": 25.1069, "lon": 121.5294}}, {"type": "Feature", "geometry": {"type": "Point", "coordinates": [121.5364, 25.0681]}, "properties": {"city": "TPE", "parking_id": "TPE0738", "name": "臺北農產運銷股份有限公司第二果菜批發市場停車場", "area": "中山區", "address": "民族東路336號地下1至2層及地上4至RF層", "service_time": "00:00:00-23:59:59", "operator_type": "市屬機關學校委外", "kind": "S", "total_car": 606, "available_car": 55, "availability_rate": 0.09075907590759076, "status": "緊張", "lat": 25.0681, "lon": 121.5364}}, {"type": "Feature", "geometry": {"type": "Point", "coordinates": [121.5791, 24.9975]}, "properties": {"city": "TPE", "parking_id": "TPE0739", "name": "嘟嘟房動物園站停車場", "area": "文山區", "address": "新光路2段28號地下1至2層", "service_time": "00:00:00-23:59:59", "operator_type": "市屬機關學校委外", "kind": "D", "total_car": 150, "available_car": 19, "availability_rate": 0.12666666666666668, "status": "偏滿", "lat": 24.9975, "lon": 121.5791}}, {"type": "Feature", "geometry": {"type": "Point", "coordinates": [121.5462, 25.0202]}, "properties": {"city": "TPE", "parking_id": "TPE0741", "name": "大安運動中心停車場", "area": "大安區", "address": "辛亥路3段55號", "service_time": "06:00:00-22:00:00", "operator_type": "市屬機關學校委外", "kind": "S", "total_car": 52, "available_car": 24, "availability_rate": 0.46153846153846156, "status": "充足", "lat": 25.0202, "lon": 121.5462}}, {"type": "Feature", "geometry": {"type": "Point", "coordinates": [121.5225, 25.09]}, "properties": {"city": "TPE", "parking_id": "TPE0742", "name": "承德公園地下停車場", "area": "士林區", "address": "基河路150號地下（地下共2層）", "service_time": "00:00:00-23:59:59", "operator_type": "本處委外停車場", "kind": "D", "total_car": 176, "available_car": 0, "availability_rate": 0.0, "status": "滿車", "lat": 25.09, "lon": 121.5225}}, {"type": "Feature", "geometry": {"type": "Point", "coordinates": [121.5605, 25.0325]}, "properties": {"city": "TPE", "parking_id": "TPE0744", "name": "叭叭房曼哈頓大樓停車場", "area": "信義區", "address": "信義路5段8號地下2層(車位編號：19等1格)、地下3層(車位編號：1至3、12、18等5格)、地下4層(車位編號：1、3至6、8、11、15、16、18至23、28等16格)、地下5層(車位編號：1、4至11、 18至20、28至32等17格)", "service_time": "00:00:00-23:59:59", "operator_type": "民營停車場", "kind": "D", "total_car": 39, "available_car": 18, "availability_rate": 0.46153846153846156, "status": "充足", "lat": 25.0325, "lon": 121.5605}}, {"type": "Feature", "geometry": {"type": "Point", "coordinates": [121.5647, 25.0791]}, "properties": {"city": "TPE", "parking_id": "TPE0749", "name": "叭叭房內湖科技大樓停車場", "area": "內湖區", "address": "堤頂大道2段301號地下2層(車位編號:99.115至118.128.129等7格)、地下3層(車位編號:46.47.49.50.55至58.61至63.65至69.71至75.78至87.89等32格)、地下4層(車位編號:1至45等45格)", "service_time": "00:00:00-23:59:59", "operator_type": "民營停車場", "kind": "D", "total_car": 84, "available_car": 5, "availability_rate": 0.05952380952380952, "status": "緊張", "lat": 25.0791, "lon": 121.5647}}, {"type": "Feature", "geometry": {"type": "Point", "coordinates": [121.5784, 25.0735]}, "properties": {"city": "TPE", "parking_id": "TPE0751", "name": "叭叭房陽光大樓停車場", "area": "內湖區", "address": "陽光街242號地下1層(車位編號:78.81.82.97.99.100.103.104等8格)、地下2層(車位編號:40至54.56.58至62.69.71至76等28格)、地下3層(車位編號:2至5.7至12.14.15.20至27.29.30.32至34.38.39等27格)", "service_time": "00:00:00-23:59:59", "operator_type": "民營停車場", "kind": "D", "total_car": 63, "available_car": 37, "availability_rate": 0.5873015873015873, "status": "充足", "lat": 25.0735, "lon": 121.5784}}, {"type": "Feature", "geometry": {"type": "Point", "coordinates": [121.6112, 25.0564]}, "properties": {"city": "TPE", "parking_id": "TPE0752", "name": "南港國小地下停車場", "area": "南港區", "address": "興東街59號（地下1至2層）", "service_time": "00:00:00-23:59:59", "operator_type": "本處委外停車場", "kind": "D", "total_car": 313, "available_car": 195, "availability_rate": 0.6230031948881789, "status": "充足", "lat": 25.0564, "lon": 121.6112}}, {"type": "Feature", "geometry": {"type": "Point", "coordinates": [121.5894, 25.0794]}, "properties": {"city": "TPE", "parking_id": "TPE0755", "name": "台灣聯通文成停車場", "area": "內湖區", "address": "文德路273號旁空地", "service_time": "00:00:00-23:59:59", "operator_type": "民營停車場", "kind": "D", "total_car": 46, "available_car": 18, "availability_rate": 0.391304347826087, "status": "充足", "lat": 25.0794, "lon": 121.5894}}, {"type": "Feature", "geometry": {"type": "Point", "coordinates": [121.5213, 25.114]}, "properties": {"city": "TPE", "parking_id": "TPE0757", "name": "嘟嘟房北投榮華站停車場", "area": "北投區", "address": "榮華三路24巷旁空地", "service_time": "00:00:00-23:59:59", "operator_type": "民營停車場", "kind": "D", "total_car": 45, "available_car": 0, "availability_rate": 0.0, "status": "滿車", "lat": 25.114, "lon": 121.5213}}, {"type": "Feature", "geometry": {"type": "Point", "coordinates": [121.5156, 25.0555]}, "properties": {"city": "TPE", "parking_id": "TPE0758", "name": "蓬萊國小地下停車場", "area": "大同區", "address": "寧夏路35號地下(地下共2層)", "service_time": "00:00:00-23:59:59", "operator_type": "本處委外停車場", "kind": "D", "total_car": 286, "available_car": 0, "availability_rate": 0.0, "status": "滿車", "lat": 25.0555, "lon": 121.5156}}, {"type": "Feature", "geometry": {"type": "Point", "coordinates": [121.5758, 25.0719]}, "properties": {"city": "TPE", "parking_id": "TPE0760", "name": "叭叭房亞太C區停車場", "area": "內湖區", "address": "瑞湖街88號地下2至4層", "service_time": "00:00:00-23:59:59", "operator_type": "民營停車場", "kind": "D", "total_car": 264, "available_car": 71, "availability_rate": 0.2689393939393939, "status": "偏滿", "lat": 25.0719, "lon": 121.5758}}, {"type": "Feature", "geometry": {"type": "Point", "coordinates": [121.5298, 25.0139]}, "properties": {"city": "TPE", "parking_id": "TPE0762", "name": "國立臺灣大學水源校區平面停車場", "area": "中正區", "address": "思源街18號", "service_time": "00:00:00-23:59:59", "operator_type": "中央機關學校自營", "kind": "S", "total_car": 143, "available_car": 98, "availability_rate": 0.6853146853146853, "status": "充足", "lat": 25.0139, "lon": 121.5298}}, {"type": "Feature", "geometry": {"type": "Point", "coordinates": [121.536, 25.0134]}, "properties": {"city": "TPE", "parking_id": "TPE0764", "name": "吉拾停車場台大尊賢場", "area": "大安區", "address": "羅斯福路4段83號地下2層", "service_time": "00:00:00-23:59:59", "operator_type": "民營停車場", "kind": "D", "total_car": 27, "available_car": 5, "availability_rate": 0.18518518518518517, "status": "偏滿", "lat": 25.0134, "lon": 121.536}}, {"type": "Feature", "geometry": {"type": "Point", "coordinates": [121.56514985843062, 25.04086811501069]}, "properties": {"city": "TPE", "parking_id": "TPE0766", "name": "市府轉運站停車場", "area": "信義區", "address": "忠孝東路5段6號地下1至2、4至5層", "service_time": "00:00:00-23:59:59", "operator_type": "民營停車場", "kind": "D", "total_car": 473, "available_car": 294, "availability_rate": 0.6215644820295984, "status": "充足", "lat": 25.04086811501069, "lon": 121.56514985843062}}, {"type": "Feature", "geometry": {"type": "Point", "coordinates": [121.5533, 25.085]}, "properties": {"city": "TPE", "parking_id": "TPE0767", "name": "明水三平面停車場", "area": "中山區", "address": "北安路與北安路770巷交口空地", "service_time": "00:00:00-23:59:59", "operator_type": "民營停車場", "kind": "D", "total_car": 47, "available_car": 4, "availability_rate": 0.0851063829787234, "status": "緊張", "lat": 25.085, "lon": 121.5533}}, {"type": "Feature", "geometry": {"type": "Point", "coordinates": [121.5508, 25.0164]}, "properties": {"city": "TPE", "parking_id": "TPE0774", "name": "助安企業股份有限公司黎元停車場", "area": "大安區", "address": "辛亥路3段223號空地", "service_time": "00:00:00-23:59:59", "operator_type": "市屬機關學校委外", "kind": "S", "total_car": 97, "available_car": 34, "availability_rate": 0.35051546391752575, "status": "充足", "lat": 25.0164, "lon": 121.5508}}, {"type": "Feature", "geometry": {"type": "Point", "coordinates": [121.5872, 25.0423]}, "properties": {"city": "TPE", "parking_id": "TPE0775", "name": "玉成公園地下停車場", "area": "南港區", "address": "成福路118號地下", "service_time": "00:00:00-23:59:59", "operator_type": "本處自營停車場", "kind": "D", "total_car": 412, "available_car": 87, "availability_rate": 0.2111650485436893, "status": "偏滿", "lat": 25.0423, "lon": 121.5872}}, {"type": "Feature", "geometry": {"type": "Point", "coordinates": [121.5787, 25.06]}, "properties": {"city": "TPE", "parking_id": "TPE0776", "name": "吉拾停車場內湖一場", "area": "內湖區", "address": "舊宗路1段128號地上1層、地下1、2層", "service_time": "09:00:00-23:00:00", "operator_type": "民營停車場", "kind": "D", "total_car": 548, "available_car": 373, "availability_rate": 0.6806569343065694, "status": "充足", "lat": 25.06, "lon": 121.5787}}, {"type": "Feature", "geometry": {"type": "Point", "coordinates": [121.546, 25.0325]}, "properties": {"city": "TPE", "parking_id": "TPE0778", "name": "Times大安路二段", "area": "大安區", "address": "大安路2段17號旁", "service_time": "00:00:00-23:59:59", "operator_type": "民營停車場", "kind": "D", "total_car": 15, "available_car": 11, "availability_rate": 0.7333333333333333, "status": "充足", "lat": 25.0325, "lon": 121.546}}, {"type": "Feature", "geometry": {"type": "Point", "coordinates": [121.5503, 25.0809]}, "properties": {"city": "TPE", "parking_id": "TPE0786", "name": "Times北安路第3", "area": "中山區", "address": "北安路588巷22號旁", "service_time": "00:00:00-23:59:59", "operator_type": "民營停車場", "kind": "S", "total_car": 20, "available_car": 4, "availability_rate": 0.2, "status": "偏滿", "lat": 25.0809, "lon": 121.5503}}, {"type": "Feature", "geometry": {"type": "Point", "coordinates": [121.5034, 25.1212]}, "properties": {"city": "TPE", "parking_id": "TPE0787", "name": "公舘路平面停車場", "area": "北投區", "address": "公舘路與西安街口", "service_time": "00:00:00-23:59:59", "operator_type": "本處委外停車場", "kind": "D", "total_car": 132, "available_car": 105, "availability_rate": 0.7954545454545454, "status": "充足", "lat": 25.1212, "lon": 121.5034}}, {"type": "Feature", "geometry": {"type": "Point", "coordinates": [121.5693, 25.0774]}, "properties": {"city": "TPE", "parking_id": "TPE0788", "name": "嘟嘟房內湖堤頂3站停車場", "area": "內湖區", "address": "堤頂大道2段183、185號地下1-5層", "service_time": "00:00:00-23:59:59", "operator_type": "民營停車場", "kind": "D", "total_car": 191, "available_car": 188, "availability_rate": 0.9842931937172775, "status": "充足", "lat": 25.0774, "lon": 121.5693}}, {"type": "Feature", "geometry": {"type": "Point", "coordinates": [121.5487, 25.0477]}, "properties": {"city": "TPE", "parking_id": "TPE0792", "name": "便利停車場萬國站", "area": "松山區", "address": "敦化南路1段2號地下1至4層", "service_time": "00:00:00-23:59:59", "operator_type": "民營停車場", "kind": "D", "total_car": 123, "available_car": 16, "availability_rate": 0.13008130081300814, "status": "偏滿", "lat": 25.0477, "lon": 121.5487}}, {"type": "Feature", "geometry": {"type": "Point", "coordinates": [121.5221, 25.0917]}, "properties": {"city": "TPE", "parking_id": "TPE0799", "name": "Times 基河路第5", "area": "士林區", "address": "基河路251巷與福德路交叉口", "service_time": "00:00:00-23:59:59", "operator_type": "民營停車場", "kind": "D", "total_car": 9, "available_car": 4, "availability_rate": 0.4444444444444444, "status": "充足", "lat": 25.0917, "lon": 121.5221}}, {"type": "Feature", "geometry": {"type": "Point", "coordinates": [121.5284, 25.0328]}, "properties": {"city": "TPE", "parking_id": "TPE0801", "name": "Times金山南路", "area": "大安區", "address": "金山南路2段31巷25號旁", "service_time": "00:00:00-23:59:59", "operator_type": "民營停車場", "kind": "D", "total_car": 4, "available_car": 0, "availability_rate": 0.0, "status": "滿車", "lat": 25.0328, "lon": 121.5284}}, {"type": "Feature", "geometry": {"type": "Point", "coordinates": [121.52009715139397, 25.090980402186133]}, "properties": {"city": "TPE", "parking_id": "TPE0807", "name": "叭叭房聖賢大樓停車場", "area": "士林區", "address": "士商路51、53、55、57號地下1至2層", "service_time": "00:00:00-23:59:59", "operator_type": "民營停車場", "kind": "D", "total_car": 49, "available_car": 17, "availability_rate": 0.3469387755102041, "status": "充足", "lat": 25.090980402186133, "lon": 121.52009715139397}}, {"type": "Feature", "geometry": {"type": "Point", "coordinates": [121.5128, 25.0286]}, "properties": {"city": "TPE", "parking_id": "TPE0808", "name": "Times和平西路二段", "area": "中正區", "address": "和平西路2段42號旁空地", "service_time": "00:00:00-23:59:59", "operator_type": "民營停車場", "kind": "D", "total_car": 13, "available_car": 7, "availability_rate": 0.5384615384615384, "status": "充足", "lat": 25.0286, "lon": 121.5128}}, {"type": "Feature", "geometry": {"type": "Point", "coordinates": [121.5749, 25.0748]}, "properties": {"city": "TPE", "parking_id": "TPE0809", "name": "双旺停車場瑞光站", "area": "內湖區", "address": "瑞光路258巷31、33、35、37、39號地下2、3層", "service_time": "00:00:00-23:59:59", "operator_type": "民營停車場", "kind": "D", "total_car": 90, "available_car": 41, "availability_rate": 0.45555555555555555, "status": "充足", "lat": 25.0748, "lon": 121.5749}}, {"type": "Feature", "geometry": {"type": "Point", "coordinates": [121.52718307254452, 25.050518757051186]}, "properties": {"city": "TPE", "parking_id": "TPE0810", "name": "Times林森八條通第2", "area": "中山區", "address": "林森北路133巷66號空地", "service_time": "00:00:00-23:59:59", "operator_type": "民營停車場", "kind": "D", "total_car": 7, "available_car": 2, "availability_rate": 0.2857142857142857, "status": "偏滿", "lat": 25.050518757051186, "lon": 121.52718307254452}}, {"type": "Feature", "geometry": {"type": "Point", "coordinates": [121.547, 25.0322]}, "properties": {"city": "TPE", "parking_id": "TPE0812", "name": "168停車聯盟-中華信義場", "area": "大安區", "address": "信義路4段88號地下2至3層", "service_time": "00:00:00-23:59:59", "operator_type": "民營停車場", "kind": "D", "total_car": 124, "available_car": 51, "availability_rate": 0.4112903225806452, "status": "充足", "lat": 25.0322, "lon": 121.547}}, {"type": "Feature", "geometry": {"type": "Point", "coordinates": [121.5251, 25.051]}, "properties": {"city": "TPE", "parking_id": "TPE0813", "name": "台灣聯通七條通停車場", "area": "中山區", "address": "林森北路125號", "service_time": "00:00:00-23:59:59", "operator_type": "民營停車場", "kind": "D", "total_car": 121, "available_car": 37, "availability_rate": 0.30578512396694213, "status": "充足", "lat": 25.051, "lon": 121.5251}}, {"type": "Feature", "geometry": {"type": "Point", "coordinates": [121.519, 25.0946]}, "properties": {"city": "TPE", "parking_id": "TPE0814", "name": "Times基河路第6", "area": "士林區", "address": "基河路320號旁空地", "service_time": "00:00:00-23:59:59", "operator_type": "民營停車場", "kind": "D", "total_car": 45, "available_car": 12, "availability_rate": 0.26666666666666666, "status": "偏滿", "lat": 25.0946, "lon": 121.519}}, {"type": "Feature", "geometry": {"type": "Point", "coordinates": [121.56255989249559, 25.031818288117147]}, "properties": {"city": "TPE", "parking_id": "TPE0816", "name": "信義國小地下停車場", "area": "信義區", "address": "松勤街60號地下1層", "service_time": "00:00:00-23:59:59", "operator_type": "本處委外停車場", "kind": "D", "total_car": 230, "available_car": 54, "availability_rate": 0.23478260869565218, "status": "偏滿", "lat": 25.031818288117147, "lon": 121.56255989249559}}, {"type": "Feature", "geometry": {"type": "Point", "coordinates": [121.5501, 25.0811]}, "properties": {"city": "TPE", "parking_id": "TPE0817", "name": "Times北安路第5", "area": "中山區", "address": "北安路588巷21號旁", "service_time": "00:00:00-23:59:59", "operator_type": "民營停車場", "kind": "S", "total_car": 13, "available_car": 11, "availability_rate": 0.8461538461538461, "status": "充足", "lat": 25.0811, "lon": 121.5501}}, {"type": "Feature", "geometry": {"type": "Point", "coordinates": [121.5294, 25.1096]}, "properties": {"city": "TPE", "parking_id": "TPE0819", "name": "蘭雅公園地下停車場", "area": "士林區", "address": "德行東路129巷31號地下", "service_time": "00:00:00-23:59:59", "operator_type": "本處自營停車場", "kind": "D", "total_car": 155, "available_car": 0, "availability_rate": 0.0, "status": "滿車", "lat": 25.1096, "lon": 121.5294}}, {"type": "Feature", "geometry": {"type": "Point", "coordinates": [121.5602, 25.05]}, "properties": {"city": "TPE", "parking_id": "TPE0822", "name": "叭叭房光復大樓地下停車場", "area": "松山區", "address": "光復北路11巷35號地下3至4層", "service_time": "00:00:00-23:59:59", "operator_type": "民營停車場", "kind": "D", "total_car": 111, "available_car": 62, "availability_rate": 0.5585585585585585, "status": "充足", "lat": 25.05, "lon": 121.5602}}, {"type": "Feature", "geometry": {"type": "Point", "coordinates": [121.518, 25.054]}, "properties": {"city": "TPE", "parking_id": "TPE0824", "name": "建成公園地下停車場", "area": "大同區", "address": "承德路2段31號地下", "service_time": "00:00:00-23:59:59", "operator_type": "本處委外停車場", "kind": "D", "total_car": 238, "available_car": 0, "availability_rate": 0.0, "status": "滿車", "lat": 25.054, "lon": 121.518}}, {"type": "Feature", "geometry": {"type": "Point", "coordinates": [121.6145, 25.0577]}, "properties": {"city": "TPE", "parking_id": "TPE0827", "name": "世貿公園地下停車場", "area": "南港區", "address": "經貿二路88巷1號地下", "service_time": "00:00:00-23:59:59", "operator_type": "本處自營停車場", "kind": "D", "total_car": 400, "available_car": 111, "availability_rate": 0.2775, "status": "偏滿", "lat": 25.0577, "lon": 121.6145}}, {"type": "Feature", "geometry": {"type": "Point", "coordinates": [121.5173, 25.0741]}, "properties": {"city": "TPE", "parking_id": "TPE0828", "name": "大龍國小地下停車場", "area": "大同區", "address": "哈密街47號地下1層", "service_time": "00:00:00-23:59:59", "operator_type": "本處自營停車場", "kind": "D", "total_car": 266, "available_car": 15, "availability_rate": 0.05639097744360902, "status": "緊張", "lat": 25.0741, "lon": 121.5173}}, {"type": "Feature", "geometry": {"type": "Point", "coordinates": [121.5185, 25.095]}, "properties": {"city": "TPE", "parking_id": "TPE0830", "name": "Times基河路第2", "area": "士林區", "address": "基河路382號旁空地", "service_time": "00:00:00-23:59:59", "operator_type": "民營停車場", "kind": "S", "total_car": 49, "available_car": 9, "availability_rate": 0.1836734693877551, "status": "偏滿", "lat": 25.095, "lon": 121.5185}}, {"type": "Feature", "geometry": {"type": "Point", "coordinates": [121.5661, 25.0559]}, "properties": {"city": "TPE", "parking_id": "TPE0832", "name": "西松高中地下停車場", "area": "松山區", "address": "健康路325巷19弄1號地下", "service_time": "00:00:00-23:59:59", "operator_type": "本處自營停車場", "kind": "D", "total_car": 341, "available_car": 54, "availability_rate": 0.15835777126099707, "status": "偏滿", "lat": 25.0559, "lon": 121.5661}}, {"type": "Feature", "geometry": {"type": "Point", "coordinates": [121.5768, 24.9895]}, "properties": {"city": "TPE", "parking_id": "TPE0835", "name": "萬興國小地下停車場", "area": "文山區", "address": "秀明路2段116號地下", "service_time": "00:00:00-23:59:59", "operator_type": "本處自營停車場", "kind": "D", "total_car": 233, "available_car": 28, "availability_rate": 0.12017167381974249, "status": "偏滿", "lat": 24.9895, "lon": 121.5768}}, {"type": "Feature", "geometry": {"type": "Point", "coordinates": [121.519, 25.0258]}, "properties": {"city": "TPE", "parking_id": "TPE0836", "name": "嘟嘟房牯嶺2站停車場", "area": "中正區", "address": "牯嶺街101號", "service_time": "08:00:00-19:00:00", "operator_type": "民營停車場", "kind": "S", "total_car": 89, "available_car": 28, "availability_rate": 0.3146067415730337, "status": "充足", "lat": 25.0258, "lon": 121.519}}, {"type": "Feature", "geometry": {"type": "Point", "coordinates": [121.5447, 25.0512]}, "properties": {"city": "TPE", "parking_id": "TPE0837", "name": "台灣聯通復興北停車場", "area": "松山區", "address": "南京東路3段256巷11號", "service_time": "00:00:00-23:59:59", "operator_type": "民營停車場", "kind": "D", "total_car": 26, "available_car": 24, "availability_rate": 0.9230769230769231, "status": "充足", "lat": 25.0512, "lon": 121.5447}}, {"type": "Feature", "geometry": {"type": "Point", "coordinates": [121.6197, 25.0414]}, "properties": {"city": "TPE", "parking_id": "TPE0838", "name": "北台國際開發股份有限公司舊莊停車場", "area": "南港區", "address": "舊莊街1段91巷11號地下1-2層", "service_time": "00:00:00-23:59:59", "operator_type": "市屬機關學校委外", "kind": "D", "total_car": 23, "available_car": 36, "availability_rate": 1.565217391304348, "status": "充足", "lat": 25.0414, "lon": 121.6197}}, {"type": "Feature", "geometry": {"type": "Point", "coordinates": [121.5731, 24.998]}, "properties": {"city": "TPE", "parking_id": "TPE0840", "name": "歐特儀股份有限公司捷運木柵站轉乘停車場", "area": "文山區", "address": "木柵路4段135號地下1-2層", "service_time": "00:00:00-24:00:00", "operator_type": "市屬機關學校委外", "kind": "D", "total_car": 146, "available_car": 4, "availability_rate": 0.0273972602739726, "status": "緊張", "lat": 24.998, "lon": 121.5731}}, {"type": "Feature", "geometry": {"type": "Point", "coordinates": [121.5236, 25.0523]}, "properties": {"city": "TPE", "parking_id": "TPE0841", "name": "大倉久和大飯店地下停車場", "area": "中山區", "address": "南京東路1段9號地下2-7層", "service_time": "00:00:00-23:59:59", "operator_type": "民營停車場", "kind": "D", "total_car": 136, "available_car": 55, "availability_rate": 0.40441176470588236, "status": "充足", "lat": 25.0523, "lon": 121.5236}}, {"type": "Feature", "geometry": {"type": "Point", "coordinates": [121.5683, 25.0323]}, "properties": {"city": "TPE", "parking_id": "TPE0844", "name": "國泰信義停車場", "area": "信義區", "address": "信義路5段106、108號地下4層", "service_time": "00:00:00-23:59:59", "operator_type": "民營停車場", "kind": "D", "total_car": 101, "available_car": 111, "availability_rate": 1.099009900990099, "status": "充足", "lat": 25.0323, "lon": 121.5683}}, {"type": "Feature", "geometry": {"type": "Point", "coordinates": [121.5725, 25.039]}, "properties": {"city": "TPE", "parking_id": "TPE0848", "name": "松山工農地下停車場", "area": "信義區", "address": "忠孝東路5段236巷15號地下", "service_time": "00:00:00-23:59:59", "operator_type": "本處自營停車場", "kind": "D", "total_car": 239, "available_car": 29, "availability_rate": 0.12133891213389121, "status": "偏滿", "lat": 25.039, "lon": 121.5725}}, {"type": "Feature", "geometry": {"type": "Point", "coordinates": [121.553, 25.0841]}, "properties": {"city": "TPE", "parking_id": "TPE0849", "name": "Times 敬業一路", "area": "中山區", "address": "敬業一路160號對面", "service_time": "00:00:00-23:59:59", "operator_type": "民營停車場", "kind": "D", "total_car": 82, "available_car": 30, "availability_rate": 0.36585365853658536, "status": "充足", "lat": 25.0841, "lon": 121.553}}, {"type": "Feature", "geometry": {"type": "Point", "coordinates": [121.5784, 25.0481]}, "properties": {"city": "TPE", "parking_id": "TPE0851", "name": "松山車站地下停車場", "area": "信義區", "address": "松山路11號(南廣場B1)", "service_time": "00:00:00-23:59:59", "operator_type": "本處自營停車場", "kind": "D", "total_car": 430, "available_car": 85, "availability_rate": 0.19767441860465115, "status": "偏滿", "lat": 25.0481, "lon": 121.5784}}, {"type": "Feature", "geometry": {"type": "Point", "coordinates": [121.5306, 25.0962]}, "properties": {"city": "TPE", "parking_id": "TPE0852", "name": "福林公園地下停車場", "area": "士林區", "address": "中正路17號地下", "service_time": "00:00:00-23:59:59", "operator_type": "本處自營停車場", "kind": "D", "total_car": 229, "available_car": 12, "availability_rate": 0.05240174672489083, "status": "緊張", "lat": 25.0962, "lon": 121.5306}}, {"type": "Feature", "geometry": {"type": "Point", "coordinates": [121.53098745625284, 25.033961248134187]}, "properties": {"city": "TPE", "parking_id": "TPE0856", "name": "永康停車場", "area": "中正區", "address": "信義路2段243巷與信義路2段交叉口旁", "service_time": "00:00:00-23:59:59", "operator_type": "民營停車場", "kind": "D", "total_car": 15, "available_car": 11, "availability_rate": 0.7333333333333333, "status": "充足", "lat": 25.033961248134187, "lon": 121.53098745625284}}, {"type": "Feature", "geometry": {"type": "Point", "coordinates": [121.5324, 25.0526]}, "properties": {"city": "TPE", "parking_id": "TPE0862", "name": "台灣聯通將捷一停車場", "area": "中山區", "address": "松江路126、128號", "service_time": "00:00:00-23:59:59", "operator_type": "民營停車場", "kind": "D", "total_car": 43, "available_car": 40, "availability_rate": 0.9302325581395349, "status": "充足", "lat": 25.0526, "lon": 121.5324}}, {"type": "Feature", "geometry": {"type": "Point", "coordinates": [121.5297, 25.1192]}, "properties": {"city": "TPE", "parking_id": "TPE0863", "name": "天玉街停車場", "area": "士林區", "address": "天玉街38巷18弄6之1號旁空地", "service_time": "00:00:00-23:59:59", "operator_type": "民營停車場", "kind": "D", "total_car": 18, "available_car": 1, "availability_rate": 0.05555555555555555, "status": "緊張", "lat": 25.1192, "lon": 121.5297}}, {"type": "Feature", "geometry": {"type": "Point", "coordinates": [121.5767, 25.0624]}, "properties": {"city": "TPE", "parking_id": "TPE0865", "name": "大潤發流通事業股份有限公司南湖分公司之收費停車場", "area": "內湖區", "address": "舊宗路1段188號地上1層", "service_time": "00:00:00-23:59:59", "operator_type": "民營停車場", "kind": "D", "total_car": 83, "available_car": 919, "availability_rate": 11.072289156626505, "status": "充足", "lat": 25.0624, "lon": 121.5767}}, {"type": "Feature", "geometry": {"type": "Point", "coordinates": [121.563, 25.0814]}, "properties": {"city": "TPE", "parking_id": "TPE0866", "name": "台灣聯通內科一停車場", "area": "內湖區", "address": "堤頂大道2段473號旁空地", "service_time": "00:00:00-23:59:59", "operator_type": "民營停車場", "kind": "D", "total_car": 17, "available_car": 17, "availability_rate": 1.0, "status": "充足", "lat": 25.0814, "lon": 121.563}}, {"type": "Feature", "geometry": {"type": "Point", "coordinates": [121.5154, 25.0475]}, "properties": {"city": "TPE", "parking_id": "TPE0871", "name": "臺北車站西區地下停車場", "area": "中正區", "address": "北平西路3號地下1層（西區）", "service_time": "00:00:00-23:59:59", "operator_type": "民營停車場", "kind": "D", "total_car": 179, "available_car": 20, "availability_rate": 0.11173184357541899, "status": "偏滿", "lat": 25.0475, "lon": 121.5154}}, {"type": "Feature", "geometry": {"type": "Point", "coordinates": [121.5862, 25.0498]}, "properties": {"city": "TPE", "parking_id": "TPE0872", "name": "Times市民大道七段", "area": "南港區", "address": "市民大道七段159巷旁", "service_time": "00:00:00-23:59:59", "operator_type": "民營停車場", "kind": "D", "total_car": 49, "available_car": 17, "availability_rate": 0.3469387755102041, "status": "充足", "lat": 25.0498, "lon": 121.5862}}, {"type": "Feature", "geometry": {"type": "Point", "coordinates": [121.5713, 25.08]}, "properties": {"city": "TPE", "parking_id": "TPE0878", "name": "便利停車場momo站", "area": "內湖區", "address": "洲子街90號地下1至4層", "service_time": "00:00:00-23:59:59", "operator_type": "民營停車場", "kind": "D", "total_car": 199, "available_car": 20, "availability_rate": 0.10050251256281408, "status": "偏滿", "lat": 25.08, "lon": 121.5713}}, {"type": "Feature", "geometry": {"type": "Point", "coordinates": [121.5433, 25.0205]}, "properties": {"city": "TPE", "parking_id": "TPE0880", "name": "國立臺灣大學辛亥地下停車場", "area": "大安區", "address": "羅斯福路4段1號地下1至2層", "service_time": "00:00:00-23:59:59", "operator_type": "中央機關學校自營", "kind": "D", "total_car": 425, "available_car": 220, "availability_rate": 0.5176470588235295, "status": "充足", "lat": 25.0205, "lon": 121.5433}}, {"type": "Feature", "geometry": {"type": "Point", "coordinates": [121.52255972654201, 25.036629582339863]}, "properties": {"city": "TPE", "parking_id": "TPE0882", "name": "Times 石園社區", "area": "中正區", "address": "信義路1段5、9、13號（石園社區附屬1層平面停車場）", "service_time": "00:00:00-23:59:59", "operator_type": "民營停車場", "kind": "S", "total_car": 29, "available_car": 21, "availability_rate": 0.7241379310344828, "status": "充足", "lat": 25.036629582339863, "lon": 121.52255972654201}}, {"type": "Feature", "geometry": {"type": "Point", "coordinates": [121.5785, 25.0501]}, "properties": {"city": "TPE", "parking_id": "TPE0884", "name": "松山國小地下停車場", "area": "松山區", "address": "八德路4段746號地下(地下共3層)", "service_time": "00:00:00-23:59:59", "operator_type": "本處委外停車場", "kind": "D", "total_car": 286, "available_car": 0, "availability_rate": 0.0, "status": "滿車", "lat": 25.0501, "lon": 121.5785}}, {"type": "Feature", "geometry": {"type": "Point", "coordinates": [121.6021, 25.0833]}, "properties": {"city": "TPE", "parking_id": "TPE0888", "name": "大湖公園地下停車場", "area": "內湖區", "address": "成功路5段7號地下室(地下共2層)", "service_time": "00:00:00-23:59:59", "operator_type": "本處委外停車場", "kind": "D", "total_car": 221, "available_car": 32, "availability_rate": 0.14479638009049775, "status": "偏滿", "lat": 25.0833, "lon": 121.6021}}, {"type": "Feature", "geometry": {"type": "Point", "coordinates": [121.5229, 25.0513]}, "properties": {"city": "TPE", "parking_id": "TPE0890", "name": "城市車旅希爾頓停車場", "area": "中山區", "address": "中山北路1段121巷1號地下2至4層", "service_time": "00:00:00-23:59:59", "operator_type": "民營停車場", "kind": "S", "total_car": 44, "available_car": 37, "availability_rate": 0.8409090909090909, "status": "充足", "lat": 25.0513, "lon": 121.5229}}, {"type": "Feature", "geometry": {"type": "Point", "coordinates": [121.5172, 25.069]}, "properties": {"city": "TPE", "parking_id": "TPE0896", "name": "168停車聯盟-大龍場", "area": "大同區", "address": "民族西路105號地下1至2層", "service_time": "00:00:00-23:59:59", "operator_type": "市屬機關學校委外", "kind": "D", "total_car": 43, "available_car": 3, "availability_rate": 0.06976744186046512, "status": "緊張", "lat": 25.069, "lon": 121.5172}}, {"type": "Feature", "geometry": {"type": "Point", "coordinates": [121.5155, 25.0519]}, "properties": {"city": "TPE", "parking_id": "TPE0905", "name": "台灣聯通太原停車場", "area": "大同區", "address": "太原路76巷1號", "service_time": "00:00:00-23:59:59", "operator_type": "民營停車場", "kind": "D", "total_car": 28, "available_car": 26, "availability_rate": 0.9285714285714286, "status": "充足", "lat": 25.0519, "lon": 121.5155}}, {"type": "Feature", "geometry": {"type": "Point", "coordinates": [121.5306, 25.0449]}, "properties": {"city": "TPE", "parking_id": "TPE0910", "name": "三創生活園區停車場", "area": "中正區", "address": "市民大道3段2號地下1至6層", "service_time": "00:00:00-23:59:59", "operator_type": "民營停車場", "kind": "D", "total_car": 454, "available_car": 5, "availability_rate": 0.011013215859030838, "status": "緊張", "lat": 25.0449, "lon": 121.5306}}, {"type": "Feature", "geometry": {"type": "Point", "coordinates": [121.5694, 25.0807]}, "properties": {"city": "TPE", "parking_id": "TPE0911", "name": "萬國科技大樓停車場", "area": "內湖區", "address": "洲子街105、107號地下1至4層", "service_time": "00:00:00-23:59:59", "operator_type": "民營停車場", "kind": "D", "total_car": 109, "available_car": 40, "availability_rate": 0.3669724770642202, "status": "充足", "lat": 25.0807, "lon": 121.5694}}, {"type": "Feature", "geometry": {"type": "Point", "coordinates": [121.56385830885688, 25.086845971481825]}, "properties": {"city": "TPE", "parking_id": "TPE0915", "name": "168停車聯盟-德明研推場", "area": "內湖區", "address": "文湖街81巷5號地上1層、地下1至2層", "service_time": "00:00:00-23:59:59", "operator_type": "民營停車場", "kind": "D", "total_car": 36, "available_car": 10, "availability_rate": 0.2777777777777778, "status": "偏滿", "lat": 25.086845971481825, "lon": 121.56385830885688}}, {"type": "Feature", "geometry": {"type": "Point", "coordinates": [121.5483, 25.0553]}, "properties": {"city": "TPE", "parking_id": "TPE0916", "name": "文華停車場", "area": "松山區", "address": "敦化北路158號地下4至5層", "service_time": "00:00:00-23:59:59", "operator_type": "民營停車場", "kind": "D", "total_car": 449, "available_car": 190, "availability_rate": 0.42316258351893093, "status": "充足", "lat": 25.0553, "lon": 121.5483}}, {"type": "Feature", "geometry": {"type": "Point", "coordinates": [121.5217, 25.0547]}, "properties": {"city": "TPE", "parking_id": "TPE0919", "name": "中山大樓地下停車場", "area": "中山區", "address": "中山北路2段42號地下1-4層", "service_time": "00:00:00-23:59:59", "operator_type": "民營停車場", "kind": "D", "total_car": 260, "available_car": 12, "availability_rate": 0.046153846153846156, "status": "緊張", "lat": 25.0547, "lon": 121.5217}}, {"type": "Feature", "geometry": {"type": "Point", "coordinates": [121.5524, 25.0824]}, "properties": {"city": "TPE", "parking_id": "TPE0922", "name": "Times 明水路", "area": "中山區", "address": "明水路606巷18號旁空地", "service_time": "00:00:00-23:59:59", "operator_type": "民營停車場", "kind": "D", "total_car": 70, "available_car": 34, "availability_rate": 0.4857142857142857, "status": "充足", "lat": 25.0824, "lon": 121.5524}}, {"type": "Feature", "geometry": {"type": "Point", "coordinates": [121.5295, 25.0296]}, "properties": {"city": "TPE", "parking_id": "TPE0924", "name": "Times永康街第4", "area": "大安區", "address": "永康街38號旁空地", "service_time": "00:00:00-23:59:59", "operator_type": "民營停車場", "kind": "D", "total_car": 5, "available_car": 4, "availability_rate": 0.8, "status": "充足", "lat": 25.0296, "lon": 121.5295}}, {"type": "Feature", "geometry": {"type": "Point", "coordinates": [121.537, 25.0515]}, "properties": {"city": "TPE", "parking_id": "TPE0925", "name": "便利停車場建國七站", "area": "中山區", "address": "南京東路3段8號地下3、4層及停車塔", "service_time": "00:00:00-23:59:59", "operator_type": "民營停車場", "kind": "D", "total_car": 80, "available_car": 10, "availability_rate": 0.125, "status": "偏滿", "lat": 25.0515, "lon": 121.537}}, {"type": "Feature", "geometry": {"type": "Point", "coordinates": [121.5519, 25.0218]}, "properties": {"city": "TPE", "parking_id": "TPE0926", "name": "嘉興公園地下停車場", "area": "大安區", "address": "嘉興街373號地下室(共3層)", "service_time": "00:00:00-23:59:59", "operator_type": "本處委外停車場", "kind": "D", "total_car": 194, "available_car": 15, "availability_rate": 0.07731958762886598, "status": "緊張", "lat": 25.0218, "lon": 121.5519}}, {"type": "Feature", "geometry": {"type": "Point", "coordinates": [121.5149, 25.0982]}, "properties": {"city": "TPE", "parking_id": "TPE0928", "name": "兒童新樂園停車場", "area": "士林區", "address": "承德路5段55號地上1至2層", "service_time": "00:00:00-23:59:59", "operator_type": "市屬機關學校委外", "kind": "S", "total_car": 442, "available_car": 59, "availability_rate": 0.1334841628959276, "status": "偏滿", "lat": 25.0982, "lon": 121.5149}}, {"type": "Feature", "geometry": {"type": "Point", "coordinates": [121.5115, 25.0744]}, "properties": {"city": "TPE", "parking_id": "TPE0930", "name": "啟聰學校地下停車場", "area": "大同區", "address": "延平北路4段205號地下1層", "service_time": "00:00:00-23:59:59", "operator_type": "本處自營停車場", "kind": "D", "total_car": 175, "available_car": 18, "availability_rate": 0.10285714285714286, "status": "偏滿", "lat": 25.0744, "lon": 121.5115}}, {"type": "Feature", "geometry": {"type": "Point", "coordinates": [121.529, 25.0366]}, "properties": {"city": "TPE", "parking_id": "TPE0933", "name": "便利停車場臨沂五站", "area": "中正區", "address": "臨沂街65巷1號地下1層", "service_time": "00:00:00-23:59:59", "operator_type": "民營停車場", "kind": "S", "total_car": 16, "available_car": 0, "availability_rate": 0.0, "status": "滿車", "lat": 25.0366, "lon": 121.529}}, {"type": "Feature", "geometry": {"type": "Point", "coordinates": [121.5355, 25.1165]}, "properties": {"city": "TPE", "parking_id": "TPE0935", "name": "臺北市立大學天母校區體育館平面停車場", "area": "士林區", "address": "忠誠路2段207巷6號體育館旁", "service_time": "00:00:00-23:59:59", "operator_type": "市屬機關學校委外", "kind": "S", "total_car": 82, "available_car": 0, "availability_rate": 0.0, "status": "滿車", "lat": 25.1165, "lon": 121.5355}}, {"type": "Feature", "geometry": {"type": "Point", "coordinates": [121.5132, 25.0447]}, "properties": {"city": "TPE", "parking_id": "TPE0939", "name": "嘟嘟房重慶南站停車場", "area": "中正區", "address": "重慶南路1段38號地下1至3層", "service_time": "00:00:00-23:59:59", "operator_type": "民營停車場", "kind": "D", "total_car": 43, "available_car": 3, "availability_rate": 0.06976744186046512, "status": "緊張", "lat": 25.0447, "lon": 121.5132}}, {"type": "Feature", "geometry": {"type": "Point", "coordinates": [121.5497, 25.0441]}, "properties": {"city": "TPE", "parking_id": "TPE0944", "name": "便利停車場富敦站", "area": "大安區", "address": "敦化南路1段111號地下1至4層", "service_time": "00:00:00-23:59:59", "operator_type": "民營停車場", "kind": "D", "total_car": 70, "available_car": 30, "availability_rate": 0.42857142857142855, "status": "充足", "lat": 25.0441, "lon": 121.5497}}, {"type": "Feature", "geometry": {"type": "Point", "coordinates": [121.5509, 25.0572]}, "properties": {"city": "TPE", "parking_id": "TPE0945", "name": "博客停車場-台北敦北場", "area": "松山區", "address": "敦化北路199巷5號地下1層", "service_time": "00:00:00-23:59:59", "operator_type": "市屬機關學校委外", "kind": "D", "total_car": 13, "available_car": 12, "availability_rate": 0.9230769230769231, "status": "充足", "lat": 25.0572, "lon": 121.5509}}, {"type": "Feature", "geometry": {"type": "Point", "coordinates": [121.533, 25.0282]}, "properties": {"city": "TPE", "parking_id": "TPE0950", "name": "青田街停車場", "area": "大安區", "address": "青田街7巷9號旁空地", "service_time": "00:00:00-23:59:59", "operator_type": "民營停車場", "kind": "D", "total_car": 36, "available_car": 9, "availability_rate": 0.25, "status": "偏滿", "lat": 25.0282, "lon": 121.533}}, {"type": "Feature", "geometry": {"type": "Point", "coordinates": [121.5448, 25.0443]}, "properties": {"city": "TPE", "parking_id": "TPE0953", "name": "忠孝停車場", "area": "大安區", "address": "復興南路1段107巷5弄10至16號地下室", "service_time": "00:00:00-23:59:59", "operator_type": "民營停車場", "kind": "D", "total_car": 11, "available_car": 9, "availability_rate": 0.8181818181818182, "status": "充足", "lat": 25.0443, "lon": 121.5448}}, {"type": "Feature", "geometry": {"type": "Point", "coordinates": [121.6035, 25.052]}, "properties": {"city": "TPE", "parking_id": "TPE0959", "name": "南港車站地下停車場", "area": "南港區", "address": "忠孝東路7段265巷1號地下1層、地下1層夾層、地下2層、地下3層夾層", "service_time": "00:00:00-23:59:59", "operator_type": "民營停車場", "kind": "D", "total_car": 1100, "available_car": 0, "availability_rate": 0.0, "status": "滿車", "lat": 25.052, "lon": 121.6035}}, {"type": "Feature", "geometry": {"type": "Point", "coordinates": [121.5637, 25.0854]}, "properties": {"city": "TPE", "parking_id": "TPE0960", "name": "博客停車場-內湖場", "area": "內湖區", "address": "內湖路1段91巷38弄24號對面空地", "service_time": "00:00:00-23:59:59", "operator_type": "民營停車場", "kind": "D", "total_car": 13, "available_car": 5, "availability_rate": 0.38461538461538464, "status": "充足", "lat": 25.0854, "lon": 121.5637}}, {"type": "Feature", "geometry": {"type": "Point", "coordinates": [121.5633, 25.081]}, "properties": {"city": "TPE", "parking_id": "TPE0965", "name": "USPACE 倫敦科技總部附設停車場", "area": "內湖區", "address": "堤頂大道2段409號地下1至4層", "service_time": "00:00:00-23:59:59", "operator_type": "民營停車場", "kind": "D", "total_car": 130, "available_car": 0, "availability_rate": 0.0, "status": "滿車", "lat": 25.081, "lon": 121.5633}}, {"type": "Feature", "geometry": {"type": "Point", "coordinates": [121.5159, 25.0675]}, "properties": {"city": "TPE", "parking_id": "TPE0975", "name": "揚雅立體停車場", "area": "大同區", "address": "大龍街136號", "service_time": "24小時(每日22時至翌日6時車輛禁止進出)", "operator_type": "本處委外停車場", "kind": "D", "total_car": 204, "available_car": 23, "availability_rate": 0.11274509803921569, "status": "偏滿", "lat": 25.0675, "lon": 121.5159}}, {"type": "Feature", "geometry": {"type": "Point", "coordinates": [121.5452, 25.0404]}, "properties": {"city": "TPE", "parking_id": "TPE0976", "name": "168停車聯盟-大安場", "area": "大安區", "address": "仁愛路4段27巷25號地下1至5層", "service_time": "00:00:00-23:59:59", "operator_type": "民營停車場", "kind": "D", "total_car": 132, "available_car": 36, "availability_rate": 0.2727272727272727, "status": "偏滿", "lat": 25.0404, "lon": 121.5452}}, {"type": "Feature", "geometry": {"type": "Point", "coordinates": [121.5234, 25.0561]}, "properties": {"city": "TPE", "parking_id": "TPE0977", "name": "中山大樓停車場", "area": "中山區", "address": "中山北路2段61號後側空地及地下1至2層", "service_time": "00:00:00-23:59:59", "operator_type": "民營停車場", "kind": "D", "total_car": 97, "available_car": 33, "availability_rate": 0.3402061855670103, "status": "充足", "lat": 25.0561, "lon": 121.5234}}, {"type": "Feature", "geometry": {"type": "Point", "coordinates": [121.6191, 25.0719]}, "properties": {"city": "TPE", "parking_id": "TPE0978", "name": "康樂立體停車場", "area": "內湖區", "address": "康樂街138號", "service_time": "00:00:00-23:59:59", "operator_type": "本處委外停車場", "kind": "D", "total_car": 153, "available_car": 0, "availability_rate": 0.0, "status": "滿車", "lat": 25.0719, "lon": 121.6191}}, {"type": "Feature", "geometry": {"type": "Point", "coordinates": [121.6054, 25.0522]}, "properties": {"city": "TPE", "parking_id": "TPE0980", "name": "南港立體停車場", "area": "南港區", "address": "忠孝東路7段359、369號5至12層層", "service_time": "00:00:00-23:59:59", "operator_type": "民營停車場", "kind": "D", "total_car": 406, "available_car": 91, "availability_rate": 0.22413793103448276, "status": "偏滿", "lat": 25.0522, "lon": 121.6054}}, {"type": "Feature", "geometry": {"type": "Point", "coordinates": [121.5499, 25.0234]}, "properties": {"city": "TPE", "parking_id": "TPE0987", "name": "驛馬站收費停車場", "area": "大安區", "address": "樂業街21號旁空地", "service_time": "00:00:00-23:59:59", "operator_type": "民營停車場", "kind": "D", "total_car": 18, "available_car": 18, "availability_rate": 1.0, "status": "充足", "lat": 25.0234, "lon": 121.5499}}, {"type": "Feature", "geometry": {"type": "Point", "coordinates": [121.5057, 25.1355]}, "properties": {"city": "TPE", "parking_id": "TPE0989", "name": "驛馬站北投一收費停車場", "area": "北投區", "address": "溫泉路80號旁空地", "service_time": "00:00:00-23:59:59", "operator_type": "民營停車場", "kind": "D", "total_car": 42, "available_car": 42, "availability_rate": 1.0, "status": "充足", "lat": 25.1355, "lon": 121.5057}}, {"type": "Feature", "geometry": {"type": "Point", "coordinates": [121.581, 25.049]}, "properties": {"city": "TPE", "parking_id": "TPE0991", "name": "日月亭松山車站停車場", "area": "南港區", "address": "市民大道7段8號3至10層", "service_time": "00:00:00-23:59:59", "operator_type": "民營停車場", "kind": "D", "total_car": 348, "available_car": 139, "availability_rate": 0.3994252873563218, "status": "充足", "lat": 25.049, "lon": 121.581}}, {"type": "Feature", "geometry": {"type": "Point", "coordinates": [121.4704, 25.1282]}, "properties": {"city": "TPE", "parking_id": "TPE0992", "name": "好市多北投分公司", "area": "北投區", "address": "立德路117號", "service_time": "9時30分至21時30分(最遲22時30分離場)", "operator_type": "民營停車場", "kind": "D", "total_car": 690, "available_car": 2, "availability_rate": 0.002898550724637681, "status": "緊張", "lat": 25.1282, "lon": 121.4704}}, {"type": "Feature", "geometry": {"type": "Point", "coordinates": [121.5869, 25.0596]}, "properties": {"city": "TPE", "parking_id": "TPE0994", "name": "台北企業總部園區湖區地下停車場", "area": "內湖區", "address": "南京東路6段370、372、372-1、376、378、378-1、380、382、386、388、390、392號及新明路120-1、122-2、122-3、122-5、122-6、122-7、122-8號地下1至2層及南京東路6段382號(A4棟)地下3層", "service_time": "00:00:00-23:59:59", "operator_type": "民營停車場", "kind": "D", "total_car": 419, "available_car": 286, "availability_rate": 0.6825775656324582, "status": "充足", "lat": 25.0596, "lon": 121.5869}}, {"type": "Feature", "geometry": {"type": "Point", "coordinates": [121.5408, 25.0478]}, "properties": {"city": "TPE", "parking_id": "TPE1000", "name": "嘟嘟房龍江八德站停車場", "area": "中山區", "address": "龍江路15號地下1至2層", "service_time": "00:00:00-23:59:59", "operator_type": "市屬機關學校委外", "kind": "D", "total_car": 74, "available_car": 32, "availability_rate": 0.43243243243243246, "status": "充足", "lat": 25.0478, "lon": 121.5408}}, {"type": "Feature", "geometry": {"type": "Point", "coordinates": [121.5218, 25.0638]}, "properties": {"city": "TPE", "parking_id": "TPE1003", "name": "便利停車場天祥站", "area": "中山區", "address": "中山北路3段2之1號停車塔", "service_time": "臨停(0700-2200)，月租24H", "operator_type": "民營停車場", "kind": "D", "total_car": 58, "available_car": 10, "availability_rate": 0.1724137931034483, "status": "偏滿", "lat": 25.0638, "lon": 121.5218}}, {"type": "Feature", "geometry": {"type": "Point", "coordinates": [121.5746, 25.0324]}, "properties": {"city": "TPE", "parking_id": "TPE1004", "name": "松德大樓地下停車場", "area": "信義區", "address": "松德路300號地下2層", "service_time": "00:00:00-23:59:59", "operator_type": "市屬機關學校自營", "kind": "D", "total_car": 111, "available_car": 84, "availability_rate": 0.7567567567567568, "status": "充足", "lat": 25.0324, "lon": 121.5746}}, {"type": "Feature", "geometry": {"type": "Point", "coordinates": [121.5359, 25.0529]}, "properties": {"city": "TPE", "parking_id": "TPE1006", "name": "嘟嘟房四平站停車場", "area": "中山區", "address": "四平街134巷與伊通街87巷交叉口", "service_time": "00:00:00-23:59:59", "operator_type": "民營停車場", "kind": "D", "total_car": 22, "available_car": 9, "availability_rate": 0.4090909090909091, "status": "充足", "lat": 25.0529, "lon": 121.5359}}, {"type": "Feature", "geometry": {"type": "Point", "coordinates": [121.5857, 25.0628]}, "properties": {"city": "TPE", "parking_id": "TPE1007", "name": "國泰潭美停車場", "area": "內湖區", "address": "行善路351-359號地下1、2、3層", "service_time": "00:00:00-23:59:59", "operator_type": "民營停車場", "kind": "D", "total_car": 98, "available_car": 9, "availability_rate": 0.09183673469387756, "status": "緊張", "lat": 25.0628, "lon": 121.5857}}, {"type": "Feature", "geometry": {"type": "Point", "coordinates": [121.5372, 24.9947]}, "properties": {"city": "TPE", "parking_id": "TPE1009", "name": "台北景福停車場", "area": "文山區", "address": "景福街168號巷口空地", "service_time": "00:00:00-23:59:59", "operator_type": "民營停車場", "kind": "S", "total_car": 49, "available_car": 28, "availability_rate": 0.5714285714285714, "status": "充足", "lat": 24.9947, "lon": 121.5372}}, {"type": "Feature", "geometry": {"type": "Point", "coordinates": [121.5443, 25.0119]}, "properties": {"city": "TPE", "parking_id": "TPE1011", "name": "國立臺灣大學芳蘭第一平面停車場", "area": "大安區", "address": "芳蘭路71號(環境研究大樓)", "service_time": "00:00:00-23:59:59", "operator_type": "中央機關學校自營", "kind": "D", "total_car": 36, "available_car": 22, "availability_rate": 0.6111111111111112, "status": "充足", "lat": 25.0119, "lon": 121.5443}}, {"type": "Feature", "geometry": {"type": "Point", "coordinates": [121.5469, 25.0142]}, "properties": {"city": "TPE", "parking_id": "TPE1012", "name": "國立臺灣大學生醫工程館地下停車場", "area": "大安區", "address": "芳蘭路49號", "service_time": "06:00:00-23:00:00", "operator_type": "中央機關學校自營", "kind": "D", "total_car": 117, "available_car": 52, "availability_rate": 0.4444444444444444, "status": "充足", "lat": 25.0142, "lon": 121.5469}}, {"type": "Feature", "geometry": {"type": "Point", "coordinates": [121.5507, 25.0574]}, "properties": {"city": "TPE", "parking_id": "TPE1014", "name": "吉拾停車場民生場", "area": "松山區", "address": "民生東路4段52號地下2層", "service_time": "臨停：週一至週五07時至22時；月租：24小時", "operator_type": "民營停車場", "kind": "D", "total_car": 91, "available_car": 37, "availability_rate": 0.4065934065934066, "status": "充足", "lat": 25.0574, "lon": 121.5507}}, {"type": "Feature", "geometry": {"type": "Point", "coordinates": [121.5092, 25.0429]}, "properties": {"city": "TPE", "parking_id": "TPE1015", "name": "嘟嘟房西門中華1站停車場", "area": "中正區", "address": "延平南路110號地下2至3層", "service_time": "00:00:00-23:59:59", "operator_type": "民營停車場", "kind": "D", "total_car": 43, "available_car": 6, "availability_rate": 0.13953488372093023, "status": "偏滿", "lat": 25.0429, "lon": 121.5092}}, {"type": "Feature", "geometry": {"type": "Point", "coordinates": [121.5838, 25.0452]}, "properties": {"city": "TPE", "parking_id": "TPE1021", "name": "嘟嘟房玉成2站停車場", "area": "南港區", "address": "玉成街149號地下1至4層", "service_time": "00:00:00-23:59:59", "operator_type": "民營停車場", "kind": "D", "total_car": 49, "available_car": 4, "availability_rate": 0.08163265306122448, "status": "緊張", "lat": 25.0452, "lon": 121.5838}}, {"type": "Feature", "geometry": {"type": "Point", "coordinates": [121.5529, 25.0326]}, "properties": {"city": "TPE", "parking_id": "TPE1022", "name": "多多站收費停車場(文昌場)", "area": "大安區", "address": "文昌街138號旁空地", "service_time": "00:00:00-23:59:59", "operator_type": "民營停車場", "kind": "D", "total_car": 24, "available_car": 6, "availability_rate": 0.25, "status": "偏滿", "lat": 25.0326, "lon": 121.5529}}, {"type": "Feature", "geometry": {"type": "Point", "coordinates": [121.5501, 25.0316]}, "properties": {"city": "TPE", "parking_id": "TPE1029", "name": "台北安和2停車場", "area": "大安區", "address": "敦化南路2段63巷25號旁", "service_time": "00:00:00-23:59:59", "operator_type": "民營停車場", "kind": "S", "total_car": 47, "available_car": 32, "availability_rate": 0.6808510638297872, "status": "充足", "lat": 25.0316, "lon": 121.5501}}, {"type": "Feature", "geometry": {"type": "Point", "coordinates": [121.4991, 25.1372]}, "properties": {"city": "TPE", "parking_id": "TPE1031", "name": "北台國際開發股份有限公司大業停車場", "area": "北投區", "address": "大業路與大同街交叉口空地", "service_time": "00:00:00-23:59:59", "operator_type": "民營停車場", "kind": "D", "total_car": 13, "available_car": 7, "availability_rate": 0.5384615384615384, "status": "充足", "lat": 25.1372, "lon": 121.4991}}, {"type": "Feature", "geometry": {"type": "Point", "coordinates": [121.594, 25.0847]}, "properties": {"city": "TPE", "parking_id": "TPE1032", "name": "CITYLINK 內湖店停車場", "area": "內湖區", "address": "成功路4段188號地上2至7層", "service_time": "00:00:00-23:59:59", "operator_type": "市屬機關學校委外", "kind": "D", "total_car": 660, "available_car": 187, "availability_rate": 0.2833333333333333, "status": "偏滿", "lat": 25.0847, "lon": 121.594}}, {"type": "Feature", "geometry": {"type": "Point", "coordinates": [121.5363, 25.0653]}, "properties": {"city": "TPE", "parking_id": "TPE1033", "name": "Times 建國農安", "area": "中山區", "address": "建國北路3段54號空地", "service_time": "00:00:00-23:59:59", "operator_type": "民營停車場", "kind": "D", "total_car": 10, "available_car": 4, "availability_rate": 0.4, "status": "充足", "lat": 25.0653, "lon": 121.5363}}, {"type": "Feature", "geometry": {"type": "Point", "coordinates": [121.4985, 25.1283]}, "properties": {"city": "TPE", "parking_id": "TPE1038", "name": "北投雅樂軒停車場", "area": "北投區", "address": "大業路302號地下1至4層", "service_time": "00:00:00-23:59:59", "operator_type": "民營停車場", "kind": "D", "total_car": 189, "available_car": 50, "availability_rate": 0.26455026455026454, "status": "偏滿", "lat": 25.1283, "lon": 121.4985}}, {"type": "Feature", "geometry": {"type": "Point", "coordinates": [121.5624, 25.1692]}, "properties": {"city": "TPE", "parking_id": "TPE1039", "name": "歐特儀股份有限公司夢幻湖停車場", "area": "北投區", "address": "七星山東麓海拔860公尺", "service_time": "00:00:00-23:59:59", "operator_type": "中央機關學校委外", "kind": "D", "total_car": 66, "available_car": 4, "availability_rate": 0.06060606060606061, "status": "緊張", "lat": 25.1692, "lon": 121.5624}}, {"type": "Feature", "geometry": {"type": "Point", "coordinates": [121.5441, 25.1793]}, "properties": {"city": "TPE", "parking_id": "TPE1040", "name": "歐特儀股份有限公司小油坑橋停車場", "area": "北投區", "address": "竹子湖路座標25.17933,121.54440", "service_time": "00:00:00-23:59:59", "operator_type": "中央機關學校委外", "kind": "S", "total_car": 40, "available_car": 34, "availability_rate": 0.85, "status": "充足", "lat": 25.1793, "lon": 121.5441}}, {"type": "Feature", "geometry": {"type": "Point", "coordinates": [121.5461, 25.1799]}, "properties": {"city": "TPE", "parking_id": "TPE1041", "name": "歐特儀股份有限公司小觀音停車場", "area": "北投區", "address": "竹子湖路座標25.179915,121.546050", "service_time": "00:00:00-23:59:59", "operator_type": "中央機關學校委外", "kind": "S", "total_car": 16, "available_car": 4, "availability_rate": 0.25, "status": "偏滿", "lat": 25.1799, "lon": 121.5461}}, {"type": "Feature", "geometry": {"type": "Point", "coordinates": [121.563, 25.1678]}, "properties": {"city": "TPE", "parking_id": "TPE1042", "name": "歐特儀股份有限公司冷水坑2號停車場", "area": "士林區", "address": "菁山路101巷與中湖戰備道路交叉口", "service_time": "00:00:00-23:59:59", "operator_type": "中央機關學校委外", "kind": "D", "total_car": 47, "available_car": 45, "availability_rate": 0.9574468085106383, "status": "充足", "lat": 25.1678, "lon": 121.563}}, {"type": "Feature", "geometry": {"type": "Point", "coordinates": [121.5246, 25.1063]}, "properties": {"city": "TPE", "parking_id": "TPE1044", "name": "Times 德行西路", "area": "士林區", "address": "德行西路5號旁空地", "service_time": "00:00:00-23:59:59", "operator_type": "民營停車場", "kind": "D", "total_car": 4, "available_car": 4, "availability_rate": 1.0, "status": "充足", "lat": 25.1063, "lon": 121.5246}}, {"type": "Feature", "geometry": {"type": "Point", "coordinates": [121.5614, 25.0812]}, "properties": {"city": "TPE", "parking_id": "TPE1045", "name": "嘟嘟房樂群二路站停車場", "area": "中山區", "address": "樂群二路267號地下1層", "service_time": "00:00:00-23:59:59", "operator_type": "民營停車場", "kind": "D", "total_car": 42, "available_car": 25, "availability_rate": 0.5952380952380952, "status": "充足", "lat": 25.0812, "lon": 121.5614}}, {"type": "Feature", "geometry": {"type": "Point", "coordinates": [121.4984, 25.0327]}, "properties": {"city": "TPE", "parking_id": "TPE1046", "name": "凱達大飯店附屬停車場", "area": "萬華區", "address": "艋舺大道260號", "service_time": "07:00:00-23:00:00", "operator_type": "民營停車場", "kind": "D", "total_car": 503, "available_car": 125, "availability_rate": 0.2485089463220676, "status": "偏滿", "lat": 25.0327, "lon": 121.4984}}, {"type": "Feature", "geometry": {"type": "Point", "coordinates": [121.5177, 25.0507]}, "properties": {"city": "TPE", "parking_id": "TPE1051", "name": "Times 長安西路", "area": "大同區", "address": "長安西路134號旁", "service_time": "00:00:00-23:59:59", "operator_type": "民營停車場", "kind": "D", "total_car": 5, "available_car": 1, "availability_rate": 0.2, "status": "偏滿", "lat": 25.0507, "lon": 121.5177}}, {"type": "Feature", "geometry": {"type": "Point", "coordinates": [121.5687501503069, 25.03722510210693]}, "properties": {"city": "TPE", "parking_id": "TPE1053", "name": "USPACE交易一號停車場", "area": "信義區", "address": "松仁路89號地下3層", "service_time": "00:00:00-23:59:59", "operator_type": "民營停車場", "kind": "D", "total_car": 75, "available_car": 44, "availability_rate": 0.5866666666666667, "status": "充足", "lat": 25.03722510210693, "lon": 121.5687501503069}}, {"type": "Feature", "geometry": {"type": "Point", "coordinates": [121.56869005217958, 25.036078769667466]}, "properties": {"city": "TPE", "parking_id": "TPE1054", "name": "USPACE交易二號停車場", "area": "信義區", "address": "松仁路97號地下3至4層", "service_time": "00:00:00-23:59:59", "operator_type": "民營停車場", "kind": "D", "total_car": 122, "available_car": 124, "availability_rate": 1.0163934426229508, "status": "充足", "lat": 25.036078769667466, "lon": 121.56869005217958}}, {"type": "Feature", "geometry": {"type": "Point", "coordinates": [121.4836, 25.1344]}, "properties": {"city": "TPE", "parking_id": "TPE1055", "name": "嘟嘟房捷運北投機廠站停車場", "area": "北投區", "address": "大業路527巷88號地上1層及地下層", "service_time": "00:00:00-23:59:59", "operator_type": "市屬機關學校委外", "kind": "D", "total_car": 72, "available_car": 2, "availability_rate": 0.027777777777777776, "status": "緊張", "lat": 25.1344, "lon": 121.4836}}, {"type": "Feature", "geometry": {"type": "Point", "coordinates": [121.5527, 25.0504]}, "properties": {"city": "TPE", "parking_id": "TPE1060", "name": "臺北網球場平面停車場", "area": "松山區", "address": "南京東路4段6號", "service_time": "00:00:00-23:59:59", "operator_type": "市屬機關學校委外", "kind": "D", "total_car": 16, "available_car": 1, "availability_rate": 0.0625, "status": "緊張", "lat": 25.0504, "lon": 121.5527}}, {"type": "Feature", "geometry": {"type": "Point", "coordinates": [121.5398, 25.0534]}, "properties": {"city": "TPE", "parking_id": "TPE1061", "name": "便利停車場龍江站", "area": "中山區", "address": "龍江路120巷9號旁空地", "service_time": "00:00:00-23:59:59", "operator_type": "民營停車場", "kind": "S", "total_car": 10, "available_car": 10, "availability_rate": 1.0, "status": "充足", "lat": 25.0534, "lon": 121.5398}}, {"type": "Feature", "geometry": {"type": "Point", "coordinates": [121.5228, 25.1208]}, "properties": {"city": "TPE", "parking_id": "TPE1067", "name": "臺北榮民總醫院神經再生中心停車場", "area": "北投區", "address": "石牌路2段322號", "service_time": "00:00:00-23:59:59", "operator_type": "民營停車場", "kind": "S", "total_car": 14, "available_car": 10, "availability_rate": 0.7142857142857143, "status": "充足", "lat": 25.1208, "lon": 121.5228}}, {"type": "Feature", "geometry": {"type": "Point", "coordinates": [121.4657775109232, 25.118992134451467]}, "properties": {"city": "TPE", "parking_id": "TPE1070", "name": "嘟嘟房關渡宮站停車場", "area": "北投區", "address": "知行路183號旁", "service_time": "00:00:00-23:59:59", "operator_type": "民營停車場", "kind": "D", "total_car": 39, "available_car": 5, "availability_rate": 0.1282051282051282, "status": "偏滿", "lat": 25.118992134451467, "lon": 121.4657775109232}}, {"type": "Feature", "geometry": {"type": "Point", "coordinates": [121.5468, 25.0551]}, "properties": {"city": "TPE", "parking_id": "TPE1071", "name": "慶城停車場", "area": "松山區", "address": "慶城街42號旁空地", "service_time": "00:00:00-23:59:59", "operator_type": "民營停車場", "kind": "D", "total_car": 28, "available_car": 13, "availability_rate": 0.4642857142857143, "status": "充足", "lat": 25.0551, "lon": 121.5468}}, {"type": "Feature", "geometry": {"type": "Point", "coordinates": [121.5556, 25.0312]}, "properties": {"city": "TPE", "parking_id": "TPE1073", "name": "新長越通化街停車場", "area": "大安區", "address": "通化街39巷49弄22號空地", "service_time": "00:00:00-23:59:59", "operator_type": "民營停車場", "kind": "D", "total_car": 5, "available_car": 1, "availability_rate": 0.2, "status": "偏滿", "lat": 25.0312, "lon": 121.5556}}, {"type": "Feature", "geometry": {"type": "Point", "coordinates": [121.5451, 25.0482]}, "properties": {"city": "TPE", "parking_id": "TPE1075", "name": "嘟嘟房合庫大樓站停車場", "area": "松山區", "address": "長安東路2段225號地下1至5層", "service_time": "00:00:00-23:59:59", "operator_type": "民營停車場", "kind": "D", "total_car": 703, "available_car": 294, "availability_rate": 0.4182076813655761, "status": "充足", "lat": 25.0482, "lon": 121.5451}}, {"type": "Feature", "geometry": {"type": "Point", "coordinates": [121.5594, 25.0259]}, "properties": {"city": "TPE", "parking_id": "TPE1077", "name": "信安街67巷臨時平面停車場", "area": "信義區", "address": "信安街67巷內", "service_time": "00:00:00-23:59:59", "operator_type": "本處委外停車場", "kind": "D", "total_car": 199, "available_car": 108, "availability_rate": 0.542713567839196, "status": "充足", "lat": 25.0259, "lon": 121.5594}}, {"type": "Feature", "geometry": {"type": "Point", "coordinates": [121.5457, 25.0224]}, "properties": {"city": "TPE", "parking_id": "TPE1081", "name": "臺北和平籃球館停車場", "area": "大安區", "address": "敦南街76巷28號", "service_time": "臨停：06時至23時；月租：24小時", "operator_type": "市屬機關學校委外", "kind": "S", "total_car": 190, "available_car": 94, "availability_rate": 0.49473684210526314, "status": "充足", "lat": 25.0224, "lon": 121.5457}}, {"type": "Feature", "geometry": {"type": "Point", "coordinates": [121.5961, 25.0681]}, "properties": {"city": "TPE", "parking_id": "TPE1084", "name": "臺北市網球中心停車場", "area": "內湖區", "address": "民權東路6段208號地上1層、地下1層", "service_time": "00:00:00-23:59:59", "operator_type": "市屬機關學校委外", "kind": "D", "total_car": 338, "available_car": 15, "availability_rate": 0.04437869822485207, "status": "緊張", "lat": 25.0681, "lon": 121.5961}}, {"type": "Feature", "geometry": {"type": "Point", "coordinates": [121.575, 25.0623]}, "properties": {"city": "TPE", "parking_id": "TPE1085", "name": "特力廣場停車場", "area": "內湖區", "address": "新湖三路23號地上3、4層", "service_time": "00:00:00-23:59:59", "operator_type": "民營停車場", "kind": "D", "total_car": 301, "available_car": 276, "availability_rate": 0.9169435215946844, "status": "充足", "lat": 25.0623, "lon": 121.575}}, {"type": "Feature", "geometry": {"type": "Point", "coordinates": [121.5779, 25.0789]}, "properties": {"city": "TPE", "parking_id": "TPE1088", "name": "便利停車場港墘站", "area": "內湖區", "address": "內湖路1段596號", "service_time": "00:00:00-23:59:59", "operator_type": "民營停車場", "kind": "D", "total_car": 12, "available_car": 10, "availability_rate": 0.8333333333333334, "status": "充足", "lat": 25.0789, "lon": 121.5779}}, {"type": "Feature", "geometry": {"type": "Point", "coordinates": [121.4675, 25.1255]}, "properties": {"city": "TPE", "parking_id": "TPE1092", "name": "嘟嘟房捷運關渡站停車場", "area": "北投區", "address": "大度路3段270巷67號地下1層", "service_time": "00:00:00-23:59:59", "operator_type": "市屬機關學校委外", "kind": "S", "total_car": 53, "available_car": 0, "availability_rate": 0.0, "status": "滿車", "lat": 25.1255, "lon": 121.4675}}, {"type": "Feature", "geometry": {"type": "Point", "coordinates": [121.5242, 25.1097]}, "properties": {"city": "TPE", "parking_id": "TPE1093", "name": "台灣聯通克強停車場", "area": "士林區", "address": "克強路10巷14號旁空地", "service_time": "00:00:00-23:59:59", "operator_type": "民營停車場", "kind": "D", "total_car": 12, "available_car": 0, "availability_rate": 0.0, "status": "滿車", "lat": 25.1097, "lon": 121.5242}}, {"type": "Feature", "geometry": {"type": "Point", "coordinates": [121.5176, 25.119]}, "properties": {"city": "TPE", "parking_id": "TPE1094", "name": "臺北榮民總醫院第三門診地下停車場", "area": "北投區", "address": "石牌路2段201號地下2至3層", "service_time": "00:00:00-23:59:59", "operator_type": "民營停車場", "kind": "S", "total_car": 120, "available_car": 111, "availability_rate": 0.925, "status": "充足", "lat": 25.119, "lon": 121.5176}}, {"type": "Feature", "geometry": {"type": "Point", "coordinates": [121.5195, 25.1032]}, "properties": {"city": "TPE", "parking_id": "TPE1095", "name": "臺灣戲曲中心地下停車場", "area": "士林區", "address": "文林路751號地下1至2層", "service_time": "00:00:00-23:59:59", "operator_type": "中央機關學校委外", "kind": "D", "total_car": 172, "available_car": 48, "availability_rate": 0.27906976744186046, "status": "偏滿", "lat": 25.1032, "lon": 121.5195}}, {"type": "Feature", "geometry": {"type": "Point", "coordinates": [121.5367, 25.0617]}, "properties": {"city": "TPE", "parking_id": "TPE1098", "name": "嘟嘟房建國民權站停車場", "area": "中山區", "address": "建國北路2段238號地下2至5層", "service_time": "00:00:00-23:59:59", "operator_type": "民營停車場", "kind": "D", "total_car": 272, "available_car": 0, "availability_rate": 0.0, "status": "滿車", "lat": 25.0617, "lon": 121.5367}}, {"type": "Feature", "geometry": {"type": "Point", "coordinates": [121.619, 25.0724]}, "properties": {"city": "TPE", "parking_id": "TPE1102", "name": "康樂合署大樓地下停車場", "area": "內湖區", "address": "康樂街150號地下（地下共3層）", "service_time": "00:00:00-23:59:59", "operator_type": "本處委外停車場", "kind": "D", "total_car": 53, "available_car": 19, "availability_rate": 0.3584905660377358, "status": "充足", "lat": 25.0724, "lon": 121.619}}, {"type": "Feature", "geometry": {"type": "Point", "coordinates": [121.5705, 25.0258]}, "properties": {"city": "TPE", "parking_id": "TPE1110", "name": "信義路5段150巷臨時平面停車場", "area": "信義區", "address": "信義路5段150巷與信義路5段150巷342弄交叉口", "service_time": "00:00:00-23:59:59", "operator_type": "本處委外停車場", "kind": "D", "total_car": 30, "available_car": 1, "availability_rate": 0.03333333333333333, "status": "緊張", "lat": 25.0258, "lon": 121.5705}}, {"type": "Feature", "geometry": {"type": "Point", "coordinates": [121.505, 25.1271]}, "properties": {"city": "TPE", "parking_id": "TPE1119", "name": "Times北投三合街一段", "area": "北投區", "address": "三合街1段77號對面", "service_time": "00:00:00-23:59:59", "operator_type": "民營停車場", "kind": "D", "total_car": 95, "available_car": 8, "availability_rate": 0.08421052631578947, "status": "緊張", "lat": 25.1271, "lon": 121.505}}, {"type": "Feature", "geometry": {"type": "Point", "coordinates": [121.5879, 25.0624]}, "properties": {"city": "TPE", "parking_id": "TPE1121", "name": "便利停車場潭美站", "area": "內湖區", "address": "金莊路18、26號地下1-4層", "service_time": "00:00:00-23:59:59", "operator_type": "民營停車場", "kind": "D", "total_car": 108, "available_car": 0, "availability_rate": 0.0, "status": "滿車", "lat": 25.0624, "lon": 121.5879}}, {"type": "Feature", "geometry": {"type": "Point", "coordinates": [121.5629, 25.0446]}, "properties": {"city": "TPE", "parking_id": "TPE1126", "name": "松菸停車場", "area": "信義區", "address": "忠孝東路4段553巷52弄3號對面空地", "service_time": "00:00:00-23:59:59", "operator_type": "民營停車場", "kind": "D", "total_car": 5, "available_car": 0, "availability_rate": 0.0, "status": "滿車", "lat": 25.0446, "lon": 121.5629}}, {"type": "Feature", "geometry": {"type": "Point", "coordinates": [121.5728, 25.0385]}, "properties": {"city": "TPE", "parking_id": "TPE1130", "name": "忠孝五停車場", "area": "信義區", "address": "忠孝東路5段236巷27弄10號旁空地", "service_time": "00:00:00-23:59:59", "operator_type": "民營停車場", "kind": "D", "total_car": 33, "available_car": 3, "availability_rate": 0.09090909090909091, "status": "緊張", "lat": 25.0385, "lon": 121.5728}}, {"type": "Feature", "geometry": {"type": "Point", "coordinates": [121.5212, 25.0235]}, "properties": {"city": "TPE", "parking_id": "TPE1136", "name": "博客停車場-家福同安場", "area": "中正區", "address": "同安街71號地下1層", "service_time": "00:00:00-23:59:59", "operator_type": "民營停車場", "kind": "D", "total_car": 17, "available_car": 0, "availability_rate": 0.0, "status": "滿車", "lat": 25.0235, "lon": 121.5212}}, {"type": "Feature", "geometry": {"type": "Point", "coordinates": [121.5312, 25.1188]}, "properties": {"city": "TPE", "parking_id": "TPE1137", "name": "玉璽精品飯店停車場", "area": "士林區", "address": "中山北路7段14巷2之3號地下2至3層", "service_time": "臨停08-18；月租24小時", "operator_type": "民營停車場", "kind": "D", "total_car": 20, "available_car": 1, "availability_rate": 0.05, "status": "緊張", "lat": 25.1188, "lon": 121.5312}}, {"type": "Feature", "geometry": {"type": "Point", "coordinates": [121.5086, 25.0387]}, "properties": {"city": "TPE", "parking_id": "TPE1142", "name": "城中社會福利綜合大樓地下停車場", "area": "中正區", "address": "延平南路123號地下2至3層", "service_time": "00:00:00-23:59:59", "operator_type": "市屬機關學校委外", "kind": "D", "total_car": 41, "available_car": 33, "availability_rate": 0.8048780487804879, "status": "充足", "lat": 25.0387, "lon": 121.5086}}, {"type": "Feature", "geometry": {"type": "Point", "coordinates": [121.6158, 25.0543]}, "properties": {"city": "TPE", "parking_id": "TPE1143", "name": "市民八停車場", "area": "南港區", "address": "市民大道8段602號旁空地", "service_time": "00:00:00-23:59:59", "operator_type": "民營停車場", "kind": "D", "total_car": 6, "available_car": 1, "availability_rate": 0.16666666666666666, "status": "偏滿", "lat": 25.0543, "lon": 121.6158}}, {"type": "Feature", "geometry": {"type": "Point", "coordinates": [121.5294, 25.0935]}, "properties": {"city": "TPE", "parking_id": "TPE1146", "name": "萬麗酒店停車場", "area": "士林區", "address": "中山北路5段470巷8號地下1至4層", "service_time": "00:00:00-23:59:59", "operator_type": "民營停車場", "kind": "D", "total_car": 190, "available_car": 109, "availability_rate": 0.5736842105263158, "status": "充足", "lat": 25.0935, "lon": 121.5294}}, {"type": "Feature", "geometry": {"type": "Point", "coordinates": [121.5561, 24.9893]}, "properties": {"city": "TPE", "parking_id": "TPE1148", "name": "永建國小地下停車場", "area": "文山區", "address": "木柵路1段311巷1號地下1至2層", "service_time": "00:00:00-23:59:59", "operator_type": "本處委外停車場", "kind": "D", "total_car": 212, "available_car": 30, "availability_rate": 0.14150943396226415, "status": "偏滿", "lat": 24.9893, "lon": 121.5561}}, {"type": "Feature", "geometry": {"type": "Point", "coordinates": [121.5681, 25.0475]}, "properties": {"city": "TPE", "parking_id": "TPE1149", "name": "正氣橋下平面停車場", "area": "信義區", "address": "基隆路1段35巷至65號間對面", "service_time": "00:00:00-23:59:59", "operator_type": "本處委外停車場", "kind": "D", "total_car": 65, "available_car": 9, "availability_rate": 0.13846153846153847, "status": "偏滿", "lat": 25.0475, "lon": 121.5681}}, {"type": "Feature", "geometry": {"type": "Point", "coordinates": [121.54, 25.0547]}, "properties": {"city": "TPE", "parking_id": "TPE1150", "name": "長春路龍江路臨時平面停車場", "area": "中山區", "address": "長春路龍江路交叉口", "service_time": "00:00:00-23:59:59", "operator_type": "本處委外停車場", "kind": "D", "total_car": 38, "available_car": 10, "availability_rate": 0.2631578947368421, "status": "偏滿", "lat": 25.0547, "lon": 121.54}}, {"type": "Feature", "geometry": {"type": "Point", "coordinates": [121.5193, 25.0942]}, "properties": {"city": "TPE", "parking_id": "TPE1151", "name": "基河停車場", "area": "士林區", "address": "中正路及基河路口空地", "service_time": "00:00:00-23:59:59", "operator_type": "民營停車場", "kind": "D", "total_car": 607, "available_car": 264, "availability_rate": 0.43492586490939045, "status": "充足", "lat": 25.0942, "lon": 121.5193}}, {"type": "Feature", "geometry": {"type": "Point", "coordinates": [121.5047, 25.1249]}, "properties": {"city": "TPE", "parking_id": "TPE1160", "name": "公舘路228巷平面停車場", "area": "北投區", "address": "三合街1段117巷與公舘路228巷交叉口", "service_time": "00:00:00-23:59:59", "operator_type": "本處委外停車場", "kind": "D", "total_car": 68, "available_car": 37, "availability_rate": 0.5441176470588235, "status": "充足", "lat": 25.1249, "lon": 121.5047}}, {"type": "Feature", "geometry": {"type": "Point", "coordinates": [121.5527, 25.0855]}, "properties": {"city": "TPE", "parking_id": "TPE1161", "name": "明水二停車場", "area": "中山區", "address": "北安路759巷對面空地", "service_time": "00:00:00-23:59:59", "operator_type": "民營停車場", "kind": "D", "total_car": 43, "available_car": 43, "availability_rate": 1.0, "status": "充足", "lat": 25.0855, "lon": 121.5527}}, {"type": "Feature", "geometry": {"type": "Point", "coordinates": [121.5401, 24.9957]}, "properties": {"city": "TPE", "parking_id": "TPE1162", "name": "財政大樓地下停車場", "area": "文山區", "address": "羅斯福路6段142巷1號地下1至2層", "service_time": "00:00:00-23:59:59", "operator_type": "中央機關學校委外", "kind": "S", "total_car": 135, "available_car": 26, "availability_rate": 0.1925925925925926, "status": "偏滿", "lat": 24.9957, "lon": 121.5401}}, {"type": "Feature", "geometry": {"type": "Point", "coordinates": [121.5625, 24.9884]}, "properties": {"city": "TPE", "parking_id": "TPE1164", "name": "興隆D2社會住宅地下停車場", "area": "文山區", "address": "興隆路4段105巷45號地下1至5層", "service_time": "00:00:00-23:59:59", "operator_type": "本處委外停車場", "kind": "D", "total_car": 349, "available_car": 155, "availability_rate": 0.44412607449856734, "status": "充足", "lat": 24.9884, "lon": 121.5625}}, {"type": "Feature", "geometry": {"type": "Point", "coordinates": [121.5228, 25.0598]}, "properties": {"city": "TPE", "parking_id": "TPE1166", "name": "嘉新大樓停車場", "area": "中山區", "address": "民生西路3巷9號地上1至3層", "service_time": "00:00:00-23:59:59", "operator_type": "民營停車場", "kind": "D", "total_car": 73, "available_car": 73, "availability_rate": 1.0, "status": "充足", "lat": 25.0598, "lon": 121.5228}}, {"type": "Feature", "geometry": {"type": "Point", "coordinates": [121.5305, 25.0529]}, "properties": {"city": "TPE", "parking_id": "TPE1167", "name": "Times 美侖商旅", "area": "中山區", "address": "吉林路49號", "service_time": "00:00:00-23:59:59", "operator_type": "民營停車場", "kind": "D", "total_car": 43, "available_car": 28, "availability_rate": 0.6511627906976745, "status": "充足", "lat": 25.0529, "lon": 121.5305}}, {"type": "Feature", "geometry": {"type": "Point", "coordinates": [121.5871, 25.0626]}, "properties": {"city": "TPE", "parking_id": "TPE1168", "name": "金莊停車場", "area": "內湖區", "address": "石潭路與金莊路交叉口", "service_time": "00:00:00-23:59:59", "operator_type": "民營停車場", "kind": "D", "total_car": 49, "available_car": 43, "availability_rate": 0.8775510204081632, "status": "充足", "lat": 25.0626, "lon": 121.5871}}, {"type": "Feature", "geometry": {"type": "Point", "coordinates": [121.5719, 25.0754]}, "properties": {"city": "TPE", "parking_id": "TPE1174", "name": "台灣聯通港墘停車場", "area": "內湖區", "address": "瑞光路358巷38弄30號旁空地", "service_time": "00:00:00-23:59:59", "operator_type": "民營停車場", "kind": "D", "total_car": 32, "available_car": 23, "availability_rate": 0.71875, "status": "充足", "lat": 25.0754, "lon": 121.5719}}, {"type": "Feature", "geometry": {"type": "Point", "coordinates": [121.5554, 25.0269]}, "properties": {"city": "TPE", "parking_id": "TPE1181", "name": "基隆路停車場", "area": "大安區", "address": "基隆路2段168號旁空地", "service_time": "00:00:00-23:59:59", "operator_type": "民營停車場", "kind": "D", "total_car": 42, "available_car": 12, "availability_rate": 0.2857142857142857, "status": "偏滿", "lat": 25.0269, "lon": 121.5554}}, {"type": "Feature", "geometry": {"type": "Point", "coordinates": [121.5052, 25.0381]}, "properties": {"city": "TPE", "parking_id": "TPE1182", "name": "家樂福桂林店停車場", "area": "萬華區", "address": "桂林路1號地下1及地上5至7層", "service_time": "00:00:00-23:59:59", "operator_type": "民營停車場", "kind": "D", "total_car": 195, "available_car": 49, "availability_rate": 0.2512820512820513, "status": "偏滿", "lat": 25.0381, "lon": 121.5052}}, {"type": "Feature", "geometry": {"type": "Point", "coordinates": [121.6146, 25.057]}, "properties": {"city": "TPE", "parking_id": "TPE1183", "name": "嘟嘟房南港展覽館2站停車場", "area": "南港區", "address": "經貿二路2號地下1至3層", "service_time": "00:00:00-23:59:59", "operator_type": "中央機關學校委外", "kind": "D", "total_car": 1290, "available_car": 951, "availability_rate": 0.7372093023255814, "status": "充足", "lat": 25.057, "lon": 121.6146}}, {"type": "Feature", "geometry": {"type": "Point", "coordinates": [121.5214, 25.1174]}, "properties": {"city": "TPE", "parking_id": "TPE1189", "name": "國立臺北護理健康大學校本部停車場", "area": "北投區", "address": "明德路365號", "service_time": "06:00:00-22:00:00", "operator_type": "中央機關學校自營", "kind": "D", "total_car": 20, "available_car": 39, "availability_rate": 1.95, "status": "充足", "lat": 25.1174, "lon": 121.5214}}, {"type": "Feature", "geometry": {"type": "Point", "coordinates": [121.6171, 25.0523]}, "properties": {"city": "TPE", "parking_id": "TPE1192", "name": "嘟嘟房南港全聯站停車場", "area": "南港區", "address": "研究院路1段99號地下4層", "service_time": "00:00:00-23:59:59", "operator_type": "民營停車場", "kind": "D", "total_car": 70, "available_car": 37, "availability_rate": 0.5285714285714286, "status": "充足", "lat": 25.0523, "lon": 121.6171}}, {"type": "Feature", "geometry": {"type": "Point", "coordinates": [121.5437, 25.0147]}, "properties": {"city": "TPE", "parking_id": "TPE1195", "name": "臺大癌醫中心分院地下停車場", "area": "大安區", "address": "基隆路3段155巷57號地下1至3層", "service_time": "00:00:00-23:59:59", "operator_type": "中央機關學校委外", "kind": "D", "total_car": 404, "available_car": 358, "availability_rate": 0.8861386138613861, "status": "充足", "lat": 25.0147, "lon": 121.5437}}, {"type": "Feature", "geometry": {"type": "Point", "coordinates": [121.5363, 25.0575]}, "properties": {"city": "TPE", "parking_id": "TPE1206", "name": "臺北市立大同高級中學附設停車場", "area": "中山區", "address": "建國北路2段96巷及建國北路2段96巷2弄巷弄口", "service_time": "00:00:00-23:59:59", "operator_type": "市屬機關學校自營", "kind": "D", "total_car": 100, "available_car": 91, "availability_rate": 0.91, "status": "充足", "lat": 25.0575, "lon": 121.5363}}, {"type": "Feature", "geometry": {"type": "Point", "coordinates": [121.5832, 25.0643]}, "properties": {"city": "TPE", "parking_id": "TPE1207", "name": "嘟嘟房內湖新湖站停車場", "area": "內湖區", "address": "新湖2路295巷與行愛路77巷口", "service_time": "00:00:00-23:59:59", "operator_type": "民營停車場", "kind": "D", "total_car": 35, "available_car": 33, "availability_rate": 0.9428571428571428, "status": "充足", "lat": 25.0643, "lon": 121.5832}}, {"type": "Feature", "geometry": {"type": "Point", "coordinates": [121.5036, 25.0283]}, "properties": {"city": "TPE", "parking_id": "TPE1212", "name": "多多站收費停車場(中華站)", "area": "萬華區", "address": "雙和街36號旁空地", "service_time": "00:00:00-23:59:59", "operator_type": "民營停車場", "kind": "D", "total_car": 40, "available_car": 12, "availability_rate": 0.3, "status": "偏滿", "lat": 25.0283, "lon": 121.5036}}, {"type": "Feature", "geometry": {"type": "Point", "coordinates": [121.5489, 25.0587]}, "properties": {"city": "TPE", "parking_id": "TPE1214", "name": "Times敦化北路第2", "area": "松山區", "address": "敦化北路226號旁空地", "service_time": "00:00:00-23:59:59", "operator_type": "民營停車場", "kind": "D", "total_car": 20, "available_car": 10, "availability_rate": 0.5, "status": "充足", "lat": 25.0587, "lon": 121.5489}}, {"type": "Feature", "geometry": {"type": "Point", "coordinates": [121.5406, 25.0574]}, "properties": {"city": "TPE", "parking_id": "TPE1228", "name": "台北龍江停車場", "area": "中山區", "address": "龍江路229巷3號旁", "service_time": "00:00:00-23:59:59", "operator_type": "民營停車場", "kind": "D", "total_car": 36, "available_car": 28, "availability_rate": 0.7777777777777778, "status": "充足", "lat": 25.0574, "lon": 121.5406}}, {"type": "Feature", "geometry": {"type": "Point", "coordinates": [121.5265, 25.0427]}, "properties": {"city": "TPE", "parking_id": "TPE1230", "name": "台灣聯通醒吾停車場", "area": "中正區", "address": "杭州南路1段15之1號地下2層", "service_time": "00:00:00-23:59:59", "operator_type": "民營停車場", "kind": "D", "total_car": 23, "available_car": 9, "availability_rate": 0.391304347826087, "status": "充足", "lat": 25.0427, "lon": 121.5265}}, {"type": "Feature", "geometry": {"type": "Point", "coordinates": [121.5511, 25.0525]}, "properties": {"city": "TPE", "parking_id": "TPE1237", "name": "南京東路停車場", "area": "松山區", "address": "南京東路4段53巷8弄巷口空地", "service_time": "00:00:00-23:59:59", "operator_type": "民營停車場", "kind": "D", "total_car": 48, "available_car": 48, "availability_rate": 1.0, "status": "充足", "lat": 25.0525, "lon": 121.5511}}, {"type": "Feature", "geometry": {"type": "Point", "coordinates": [121.5676, 25.0369]}, "properties": {"city": "TPE", "parking_id": "TPE1238", "name": "遠東百貨信義分公司", "area": "信義區", "address": "松仁路58號", "service_time": "08:30:00-03:00:00", "operator_type": "民營停車場", "kind": "D", "total_car": 293, "available_car": 32, "availability_rate": 0.10921501706484642, "status": "偏滿", "lat": 25.0369, "lon": 121.5676}}, {"type": "Feature", "geometry": {"type": "Point", "coordinates": [121.5584, 25.026]}, "properties": {"city": "TPE", "parking_id": "TPE1243", "name": "景勤二號公園地下停車場", "area": "信義區", "address": "信安街49號地下室(地下共2層)", "service_time": "00:00:00-23:59:59", "operator_type": "本處委外停車場", "kind": "D", "total_car": 219, "available_car": 49, "availability_rate": 0.2237442922374429, "status": "偏滿", "lat": 25.026, "lon": 121.5584}}, {"type": "Feature", "geometry": {"type": "Point", "coordinates": [121.5784, 25.0644]}, "properties": {"city": "TPE", "parking_id": "TPE1244", "name": "台灣聯通新湖三停車場", "area": "內湖區", "address": "新湖三路125號旁空地", "service_time": "00:00:00-23:59:59", "operator_type": "民營停車場", "kind": "D", "total_car": 30, "available_car": 27, "availability_rate": 0.9, "status": "充足", "lat": 25.0644, "lon": 121.5784}}, {"type": "Feature", "geometry": {"type": "Point", "coordinates": [121.5941, 25.0847]}, "properties": {"city": "TPE", "parking_id": "TPE1262", "name": "詮營內湖金龍停車場", "area": "內湖區", "address": "金龍路31號旁", "service_time": "00:00:00-23:59:59", "operator_type": "民營停車場", "kind": "S", "total_car": 25, "available_car": 11, "availability_rate": 0.44, "status": "充足", "lat": 25.0847, "lon": 121.5941}}, {"type": "Feature", "geometry": {"type": "Point", "coordinates": [121.58736335720351, 25.065236590651683]}, "properties": {"city": "TPE", "parking_id": "TPE1263", "name": "台灣聯通潭美停車場", "area": "內湖區", "address": "金豐街70號和康捷境大樓旁空地", "service_time": "00:00:00-23:59:59", "operator_type": "民營停車場", "kind": "D", "total_car": 49, "available_car": 49, "availability_rate": 1.0, "status": "充足", "lat": 25.065236590651683, "lon": 121.58736335720351}}, {"type": "Feature", "geometry": {"type": "Point", "coordinates": [121.5426, 24.9915]}, "properties": {"city": "TPE", "parking_id": "TPE1264", "name": "景美集應廟站停車場", "area": "文山區", "address": "景後街130號地下1至3層", "service_time": "00:00:00-23:59:59", "operator_type": "民營停車場", "kind": "D", "total_car": 50, "available_car": 5, "availability_rate": 0.1, "status": "緊張", "lat": 24.9915, "lon": 121.5426}}, {"type": "Feature", "geometry": {"type": "Point", "coordinates": [121.5754, 25.0305]}, "properties": {"city": "TPE", "parking_id": "TPE1265", "name": "臺北市立聯合醫院-松德院區停車場", "area": "信義區", "address": "松德路309號", "service_time": "00:00:00-23:59:59", "operator_type": "市屬機關學校委外", "kind": "D", "total_car": 31, "available_car": 31, "availability_rate": 1.0, "status": "充足", "lat": 25.0305, "lon": 121.5754}}, {"type": "Feature", "geometry": {"type": "Point", "coordinates": [121.49138001589505, 25.02694043438127]}, "properties": {"city": "TPE", "parking_id": "TPE1267", "name": "168停車聯盟-西園國宅場", "area": "萬華區", "address": "西園路2段320巷36弄1-49號地下層", "service_time": "00:00:00-23:59:59", "operator_type": "市屬機關學校委外", "kind": "D", "total_car": 43, "available_car": 12, "availability_rate": 0.27906976744186046, "status": "偏滿", "lat": 25.02694043438127, "lon": 121.49138001589505}}, {"type": "Feature", "geometry": {"type": "Point", "coordinates": [121.5204, 25.0243]}, "properties": {"city": "TPE", "parking_id": "TPE1268", "name": "嘟嘟房廈門站停車場", "area": "中正區", "address": "廈門街81巷57號", "service_time": "00:00:00-23:59:59", "operator_type": "民營停車場", "kind": "D", "total_car": 7, "available_car": 0, "availability_rate": 0.0, "status": "滿車", "lat": 25.0243, "lon": 121.5204}}, {"type": "Feature", "geometry": {"type": "Point", "coordinates": [121.5247, 25.092]}, "properties": {"city": "TPE", "parking_id": "TPE1276", "name": "陽光士林881停車場", "area": "士林區", "address": "福德路31-1號旁", "service_time": "00:00:00-23:59:59", "operator_type": "民營停車場", "kind": "D", "total_car": 14, "available_car": 3, "availability_rate": 0.21428571428571427, "status": "偏滿", "lat": 25.092, "lon": 121.5247}}, {"type": "Feature", "geometry": {"type": "Point", "coordinates": [121.4891, 25.029]}, "properties": {"city": "TPE", "parking_id": "TPE1277", "name": "環南市場停車場", "area": "萬華區", "address": "環河南路2段245號地下1、地上2至R層", "service_time": "00:00:00-23:59:59", "operator_type": "市屬機關學校委外", "kind": "D", "total_car": 1256, "available_car": 746, "availability_rate": 0.5939490445859873, "status": "充足", "lat": 25.029, "lon": 121.4891}}, {"type": "Feature", "geometry": {"type": "Point", "coordinates": [121.5151, 25.026]}, "properties": {"city": "TPE", "parking_id": "TPE1278", "name": "嘟嘟房汀州站停車場", "area": "中正區", "address": "汀州路2段31號空地", "service_time": "00:00:00-23:59:59", "operator_type": "民營停車場", "kind": "D", "total_car": 45, "available_car": 8, "availability_rate": 0.17777777777777778, "status": "偏滿", "lat": 25.026, "lon": 121.5151}}, {"type": "Feature", "geometry": {"type": "Point", "coordinates": [121.52765514272389, 25.027084678061115]}, "properties": {"city": "TPE", "parking_id": "TPE1281", "name": "聯永物業股份有限公司-師大站", "area": "大安區", "address": "和平東路1段127號旁空地", "service_time": "00:00:00-23:59:59", "operator_type": "民營停車場", "kind": "D", "total_car": 61, "available_car": 7, "availability_rate": 0.11475409836065574, "status": "偏滿", "lat": 25.027084678061115, "lon": 121.52765514272389}}, {"type": "Feature", "geometry": {"type": "Point", "coordinates": [121.58734974373118, 25.065044799561218]}, "properties": {"city": "TPE", "parking_id": "TPE1286", "name": "台灣聯通潭一停車場", "area": "內湖區", "address": "金豐街70號和康捷境大樓旁空地", "service_time": "00:00:00-23:59:59", "operator_type": "民營停車場", "kind": "D", "total_car": 43, "available_car": 43, "availability_rate": 1.0, "status": "充足", "lat": 25.065044799561218, "lon": 121.58734974373118}}, {"type": "Feature", "geometry": {"type": "Point", "coordinates": [121.5873069046682, 25.064765101089897]}, "properties": {"city": "TPE", "parking_id": "TPE1288", "name": "台灣聯通潭二停車場", "area": "內湖區", "address": "金豐街70號和康捷境大樓旁空地", "service_time": "00:00:00-23:59:59", "operator_type": "民營停車場", "kind": "D", "total_car": 49, "available_car": 47, "availability_rate": 0.9591836734693877, "status": "充足", "lat": 25.064765101089897, "lon": 121.5873069046682}}, {"type": "Feature", "geometry": {"type": "Point", "coordinates": [121.5234, 25.0667]}, "properties": {"city": "TPE", "parking_id": "TPE1289", "name": "德惠大同停車場", "area": "中山區", "address": "德惠街7-1號地下2至3層", "service_time": "00:00:00-23:59:59", "operator_type": "民營停車場", "kind": "D", "total_car": 81, "available_car": 25, "availability_rate": 0.30864197530864196, "status": "充足", "lat": 25.0667, "lon": 121.5234}}, {"type": "Feature", "geometry": {"type": "Point", "coordinates": [121.5993, 25.0528]}, "properties": {"city": "TPE", "parking_id": "TPE1291", "name": "臺北流行音樂中心停車場", "area": "南港區", "address": "市民大道8段99號", "service_time": "00:00:00-23:59:59", "operator_type": "民營停車場", "kind": "D", "total_car": 293, "available_car": 140, "availability_rate": 0.4778156996587031, "status": "充足", "lat": 25.0528, "lon": 121.5993}}, {"type": "Feature", "geometry": {"type": "Point", "coordinates": [121.5668, 25.0485]}, "properties": {"city": "TPE", "parking_id": "TPE1297", "name": "Times中農科技大樓", "area": "信義區", "address": "東興路45號地下三層", "service_time": "00:00:00-23:59:59", "operator_type": "民營停車場", "kind": "D", "total_car": 43, "available_car": 5, "availability_rate": 0.11627906976744186, "status": "偏滿", "lat": 25.0485, "lon": 121.5668}}, {"type": "Feature", "geometry": {"type": "Point", "coordinates": [121.5237, 25.0435]}, "properties": {"city": "TPE", "parking_id": "TPE1308", "name": "台北時代寓所地下平面停車場", "area": "中正區", "address": "林森南路7號地下1至3層", "service_time": "00:00:00-23:59:59", "operator_type": "民營停車場", "kind": "S", "total_car": 137, "available_car": 97, "availability_rate": 0.708029197080292, "status": "充足", "lat": 25.0435, "lon": 121.5237}}, {"type": "Feature", "geometry": {"type": "Point", "coordinates": [121.5182, 25.0267]}, "properties": {"city": "TPE", "parking_id": "TPE1311", "name": "和平廈門停車場", "area": "中正區", "address": "和平西路1段83號旁空地", "service_time": "00:00:00-23:59:59", "operator_type": "民營停車場", "kind": "D", "total_car": 3, "available_car": 1, "availability_rate": 0.3333333333333333, "status": "充足", "lat": 25.0267, "lon": 121.5182}}, {"type": "Feature", "geometry": {"type": "Point", "coordinates": [121.5188, 25.0269]}, "properties": {"city": "TPE", "parking_id": "TPE1312", "name": "牯嶺街停車場", "area": "中正區", "address": "牯嶺街78號旁空地", "service_time": "00:00:00-23:59:59", "operator_type": "民營停車場", "kind": "D", "total_car": 2, "available_car": 0, "availability_rate": 0.0, "status": "滿車", "lat": 25.0269, "lon": 121.5188}}, {"type": "Feature", "geometry": {"type": "Point", "coordinates": [121.5038, 25.1261]}, "properties": {"city": "TPE", "parking_id": "TPE1316", "name": "北投三合地下停車場", "area": "北投區", "address": "三合街1段119號地下1至2層", "service_time": "00:00:00-23:59:59", "operator_type": "市屬機關學校委外", "kind": "D", "total_car": 46, "available_car": 30, "availability_rate": 0.6521739130434783, "status": "充足", "lat": 25.1261, "lon": 121.5038}}, {"type": "Feature", "geometry": {"type": "Point", "coordinates": [121.5677, 25.0317]}, "properties": {"city": "TPE", "parking_id": "TPE1317", "name": "Times 松勤松仁", "area": "信義區", "address": "松仁路148號旁空地", "service_time": "00:00:00-23:59:59", "operator_type": "民營停車場", "kind": "S", "total_car": 113, "available_car": 22, "availability_rate": 0.19469026548672566, "status": "偏滿", "lat": 25.0317, "lon": 121.5677}}, {"type": "Feature", "geometry": {"type": "Point", "coordinates": [121.5414, 25.0518]}, "properties": {"city": "TPE", "parking_id": "TPE1318", "name": "宏盛國際停車場", "area": "中山區", "address": "南京東路3段168號地下2至4層", "service_time": "00:00:00-23:59:59", "operator_type": "民營停車場", "kind": "D", "total_car": 71, "available_car": 83, "availability_rate": 1.1690140845070423, "status": "充足", "lat": 25.0518, "lon": 121.5414}}, {"type": "Feature", "geometry": {"type": "Point", "coordinates": [121.5341, 25.0128]}, "properties": {"city": "TPE", "parking_id": "TPE1323", "name": "水源停車場", "area": "中正區", "address": "汀州路3段140巷內空地", "service_time": "00:00:00-23:59:59", "operator_type": "市屬機關學校自營", "kind": "S", "total_car": 44, "available_car": 0, "availability_rate": 0.0, "status": "滿車", "lat": 25.0128, "lon": 121.5341}}, {"type": "Feature", "geometry": {"type": "Point", "coordinates": [121.5282, 25.0621]}, "properties": {"city": "TPE", "parking_id": "TPE1325", "name": "新生民權停車場", "area": "中山區", "address": "新生北路2段149巷7-4號對面空地", "service_time": "00:00:00-23:59:59", "operator_type": "民營停車場", "kind": "D", "total_car": 5, "available_car": 3, "availability_rate": 0.6, "status": "充足", "lat": 25.0621, "lon": 121.5282}}, {"type": "Feature", "geometry": {"type": "Point", "coordinates": [121.5098, 25.0277]}, "properties": {"city": "TPE", "parking_id": "TPE1329", "name": "中正永昌停車場", "area": "中正區", "address": "汀州路1段137號旁空地", "service_time": "00:00:00-23:59:59", "operator_type": "民營停車場", "kind": "S", "total_car": 34, "available_car": 17, "availability_rate": 0.5, "status": "充足", "lat": 25.0277, "lon": 121.5098}}, {"type": "Feature", "geometry": {"type": "Point", "coordinates": [121.5756, 25.06]}, "properties": {"city": "TPE", "parking_id": "TPE1331", "name": "家樂福內湖站停車場", "area": "內湖區", "address": "民善街88號地下2層", "service_time": "00:00:00-23:59:59", "operator_type": "民營停車場", "kind": "D", "total_car": 183, "available_car": 0, "availability_rate": 0.0, "status": "滿車", "lat": 25.06, "lon": 121.5756}}, {"type": "Feature", "geometry": {"type": "Point", "coordinates": [121.5119, 25.0672]}, "properties": {"city": "TPE", "parking_id": "TPE1334", "name": "延平國小地下停車場", "area": "大同區", "address": "昌吉街97號地下層", "service_time": "00:00:00-23:59:59", "operator_type": "本處委外停車場", "kind": "D", "total_car": 309, "available_car": 5, "availability_rate": 0.016181229773462782, "status": "緊張", "lat": 25.0672, "lon": 121.5119}}, {"type": "Feature", "geometry": {"type": "Point", "coordinates": [121.5663201427709, 24.989229817482496]}, "properties": {"city": "TPE", "parking_id": "TPE1336", "name": "木柵社會住宅地下停車場", "area": "文山區", "address": "久康街24巷36號地下1至4層", "service_time": "00:00:00-23:59:59", "operator_type": "本處委外停車場", "kind": "D", "total_car": 94, "available_car": 25, "availability_rate": 0.26595744680851063, "status": "偏滿", "lat": 24.989229817482496, "lon": 121.5663201427709}}, {"type": "Feature", "geometry": {"type": "Point", "coordinates": [121.5053, 25.1281]}, "properties": {"city": "TPE", "parking_id": "TPE1339", "name": "城市車旅北投三合停車場", "area": "北投區", "address": "三合街1段82巷50弄內空地", "service_time": "00:00:00-23:59:59", "operator_type": "民營停車場", "kind": "D", "total_car": 48, "available_car": 0, "availability_rate": 0.0, "status": "滿車", "lat": 25.1281, "lon": 121.5053}}, {"type": "Feature", "geometry": {"type": "Point", "coordinates": [121.5032, 25.0418]}, "properties": {"city": "TPE", "parking_id": "TPE1340", "name": "國立臺北護理健康大學城區部", "area": "萬華區", "address": "內江街89號地上1層", "service_time": "06:00:00-23:00:00", "operator_type": "中央機關學校自營", "kind": "D", "total_car": 10, "available_car": 6, "availability_rate": 0.6, "status": "充足", "lat": 25.0418, "lon": 121.5032}}, {"type": "Feature", "geometry": {"type": "Point", "coordinates": [121.5125, 25.0335]}, "properties": {"city": "TPE", "parking_id": "TPE1341", "name": "重慶南二停車場", "area": "中正區", "address": "重慶南路2段8巷10弄2號空地", "service_time": "00:00:00-23:59:59", "operator_type": "民營停車場", "kind": "D", "total_car": 36, "available_car": 36, "availability_rate": 1.0, "status": "充足", "lat": 25.0335, "lon": 121.5125}}, {"type": "Feature", "geometry": {"type": "Point", "coordinates": [121.5479, 25.0279]}, "properties": {"city": "TPE", "parking_id": "TPE1343", "name": "大安四維停車場", "area": "大安區", "address": "四維路176巷2號旁空地", "service_time": "00:00:00-23:59:59", "operator_type": "民營停車場", "kind": "D", "total_car": 4, "available_car": 2, "availability_rate": 0.5, "status": "充足", "lat": 25.0279, "lon": 121.5479}}, {"type": "Feature", "geometry": {"type": "Point", "coordinates": [121.5197, 25.1132]}, "properties": {"city": "TPE", "parking_id": "TPE1346", "name": "懷德街55巷平面停車場", "area": "北投區", "address": "懷德街與懷德街55巷交叉口", "service_time": "00:00:00-23:59:59", "operator_type": "本處委外停車場", "kind": "D", "total_car": 132, "available_car": 19, "availability_rate": 0.14393939393939395, "status": "偏滿", "lat": 25.1132, "lon": 121.5197}}, {"type": "Feature", "geometry": {"type": "Point", "coordinates": [121.5295, 25.0186]}, "properties": {"city": "TPE", "parking_id": "TPE1348", "name": "羅斯福三停車場", "area": "中正區", "address": "羅斯福路3段240巷7弄18號旁空地", "service_time": "00:00:00-23:59:59", "operator_type": "民營停車場", "kind": "D", "total_car": 6, "available_car": 3, "availability_rate": 0.5, "status": "充足", "lat": 25.0186, "lon": 121.5295}}, {"type": "Feature", "geometry": {"type": "Point", "coordinates": [121.5756, 25.065]}, "properties": {"city": "TPE", "parking_id": "TPE1354", "name": "好市多內湖店停車場", "area": "內湖區", "address": "舊宗路1段268號地上1層及地下1至3層", "service_time": "10:00:00-21:30:00", "operator_type": "民營停車場", "kind": "D", "total_car": 572, "available_car": 36, "availability_rate": 0.06293706293706294, "status": "緊張", "lat": 25.065, "lon": 121.5756}}, {"type": "Feature", "geometry": {"type": "Point", "coordinates": [121.5788, 25.073]}, "properties": {"city": "TPE", "parking_id": "TPE1365", "name": "瑞光社會住宅地下停車場", "area": "內湖區", "address": "瑞光路160號地下1-4層", "service_time": "00:00:00-23:59:59", "operator_type": "本處委外停車場", "kind": "D", "total_car": 194, "available_car": 109, "availability_rate": 0.5618556701030928, "status": "充足", "lat": 25.073, "lon": 121.5788}}, {"type": "Feature", "geometry": {"type": "Point", "coordinates": [121.5462, 25.0253]}, "properties": {"city": "TPE", "parking_id": "TPE1367", "name": "Times和平東路三段", "area": "大安區", "address": "和平東路3段1巷10弄5號旁空地", "service_time": "00:00:00-23:59:59", "operator_type": "民營停車場", "kind": "D", "total_car": 6, "available_car": 2, "availability_rate": 0.3333333333333333, "status": "充足", "lat": 25.0253, "lon": 121.5462}}, {"type": "Feature", "geometry": {"type": "Point", "coordinates": [121.5916, 25.083]}, "properties": {"city": "TPE", "parking_id": "TPE1368", "name": "內湖停車場", "area": "內湖區", "address": "內湖路2段327號", "service_time": "00:00:00-23:59:59", "operator_type": "民營停車場", "kind": "D", "total_car": 19, "available_car": 5, "availability_rate": 0.2631578947368421, "status": "偏滿", "lat": 25.083, "lon": 121.5916}}, {"type": "Feature", "geometry": {"type": "Point", "coordinates": [121.4692, 25.1251]}, "properties": {"city": "TPE", "parking_id": "TPE1373", "name": "立功停車場", "area": "北投區", "address": "立功街55巷旁空地", "service_time": "00:00:00-23:59:59", "operator_type": "民營停車場", "kind": "D", "total_car": 135, "available_car": 135, "availability_rate": 1.0, "status": "充足", "lat": 25.1251, "lon": 121.4692}}, {"type": "Feature", "geometry": {"type": "Point", "coordinates": [121.5271, 25.0931]}, "properties": {"city": "TPE", "parking_id": "TPE1374", "name": "Times士林捷運站", "area": "士林區", "address": "中山北路5段505巷26號對面空地", "service_time": "00:00:00-23:59:59", "operator_type": "民營停車場", "kind": "D", "total_car": 6, "available_car": 4, "availability_rate": 0.6666666666666666, "status": "充足", "lat": 25.0931, "lon": 121.5271}}, {"type": "Feature", "geometry": {"type": "Point", "coordinates": [121.5109, 25.0564]}, "properties": {"city": "TPE", "parking_id": "TPE1375", "name": "民樂街停車場", "area": "大同區", "address": "民樂街95號旁空地", "service_time": "00:00:00-23:59:59", "operator_type": "民營停車場", "kind": "D", "total_car": 11, "available_car": 0, "availability_rate": 0.0, "status": "滿車", "lat": 25.0564, "lon": 121.5109}}, {"type": "Feature", "geometry": {"type": "Point", "coordinates": [121.6187, 25.0428]}, "properties": {"city": "TPE", "parking_id": "TPE1376", "name": "中南社會住宅地下停車場", "area": "南港區", "address": "舊莊街1段3巷42號地下1至3層", "service_time": "00:00:00-23:59:59", "operator_type": "本處委外停車場", "kind": "D", "total_car": 73, "available_car": 27, "availability_rate": 0.3698630136986301, "status": "充足", "lat": 25.0428, "lon": 121.6187}}, {"type": "Feature", "geometry": {"type": "Point", "coordinates": [121.5035, 25.1237]}, "properties": {"city": "TPE", "parking_id": "TPE1380", "name": "新奇岩社會住宅地下停車場", "area": "北投區", "address": "磺港路261號地下層（共三層）", "service_time": "00:00:00-23:59:59", "operator_type": "本處委外停車場", "kind": "D", "total_car": 170, "available_car": 34, "availability_rate": 0.2, "status": "偏滿", "lat": 25.1237, "lon": 121.5035}}, {"type": "Feature", "geometry": {"type": "Point", "coordinates": [121.5745, 25.0615]}, "properties": {"city": "TPE", "parking_id": "TPE1382", "name": "美福停車場", "area": "內湖區", "address": "民善街128號地下三至四層", "service_time": "00:00:00-23:59:59", "operator_type": "民營停車場", "kind": "D", "total_car": 79, "available_car": 42, "availability_rate": 0.5316455696202531, "status": "充足", "lat": 25.0615, "lon": 121.5745}}, {"type": "Feature", "geometry": {"type": "Point", "coordinates": [121.5076, 25.0247]}, "properties": {"city": "TPE", "parking_id": "TPE1383", "name": "青年公園高爾夫球練習場附設停車場", "area": "萬華區", "address": "國興路5號", "service_time": "00:00:00-23:59:59", "operator_type": "市屬機關學校委外", "kind": "D", "total_car": 21, "available_car": 1, "availability_rate": 0.047619047619047616, "status": "緊張", "lat": 25.0247, "lon": 121.5076}}, {"type": "Feature", "geometry": {"type": "Point", "coordinates": [121.5201, 25.1186]}, "properties": {"city": "TPE", "parking_id": "TPE1384", "name": "Times北護大學思樓停車場", "area": "北投區", "address": "明德路365號【教學綜合研究大樓】地下1至2層", "service_time": "00:00:00-23:59:59", "operator_type": "中央機關學校委外", "kind": "D", "total_car": 91, "available_car": 61, "availability_rate": 0.6703296703296703, "status": "充足", "lat": 25.1186, "lon": 121.5201}}, {"type": "Feature", "geometry": {"type": "Point", "coordinates": [121.5178, 25.1182]}, "properties": {"city": "TPE", "parking_id": "TPE1385", "name": "Times北護大爾雅樓停車場", "area": "北投區", "address": "明德路365號地下1至2層【第三學生宿舍大樓】", "service_time": "00:00:00-23:59:59", "operator_type": "中央機關學校委外", "kind": "D", "total_car": 33, "available_car": 2, "availability_rate": 0.06060606060606061, "status": "緊張", "lat": 25.1182, "lon": 121.5178}}, {"type": "Feature", "geometry": {"type": "Point", "coordinates": [121.5274, 25.1154]}, "properties": {"city": "TPE", "parking_id": "TPE1386", "name": "天玉一停車場", "area": "士林區", "address": "中山北路6段441巷旁空地", "service_time": "00:00:00-23:59:59", "operator_type": "民營停車場", "kind": "D", "total_car": 6, "available_car": 1, "availability_rate": 0.16666666666666666, "status": "偏滿", "lat": 25.1154, "lon": 121.5274}}, {"type": "Feature", "geometry": {"type": "Point", "coordinates": [121.5273, 25.1154]}, "properties": {"city": "TPE", "parking_id": "TPE1387", "name": "天玉二停車場", "area": "士林區", "address": "中山北路6段441巷旁空地", "service_time": "00:00:00-23:59:59", "operator_type": "民營停車場", "kind": "D", "total_car": 6, "available_car": 0, "availability_rate": 0.0, "status": "滿車", "lat": 25.1154, "lon": 121.5273}}, {"type": "Feature", "geometry": {"type": "Point", "coordinates": [121.5746, 25.0786]}, "properties": {"city": "TPE", "parking_id": "TPE1388", "name": "大港墘公園地下停車場", "area": "內湖區", "address": "洲子街18號地下1至2層", "service_time": "00:00:00-23:59:59", "operator_type": "本處委外停車場", "kind": "D", "total_car": 258, "available_car": 58, "availability_rate": 0.2248062015503876, "status": "偏滿", "lat": 25.0786, "lon": 121.5746}}, {"type": "Feature", "geometry": {"type": "Point", "coordinates": [121.577, 24.9889]}, "properties": {"city": "TPE", "parking_id": "TPE1389", "name": "博客停車場-政大場", "area": "文山區", "address": "萬壽路27號地下1-2層", "service_time": "00:00:00-23:59:59", "operator_type": "市屬機關學校委外", "kind": "D", "total_car": 29, "available_car": 29, "availability_rate": 1.0, "status": "充足", "lat": 24.9889, "lon": 121.577}}, {"type": "Feature", "geometry": {"type": "Point", "coordinates": [121.5335, 25.1092]}, "properties": {"city": "TPE", "parking_id": "TPE1392", "name": "博客停車場-德行東場", "area": "士林區", "address": "德行東路230號地下1層", "service_time": "00:00:00-23:59:59", "operator_type": "民營停車場", "kind": "D", "total_car": 25, "available_car": 10, "availability_rate": 0.4, "status": "充足", "lat": 25.1092, "lon": 121.5335}}, {"type": "Feature", "geometry": {"type": "Point", "coordinates": [121.5465, 25.139]}, "properties": {"city": "TPE", "parking_id": "TPE1393", "name": "格致路停車場", "area": "士林區", "address": "和平路10號地下1層", "service_time": "00:00:00-23:59:59", "operator_type": "民營停車場", "kind": "D", "total_car": 49, "available_car": 44, "availability_rate": 0.8979591836734694, "status": "充足", "lat": 25.139, "lon": 121.5465}}, {"type": "Feature", "geometry": {"type": "Point", "coordinates": [121.557, 25.0322]}, "properties": {"city": "TPE", "parking_id": "TPE1398", "name": "文昌街停車場", "area": "大安區", "address": "文昌街305號對面空地", "service_time": "00:00:00-23:59:59", "operator_type": "民營停車場", "kind": "D", "total_car": 3, "available_car": 1, "availability_rate": 0.3333333333333333, "status": "充足", "lat": 25.0322, "lon": 121.557}}, {"type": "Feature", "geometry": {"type": "Point", "coordinates": [121.6041, 25.0543]}, "properties": {"city": "TPE", "parking_id": "TPE1399", "name": "東明甲區社會住宅地下停車場", "area": "南港區", "address": "南港路2段60巷12、16、18號地下1至3層", "service_time": "00:00:00-23:59:59", "operator_type": "本處委外停車場", "kind": "D", "total_car": 65, "available_car": 27, "availability_rate": 0.4153846153846154, "status": "充足", "lat": 25.0543, "lon": 121.6041}}, {"type": "Feature", "geometry": {"type": "Point", "coordinates": [121.604, 25.0544]}, "properties": {"city": "TPE", "parking_id": "TPE1400", "name": "東明乙區社會住宅地下停車場", "area": "南港區", "address": "南港路2段38巷6號(含之1~3)及60巷13號地下1至4層", "service_time": "00:00:00-23:59:59", "operator_type": "本處委外停車場", "kind": "D", "total_car": 323, "available_car": 97, "availability_rate": 0.30030959752321984, "status": "充足", "lat": 25.0544, "lon": 121.604}}, {"type": "Feature", "geometry": {"type": "Point", "coordinates": [121.5036, 25.0204]}, "properties": {"city": "TPE", "parking_id": "TPE1401", "name": "青年一期社會住宅地下停車場", "area": "萬華區", "address": "青年路188號地下1至2層", "service_time": "00:00:00-23:59:59", "operator_type": "本處委外停車場", "kind": "D", "total_car": 133, "available_car": 47, "availability_rate": 0.3533834586466165, "status": "充足", "lat": 25.0204, "lon": 121.5036}}, {"type": "Feature", "geometry": {"type": "Point", "coordinates": [121.5642, 25.0546]}, "properties": {"city": "TPE", "parking_id": "TPE1402", "name": "健康1區社會住宅地下停車場", "area": "松山區", "address": "健康路285號(地下1至3層)", "service_time": "00:00:00-23:59:59", "operator_type": "本處委外停車場", "kind": "D", "total_car": 135, "available_car": 13, "availability_rate": 0.0962962962962963, "status": "緊張", "lat": 25.0546, "lon": 121.5642}}, {"type": "Feature", "geometry": {"type": "Point", "coordinates": [121.5656, 25.0546]}, "properties": {"city": "TPE", "parking_id": "TPE1403", "name": "健康2區社會住宅地下停車場", "area": "松山區", "address": "健康路309號(地下1至3層)", "service_time": "00:00:00-23:59:59", "operator_type": "本處委外停車場", "kind": "D", "total_car": 149, "available_car": 34, "availability_rate": 0.22818791946308725, "status": "偏滿", "lat": 25.0546, "lon": 121.5656}}, {"type": "Feature", "geometry": {"type": "Point", "coordinates": [121.5595, 24.9932]}, "properties": {"city": "TPE", "parking_id": "TPE1404", "name": "興隆路3段229巷平面停車場", "area": "文山區", "address": "興隆路3段229巷7號對面", "service_time": "00:00:00-23:59:59", "operator_type": "本處委外停車場", "kind": "D", "total_car": 23, "available_car": 9, "availability_rate": 0.391304347826087, "status": "充足", "lat": 24.9932, "lon": 121.5595}}, {"type": "Feature", "geometry": {"type": "Point", "coordinates": [121.558, 24.9884]}, "properties": {"city": "TPE", "parking_id": "TPE1411", "name": "興隆D1社會住宅地下停車場", "area": "文山區", "address": "木柵路2段2巷12-50號地下1至3層", "service_time": "00:00:00-23:59:59", "operator_type": "本處委外停車場", "kind": "D", "total_car": 128, "available_car": 58, "availability_rate": 0.453125, "status": "充足", "lat": 24.9884, "lon": 121.558}}, {"type": "Feature", "geometry": {"type": "Point", "coordinates": [121.5195, 25.0873]}, "properties": {"city": "TPE", "parking_id": "TPE1412", "name": "博客停車場華齡場", "area": "士林區", "address": "華齡街175號地下1層", "service_time": "00:00:00-23:59:59", "operator_type": "市屬機關學校委外", "kind": "D", "total_car": 15, "available_car": 7, "availability_rate": 0.4666666666666667, "status": "充足", "lat": 25.0873, "lon": 121.5195}}, {"type": "Feature", "geometry": {"type": "Point", "coordinates": [121.5343, 25.0634]}, "properties": {"city": "TPE", "parking_id": "TPE1417", "name": "臺北市中山地政事務所地下停車場", "area": "中山區", "address": "松江路357巷1號地下1層", "service_time": "00:00:00-23:59:59", "operator_type": "市屬機關學校委外", "kind": "D", "total_car": 9, "available_car": 0, "availability_rate": 0.0, "status": "滿車", "lat": 25.0634, "lon": 121.5343}}, {"type": "Feature", "geometry": {"type": "Point", "coordinates": [121.5236, 25.0846]}, "properties": {"city": "TPE", "parking_id": "TPE1425", "name": "臺北表演藝術中心停車場", "area": "士林區", "address": "劍潭路1號地下1層", "service_time": "00:00:00-23:59:59", "operator_type": "民營停車場", "kind": "D", "total_car": 170, "available_car": 2, "availability_rate": 0.011764705882352941, "status": "緊張", "lat": 25.0846, "lon": 121.5236}}, {"type": "Feature", "geometry": {"type": "Point", "coordinates": [121.5067, 25.141]}, "properties": {"city": "TPE", "parking_id": "TPE1426", "name": "華南巷停車場", "area": "北投區", "address": "泉源路華南巷2號對面空地", "service_time": "00:00:00-23:59:59", "operator_type": "民營停車場", "kind": "D", "total_car": 32, "available_car": 13, "availability_rate": 0.40625, "status": "充足", "lat": 25.141, "lon": 121.5067}}, {"type": "Feature", "geometry": {"type": "Point", "coordinates": [121.5597, 24.9882]}, "properties": {"city": "TPE", "parking_id": "TPE1430", "name": "安康平宅B臨時平面停車場", "area": "文山區", "address": "興隆路4段42巷18-32號", "service_time": "周一至周六 9時至17時", "operator_type": "本處自營停車場(委託路邊兼開)", "kind": "D", "total_car": 3, "available_car": 0, "availability_rate": 0.0, "status": "滿車", "lat": 24.9882, "lon": 121.5597}}, {"type": "Feature", "geometry": {"type": "Point", "coordinates": [121.505, 25.0278]}, "properties": {"city": "TPE", "parking_id": "TPE1435", "name": "新和庭園平面停車場", "area": "萬華區", "address": "中華路2段416巷與416巷10弄交叉口", "service_time": "00:00:00-23:59:59", "operator_type": "本處委外停車場", "kind": "D", "total_car": 91, "available_car": 0, "availability_rate": 0.0, "status": "滿車", "lat": 25.0278, "lon": 121.505}}, {"type": "Feature", "geometry": {"type": "Point", "coordinates": [121.5398, 25.0231]}, "properties": {"city": "TPE", "parking_id": "TPE1445", "name": "Times和平東路二段第2", "area": "大安區", "address": "和平東路2段76巷19弄1號對面", "service_time": "00:00:00-23:59:59", "operator_type": "民營停車場", "kind": "D", "total_car": 6, "available_car": 10, "availability_rate": 1.6666666666666667, "status": "充足", "lat": 25.0231, "lon": 121.5398}}, {"type": "Feature", "geometry": {"type": "Point", "coordinates": [121.605, 25.0545]}, "properties": {"city": "TPE", "parking_id": "TPE1447", "name": "全聯南港旗艦店停車場", "area": "南港區", "address": "南港路2段20巷5號地下2層", "service_time": "00:00:00-23:59:59", "operator_type": "民營停車場", "kind": "D", "total_car": 44, "available_car": 133, "availability_rate": 3.022727272727273, "status": "充足", "lat": 25.0545, "lon": 121.605}}, {"type": "Feature", "geometry": {"type": "Point", "coordinates": [121.5024, 25.1344]}, "properties": {"city": "TPE", "parking_id": "TPE1448", "name": "光明路停車場", "area": "北投區", "address": "光明路133號旁空地", "service_time": "00:00:00-23:59:59", "operator_type": "民營停車場", "kind": "D", "total_car": 44, "available_car": 57, "availability_rate": 1.2954545454545454, "status": "充足", "lat": 25.1344, "lon": 121.5024}}, {"type": "Feature", "geometry": {"type": "Point", "coordinates": [121.5242, 25.054]}, "properties": {"city": "TPE", "parking_id": "TPE1452", "name": "Times中山北路二段", "area": "中山區", "address": "中山北路2段39巷16號", "service_time": "00:00:00-23:59:59", "operator_type": "民營停車場", "kind": "D", "total_car": 27, "available_car": 10, "availability_rate": 0.37037037037037035, "status": "充足", "lat": 25.054, "lon": 121.5242}}, {"type": "Feature", "geometry": {"type": "Point", "coordinates": [121.5915, 25.0571]}, "properties": {"city": "TPE", "parking_id": "TPE1453", "name": "Times 成功路一段", "area": "南港區", "address": "成功路1段36巷20號對面", "service_time": "00:00:00-23:59:59", "operator_type": "民營停車場", "kind": "D", "total_car": 47, "available_car": 28, "availability_rate": 0.5957446808510638, "status": "充足", "lat": 25.0571, "lon": 121.5915}}, {"type": "Feature", "geometry": {"type": "Point", "coordinates": [121.5934, 25.0571]}, "properties": {"city": "TPE", "parking_id": "TPE1455", "name": "小彎社會住宅地下停車場", "area": "南港區", "address": "向陽路246-256號地下1至3層", "service_time": "00:00:00-23:59:59", "operator_type": "本處委外停車場", "kind": "D", "total_car": 237, "available_car": 83, "availability_rate": 0.350210970464135, "status": "充足", "lat": 25.0571, "lon": 121.5934}}, {"type": "Feature", "geometry": {"type": "Point", "coordinates": [121.5802, 25.0574]}, "properties": {"city": "TPE", "parking_id": "TPE1458", "name": "台灣聯通舊宗停車場", "area": "內湖區", "address": "舊宗路1段16號旁空地", "service_time": "00:00:00-23:59:59", "operator_type": "民營停車場", "kind": "D", "total_car": 48, "available_car": 39, "availability_rate": 0.8125, "status": "充足", "lat": 25.0574, "lon": 121.5802}}, {"type": "Feature", "geometry": {"type": "Point", "coordinates": [121.5562, 24.9794]}, "properties": {"city": "TPE", "parking_id": "TPE1463", "name": "力行停車場", "area": "文山區", "address": "一壽街22號地下1至2層", "service_time": "00:00:00-23:59:59", "operator_type": "市屬機關學校委外", "kind": "D", "total_car": 65, "available_car": 11, "availability_rate": 0.16923076923076924, "status": "偏滿", "lat": 24.9794, "lon": 121.5562}}, {"type": "Feature", "geometry": {"type": "Point", "coordinates": [121.583, 25.0393]}, "properties": {"city": "TPE", "parking_id": "TPE1472", "name": "廣慈1區社會住宅地下停車場", "area": "信義區", "address": "大道路108、110號（地下1至4層）", "service_time": "00:00:00-23:59:59", "operator_type": "本處委外停車場", "kind": "D", "total_car": 370, "available_car": 82, "availability_rate": 0.22162162162162163, "status": "偏滿", "lat": 25.0393, "lon": 121.583}}, {"type": "Feature", "geometry": {"type": "Point", "coordinates": [121.5571, 25.0388]}, "properties": {"city": "TPE", "parking_id": "TPE1473", "name": "USPACE國父紀念館西側", "area": "大安區", "address": "光復南路306號旁", "service_time": "00:00:00-23:59:59", "operator_type": "民營停車場", "kind": "D", "total_car": 4, "available_car": 0, "availability_rate": 0.0, "status": "滿車", "lat": 25.0388, "lon": 121.5571}}, {"type": "Feature", "geometry": {"type": "Point", "coordinates": [121.5348, 25.0133]}, "properties": {"city": "TPE", "parking_id": "TPE1476", "name": "168停車聯盟-水源市場", "area": "中正區", "address": "羅斯福路4段92號地下1至2層", "service_time": "00:00:00-23:59:59", "operator_type": "市屬機關學校委外", "kind": "D", "total_car": 59, "available_car": 99, "availability_rate": 1.6779661016949152, "status": "充足", "lat": 25.0133, "lon": 121.5348}}, {"type": "Feature", "geometry": {"type": "Point", "coordinates": [121.5139, 25.0452]}, "properties": {"city": "TPE", "parking_id": "TPE1477", "name": "便利停車場懷寧站", "area": "中正區", "address": "漢口街1段19號旁空地", "service_time": "00:00:00-23:59:59", "operator_type": "民營停車場", "kind": "D", "total_car": 5, "available_car": 4, "availability_rate": 0.8, "status": "充足", "lat": 25.0452, "lon": 121.5139}}, {"type": "Feature", "geometry": {"type": "Point", "coordinates": [121.5629, 25.0398]}, "properties": {"city": "TPE", "parking_id": "TPE1480", "name": "嘟嘟房瀚寓酒店站停車場", "area": "信義區", "address": "基隆路1段206號地下1至2層", "service_time": "00:00:00-23:59:59", "operator_type": "民營停車場", "kind": "D", "total_car": 35, "available_car": 18, "availability_rate": 0.5142857142857142, "status": "充足", "lat": 25.0398, "lon": 121.5629}}, {"type": "Feature", "geometry": {"type": "Point", "coordinates": [121.5064, 25.0483]}, "properties": {"city": "TPE", "parking_id": "TPE1481", "name": "168停車聯盟-西寧市場", "area": "萬華區", "address": "西寧南路4號地下1層", "service_time": "00:00:00-23:59:59", "operator_type": "市屬機關學校委外", "kind": "S", "total_car": 17, "available_car": 28, "availability_rate": 1.6470588235294117, "status": "充足", "lat": 25.0483, "lon": 121.5064}}, {"type": "Feature", "geometry": {"type": "Point", "coordinates": [121.53434327395219, 25.050032741086877]}, "properties": {"city": "TPE", "parking_id": "TPE1482", "name": "松江85巷停車場", "area": "中山區", "address": "松江路85巷旁空地", "service_time": "00:00:00-23:59:59", "operator_type": "民營停車場", "kind": "D", "total_car": 49, "available_car": 51, "availability_rate": 1.0408163265306123, "status": "充足", "lat": 25.050032741086877, "lon": 121.53434327395219}}, {"type": "Feature", "geometry": {"type": "Point", "coordinates": [121.5542, 25.084]}, "properties": {"city": "TPE", "parking_id": "TPE1483", "name": "虹光LIVE停車場", "area": "中山區", "address": "敬業二路199號地下室", "service_time": "00:00:00-23:59:59", "operator_type": "民營停車場", "kind": "D", "total_car": 16, "available_car": 3, "availability_rate": 0.1875, "status": "偏滿", "lat": 25.084, "lon": 121.5542}}, {"type": "Feature", "geometry": {"type": "Point", "coordinates": [121.5346, 25.0415]}, "properties": {"city": "TPE", "parking_id": "TPE1486", "name": "北科先鋒停車場", "area": "大安區", "address": "忠孝東路3段46號地下1至4層", "service_time": "00:00:00-23:59:59", "operator_type": "中央機關學校委外", "kind": "D", "total_car": 78, "available_car": 10, "availability_rate": 0.1282051282051282, "status": "偏滿", "lat": 25.0415, "lon": 121.5346}}, {"type": "Feature", "geometry": {"type": "Point", "coordinates": [121.5811, 25.0385]}, "properties": {"city": "TPE", "parking_id": "TPE1488", "name": "廣慈2區社會住宅地下停車場", "area": "信義區", "address": "福德街84巷50、56號（地下1至4層）", "service_time": "00:00:00-23:59:59", "operator_type": "本處委外停車場", "kind": "D", "total_car": 270, "available_car": 60, "availability_rate": 0.2222222222222222, "status": "偏滿", "lat": 25.0385, "lon": 121.5811}}, {"type": "Feature", "geometry": {"type": "Point", "coordinates": [121.524, 25.0919]}, "properties": {"city": "TPE", "parking_id": "TPE1489", "name": "Times士林福德路第2", "area": "士林區", "address": "福德路31號對面", "service_time": "00:00:00-23:59:59", "operator_type": "民營停車場", "kind": "S", "total_car": 8, "available_car": 4, "availability_rate": 0.5, "status": "充足", "lat": 25.0919, "lon": 121.524}}, {"type": "Feature", "geometry": {"type": "Point", "coordinates": [121.5752, 25.0575]}, "properties": {"city": "TPE", "parking_id": "TPE1491", "name": "台灣聯通內湖行善一停車場", "area": "內湖區", "address": "行善路48巷18號旁空地", "service_time": "00:00:00-23:59:59", "operator_type": "民營停車場", "kind": "D", "total_car": 49, "available_car": 49, "availability_rate": 1.0, "status": "充足", "lat": 25.0575, "lon": 121.5752}}, {"type": "Feature", "geometry": {"type": "Point", "coordinates": [121.5752, 25.0575]}, "properties": {"city": "TPE", "parking_id": "TPE1492", "name": "台灣捷通內湖行善二停車場", "area": "內湖區", "address": "行善路48巷18號旁空地", "service_time": "00:00:00-23:59:59", "operator_type": "民營停車場", "kind": "D", "total_car": 49, "available_car": 47, "availability_rate": 0.9591836734693877, "status": "充足", "lat": 25.0575, "lon": 121.5752}}, {"type": "Feature", "geometry": {"type": "Point", "coordinates": [121.5752, 25.0575]}, "properties": {"city": "TPE", "parking_id": "TPE1493", "name": "台灣聯通內湖行善三停車場", "area": "內湖區", "address": "行善路48巷18號旁空地", "service_time": "00:00:00-23:59:59", "operator_type": "民營停車場", "kind": "D", "total_car": 49, "available_car": 47, "availability_rate": 0.9591836734693877, "status": "充足", "lat": 25.0575, "lon": 121.5752}}, {"type": "Feature", "geometry": {"type": "Point", "coordinates": [121.5813, 25.0658]}, "properties": {"city": "TPE", "parking_id": "TPE1495", "name": "城市車旅新湖二站停車場", "area": "內湖區", "address": "新湖三路239號旁空地", "service_time": "00:00:00-23:59:59", "operator_type": "民營停車場", "kind": "D", "total_car": 47, "available_car": 40, "availability_rate": 0.851063829787234, "status": "充足", "lat": 25.0658, "lon": 121.5813}}, {"type": "Feature", "geometry": {"type": "Point", "coordinates": [121.5636, 25.0272]}, "properties": {"city": "TPE", "parking_id": "TPE1496", "name": "臺北醫學大學附設醫院癌症大樓停車場", "area": "信義區", "address": "吳興街252號地下1至4層", "service_time": "00:00:00-23:59:59", "operator_type": "民營停車場", "kind": "D", "total_car": 87, "available_car": 38, "availability_rate": 0.4367816091954023, "status": "充足", "lat": 25.0272, "lon": 121.5636}}, {"type": "Feature", "geometry": {"type": "Point", "coordinates": [121.5028, 25.0346]}, "properties": {"city": "TPE", "parking_id": "TPE1497", "name": "Times大理街", "area": "萬華區", "address": "大理街12號旁", "service_time": "00:00:00-23:59:59", "operator_type": "民營停車場", "kind": "D", "total_car": 20, "available_car": 6, "availability_rate": 0.3, "status": "偏滿", "lat": 25.0346, "lon": 121.5028}}, {"type": "Feature", "geometry": {"type": "Point", "coordinates": [121.5933, 25.0609]}, "properties": {"city": "TPE", "parking_id": "TPE1498", "name": "台灣聯通安美停車場", "area": "內湖區", "address": "潭美街399號旁", "service_time": "00:00:00-23:59:59", "operator_type": "民營停車場", "kind": "D", "total_car": 38, "available_car": 19, "availability_rate": 0.5, "status": "充足", "lat": 25.0609, "lon": 121.5933}}, {"type": "Feature", "geometry": {"type": "Point", "coordinates": [121.5729, 24.9893]}, "properties": {"city": "TPE", "parking_id": "TPE1501", "name": "Times 新光路一段", "area": "文山區", "address": "新光路1段32巷18號對面", "service_time": "00:00:00-23:59:59", "operator_type": "民營停車場", "kind": "D", "total_car": 13, "available_car": 3, "availability_rate": 0.23076923076923078, "status": "偏滿", "lat": 24.9893, "lon": 121.5729}}, {"type": "Feature", "geometry": {"type": "Point", "coordinates": [121.54977992855868, 25.006309845154593]}, "properties": {"city": "TPE", "parking_id": "TPE1503", "name": "興旺平面停車場", "area": "文山區", "address": "福興路106巷28弄與福興路106巷交叉口", "service_time": "00:00:00-23:59:59", "operator_type": "本處委外停車場", "kind": "D", "total_car": 14, "available_car": 0, "availability_rate": 0.0, "status": "滿車", "lat": 25.006309845154593, "lon": 121.54977992855868}}, {"type": "Feature", "geometry": {"type": "Point", "coordinates": [121.5365, 25.0512]}, "properties": {"city": "TPE", "parking_id": "TPE1504", "name": "便利停車場建國六站", "area": "中山區", "address": "建國北路1段140號地下1至3層", "service_time": "00:00:00-23:59:59", "operator_type": "民營停車場", "kind": "S", "total_car": 42, "available_car": 0, "availability_rate": 0.0, "status": "滿車", "lat": 25.0512, "lon": 121.5365}}, {"type": "Feature", "geometry": {"type": "Point", "coordinates": [121.5103, 25.0698]}, "properties": {"city": "TPE", "parking_id": "TPE1507", "name": "民族西路303巷臨時平面停車場", "area": "大同區", "address": "民族西路303巷臨47號後方", "service_time": "00:00:00-23:59:59", "operator_type": "本處委外停車場", "kind": "D", "total_car": 54, "available_car": 2, "availability_rate": 0.037037037037037035, "status": "緊張", "lat": 25.0698, "lon": 121.5103}}, {"type": "Feature", "geometry": {"type": "Point", "coordinates": [121.5822, 25.0613]}, "properties": {"city": "TPE", "parking_id": "TPE1515", "name": "行善社會住宅地下停車場", "area": "內湖區", "address": "行善路266、268號地下2至3層", "service_time": "00:00:00-23:59:59", "operator_type": "本處委外停車場", "kind": "D", "total_car": 400, "available_car": 259, "availability_rate": 0.6475, "status": "充足", "lat": 25.0613, "lon": 121.5822}}, {"type": "Feature", "geometry": {"type": "Point", "coordinates": [121.5685, 25.0482]}, "properties": {"city": "TPE", "parking_id": "TPE1516", "name": "台泥基隆路臨時平面停車場", "area": "信義區", "address": "基隆路1段52號", "service_time": "00:00:00-23:59:59", "operator_type": "民營停車場", "kind": "D", "total_car": 278, "available_car": 145, "availability_rate": 0.5215827338129496, "status": "充足", "lat": 25.0482, "lon": 121.5685}}, {"type": "Feature", "geometry": {"type": "Point", "coordinates": [121.58327990466428, 25.03870806010726]}, "properties": {"city": "TPE", "parking_id": "TPE1519", "name": "廣慈衛福大樓地下停車場", "area": "信義區", "address": "大道路116號地下1至4層", "service_time": "00:00:00-23:59:59", "operator_type": "本處委外停車場", "kind": "D", "total_car": 701, "available_car": 142, "availability_rate": 0.20256776034236804, "status": "偏滿", "lat": 25.03870806010726, "lon": 121.58327990466428}}, {"type": "Feature", "geometry": {"type": "Point", "coordinates": [121.5814000164462, 25.03769074540776]}, "properties": {"city": "TPE", "parking_id": "TPE1520", "name": "信義區行政中心地下停車場", "area": "信義區", "address": "福德街86號地下1至4層", "service_time": "00:00:00-23:59:59", "operator_type": "本處委外停車場", "kind": "D", "total_car": 96, "available_car": 7, "availability_rate": 0.07291666666666667, "status": "緊張", "lat": 25.03769074540776, "lon": 121.5814000164462}}, {"type": "Feature", "geometry": {"type": "Point", "coordinates": [121.5698, 25.0403]}, "properties": {"city": "TPE", "parking_id": "TPE1524", "name": "嘟嘟房富邦信義A25站停車場", "area": "信義區", "address": "松勇路1、3號地下1至4層", "service_time": "00:00:00-23:59:59", "operator_type": "民營停車場", "kind": "D", "total_car": 278, "available_car": 38, "availability_rate": 0.1366906474820144, "status": "偏滿", "lat": 25.0403, "lon": 121.5698}}, {"type": "Feature", "geometry": {"type": "Point", "coordinates": [121.5685, 25.0482]}, "properties": {"city": "TPE", "parking_id": "TPE1526", "name": "台泥松山臨時平面停車場", "area": "信義區", "address": "東興路43號旁台泥空地", "service_time": "00:00:00-23:59:59", "operator_type": "民營停車場", "kind": "D", "total_car": 92, "available_car": 58, "availability_rate": 0.6304347826086957, "status": "充足", "lat": 25.0482, "lon": 121.5685}}, {"type": "Feature", "geometry": {"type": "Point", "coordinates": [121.55621008113086, 25.053462124728892]}, "properties": {"city": "TPE", "parking_id": "TPE1529", "name": "Times 健康路", "area": "松山區", "address": "健康路122號", "service_time": "00:00:00-23:59:59", "operator_type": "民營停車場", "kind": "D", "total_car": 17, "available_car": 7, "availability_rate": 0.4117647058823529, "status": "充足", "lat": 25.053462124728892, "lon": 121.55621008113086}}, {"type": "Feature", "geometry": {"type": "Point", "coordinates": [121.5251, 25.1011]}, "properties": {"city": "TPE", "parking_id": "TPE1535", "name": "叭叭房雙溪停車場", "area": "士林區", "address": "福國路15巷31號旁空地", "service_time": "00:00:00-23:59:59", "operator_type": "民營停車場", "kind": "D", "total_car": 46, "available_car": 11, "availability_rate": 0.2391304347826087, "status": "偏滿", "lat": 25.1011, "lon": 121.5251}}, {"type": "Feature", "geometry": {"type": "Point", "coordinates": [121.6113, 25.0671]}, "properties": {"city": "TPE", "parking_id": "TPE1537", "name": "南湖國小活動中心附設停車場", "area": "內湖區", "address": "康寧路3段200號", "service_time": "00:00:00-23:59:59", "operator_type": "市屬機關學校委外", "kind": "D", "total_car": 31, "available_car": 3, "availability_rate": 0.0967741935483871, "status": "緊張", "lat": 25.0671, "lon": 121.6113}}, {"type": "Feature", "geometry": {"type": "Point", "coordinates": [121.5404, 25.0259]}, "properties": {"city": "TPE", "parking_id": "TPE1538", "name": "城市車旅台北瑞安二站停車場", "area": "大安區", "address": "和平東路2段107巷11弄3號旁空地", "service_time": "00:00:00-23:59:59", "operator_type": "民營停車場", "kind": "D", "total_car": 8, "available_car": 7, "availability_rate": 0.875, "status": "充足", "lat": 25.0259, "lon": 121.5404}}, {"type": "Feature", "geometry": {"type": "Point", "coordinates": [121.5554, 25.0827]}, "properties": {"city": "TPE", "parking_id": "TPE1548", "name": "Times敬業樂群", "area": "中山區", "address": "敬業三路123號旁空地", "service_time": "00:00:00-23:59:59", "operator_type": "民營停車場", "kind": "D", "total_car": 238, "available_car": 119, "availability_rate": 0.5, "status": "充足", "lat": 25.0827, "lon": 121.5554}}, {"type": "Feature", "geometry": {"type": "Point", "coordinates": [121.5143, 25.107]}, "properties": {"city": "TPE", "parking_id": "TPE1549", "name": "Times文林北路第2停車場", "area": "北投區", "address": "文林北路175巷口旁空地", "service_time": "00:00:00-23:59:59", "operator_type": "民營停車場", "kind": "D", "total_car": 35, "available_car": 12, "availability_rate": 0.34285714285714286, "status": "充足", "lat": 25.107, "lon": 121.5143}}, {"type": "Feature", "geometry": {"type": "Point", "coordinates": [121.4997, 25.0319]}, "properties": {"city": "TPE", "parking_id": "TPE1550", "name": "莒光社會住宅地下停車場", "area": "萬華區", "address": "萬大路22號地下1至4層", "service_time": "00:00:00-23:59:59", "operator_type": "本處委外停車場", "kind": "D", "total_car": 145, "available_car": 48, "availability_rate": 0.3310344827586207, "status": "充足", "lat": 25.0319, "lon": 121.4997}}, {"type": "Feature", "geometry": {"type": "Point", "coordinates": [121.5498, 25.0462]}, "properties": {"city": "TPE", "parking_id": "TPE1552", "name": "Times八德路三段", "area": "松山區", "address": "八德路3段12巷52弄15號旁", "service_time": "00:00:00-23:59:59", "operator_type": "民營停車場", "kind": "D", "total_car": 2, "available_car": 1, "availability_rate": 0.5, "status": "充足", "lat": 25.0462, "lon": 121.5498}}, {"type": "Feature", "geometry": {"type": "Point", "coordinates": [121.5132, 25.0454]}, "properties": {"city": "TPE", "parking_id": "TPE1558", "name": "Times重慶南路一段", "area": "中正區", "address": "重慶南路1段35號旁", "service_time": "00:00:00-23:59:59", "operator_type": "民營停車場", "kind": "D", "total_car": 5, "available_car": 2, "availability_rate": 0.4, "status": "充足", "lat": 25.0454, "lon": 121.5132}}, {"type": "Feature", "geometry": {"type": "Point", "coordinates": [121.5067, 25.1274]}, "properties": {"city": "TPE", "parking_id": "TPE1560", "name": "博客停車場-家福公館場", "area": "北投區", "address": "公舘路198號", "service_time": "00:00:00-23:59:59", "operator_type": "市屬機關學校委外", "kind": "D", "total_car": 61, "available_car": 27, "availability_rate": 0.4426229508196721, "status": "充足", "lat": 25.1274, "lon": 121.5067}}, {"type": "Feature", "geometry": {"type": "Point", "coordinates": [121.5383, 25.0444]}, "properties": {"city": "TPE", "parking_id": "TPE1561", "name": "Times市民大道三段", "area": "大安區", "address": "市民大道3段198號地下3層", "service_time": "00:00:00-23:59:59", "operator_type": "民營停車場", "kind": "D", "total_car": 12, "available_car": 0, "availability_rate": 0.0, "status": "滿車", "lat": 25.0444, "lon": 121.5383}}, {"type": "Feature", "geometry": {"type": "Point", "coordinates": [121.5278, 25.0472]}, "properties": {"city": "TPE", "parking_id": "TPE1565", "name": "Times 市民大道二段", "area": "中山區", "address": "市民大道2段47號旁", "service_time": "00:00:00-23:59:59", "operator_type": "民營停車場", "kind": "D", "total_car": 34, "available_car": 7, "availability_rate": 0.20588235294117646, "status": "偏滿", "lat": 25.0472, "lon": 121.5278}}, {"type": "Feature", "geometry": {"type": "Point", "coordinates": [121.4716, 25.1249]}, "properties": {"city": "TPE", "parking_id": "TPE1571", "name": "宏達經營管理顧問有限公司大愛二停車場", "area": "北投區", "address": "立德路8號地上1層", "service_time": "00:00:00-23:59:59", "operator_type": "民營停車場", "kind": "D", "total_car": 67, "available_car": 21, "availability_rate": 0.31343283582089554, "status": "充足", "lat": 25.1249, "lon": 121.4716}}, {"type": "Feature", "geometry": {"type": "Point", "coordinates": [121.5343, 25.0341]}, "properties": {"city": "TPE", "parking_id": "TPE1573", "name": "Times新生南路一段", "area": "大安區", "address": "新生南路1段165巷10號旁", "service_time": "00:00:00-23:59:59", "operator_type": "民營停車場", "kind": "D", "total_car": 3, "available_car": 1, "availability_rate": 0.3333333333333333, "status": "充足", "lat": 25.0341, "lon": 121.5343}}, {"type": "Feature", "geometry": {"type": "Point", "coordinates": [121.5467, 25.0607]}, "properties": {"city": "TPE", "parking_id": "TPE1578", "name": "中山國中地下停車場", "area": "松山區", "address": "民權東路3段140巷6號地下(地下共2層)", "service_time": "00:00:00-23:59:59", "operator_type": "本處委外停車場", "kind": "D", "total_car": 288, "available_car": 24, "availability_rate": 0.08333333333333333, "status": "緊張", "lat": 25.0607, "lon": 121.5467}}, {"type": "Feature", "geometry": {"type": "Point", "coordinates": [121.6204, 25.0577]}, "properties": {"city": "TPE", "parking_id": "TPE1581", "name": "TFC PLAZA 大樓地下停車場", "area": "南港區", "address": "經貿一路166、168、170號地下1至3層", "service_time": "00:00:00-23:59:59", "operator_type": "民營停車場", "kind": "D", "total_car": 549, "available_car": 302, "availability_rate": 0.5500910746812386, "status": "充足", "lat": 25.0577, "lon": 121.6204}}, {"type": "Feature", "geometry": {"type": "Point", "coordinates": [121.5268, 25.0494]}, "properties": {"city": "TPE", "parking_id": "TPE1582", "name": "Times林森五條通第2", "area": "中山區", "address": "林森北路85巷57號旁", "service_time": "00:00:00-23:59:59", "operator_type": "民營停車場", "kind": "S", "total_car": 28, "available_car": 13, "availability_rate": 0.4642857142857143, "status": "充足", "lat": 25.0494, "lon": 121.5268}}, {"type": "Feature", "geometry": {"type": "Point", "coordinates": [121.5568, 24.9821]}, "properties": {"city": "TPE", "parking_id": "TPE1589", "name": "景美女中地下停車場", "area": "文山區", "address": "木新路3段210巷9號地下(地下共2層)", "service_time": "00:00:00-23:59:59", "operator_type": "本處委外停車場", "kind": "D", "total_car": 268, "available_car": 89, "availability_rate": 0.332089552238806, "status": "充足", "lat": 24.9821, "lon": 121.5568}}, {"type": "Feature", "geometry": {"type": "Point", "coordinates": [121.5405, 25.0041]}, "properties": {"city": "TPE", "parking_id": "TPE1591", "name": "台灣聯通興隆停車場", "area": "文山區", "address": "興隆路1段15號地上1、3層", "service_time": "00:00:00-23:59:59", "operator_type": "民營停車場", "kind": "D", "total_car": 85, "available_car": 13, "availability_rate": 0.15294117647058825, "status": "偏滿", "lat": 25.0041, "lon": 121.5405}}, {"type": "Feature", "geometry": {"type": "Point", "coordinates": [121.5494, 25.0165]}, "properties": {"city": "TPE", "parking_id": "TPE1593", "name": "辛亥水安停車場", "area": "大安區", "address": "長興街131號", "service_time": "00:00:00-23:59:59", "operator_type": "市屬機關學校自營", "kind": "S", "total_car": 62, "available_car": 28, "availability_rate": 0.45161290322580644, "status": "充足", "lat": 25.0165, "lon": 121.5494}}, {"type": "Feature", "geometry": {"type": "Point", "coordinates": [121.5774, 25.0487]}, "properties": {"city": "TPE", "parking_id": "TPE1595", "name": "Times 松山松隆", "area": "信義區", "address": "松隆路215巷4弄13號旁", "service_time": "00:00:00-23:59:59", "operator_type": "民營停車場", "kind": "D", "total_car": 17, "available_car": 10, "availability_rate": 0.5882352941176471, "status": "充足", "lat": 25.0487, "lon": 121.5774}}, {"type": "Feature", "geometry": {"type": "Point", "coordinates": [121.4778, 25.1358]}, "properties": {"city": "TPE", "parking_id": "TPE1601", "name": "Times行天宮北投分宮", "area": "北投區", "address": "中央北路4段30巷18號旁", "service_time": "00:00:00-23:59:59", "operator_type": "民營停車場", "kind": "D", "total_car": 64, "available_car": 16, "availability_rate": 0.25, "status": "偏滿", "lat": 25.1358, "lon": 121.4778}}, {"type": "Feature", "geometry": {"type": "Point", "coordinates": [121.5028, 25.0267]}, "properties": {"city": "TPE", "parking_id": "TPE1602", "name": "新和國小地下停車場", "area": "萬華區", "address": "西藏路125巷31號地下1至3層", "service_time": "00:00:00-23:59:59", "operator_type": "本處委外停車場", "kind": "D", "total_car": 304, "available_car": 0, "availability_rate": 0.0, "status": "滿車", "lat": 25.0267, "lon": 121.5028}}, {"type": "Feature", "geometry": {"type": "Point", "coordinates": [121.6124, 25.0698]}, "properties": {"city": "TPE", "parking_id": "TPE1604", "name": "東湖立體停車場", "area": "內湖區", "address": "東湖路3號(地下共2層、地上1層及3至8層)", "service_time": "00:00:00-23:59:59", "operator_type": "本處委外停車場", "kind": "D", "total_car": 228, "available_car": 9, "availability_rate": 0.039473684210526314, "status": "緊張", "lat": 25.0698, "lon": 121.6124}}, {"type": "Feature", "geometry": {"type": "Point", "coordinates": [121.56122591191928, 25.048089628288395]}, "properties": {"city": "TPE", "parking_id": "TPE1617", "name": "便利停車場八德站", "area": "松山區", "address": "八德路4段106巷3號旁空地", "service_time": "00:00:00-23:59:59", "operator_type": "民營停車場", "kind": "D", "total_car": 28, "available_car": 8, "availability_rate": 0.2857142857142857, "status": "偏滿", "lat": 25.048089628288395, "lon": 121.56122591191928}}, {"type": "Feature", "geometry": {"type": "Point", "coordinates": [121.5577, 25.0394]}, "properties": {"city": "TPE", "parking_id": "TPE1620", "name": "嘟嘟房國父紀念館-光復站停車場", "area": "信義區", "address": "仁愛路4段505號(光復南路側停車場)", "service_time": "00:00:00-23:59:59", "operator_type": "中央機關學校委外", "kind": "D", "total_car": 147, "available_car": 0, "availability_rate": 0.0, "status": "滿車", "lat": 25.0394, "lon": 121.5577}}, {"type": "Feature", "geometry": {"type": "Point", "coordinates": [121.5325, 25.056]}, "properties": {"city": "TPE", "parking_id": "TPE1621", "name": "嘟嘟房松江2站停車場", "area": "中山區", "address": "松江路170巷12號地下2層", "service_time": "00:00:00-23:59:59", "operator_type": "民營停車場", "kind": "D", "total_car": 47, "available_car": 42, "availability_rate": 0.8936170212765957, "status": "充足", "lat": 25.056, "lon": 121.5325}}, {"type": "Feature", "geometry": {"type": "Point", "coordinates": [121.5246, 25.0208]}, "properties": {"city": "TPE", "parking_id": "TPE1624", "name": "臺北市客家文化中心附設地下停車場", "area": "中正區", "address": "汀州路3段2號", "service_time": "00:00:00-23:59:59", "operator_type": "市屬機關學校委外", "kind": "S", "total_car": 63, "available_car": 6, "availability_rate": 0.09523809523809523, "status": "緊張", "lat": 25.0208, "lon": 121.5246}}, {"type": "Feature", "geometry": {"type": "Point", "coordinates": [121.5835, 25.0463]}, "properties": {"city": "TPE", "parking_id": "TPE1626", "name": "忠孝玉成停車場", "area": "南港區", "address": "忠孝東路6段62號旁空地", "service_time": "00:00:00-23:59:59", "operator_type": "民營停車場", "kind": "D", "total_car": 149, "available_car": 44, "availability_rate": 0.2953020134228188, "status": "偏滿", "lat": 25.0463, "lon": 121.5835}}, {"type": "Feature", "geometry": {"type": "Point", "coordinates": [121.528, 25.0361]}, "properties": {"city": "TPE", "parking_id": "TPE1629", "name": "聯永物業股份有限公司臨沂站", "area": "中正區", "address": "金山南路1段89巷5號空地旁", "service_time": "00:00:00-23:59:59", "operator_type": "民營停車場", "kind": "D", "total_car": 6, "available_car": 2, "availability_rate": 0.3333333333333333, "status": "充足", "lat": 25.0361, "lon": 121.528}}, {"type": "Feature", "geometry": {"type": "Point", "coordinates": [121.5694, 25.0797]}, "properties": {"city": "TPE", "parking_id": "TPE1634", "name": "洲子站", "area": "內湖區", "address": "瑞光路513巷22弄2號地下1層", "service_time": "00:00:00-23:59:59", "operator_type": "民營停車場", "kind": "D", "total_car": 35, "available_car": 22, "availability_rate": 0.6285714285714286, "status": "充足", "lat": 25.0797, "lon": 121.5694}}, {"type": "Feature", "geometry": {"type": "Point", "coordinates": [121.58563287797973, 25.061860182799037]}, "properties": {"city": "TPE", "parking_id": "TPE1642", "name": "城市車旅潭美二站停車場", "area": "內湖區", "address": "行善路333巷與281巷19弄交叉口", "service_time": "00:00:00-23:59:59", "operator_type": "民營停車場", "kind": "D", "total_car": 38, "available_car": 0, "availability_rate": 0.0, "status": "滿車", "lat": 25.061860182799037, "lon": 121.58563287797973}}, {"type": "Feature", "geometry": {"type": "Point", "coordinates": [121.5494, 25.0006]}, "properties": {"city": "TPE", "parking_id": "TPE1650", "name": "168停車聯盟-興岩社福大樓", "area": "文山區", "address": "興隆路2段88號地下1至2層", "service_time": "00:00:00-23:59:59", "operator_type": "市屬機關學校委外", "kind": "D", "total_car": 160, "available_car": 59, "availability_rate": 0.36875, "status": "充足", "lat": 25.0006, "lon": 121.5494}}, {"type": "Feature", "geometry": {"type": "Point", "coordinates": [121.6154, 25.0613]}, "properties": {"city": "TPE", "parking_id": "TPE1655", "name": "Times 經貿二路第2", "area": "南港區", "address": "經貿二路157巷36弄62號旁", "service_time": "00:00:00-23:59:59", "operator_type": "民營停車場", "kind": "D", "total_car": 23, "available_car": 13, "availability_rate": 0.5652173913043478, "status": "充足", "lat": 25.0613, "lon": 121.6154}}, {"type": "Feature", "geometry": {"type": "Point", "coordinates": [121.5412, 25.0513]}, "properties": {"city": "TPE", "parking_id": "TPE1657", "name": "嘟嘟房南京復興站停車場", "area": "中山區", "address": "南京東路3段132、136號地下1至2層", "service_time": "臨停：07至19(最後取車時間23:59前)；月租：24小時", "operator_type": "民營停車場", "kind": "D", "total_car": 26, "available_car": 22, "availability_rate": 0.8461538461538461, "status": "充足", "lat": 25.0513, "lon": 121.5412}}, {"type": "Feature", "geometry": {"type": "Point", "coordinates": [121.5617, 25.0413]}, "properties": {"city": "TPE", "parking_id": "TPE1661", "name": "臺北大巨蛋園區停車場", "area": "信義區", "address": "忠孝東路4段515號地下1、3至5層", "service_time": "00:00:00-23:59:59", "operator_type": "民營停車場", "kind": "D", "total_car": 1902, "available_car": 298, "availability_rate": 0.15667718191377497, "status": "偏滿", "lat": 25.0413, "lon": 121.5617}}, {"type": "Feature", "geometry": {"type": "Point", "coordinates": [121.5675, 25.0789]}, "properties": {"city": "TPE", "parking_id": "TPE1664", "name": "台灣聯通瑞堤停車場", "area": "內湖區", "address": "堤頂大道2段239號地下2至4層", "service_time": "00:00:00-23:59:59", "operator_type": "民營停車場", "kind": "D", "total_car": 304, "available_car": 288, "availability_rate": 0.9473684210526315, "status": "充足", "lat": 25.0789, "lon": 121.5675}}, {"type": "Feature", "geometry": {"type": "Point", "coordinates": [121.55, 25.0367]}, "properties": {"city": "TPE", "parking_id": "TPE1665", "name": "大安中山醫院地下停車場", "area": "大安區", "address": "仁愛路4段112巷5、7號地下1層", "service_time": "00:00:00-23:59:59", "operator_type": "民營停車場", "kind": "D", "total_car": 11, "available_car": 11, "availability_rate": 1.0, "status": "充足", "lat": 25.0367, "lon": 121.55}}, {"type": "Feature", "geometry": {"type": "Point", "coordinates": [121.565, 25.0328]}, "properties": {"city": "TPE", "parking_id": "TPE1667", "name": "詮營信義101停車場", "area": "信義區", "address": "信義路5段101大樓對面空地", "service_time": "00:00:00-23:59:59", "operator_type": "民營停車場", "kind": "D", "total_car": 83, "available_car": 6, "availability_rate": 0.07228915662650602, "status": "緊張", "lat": 25.0328, "lon": 121.565}}, {"type": "Feature", "geometry": {"type": "Point", "coordinates": [121.503, 25.0309]}, "properties": {"city": "TPE", "parking_id": "TPE1670", "name": "Times莒光路", "area": "萬華區", "address": "莒光路153巷4號對面空地", "service_time": "00:00:00-23:59:59", "operator_type": "民營停車場", "kind": "D", "total_car": 5, "available_car": 2, "availability_rate": 0.4, "status": "充足", "lat": 25.0309, "lon": 121.503}}, {"type": "Feature", "geometry": {"type": "Point", "coordinates": [121.5096, 25.1161]}, "properties": {"city": "TPE", "parking_id": "TPE1674", "name": "北投運動中心停車場", "area": "北投區", "address": "石牌路1段39巷100號", "service_time": "00:00:00-23:59:59", "operator_type": "市屬機關學校委外", "kind": "D", "total_car": 95, "available_car": 1, "availability_rate": 0.010526315789473684, "status": "緊張", "lat": 25.1161, "lon": 121.5096}}, {"type": "Feature", "geometry": {"type": "Point", "coordinates": [121.5326, 25.1118]}, "properties": {"city": "TPE", "parking_id": "TPE1675", "name": "168停車聯盟-士林場", "area": "士林區", "address": "忠誠路2段53巷7號地下1至2層", "service_time": "00:00:00-23:59:59", "operator_type": "市屬機關學校委外", "kind": "D", "total_car": 69, "available_car": 29, "availability_rate": 0.42028985507246375, "status": "充足", "lat": 25.1118, "lon": 121.5326}}, {"type": "Feature", "geometry": {"type": "Point", "coordinates": [121.55938990236157, 24.997171428251075]}, "properties": {"city": "TPE", "parking_id": "TPE1676", "name": "臺北市文山運動中心停車場", "area": "文山區", "address": "興隆路3段222號地上1層級地下1至2層", "service_time": "24小時(臨停開放進出場時間為6至22時)", "operator_type": "市屬機關學校委外", "kind": "D", "total_car": 79, "available_car": 10, "availability_rate": 0.12658227848101267, "status": "偏滿", "lat": 24.997171428251075, "lon": 121.55938990236157}}, {"type": "Feature", "geometry": {"type": "Point", "coordinates": [121.5605, 25.0816]}, "properties": {"city": "TPE", "parking_id": "TPE1683", "name": "Times植福路第2", "area": "中山區", "address": "植福路298號旁", "service_time": "00:00:00-23:59:59", "operator_type": "民營停車場", "kind": "D", "total_car": 88, "available_car": 26, "availability_rate": 0.29545454545454547, "status": "偏滿", "lat": 25.0816, "lon": 121.5605}}, {"type": "Feature", "geometry": {"type": "Point", "coordinates": [121.6049, 25.053]}, "properties": {"city": "TPE", "parking_id": "TPE1685", "name": "Times 南港車站前", "area": "南港區", "address": "市民大道8段335號旁", "service_time": "00:00:00-23:59:59", "operator_type": "民營停車場", "kind": "D", "total_car": 83, "available_car": 4, "availability_rate": 0.04819277108433735, "status": "緊張", "lat": 25.053, "lon": 121.6049}}, {"type": "Feature", "geometry": {"type": "Point", "coordinates": [121.5365, 25.0498]}, "properties": {"city": "TPE", "parking_id": "TPE1686", "name": "便利停車場建國三站", "area": "中山區", "address": "建國北路1段90號地下2-4層", "service_time": "00:00:00-23:59:59", "operator_type": "民營停車場", "kind": "D", "total_car": 192, "available_car": 66, "availability_rate": 0.34375, "status": "充足", "lat": 25.0498, "lon": 121.5365}}, {"type": "Feature", "geometry": {"type": "Point", "coordinates": [121.5542, 25.0833]}, "properties": {"city": "TPE", "parking_id": "TPE1687", "name": "台灣聯通敬業停車場", "area": "中山區", "address": "敬業一路128巷51號旁空地", "service_time": "00:00:00-23:59:59", "operator_type": "民營停車場", "kind": "D", "total_car": 34, "available_car": 3, "availability_rate": 0.08823529411764706, "status": "緊張", "lat": 25.0833, "lon": 121.5542}}, {"type": "Feature", "geometry": {"type": "Point", "coordinates": [121.532, 25.0288]}, "properties": {"city": "TPE", "parking_id": "TPE1693", "name": "Times青田街", "area": "大安區", "address": "青田街2-2號", "service_time": "00:00:00-23:59:59", "operator_type": "民營停車場", "kind": "D", "total_car": 13, "available_car": 3, "availability_rate": 0.23076923076923078, "status": "偏滿", "lat": 25.0288, "lon": 121.532}}, {"type": "Feature", "geometry": {"type": "Point", "coordinates": [121.518, 25.0616]}, "properties": {"city": "TPE", "parking_id": "TPE1694", "name": "承德二站停車場", "area": "大同區", "address": "民權西路102巷33弄旁空地", "service_time": "00:00:00-23:59:59", "operator_type": "民營停車場", "kind": "S", "total_car": 20, "available_car": 8, "availability_rate": 0.4, "status": "充足", "lat": 25.0616, "lon": 121.518}}, {"type": "Feature", "geometry": {"type": "Point", "coordinates": [121.5658, 25.079]}, "properties": {"city": "TPE", "parking_id": "TPE1698", "name": "Times 基湖路第3", "area": "內湖區", "address": "基湖路35巷2弄9號斜對面", "service_time": "00:00:00-23:59:59", "operator_type": "民營停車場", "kind": "D", "total_car": 16, "available_car": 13, "availability_rate": 0.8125, "status": "充足", "lat": 25.079, "lon": 121.5658}}, {"type": "Feature", "geometry": {"type": "Point", "coordinates": [121.5495, 25.0326]}, "properties": {"city": "TPE", "parking_id": "TPE1712", "name": "寶紘敦南停車場", "area": "大安區", "address": "敦化南路2段19號地下1至2層", "service_time": "00:00:00-23:59:59", "operator_type": "民營停車場", "kind": "D", "total_car": 29, "available_car": 8, "availability_rate": 0.27586206896551724, "status": "偏滿", "lat": 25.0326, "lon": 121.5495}}, {"type": "Feature", "geometry": {"type": "Point", "coordinates": [121.5398, 25.026]}, "properties": {"city": "TPE", "parking_id": "TPE1714", "name": "宸亭有限公司瑞安停車場", "area": "大安區", "address": "和平東路2段107巷6弄12號對面空地", "service_time": "00:00:00-23:59:59", "operator_type": "民營停車場", "kind": "D", "total_car": 6, "available_car": 0, "availability_rate": 0.0, "status": "滿車", "lat": 25.026, "lon": 121.5398}}, {"type": "Feature", "geometry": {"type": "Point", "coordinates": [121.5268, 25.1171]}, "properties": {"city": "TPE", "parking_id": "TPE1716", "name": "日僑停車場", "area": "士林區", "address": "中山北路6段441巷30號之1地下1至2層", "service_time": "月租：24小時；臨停：10時至18時", "operator_type": "民營停車場", "kind": "D", "total_car": 62, "available_car": 16, "availability_rate": 0.25806451612903225, "status": "偏滿", "lat": 25.1171, "lon": 121.5268}}, {"type": "Feature", "geometry": {"type": "Point", "coordinates": [121.5255, 25.0403]}, "properties": {"city": "TPE", "parking_id": "TPE1717", "name": "Right here parking瑞誼停車場", "area": "中正區", "address": "杭州南路1段12號", "service_time": "00:00:00-23:59:59", "operator_type": "民營停車場", "kind": "D", "total_car": 28, "available_car": 8, "availability_rate": 0.2857142857142857, "status": "偏滿", "lat": 25.0403, "lon": 121.5255}}, {"type": "Feature", "geometry": {"type": "Point", "coordinates": [121.56012788242532, 25.081777335016753]}, "properties": {"city": "TPE", "parking_id": "TPE1719", "name": "168停車聯盟-植福場", "area": "中山區", "address": "植福路286巷6號對面空地", "service_time": "00:00:00-23:59:59", "operator_type": "民營停車場", "kind": "D", "total_car": 116, "available_car": 386, "availability_rate": 3.3275862068965516, "status": "充足", "lat": 25.081777335016753, "lon": 121.56012788242532}}, {"type": "Feature", "geometry": {"type": "Point", "coordinates": [121.5635, 25.0786]}, "properties": {"city": "TPE", "parking_id": "TPE1722", "name": "神通基湖路停車場", "area": "中山區", "address": "基湖路112巷8號對面", "service_time": "00:00:00-23:59:59", "operator_type": "民營停車場", "kind": "D", "total_car": 21, "available_car": 10, "availability_rate": 0.47619047619047616, "status": "充足", "lat": 25.0786, "lon": 121.5635}}, {"type": "Feature", "geometry": {"type": "Point", "coordinates": [121.5245, 25.06]}, "properties": {"city": "TPE", "parking_id": "TPE1723", "name": "Times錦州街", "area": "中山區", "address": "錦州街30巷2號旁", "service_time": "00:00:00-23:59:59", "operator_type": "民營停車場", "kind": "D", "total_car": 14, "available_car": 10, "availability_rate": 0.7142857142857143, "status": "充足", "lat": 25.06, "lon": 121.5245}}, {"type": "Feature", "geometry": {"type": "Point", "coordinates": [121.506, 25.0473]}, "properties": {"city": "TPE", "parking_id": "TPE1726", "name": "福星社會住宅地下停車場", "area": "萬華區", "address": "開封街2段37號地下1至4層", "service_time": "00:00:00-23:59:59", "operator_type": "本處委外停車場", "kind": "D", "total_car": 165, "available_car": 0, "availability_rate": 0.0, "status": "滿車", "lat": 25.0473, "lon": 121.506}}, {"type": "Feature", "geometry": {"type": "Point", "coordinates": [121.5501, 25.0312]}, "properties": {"city": "TPE", "parking_id": "TPE1732", "name": "多多站敦南二場", "area": "大安區", "address": "敦化南路2段63巷21弄16號對面空地", "service_time": "00:00:00-23:59:59", "operator_type": "民營停車場", "kind": "D", "total_car": 6, "available_car": 6, "availability_rate": 1.0, "status": "充足", "lat": 25.0312, "lon": 121.5501}}, {"type": "Feature", "geometry": {"type": "Point", "coordinates": [121.5404, 25.0453]}, "properties": {"city": "TPE", "parking_id": "TPE1734", "name": "USPACE中崙旗艦二場", "area": "中山區", "address": "安東街16巷28號對面空地", "service_time": "00:00:00-23:59:59", "operator_type": "民營停車場", "kind": "D", "total_car": 49, "available_car": 50, "availability_rate": 1.0204081632653061, "status": "充足", "lat": 25.0453, "lon": 121.5404}}, {"type": "Feature", "geometry": {"type": "Point", "coordinates": [121.5308, 25.0161]}, "properties": {"city": "TPE", "parking_id": "TPE1736", "name": "168停車聯盟-汀州場", "area": "中正區", "address": "汀州路3段46號旁空地", "service_time": "00:00:00-23:59:59", "operator_type": "民營停車場", "kind": "S", "total_car": 26, "available_car": 15, "availability_rate": 0.5769230769230769, "status": "充足", "lat": 25.0161, "lon": 121.5308}}, {"type": "Feature", "geometry": {"type": "Point", "coordinates": [121.5711, 25.0342]}, "properties": {"city": "TPE", "parking_id": "TPE1740", "name": "168停車聯盟-松勇二場", "area": "信義區", "address": "松勇路53巷12號旁空地", "service_time": "00:00:00-23:59:59", "operator_type": "民營停車場", "kind": "D", "total_car": 14, "available_car": 5, "availability_rate": 0.35714285714285715, "status": "充足", "lat": 25.0342, "lon": 121.5711}}, {"type": "Feature", "geometry": {"type": "Point", "coordinates": [121.5318, 25.0955]}, "properties": {"city": "TPE", "parking_id": "TPE1741", "name": "台灣聯通士林官邸停車場", "area": "士林區", "address": "福林路100巷旁空地", "service_time": "00:00:00-23:59:59", "operator_type": "民營停車場", "kind": "D", "total_car": 78, "available_car": 8, "availability_rate": 0.10256410256410256, "status": "偏滿", "lat": 25.0955, "lon": 121.5318}}, {"type": "Feature", "geometry": {"type": "Point", "coordinates": [121.5207, 25.0514]}, "properties": {"city": "TPE", "parking_id": "TPE1742", "name": "USPACE中山南西旗艦停車場", "area": "中山區", "address": "長安西路19巷2弄49號旁空地", "service_time": "00:00:00-23:59:59", "operator_type": "民營停車場", "kind": "D", "total_car": 44, "available_car": 14, "availability_rate": 0.3181818181818182, "status": "充足", "lat": 25.0514, "lon": 121.5207}}, {"type": "Feature", "geometry": {"type": "Point", "coordinates": [121.5258, 25.0658]}, "properties": {"city": "TPE", "parking_id": "TPE1748", "name": "台灣捷通華國停車場", "area": "中山區", "address": "林森北路577號旁空地", "service_time": "00:00:00-23:59:59", "operator_type": "民營停車場", "kind": "D", "total_car": 4, "available_car": 3, "availability_rate": 0.75, "status": "充足", "lat": 25.0658, "lon": 121.5258}}, {"type": "Feature", "geometry": {"type": "Point", "coordinates": [121.5175, 25.0345]}, "properties": {"city": "TPE", "parking_id": "TPE1750", "name": "Times中正紀念堂捷運站", "area": "中正區", "address": "羅斯福路1段1-2號旁", "service_time": "00:00:00-23:59:59", "operator_type": "民營停車場", "kind": "D", "total_car": 10, "available_car": 1, "availability_rate": 0.1, "status": "緊張", "lat": 25.0345, "lon": 121.5175}}, {"type": "Feature", "geometry": {"type": "Point", "coordinates": [121.4973, 25.0253]}, "properties": {"city": "TPE", "parking_id": "TPE1751", "name": "萬華民和街停車場", "area": "萬華區", "address": "民和街98號地下室", "service_time": "00:00:00-23:59:59", "operator_type": "民營停車場", "kind": "D", "total_car": 21, "available_car": 20, "availability_rate": 0.9523809523809523, "status": "充足", "lat": 25.0253, "lon": 121.4973}}, {"type": "Feature", "geometry": {"type": "Point", "coordinates": [121.5218, 25.0208]}, "properties": {"city": "TPE", "parking_id": "TPE1753", "name": "台北金門街停車場", "area": "中正區", "address": "金門街44巷6弄4號對面", "service_time": "00:00:00-23:59:59", "operator_type": "民營停車場", "kind": "D", "total_car": 6, "available_car": 2, "availability_rate": 0.3333333333333333, "status": "充足", "lat": 25.0208, "lon": 121.5218}}, {"type": "Feature", "geometry": {"type": "Point", "coordinates": [121.5597, 25.0412]}, "properties": {"city": "TPE", "parking_id": "TPE1756", "name": "嘟嘟房國父紀念館-忠孝站停車場", "area": "信義區", "address": "仁愛路4段505號(忠孝東路側停車場)", "service_time": "00:00:00-23:59:59", "operator_type": "中央機關學校委外", "kind": "D", "total_car": 65, "available_car": 0, "availability_rate": 0.0, "status": "滿車", "lat": 25.0412, "lon": 121.5597}}, {"type": "Feature", "geometry": {"type": "Point", "coordinates": [121.5654, 25.0289]}, "properties": {"city": "TPE", "parking_id": "TPE1758", "name": "168停車聯盟-松智場", "area": "信義區", "address": "松智路與莊敬路391巷11弄交叉口空地", "service_time": "00:00:00-23:59:59", "operator_type": "民營停車場", "kind": "D", "total_car": 214, "available_car": 60, "availability_rate": 0.2803738317757009, "status": "偏滿", "lat": 25.0289, "lon": 121.5654}}, {"type": "Feature", "geometry": {"type": "Point", "coordinates": [121.4997, 25.0401]}, "properties": {"city": "TPE", "parking_id": "TPE1759", "name": "貴陽街停車場", "area": "萬華區", "address": "貴陽街2段216號旁空地", "service_time": "00:00:00-23:59:59", "operator_type": "民營停車場", "kind": "D", "total_car": 7, "available_car": 1, "availability_rate": 0.14285714285714285, "status": "偏滿", "lat": 25.0401, "lon": 121.4997}}, {"type": "Feature", "geometry": {"type": "Point", "coordinates": [121.5197, 25.0336]}, "properties": {"city": "TPE", "parking_id": "TPE1761", "name": "Times中正紀念堂前", "area": "中正區", "address": "愛國東路70號旁空地", "service_time": "00:00:00-23:59:59", "operator_type": "民營停車場", "kind": "S", "total_car": 5, "available_car": 3, "availability_rate": 0.6, "status": "充足", "lat": 25.0336, "lon": 121.5197}}, {"type": "Feature", "geometry": {"type": "Point", "coordinates": [121.5494, 24.9853]}, "properties": {"city": "TPE", "parking_id": "TPE1767", "name": "和興水岸社會住宅地下停車場", "area": "文山區", "address": "和興路88號地下1至2層", "service_time": "00:00:00-23:59:59", "operator_type": "本處委外停車場", "kind": "D", "total_car": 113, "available_car": 52, "availability_rate": 0.46017699115044247, "status": "充足", "lat": 24.9853, "lon": 121.5494}}, {"type": "Feature", "geometry": {"type": "Point", "coordinates": [121.5034, 25.0206]}, "properties": {"city": "TPE", "parking_id": "TPE1769", "name": "青年二期社會住宅地下停車場", "area": "萬華區", "address": "青年路180、182號地下1至3層", "service_time": "00:00:00-23:59:59", "operator_type": "本處委外停車場", "kind": "D", "total_car": 296, "available_car": 94, "availability_rate": 0.31756756756756754, "status": "充足", "lat": 25.0206, "lon": 121.5034}}, {"type": "Feature", "geometry": {"type": "Point", "coordinates": [121.5462, 25.1361]}, "properties": {"city": "TPE", "parking_id": "TPE1770", "name": "博客停車場-士林格致場", "area": "士林區", "address": "格致路7號地下1層", "service_time": "00:00:00-23:59:59", "operator_type": "市屬機關學校委外", "kind": "D", "total_car": 14, "available_car": 12, "availability_rate": 0.8571428571428571, "status": "充足", "lat": 25.1361, "lon": 121.5462}}, {"type": "Feature", "geometry": {"type": "Point", "coordinates": [121.5556, 25.051]}, "properties": {"city": "TPE", "parking_id": "TPE1771", "name": "漢傑台北小巨蛋站", "area": "松山區", "address": "南京東路4段120巷11號地下1至3層", "service_time": "00:00:00-23:59:59", "operator_type": "民營停車場", "kind": "D", "total_car": 62, "available_car": 33, "availability_rate": 0.532258064516129, "status": "充足", "lat": 25.051, "lon": 121.5556}}, {"type": "Feature", "geometry": {"type": "Point", "coordinates": [121.5534, 25.0516]}, "properties": {"city": "TPE", "parking_id": "TPE1772", "name": "國泰中央商業大樓停車場", "area": "松山區", "address": "南京東路4段16至18號地下4層", "service_time": "00:00:00-23:59:59", "operator_type": "民營停車場", "kind": "D", "total_car": 59, "available_car": 28, "availability_rate": 0.4745762711864407, "status": "充足", "lat": 25.0516, "lon": 121.5534}}, {"type": "Feature", "geometry": {"type": "Point", "coordinates": [121.5325, 25.0514]}, "properties": {"city": "TPE", "parking_id": "TPE1775", "name": "嘟嘟房松江南京2站停車場", "area": "中山區", "address": "松江路106號地下2至3層", "service_time": "00:00:00-23:59:59", "operator_type": "民營停車場", "kind": "D", "total_car": 51, "available_car": 24, "availability_rate": 0.47058823529411764, "status": "充足", "lat": 25.0514, "lon": 121.5325}}, {"type": "Feature", "geometry": {"type": "Point", "coordinates": [121.5606, 25.027]}, "properties": {"city": "TPE", "parking_id": "TPE1777", "name": "吳興街220巷59弄平面停車場", "area": "信義區", "address": "吳興街220巷59弄內(景勤1號公園斜對面)", "service_time": "00:00:00-23:59:59", "operator_type": "本處委外停車場", "kind": "D", "total_car": 141, "available_car": 81, "availability_rate": 0.574468085106383, "status": "充足", "lat": 25.027, "lon": 121.5606}}, {"type": "Feature", "geometry": {"type": "Point", "coordinates": [121.535, 25.0628]}, "properties": {"city": "TPE", "parking_id": "TPE1778", "name": "嘟嘟房行天宮1站停車場", "area": "中山區", "address": "民權東路2段137號後方空地", "service_time": "00:00:00-23:59:59", "operator_type": "民營停車場", "kind": "D", "total_car": 28, "available_car": 6, "availability_rate": 0.21428571428571427, "status": "偏滿", "lat": 25.0628, "lon": 121.535}}, {"type": "Feature", "geometry": {"type": "Point", "coordinates": [121.5743, 25.0467]}, "properties": {"city": "TPE", "parking_id": "TPE1782", "name": "Times永吉路", "area": "信義區", "address": "永吉路225巷7弄2號旁", "service_time": "00:00:00-23:59:59", "operator_type": "民營停車場", "kind": "D", "total_car": 3, "available_car": 1, "availability_rate": 0.3333333333333333, "status": "充足", "lat": 25.0467, "lon": 121.5743}}, {"type": "Feature", "geometry": {"type": "Point", "coordinates": [121.5651, 25.0824]}, "properties": {"city": "TPE", "parking_id": "TPE1784", "name": "興林-內湖路停車場", "area": "內湖區", "address": "內湖路1段238號旁空地", "service_time": "00:00:00-23:59:59", "operator_type": "民營停車場", "kind": "D", "total_car": 15, "available_car": 9, "availability_rate": 0.6, "status": "充足", "lat": 25.0824, "lon": 121.5651}}, {"type": "Feature", "geometry": {"type": "Point", "coordinates": [121.5811, 25.0386]}, "properties": {"city": "TPE", "parking_id": "TPE1785", "name": "廣慈3區社會住宅地下停車場", "area": "信義區", "address": "福德街84巷80、82號(地下共4層)", "service_time": "00:00:00-23:59:59", "operator_type": "本處委外停車場", "kind": "D", "total_car": 269, "available_car": 101, "availability_rate": 0.3754646840148699, "status": "充足", "lat": 25.0386, "lon": 121.5811}}, {"type": "Feature", "geometry": {"type": "Point", "coordinates": [121.5297, 25.0413]}, "properties": {"city": "TPE", "parking_id": "TPE1787", "name": "御車坊", "area": "中正區", "address": "金山南路1段17號旁空地", "service_time": "00:00:00-23:59:59", "operator_type": "民營停車場", "kind": "S", "total_car": 34, "available_car": 0, "availability_rate": 0.0, "status": "滿車", "lat": 25.0413, "lon": 121.5297}}, {"type": "Feature", "geometry": {"type": "Point", "coordinates": [121.5297, 25.0246]}, "properties": {"city": "TPE", "parking_id": "TPE1788", "name": "Times師大夜市", "area": "大安區", "address": "泰順街38巷25號旁", "service_time": "00:00:00-23:59:59", "operator_type": "民營停車場", "kind": "D", "total_car": 18, "available_car": 2, "availability_rate": 0.1111111111111111, "status": "偏滿", "lat": 25.0246, "lon": 121.5297}}, {"type": "Feature", "geometry": {"type": "Point", "coordinates": [121.6151, 25.0602]}, "properties": {"city": "TPE", "parking_id": "TPE1790", "name": "Times 經貿二路第3", "area": "南港區", "address": "經貿二路197號旁", "service_time": "00:00:00-23:59:59", "operator_type": "民營停車場", "kind": "D", "total_car": 41, "available_car": 20, "availability_rate": 0.4878048780487805, "status": "充足", "lat": 25.0602, "lon": 121.6151}}, {"type": "Feature", "geometry": {"type": "Point", "coordinates": [121.546, 25.0299]}, "properties": {"city": "TPE", "parking_id": "TPE1793", "name": "大安國中地下停車場", "area": "大安區", "address": "大安路2段63號地下1至2層", "service_time": "00:00:00-23:59:59", "operator_type": "本處委外停車場", "kind": "D", "total_car": 223, "available_car": 48, "availability_rate": 0.21524663677130046, "status": "偏滿", "lat": 25.0299, "lon": 121.546}}, {"type": "Feature", "geometry": {"type": "Point", "coordinates": [121.55478995343513, 25.000894692204305]}, "properties": {"city": "TPE", "parking_id": "TPE1807", "name": "興隆A區社會住宅地下停車場", "area": "文山區", "address": "興隆路4段42巷1號地下1至3層", "service_time": "00:00:00-23:59:59", "operator_type": "本處委外停車場", "kind": "D", "total_car": 272, "available_car": 133, "availability_rate": 0.4889705882352941, "status": "充足", "lat": 25.000894692204305, "lon": 121.55478995343513}}, {"type": "Feature", "geometry": {"type": "Point", "coordinates": [121.5479, 25.0252]}, "properties": {"city": "TPE", "parking_id": "TPE1808", "name": "四維路停車場", "area": "大安區", "address": "四維路393號對面空地", "service_time": "00:00:00-23:59:59", "operator_type": "民營停車場", "kind": "D", "total_car": 8, "available_car": 3, "availability_rate": 0.375, "status": "充足", "lat": 25.0252, "lon": 121.5479}}, {"type": "Feature", "geometry": {"type": "Point", "coordinates": [121.5227, 25.0967]}, "properties": {"city": "TPE", "parking_id": "TPE1809", "name": "華榮社宅場", "area": "士林區", "address": "華聲街17號地下1至3層", "service_time": "00:00:00-23:59:59", "operator_type": "市屬機關學校委外", "kind": "D", "total_car": 114, "available_car": 58, "availability_rate": 0.5087719298245614, "status": "充足", "lat": 25.0967, "lon": 121.5227}}, {"type": "Feature", "geometry": {"type": "Point", "coordinates": [121.5931, 25.0524]}, "properties": {"city": "TPE", "parking_id": "TPE1810", "name": "Times 昆陽街", "area": "南港區", "address": "昆陽街64號旁空地", "service_time": "00:00:00-23:59:59", "operator_type": "民營停車場", "kind": "D", "total_car": 247, "available_car": 112, "availability_rate": 0.4534412955465587, "status": "充足", "lat": 25.0524, "lon": 121.5931}}, {"type": "Feature", "geometry": {"type": "Point", "coordinates": [121.619, 25.0596]}, "properties": {"city": "TPE", "parking_id": "TPE1813", "name": "南港LaLaport停車場", "area": "南港區", "address": "經貿二路111、121、131、135號地下2至5層", "service_time": "00:00:00-23:59:59", "operator_type": "民營停車場", "kind": "D", "total_car": 2378, "available_car": 524, "availability_rate": 0.22035323801513879, "status": "偏滿", "lat": 25.0596, "lon": 121.619}}, {"type": "Feature", "geometry": {"type": "Point", "coordinates": [121.5338, 25.038]}, "properties": {"city": "TPE", "parking_id": "TPE1815", "name": "Times仁愛路三段", "area": "大安區", "address": "仁愛路3段8號旁", "service_time": "00:00:00-23:59:59", "operator_type": "民營停車場", "kind": "D", "total_car": 25, "available_car": 7, "availability_rate": 0.28, "status": "偏滿", "lat": 25.038, "lon": 121.5338}}, {"type": "Feature", "geometry": {"type": "Point", "coordinates": [121.5922, 25.0792]}, "properties": {"city": "TPE", "parking_id": "TPE1817", "name": "Times 星雲街", "area": "內湖區", "address": "星雲街61號後面", "service_time": "00:00:00-23:59:59", "operator_type": "民營停車場", "kind": "D", "total_car": 25, "available_car": 0, "availability_rate": 0.0, "status": "滿車", "lat": 25.0792, "lon": 121.5922}}, {"type": "Feature", "geometry": {"type": "Point", "coordinates": [121.5858, 25.0638]}, "properties": {"city": "TPE", "parking_id": "TPE1818", "name": "城市車旅內湖領航停車場", "area": "內湖區", "address": "行善路365號地下1至5層", "service_time": "00:00:00-23:59:59", "operator_type": "民營停車場", "kind": "D", "total_car": 117, "available_car": 58, "availability_rate": 0.49572649572649574, "status": "充足", "lat": 25.0638, "lon": 121.5858}}, {"type": "Feature", "geometry": {"type": "Point", "coordinates": [121.5298, 25.0301]}, "properties": {"city": "TPE", "parking_id": "TPE1821", "name": "Times 永康街第5", "area": "大安區", "address": "永康街47巷2號旁空地", "service_time": "00:00:00-23:59:59", "operator_type": "民營停車場", "kind": "S", "total_car": 10, "available_car": 4, "availability_rate": 0.4, "status": "充足", "lat": 25.0301, "lon": 121.5298}}, {"type": "Feature", "geometry": {"type": "Point", "coordinates": [121.5187, 25.1066]}, "properties": {"city": "TPE", "parking_id": "TPE1823", "name": "嘟嘟房北投文林站停車場", "area": "北投區", "address": "文林北路94巷40號旁空地", "service_time": "00:00:00-23:59:59", "operator_type": "民營停車場", "kind": "D", "total_car": 50, "available_car": 10, "availability_rate": 0.2, "status": "偏滿", "lat": 25.1066, "lon": 121.5187}}, {"type": "Feature", "geometry": {"type": "Point", "coordinates": [121.5892, 25.0773]}, "properties": {"city": "TPE", "parking_id": "TPE1824", "name": "內湖國中地下停車場", "area": "內湖區", "address": "陽光街1號(地下共2層)", "service_time": "00:00:00-23:59:59", "operator_type": "本處委外停車場", "kind": "D", "total_car": 119, "available_car": 27, "availability_rate": 0.226890756302521, "status": "偏滿", "lat": 25.0773, "lon": 121.5892}}, {"type": "Feature", "geometry": {"type": "Point", "coordinates": [121.5534, 25.0854]}, "properties": {"city": "TPE", "parking_id": "TPE1833", "name": "明水四平面停車場", "area": "中山區", "address": "北安路770巷與北安路交叉口空地", "service_time": "00:00:00-23:59:59", "operator_type": "民營停車場", "kind": "D", "total_car": 49, "available_car": 22, "availability_rate": 0.4489795918367347, "status": "充足", "lat": 25.0854, "lon": 121.5534}}, {"type": "Feature", "geometry": {"type": "Point", "coordinates": [121.5197, 25.0699]}, "properties": {"city": "TPE", "parking_id": "TPE1835", "name": "Times 圓山捷運站", "area": "大同區", "address": "酒泉街10巷25號", "service_time": "00:00:00-23:59:59", "operator_type": "民營停車場", "kind": "D", "total_car": 3, "available_car": 1, "availability_rate": 0.3333333333333333, "status": "充足", "lat": 25.0699, "lon": 121.5197}}, {"type": "Feature", "geometry": {"type": "Point", "coordinates": [121.50629991604939, 25.11585520830744]}, "properties": {"city": "TPE", "parking_id": "TPE1851", "name": "承德七停車場", "area": "北投區", "address": "承德路7段280巷6弄7號對面空地", "service_time": "00:00:00-23:59:59", "operator_type": "民營停車場", "kind": "D", "total_car": 6, "available_car": 1, "availability_rate": 0.16666666666666666, "status": "偏滿", "lat": 25.11585520830744, "lon": 121.50629991604939}}, {"type": "Feature", "geometry": {"type": "Point", "coordinates": [121.54142014680409, 24.993581518302154]}, "properties": {"city": "TPE", "parking_id": "TPE1853", "name": "Times 景美捷運站", "area": "文山區", "address": "景文街5號旁", "service_time": "00:00:00-23:59:59", "operator_type": "民營停車場", "kind": "D", "total_car": 4, "available_car": 0, "availability_rate": 0.0, "status": "滿車", "lat": 24.993581518302154, "lon": 121.54142014680409}}, {"type": "Feature", "geometry": {"type": "Point", "coordinates": [121.58440991140927, 25.05314620072476]}, "properties": {"city": "TPE", "parking_id": "TPE1858", "name": "Times 松河街", "area": "南港區", "address": "松河街328號旁", "service_time": "00:00:00-23:59:59", "operator_type": "民營停車場", "kind": "D", "total_car": 24, "available_car": 7, "availability_rate": 0.2916666666666667, "status": "偏滿", "lat": 25.05314620072476, "lon": 121.58440991140927}}, {"type": "Feature", "geometry": {"type": "Point", "coordinates": [121.55859985266343, 24.991619851045407]}, "properties": {"city": "TPE", "parking_id": "TPE1859", "name": "興隆路3段308號臨時平面停車場", "area": "文山區", "address": "興隆路3段308號", "service_time": "00:00:00-23:59:59", "operator_type": "本處委外停車場", "kind": "D", "total_car": 50, "available_car": 18, "availability_rate": 0.36, "status": "充足", "lat": 24.991619851045407, "lon": 121.55859985266343}}, {"type": "Feature", "geometry": {"type": "Point", "coordinates": [121.51822003231763, 25.115762111774877]}, "properties": {"city": "TPE", "parking_id": "TPE1864", "name": "振華公園地下停車場", "area": "北投區", "address": "振華街15號地下共2層", "service_time": "00:00:00-23:59:59", "operator_type": "本處委外停車場", "kind": "D", "total_car": 405, "available_car": 58, "availability_rate": 0.14320987654320988, "status": "偏滿", "lat": 25.115762111774877, "lon": 121.51822003231763}}, {"type": "Feature", "geometry": {"type": "Point", "coordinates": [121.53290005743203, 25.023086832131057]}, "properties": {"city": "TPE", "parking_id": "TPE1866", "name": "城市車旅雲和站停車場", "area": "大安區", "address": "雲和街118號", "service_time": "00:00:00-23:59:59", "operator_type": "中央機關學校委外", "kind": "D", "total_car": 6, "available_car": 1, "availability_rate": 0.16666666666666666, "status": "偏滿", "lat": 25.023086832131057, "lon": 121.53290005743203}}, {"type": "Feature", "geometry": {"type": "Point", "coordinates": [121.55646014404253, 24.977582361987565]}, "properties": {"city": "TPE", "parking_id": "TPE1870", "name": "樟新水岸社會住宅地下停車場", "area": "文山區", "address": "樟新街65號（地下1-3層）", "service_time": "00:00:00-23:59:59", "operator_type": "本處委外停車場", "kind": "D", "total_car": 154, "available_car": 50, "availability_rate": 0.3246753246753247, "status": "充足", "lat": 24.977582361987565, "lon": 121.55646014404253}}, {"type": "Feature", "geometry": {"type": "Point", "coordinates": [121.47194015187137, 25.126497512297203]}, "properties": {"city": "TPE", "parking_id": "TPE1872", "name": "Times立德路", "area": "北投區", "address": "立德路70號北側空地", "service_time": "00:00:00-23:59:59", "operator_type": "民營停車場", "kind": "D", "total_car": 29, "available_car": 27, "availability_rate": 0.9310344827586207, "status": "充足", "lat": 25.126497512297203, "lon": 121.47194015187137}}, {"type": "Feature", "geometry": {"type": "Point", "coordinates": [121.52675010480391, 25.036093415471793]}, "properties": {"city": "TPE", "parking_id": "TPE1873", "name": "東門市場停車場", "area": "中正區", "address": "杭州南路1段131巷24號", "service_time": "00:00:00-23:59:59", "operator_type": "中央機關學校委外", "kind": "D", "total_car": 10, "available_car": 6, "availability_rate": 0.6, "status": "充足", "lat": 25.036093415471793, "lon": 121.52675010480391}}, {"type": "Feature", "geometry": {"type": "Point", "coordinates": [121.55888994978622, 25.027476090846022]}, "properties": {"city": "TPE", "parking_id": "TPE1875", "name": "六張犁1區社宅停車場", "area": "信義區", "address": "信安街25、29號、信安街15巷20弄2、6號地下1至3層", "service_time": "00:00:00-23:59:59", "operator_type": "本處委外停車場", "kind": "S", "total_car": 230, "available_car": 67, "availability_rate": 0.29130434782608694, "status": "偏滿", "lat": 25.027476090846022, "lon": 121.55888994978622}}, {"type": "Feature", "geometry": {"type": "Point", "coordinates": [121.5593001245145, 25.027725076997672]}, "properties": {"city": "TPE", "parking_id": "TPE1876", "name": "六張犁2區社宅停車場", "area": "信義區", "address": "信安街15巷36號、信安街15巷20弄1、3號、信安街15巷46弄2、6號、信安街47巷26、37、39號地下1至3層", "service_time": "00:00:00-23:59:59", "operator_type": "本處委外停車場", "kind": "S", "total_car": 340, "available_car": 91, "availability_rate": 0.2676470588235294, "status": "偏滿", "lat": 25.027725076997672, "lon": 121.5593001245145}}, {"type": "Feature", "geometry": {"type": "Point", "coordinates": [121.5800000926776, 25.078642770688823]}, "properties": {"city": "TPE", "parking_id": "TPE1882", "name": "Times 成功路二段", "area": "內湖區", "address": "成功路2段320巷8號旁", "service_time": "00:00:00-23:59:59", "operator_type": "民營停車場", "kind": "S", "total_car": 4, "available_car": 1, "availability_rate": 0.25, "status": "偏滿", "lat": 25.078642770688823, "lon": 121.5800000926776}}, {"type": "Feature", "geometry": {"type": "Point", "coordinates": [121.61029992092162, 25.056256039417754]}, "properties": {"city": "TPE", "parking_id": "TPE1884", "name": "經貿社會住宅地下停車場", "area": "南港區", "address": "興東街28、30、32號地下1至3層", "service_time": "00:00:00-23:59:59", "operator_type": "本處委外停車場", "kind": "D", "total_car": 108, "available_car": 73, "availability_rate": 0.6759259259259259, "status": "充足", "lat": 25.056256039417754, "lon": 121.61029992092162}}, {"type": "Feature", "geometry": {"type": "Point", "coordinates": [121.54327992727852, 25.0260759286075]}, "properties": {"city": "TPE", "parking_id": "TPE1888", "name": "科技大樓地下停車場", "area": "大安區", "address": "復興南路2段228-230號地上2至地下4層", "service_time": "00:00:00-23:59:59", "operator_type": "本處委外停車場", "kind": "D", "total_car": 113, "available_car": 11, "availability_rate": 0.09734513274336283, "status": "緊張", "lat": 25.0260759286075, "lon": 121.54327992727852}}, {"type": "Feature", "geometry": {"type": "Point", "coordinates": [121.512580113775, 25.10753236984787]}, "properties": {"city": "TPE", "parking_id": "TPE1889", "name": "福星公園地下停車場", "area": "北投區", "address": "北科路220號〔地下共2層〕", "service_time": "00:00:00-23:59:59", "operator_type": "本處委外停車場", "kind": "D", "total_car": 425, "available_car": 237, "availability_rate": 0.5576470588235294, "status": "充足", "lat": 25.10753236984787, "lon": 121.512580113775}}, {"type": "Feature", "geometry": {"type": "Point", "coordinates": [121.53967985605112, 25.033268629407498]}, "properties": {"city": "TPE", "parking_id": "TPE1893", "name": "嘟嘟房信義1站停車場", "area": "大安區", "address": "信義路3段140號旁空地", "service_time": "00:00:00-23:59:59", "operator_type": "民營停車場", "kind": "D", "total_car": 49, "available_car": 7, "availability_rate": 0.14285714285714285, "status": "偏滿", "lat": 25.033268629407498, "lon": 121.53967985605112}}, {"type": "Feature", "geometry": {"type": "Point", "coordinates": [121.54144009381122, 25.041193392537537]}, "properties": {"city": "TPE", "parking_id": "TPE1894", "name": "新光三越Diamond Towers停車場", "area": "大安區", "address": "忠孝東路3段268號地下2層", "service_time": "11:00:00-22:00:00", "operator_type": "民營停車場", "kind": "D", "total_car": 64, "available_car": 29, "availability_rate": 0.453125, "status": "充足", "lat": 25.041193392537537, "lon": 121.54144009381122}}, {"type": "Feature", "geometry": {"type": "Point", "coordinates": [121.62052000014701, 25.069836888267506]}, "properties": {"city": "TPE", "parking_id": "TPE1897", "name": "樂活公園地下停車場", "area": "內湖區", "address": "康樂街85巷57號地下（地下共2層）", "service_time": "00:00:00-23:59:59", "operator_type": "本處委外停車場", "kind": "D", "total_car": 207, "available_car": 95, "availability_rate": 0.45893719806763283, "status": "充足", "lat": 25.069836888267506, "lon": 121.62052000014701}}, {"type": "Feature", "geometry": {"type": "Point", "coordinates": [121.59598997411995, 25.050757418911612]}, "properties": {"city": "TPE", "parking_id": "TPE1898", "name": "南港機廠1區社會住宅停車場", "area": "南港區", "address": "忠孝東路7段10、12號地上2至地上5層", "service_time": "00:00:00-23:59:59", "operator_type": "本處委外停車場", "kind": "D", "total_car": 727, "available_car": 662, "availability_rate": 0.9105914718019257, "status": "充足", "lat": 25.050757418911612, "lon": 121.59598997411995}}, {"type": "Feature", "geometry": {"type": "Point", "coordinates": [121.52660999877371, 25.11334238633604]}, "properties": {"city": "TPE", "parking_id": "TPE1899", "name": "Times中山北路六段第2", "area": "士林區", "address": "中山北路6段419巷1號旁", "service_time": "00:00:00-23:59:59", "operator_type": "民營停車場", "kind": "D", "total_car": 13, "available_car": 4, "availability_rate": 0.3076923076923077, "status": "充足", "lat": 25.11334238633604, "lon": 121.52660999877371}}, {"type": "Feature", "geometry": {"type": "Point", "coordinates": [121.57785008284047, 25.062567773961465]}, "properties": {"city": "TPE", "parking_id": "TPE1908", "name": "舊宗社會住宅地下停車場", "area": "內湖區", "address": "舊宗路1段185號地下1至3層", "service_time": "00:00:00-23:59:59", "operator_type": "市屬機關學校委外", "kind": "D", "total_car": 62, "available_car": 37, "availability_rate": 0.5967741935483871, "status": "充足", "lat": 25.062567773961465, "lon": 121.57785008284047}}, {"type": "Feature", "geometry": {"type": "Point", "coordinates": [121.59290994591873, 25.06768595748549]}, "properties": {"city": "TPE", "parking_id": "TPE1917", "name": "Times 民權東路六段", "area": "內湖區", "address": "民權東路6段180巷23號旁", "service_time": "00:00:00-23:59:59", "operator_type": "民營停車場", "kind": "D", "total_car": 25, "available_car": 15, "availability_rate": 0.6, "status": "充足", "lat": 25.06768595748549, "lon": 121.59290994591873}}, {"type": "Feature", "geometry": {"type": "Point", "coordinates": [121.5139, 25.0542]}, "properties": {"city": "TPE", "parking_id": "TPE1922", "name": "Times南京西路第2【機車】", "area": "大同區", "address": "南京西路135號旁空地", "service_time": "00:00:00-23:59:59", "operator_type": "民營停車場", "kind": "D", "total_car": 15, "available_car": 0, "availability_rate": 0.0, "status": "滿車", "lat": 25.0542, "lon": 121.5139}}, {"type": "Feature", "geometry": {"type": "Point", "coordinates": [121.54106994975861, 25.13720542007437]}, "properties": {"city": "TPE", "parking_id": "TPE1924", "name": "中國文化大學曉峯館停車場", "area": "士林區", "address": "華岡路55號", "service_time": "06:00:00-23:00:00", "operator_type": "民營停車場", "kind": "D", "total_car": 8, "available_car": 10, "availability_rate": 1.25, "status": "充足", "lat": 25.13720542007437, "lon": 121.54106994975861}}, {"type": "Feature", "geometry": {"type": "Point", "coordinates": [121.539690078573, 25.134648768999714]}, "properties": {"city": "TPE", "parking_id": "TPE1925", "name": "中國文化大學大孝館停車場", "area": "士林區", "address": "華岡路55號", "service_time": "週一至週五06-21(夜間19時後停止入場)，週六06-12時30分，週日不開放", "operator_type": "民營停車場", "kind": "D", "total_car": 6, "available_car": 29, "availability_rate": 4.833333333333333, "status": "充足", "lat": 25.134648768999714, "lon": 121.539690078573}}, {"type": "Feature", "geometry": {"type": "Point", "coordinates": [121.6408977722876, 25.06597663760331]}, "properties": {"city": "NTPC", "parking_id": "110014", "name": "忠厚市場地下停車場", "area": "汐止區", "address": "新北市汐止區樟樹一路137巷26號B1", "service_time": "0~24時", "operator_type": "", "kind": "1", "total_car": 73, "available_car": 25, "availability_rate": 0.3424657534246575, "status": "充足", "lat": 25.06597663760331, "lon": 121.6408977722876}}, {"type": "Feature", "geometry": {"type": "Point", "coordinates": [121.44643551259514, 25.17078676959825]}, "properties": {"city": "NTPC", "parking_id": "100058", "name": "仁愛停車場", "area": "淡水區", "address": "新北市淡水區仁愛街17號", "service_time": "0~24時", "operator_type": "", "kind": "1", "total_car": 72, "available_car": 14, "availability_rate": 0.19444444444444445, "status": "偏滿", "lat": 25.17078676959825, "lon": 121.44643551259514}}, {"type": "Feature", "geometry": {"type": "Point", "coordinates": [121.5005246346968, 25.258852456669374]}, "properties": {"city": "NTPC", "parking_id": "210001", "name": "三芝中山立體停車場", "area": "三芝區", "address": "新北市三芝區淡金路一段61號", "service_time": "0~24時", "operator_type": "", "kind": "1", "total_car": 154, "available_car": 36, "availability_rate": 0.23376623376623376, "status": "偏滿", "lat": 25.258852456669374, "lon": 121.5005246346968}}, {"type": "Feature", "geometry": {"type": "Point", "coordinates": [121.41296661184742, 25.022756953373378]}, "properties": {"city": "NTPC", "parking_id": "050193", "name": "捷運迴龍站停車場", "area": "新莊區", "address": "新北市新莊區中正路758號", "service_time": "0~24時", "operator_type": "", "kind": "1", "total_car": 254, "available_car": 55, "availability_rate": 0.21653543307086615, "status": "偏滿", "lat": 25.022756953373378, "lon": 121.41296661184742}}, {"type": "Feature", "geometry": {"type": "Point", "coordinates": [121.50337764897156, 25.25496078358519]}, "properties": {"city": "NTPC", "parking_id": "210002", "name": "三芝中正立體停車場", "area": "三芝區", "address": "新北市三芝區中山路二段48-1號", "service_time": "0~24時", "operator_type": "", "kind": "1", "total_car": 261, "available_car": 58, "availability_rate": 0.2222222222222222, "status": "偏滿", "lat": 25.25496078358519, "lon": 121.50337764897156}}, {"type": "Feature", "geometry": {"type": "Point", "coordinates": [121.53647293275311, 24.95567440763675]}, "properties": {"city": "NTPC", "parking_id": "060006", "name": "新店區碧潭東岸平面停車場", "area": "新店區", "address": "新北市新店區環河路29巷旁", "service_time": "0~24時", "operator_type": "", "kind": "1", "total_car": 86, "available_car": 0, "availability_rate": 0.0, "status": "滿車", "lat": 24.95567440763675, "lon": 121.53647293275311}}, {"type": "Feature", "geometry": {"type": "Point", "coordinates": [121.53320873874567, 24.961157205073988]}, "properties": {"city": "NTPC", "parking_id": "060112", "name": "新店區碧潭西岸平面停車場", "area": "新店區", "address": "新北市新店區溪州路31號旁空地", "service_time": "0~24時", "operator_type": "", "kind": "1", "total_car": 86, "available_car": 0, "availability_rate": 0.0, "status": "滿車", "lat": 24.961157205073988, "lon": 121.53320873874567}}, {"type": "Feature", "geometry": {"type": "Point", "coordinates": [121.3619321077428, 25.070864059255353]}, "properties": {"city": "NTPC", "parking_id": "170093", "name": "林口交響苑停車場", "area": "林口區", "address": "新北市林口區文化三路1段195號B1、B2", "service_time": "0~24時", "operator_type": "", "kind": "1", "total_car": 153, "available_car": 0, "availability_rate": 0.0, "status": "滿車", "lat": 25.070864059255353, "lon": 121.3619321077428}}, {"type": "Feature", "geometry": {"type": "Point", "coordinates": [121.41943652158172, 24.95959806063977]}, "properties": {"city": "NTPC", "parking_id": "130059", "name": "捷運頂埔站轉乘停車場", "area": "土城區", "address": "新北市土城區中央路4段51-6號B1~B3", "service_time": "0~24時", "operator_type": "", "kind": "1", "total_car": 77, "available_car": 4, "availability_rate": 0.05194805194805195, "status": "緊張", "lat": 24.95959806063977, "lon": 121.41943652158172}}, {"type": "Feature", "geometry": {"type": "Point", "coordinates": [121.44917242025838, 24.986984270912362]}, "properties": {"city": "NTPC", "parking_id": "130011", "name": "捷運海山站轉乘停車場", "area": "土城區", "address": "新北市土城區海山路39號B1", "service_time": "0~24時", "operator_type": "", "kind": "1", "total_car": 63, "available_car": 0, "availability_rate": 0.0, "status": "滿車", "lat": 24.986984270912362, "lon": 121.44917242025838}}, {"type": "Feature", "geometry": {"type": "Point", "coordinates": [121.53820703932512, 24.97755242395767]}, "properties": {"city": "NTPC", "parking_id": "060052", "name": "新店大豐社福館地下停車場", "area": "新店區", "address": "新北市新店區民族路110號B1", "service_time": "0~24時", "operator_type": "", "kind": "1", "total_car": 27, "available_car": 10, "availability_rate": 0.37037037037037035, "status": "充足", "lat": 24.97755242395767, "lon": 121.53820703932512}}, {"type": "Feature", "geometry": {"type": "Point", "coordinates": [121.44578971863314, 25.047629691507066]}, "properties": {"city": "NTPC", "parking_id": "050009", "name": "新莊文化藝術中心地下停車場", "area": "新莊區", "address": "新北市新莊區中平路133號B1", "service_time": "0~24時", "operator_type": "", "kind": "1", "total_car": 70, "available_car": 1, "availability_rate": 0.014285714285714285, "status": "緊張", "lat": 25.047629691507066, "lon": 121.44578971863314}}, {"type": "Feature", "geometry": {"type": "Point", "coordinates": [121.47218429422368, 25.02624428617824]}, "properties": {"city": "NTPC", "parking_id": "010042", "name": "新北市藝文中心平面停車場", "area": "板橋區", "address": "新北市板橋區莊敬路62號", "service_time": "0~24時", "operator_type": "", "kind": "1", "total_car": 79, "available_car": 1, "availability_rate": 0.012658227848101266, "status": "緊張", "lat": 25.02624428617824, "lon": 121.47218429422368}}, {"type": "Feature", "geometry": {"type": "Point", "coordinates": [121.49024533113261, 25.070441615359304]}, "properties": {"city": "NTPC", "parking_id": "020007", "name": "三重區三張地下停車場", "area": "三重區", "address": "新北市三重區大智街188號B1", "service_time": "0~24時", "operator_type": "", "kind": "1", "total_car": 281, "available_car": 14, "availability_rate": 0.0498220640569395, "status": "緊張", "lat": 25.070441615359304, "lon": 121.49024533113261}}, {"type": "Feature", "geometry": {"type": "Point", "coordinates": [121.61345648368221, 25.00211558432529]}, "properties": {"city": "NTPC", "parking_id": "180001", "name": "深坑區公有立體停車場", "area": "深坑區", "address": "新北市深坑區北深路2段192號", "service_time": "0~24時", "operator_type": "", "kind": "1", "total_car": 280, "available_car": 79, "availability_rate": 0.28214285714285714, "status": "偏滿", "lat": 25.00211558432529, "lon": 121.61345648368221}}, {"type": "Feature", "geometry": {"type": "Point", "coordinates": [121.43133450921748, 25.03139261717991]}, "properties": {"city": "NTPC", "parking_id": "050082", "name": "新莊區中正停車場", "area": "新莊區", "address": "新北市新莊區中正路621號", "service_time": "0~24時", "operator_type": "", "kind": "1", "total_car": 168, "available_car": 52, "availability_rate": 0.30952380952380953, "status": "充足", "lat": 25.03139261717991, "lon": 121.43133450921748}}, {"type": "Feature", "geometry": {"type": "Point", "coordinates": [121.46380224283321, 25.011153007250616]}, "properties": {"city": "NTPC", "parking_id": "010171", "name": "叭叭房新板大樓停車場", "area": "板橋區", "address": "新北市板橋區中山路1段141號B3", "service_time": "0~24時", "operator_type": "", "kind": "1", "total_car": 44, "available_car": 0, "availability_rate": 0.0, "status": "滿車", "lat": 25.011153007250616, "lon": 121.46380224283321}}, {"type": "Feature", "geometry": {"type": "Point", "coordinates": [121.47564364813303, 25.06637049748329]}, "properties": {"city": "NTPC", "parking_id": "020192", "name": "二重公園地下停車場", "area": "三重區", "address": "新北市三重區疏洪東路2段131號B1、B2", "service_time": "0~24時", "operator_type": "", "kind": "1", "total_car": 206, "available_car": 47, "availability_rate": 0.22815533980582525, "status": "偏滿", "lat": 25.06637049748329, "lon": 121.47564364813303}}, {"type": "Feature", "geometry": {"type": "Point", "coordinates": [121.49370554622823, 24.99215176435151]}, "properties": {"city": "NTPC", "parking_id": "030101", "name": "雙和醫院第一醫療大樓地下停車場", "area": "中和區", "address": "新北市中和區中正路291號B1~B2", "service_time": "0~24時", "operator_type": "", "kind": "1", "total_car": 372, "available_car": 125, "availability_rate": 0.33602150537634407, "status": "充足", "lat": 24.99215176435151, "lon": 121.49370554622823}}, {"type": "Feature", "geometry": {"type": "Point", "coordinates": [121.44635228327529, 25.0029952608009]}, "properties": {"city": "NTPC", "parking_id": "010039", "name": "板橋區臺北紙廠臨時平面停車場", "area": "板橋區", "address": "新北市板橋區大觀路2段28號", "service_time": "0~24時", "operator_type": "", "kind": "1", "total_car": 189, "available_car": 64, "availability_rate": 0.3386243386243386, "status": "充足", "lat": 25.0029952608009, "lon": 121.44635228327529}}, {"type": "Feature", "geometry": {"type": "Point", "coordinates": [121.47298345037, 25.083448411494604]}, "properties": {"city": "NTPC", "parking_id": "140003", "name": "蘆洲區中山機械停車場", "area": "蘆洲區", "address": "新北市蘆洲區得勝街107號", "service_time": "0~24時", "operator_type": "", "kind": "1", "total_car": 228, "available_car": 19, "availability_rate": 0.08333333333333333, "status": "緊張", "lat": 25.083448411494604, "lon": 121.47298345037}}, {"type": "Feature", "geometry": {"type": "Point", "coordinates": [121.51562587911413, 24.97679544321503]}, "properties": {"city": "NTPC", "parking_id": "060145", "name": "新店安興平面停車場", "area": "新店區", "address": "新北市新店區安興路與安民街交叉口", "service_time": "0~24時", "operator_type": "", "kind": "1", "total_car": 31, "available_car": 12, "availability_rate": 0.3870967741935484, "status": "充足", "lat": 24.97679544321503, "lon": 121.51562587911413}}, {"type": "Feature", "geometry": {"type": "Point", "coordinates": [121.35892399992123, 24.95522699885374]}, "properties": {"city": "NTPC", "parking_id": "080033", "name": "礫間停車場", "area": "鶯歌區", "address": "新北市鶯歌區館前路與文化路371巷交叉口", "service_time": "0~24時", "operator_type": "", "kind": "1", "total_car": 48, "available_car": 9, "availability_rate": 0.1875, "status": "偏滿", "lat": 24.95522699885374, "lon": 121.35892399992123}}, {"type": "Feature", "geometry": {"type": "Point", "coordinates": [121.64743834597645, 25.06141172412041]}, "properties": {"city": "NTPC", "parking_id": "110052", "name": "iFG遠雄廣場停車場", "area": "汐止區", "address": "新北市汐止區新台五路1段93-1號B2機車全層、B4/2364~2614及2616~3138號小型車位", "service_time": "0~24時", "operator_type": "", "kind": "1", "total_car": 772, "available_car": 223, "availability_rate": 0.28886010362694303, "status": "偏滿", "lat": 25.06141172412041, "lon": 121.64743834597645}}, {"type": "Feature", "geometry": {"type": "Point", "coordinates": [121.44374034123724, 25.178518324239764]}, "properties": {"city": "NTPC", "parking_id": "100002", "name": "水碓立體停車場", "area": "淡水區", "address": "新北市淡水區中山北路1段189號", "service_time": "0~24時", "operator_type": "", "kind": "1", "total_car": 446, "available_car": 87, "availability_rate": 0.19506726457399104, "status": "偏滿", "lat": 25.178518324239764, "lon": 121.44374034123724}}, {"type": "Feature", "geometry": {"type": "Point", "coordinates": [121.464001183352, 25.025597456924263]}, "properties": {"city": "NTPC", "parking_id": "010152", "name": "四維公園地下停車場", "area": "板橋區", "address": "新北市板橋區四維路177巷3弄6號B1~B3", "service_time": "0~24時", "operator_type": "", "kind": "1", "total_car": 314, "available_car": 27, "availability_rate": 0.08598726114649681, "status": "緊張", "lat": 25.025597456924263, "lon": 121.464001183352}}, {"type": "Feature", "geometry": {"type": "Point", "coordinates": [121.54772471937524, 24.979603208559773]}, "properties": {"city": "NTPC", "parking_id": "060146", "name": "城市車旅新店寶中停車場", "area": "新店區", "address": "新北市新店區寶中路63號對面空地", "service_time": "0~24時", "operator_type": "", "kind": "1", "total_car": 233, "available_car": 233, "availability_rate": 1.0, "status": "充足", "lat": 24.979603208559773, "lon": 121.54772471937524}}, {"type": "Feature", "geometry": {"type": "Point", "coordinates": [121.66567147500326, 25.07500838554208]}, "properties": {"city": "NTPC", "parking_id": "110090", "name": "汐止區建成段平面停車場", "area": "汐止區", "address": "新北市汐止區鄉長路1段與大同路3段之汐止至五堵鐵路高架橋下", "service_time": "0~24時", "operator_type": "", "kind": "1", "total_car": 98, "available_car": 12, "availability_rate": 0.12244897959183673, "status": "偏滿", "lat": 25.07500838554208, "lon": 121.66567147500326}}, {"type": "Feature", "geometry": {"type": "Point", "coordinates": [121.43428973770247, 25.056238541090558]}, "properties": {"city": "NTPC", "parking_id": "160005", "name": "泰山公有市場地下停車場", "area": "泰山區", "address": "新北市泰山區全興路212號B1、B2", "service_time": "0~24時", "operator_type": "", "kind": "1", "total_car": 128, "available_car": 46, "availability_rate": 0.359375, "status": "充足", "lat": 25.056238541090558, "lon": 121.43428973770247}}, {"type": "Feature", "geometry": {"type": "Point", "coordinates": [121.42358862146509, 25.023930525855608]}, "properties": {"city": "NTPC", "parking_id": "050004", "name": "新莊區四維立體停車場", "area": "新莊區", "address": "新北市新莊區四維路95號", "service_time": "0~24時", "operator_type": "", "kind": "1", "total_car": 192, "available_car": 4, "availability_rate": 0.020833333333333332, "status": "緊張", "lat": 25.023930525855608, "lon": 121.42358862146509}}, {"type": "Feature", "geometry": {"type": "Point", "coordinates": [121.45072930694249, 25.00520751278406]}, "properties": {"city": "NTPC", "parking_id": "010246", "name": "大觀段平面停車場", "area": "板橋區", "address": "新北市板橋區大觀路1段29巷127-1號", "service_time": "0~24時", "operator_type": "", "kind": "1", "total_car": 70, "available_car": 8, "availability_rate": 0.11428571428571428, "status": "偏滿", "lat": 25.00520751278406, "lon": 121.45072930694249}}, {"type": "Feature", "geometry": {"type": "Point", "coordinates": [121.42714893515667, 25.04915409087367]}, "properties": {"city": "NTPC", "parking_id": "160002", "name": "義學立體停車場", "area": "泰山區", "address": "新北市泰山區明志路2段188號", "service_time": "0~24時", "operator_type": "", "kind": "1", "total_car": 555, "available_car": 164, "availability_rate": 0.2954954954954955, "status": "偏滿", "lat": 25.04915409087367, "lon": 121.42714893515667}}, {"type": "Feature", "geometry": {"type": "Point", "coordinates": [121.46445022000654, 25.014319874494824]}, "properties": {"city": "NTPC", "parking_id": "010031", "name": "板橋車站地下停車場", "area": "板橋區", "address": "新北市板橋區縣民大道2段7號B1~B3", "service_time": "0~24時", "operator_type": "", "kind": "1", "total_car": 883, "available_car": 77, "availability_rate": 0.08720271800679502, "status": "緊張", "lat": 25.014319874494824, "lon": 121.46445022000654}}, {"type": "Feature", "geometry": {"type": "Point", "coordinates": [121.44677161068536, 25.018951330936314]}, "properties": {"city": "NTPC", "parking_id": "010154", "name": "板橋區臺65高架橋下(橋墩編號P93至P94)臨時平面停車場", "area": "板橋區", "address": "新北市板橋區環河西路及板城路交叉口(華中公園旁)停車場", "service_time": "0~24時", "operator_type": "", "kind": "1", "total_car": 68, "available_car": 20, "availability_rate": 0.29411764705882354, "status": "偏滿", "lat": 25.018951330936314, "lon": 121.44677161068536}}, {"type": "Feature", "geometry": {"type": "Point", "coordinates": [121.47937799996856, 25.035044998881144]}, "properties": {"city": "NTPC", "parking_id": "010216", "name": "環翠段臨時平面停車場", "area": "板橋區", "address": "新北市板橋區文新路與仁化街交叉口停車場", "service_time": "0~24時", "operator_type": "", "kind": "1", "total_car": 429, "available_car": 141, "availability_rate": 0.32867132867132864, "status": "充足", "lat": 25.035044998881144, "lon": 121.47937799996856}}, {"type": "Feature", "geometry": {"type": "Point", "coordinates": [121.47013704371109, 25.03401949798539]}, "properties": {"city": "NTPC", "parking_id": "010170", "name": "板橋區江翠段122地號平面停車場", "area": "板橋區", "address": "新北市板橋區華江一路377號旁", "service_time": "0~24時", "operator_type": "", "kind": "1", "total_car": 55, "available_car": 0, "availability_rate": 0.0, "status": "滿車", "lat": 25.03401949798539, "lon": 121.47013704371109}}, {"type": "Feature", "geometry": {"type": "Point", "coordinates": [121.37098702444426, 25.076425631337646]}, "properties": {"city": "NTPC", "parking_id": "170047", "name": "廣停二平面停車場", "area": "林口區", "address": "新北市林口區文化三路1段及仁愛一路交叉口", "service_time": "0~24時", "operator_type": "", "kind": "1", "total_car": 111, "available_car": 0, "availability_rate": 0.0, "status": "滿車", "lat": 25.076425631337646, "lon": 121.37098702444426}}, {"type": "Feature", "geometry": {"type": "Point", "coordinates": [121.36966383506025, 25.072853776952492]}, "properties": {"city": "NTPC", "parking_id": "170046", "name": "廣停三平面停車場", "area": "林口區", "address": "新北市林口區文化二路1段與文化二路1段309巷交叉口", "service_time": "0~24時", "operator_type": "", "kind": "1", "total_car": 70, "available_car": 21, "availability_rate": 0.3, "status": "偏滿", "lat": 25.072853776952492, "lon": 121.36966383506025}}, {"type": "Feature", "geometry": {"type": "Point", "coordinates": [121.36733544854269, 25.071884513925365]}, "properties": {"city": "NTPC", "parking_id": "170045", "name": "廣停四平面停車場", "area": "林口區", "address": "新北市林口區文化三路1段394巷", "service_time": "0~24時", "operator_type": "", "kind": "1", "total_car": 31, "available_car": 8, "availability_rate": 0.25806451612903225, "status": "偏滿", "lat": 25.071884513925365, "lon": 121.36733544854269}}, {"type": "Feature", "geometry": {"type": "Point", "coordinates": [121.37196057212203, 25.07547523728451]}, "properties": {"city": "NTPC", "parking_id": "010157", "name": "廣停六平面停車場", "area": "林口區", "address": "新北市林口區仁愛一路及民富街交叉口", "service_time": "0~24時", "operator_type": "", "kind": "1", "total_car": 48, "available_car": 0, "availability_rate": 0.0, "status": "滿車", "lat": 25.07547523728451, "lon": 121.37196057212203}}, {"type": "Feature", "geometry": {"type": "Point", "coordinates": [121.36678658742598, 25.07131709592593]}, "properties": {"city": "NTPC", "parking_id": "170044", "name": "廣停七平面停車場", "area": "林口區", "address": "新北市林口區文化三路1段394巷及文化二路1段241巷交叉口", "service_time": "0~24時", "operator_type": "", "kind": "1", "total_car": 83, "available_car": 17, "availability_rate": 0.20481927710843373, "status": "偏滿", "lat": 25.07131709592593, "lon": 121.36678658742598}}, {"type": "Feature", "geometry": {"type": "Point", "coordinates": [121.48941623466128, 25.055114647680686]}, "properties": {"city": "NTPC", "parking_id": "020026", "name": "社教館地下停車場", "area": "三重區", "address": "新北市三重區集美街60號B1", "service_time": "0~24時", "operator_type": "", "kind": "1", "total_car": 38, "available_car": 7, "availability_rate": 0.18421052631578946, "status": "偏滿", "lat": 25.055114647680686, "lon": 121.48941623466128}}, {"type": "Feature", "geometry": {"type": "Point", "coordinates": [121.48873964222183, 25.06069624163271]}, "properties": {"city": "NTPC", "parking_id": "020021", "name": "行政大樓附設停車場", "area": "三重區", "address": "新北市三重區新北大道1段11號旁/73~99、102~152及158號車格", "service_time": "0~24時", "operator_type": "", "kind": "1", "total_car": 79, "available_car": 18, "availability_rate": 0.22784810126582278, "status": "偏滿", "lat": 25.06069624163271, "lon": 121.48873964222183}}, {"type": "Feature", "geometry": {"type": "Point", "coordinates": [121.49138606762402, 25.061951441256713]}, "properties": {"city": "NTPC", "parking_id": "020017", "name": "綜合體育館地下停車場", "area": "三重區", "address": "新北市三重區新北大道1段2號B1、B2", "service_time": "0~24時", "operator_type": "", "kind": "1", "total_car": 290, "available_car": 61, "availability_rate": 0.2103448275862069, "status": "偏滿", "lat": 25.061951441256713, "lon": 121.49138606762402}}, {"type": "Feature", "geometry": {"type": "Point", "coordinates": [121.4279428392791, 25.02175128904031]}, "properties": {"city": "NTPC", "parking_id": "050200", "name": "民安國小地下停車場", "area": "新莊區", "address": "新北市新莊區民安路261號B1、B2", "service_time": "0~24時", "operator_type": "", "kind": "1", "total_car": 214, "available_car": 12, "availability_rate": 0.056074766355140186, "status": "緊張", "lat": 25.02175128904031, "lon": 121.4279428392791}}, {"type": "Feature", "geometry": {"type": "Point", "coordinates": [121.52009790649038, 25.01399120137085]}, "properties": {"city": "NTPC", "parking_id": "040054", "name": "網溪國小地下停車場", "area": "永和區", "address": "新北市永和區竹林路79號B1~B3", "service_time": "0~24時", "operator_type": "", "kind": "1", "total_car": 652, "available_car": 132, "availability_rate": 0.20245398773006135, "status": "偏滿", "lat": 25.01399120137085, "lon": 121.52009790649038}}, {"type": "Feature", "geometry": {"type": "Point", "coordinates": [121.54672508873333, 24.97888102098816]}, "properties": {"city": "NTPC", "parking_id": "060148", "name": "裕隆城停車場", "area": "新店區", "address": "新北市新店區中興路3段70號B1，B2/442~825號汽車格及1~27號卸貨車格，B3", "service_time": "0~24時", "operator_type": "", "kind": "1", "total_car": 850, "available_car": 14, "availability_rate": 0.01647058823529412, "status": "緊張", "lat": 24.97888102098816, "lon": 121.54672508873333}}, {"type": "Feature", "geometry": {"type": "Point", "coordinates": [121.45111317727287, 25.009946150060234]}, "properties": {"city": "NTPC", "parking_id": "010276", "name": "板橋台65高架橋下湳仔溝A區停車場", "area": "板橋區", "address": "新北市板橋區板城路433之1號對面空地停車場", "service_time": "0~24時", "operator_type": "", "kind": "1", "total_car": 34, "available_car": 4, "availability_rate": 0.11764705882352941, "status": "偏滿", "lat": 25.009946150060234, "lon": 121.45111317727287}}, {"type": "Feature", "geometry": {"type": "Point", "coordinates": [121.45203382342838, 25.001620262674603]}, "properties": {"city": "NTPC", "parking_id": "010275", "name": "板橋台65高架橋下湳仔溝B區停車場", "area": "板橋區", "address": "B區：新北市板橋區板城路271-1號對面空地", "service_time": "0~24時", "operator_type": "", "kind": "1", "total_car": 25, "available_car": 10, "availability_rate": 0.4, "status": "充足", "lat": 25.001620262674603, "lon": 121.45203382342838}}, {"type": "Feature", "geometry": {"type": "Point", "coordinates": [121.4749244961519, 25.05620444152566]}, "properties": {"city": "NTPC", "parking_id": "020123", "name": "光復平面停車場", "area": "三重區", "address": "新北市三重區頂文路及神農街交叉口", "service_time": "0~24時", "operator_type": "", "kind": "1", "total_car": 361, "available_car": 194, "availability_rate": 0.5373961218836565, "status": "充足", "lat": 25.05620444152566, "lon": 121.4749244961519}}, {"type": "Feature", "geometry": {"type": "Point", "coordinates": [121.51076122283636, 25.015756965934578]}, "properties": {"city": "NTPC", "parking_id": "040056", "name": "頂溪國小地下停車場", "area": "永和區", "address": "新北市永和區文化路133號B1~B3", "service_time": "0~24時", "operator_type": "", "kind": "1", "total_car": 436, "available_car": 29, "availability_rate": 0.06651376146788991, "status": "緊張", "lat": 25.015756965934578, "lon": 121.51076122283636}}, {"type": "Feature", "geometry": {"type": "Point", "coordinates": [121.4178798623236, 25.157795745936227]}, "properties": {"city": "NTPC", "parking_id": "230032", "name": "八里停五平面停車場", "area": "八里區", "address": "新北市八里區賢三街與大崁二街交叉口", "service_time": "0~24時", "operator_type": "", "kind": "1", "total_car": 42, "available_car": 19, "availability_rate": 0.4523809523809524, "status": "充足", "lat": 25.157795745936227, "lon": 121.4178798623236}}, {"type": "Feature", "geometry": {"type": "Point", "coordinates": [121.41234323980487, 25.15555245040476]}, "properties": {"city": "NTPC", "parking_id": "230031", "name": "八里中庄段平面停車場", "area": "八里區", "address": "新北市八里區文昌路與文昌五街交叉口", "service_time": "0~24時", "operator_type": "", "kind": "1", "total_car": 103, "available_car": 84, "availability_rate": 0.8155339805825242, "status": "充足", "lat": 25.15555245040476, "lon": 121.41234323980487}}, {"type": "Feature", "geometry": {"type": "Point", "coordinates": [121.45122218780165, 25.13034478466399]}, "properties": {"city": "NTPC", "parking_id": "230010", "name": "八里龍形平面停車場", "area": "八里區", "address": "新北市八里區龍米路1段與龍形一街交叉口", "service_time": "0~24時", "operator_type": "", "kind": "1", "total_car": 62, "available_car": 3, "availability_rate": 0.04838709677419355, "status": "緊張", "lat": 25.13034478466399, "lon": 121.45122218780165}}, {"type": "Feature", "geometry": {"type": "Point", "coordinates": [121.629650186948, 25.06836300161365]}, "properties": {"city": "NTPC", "parking_id": "110013", "name": "汐止區金龍市場地下停車場", "area": "汐止區", "address": "新北市汐止區中興路250號B1", "service_time": "0~24時", "operator_type": "", "kind": "1", "total_car": 45, "available_car": 21, "availability_rate": 0.4666666666666667, "status": "充足", "lat": 25.06836300161365, "lon": 121.629650186948}}, {"type": "Feature", "geometry": {"type": "Point", "coordinates": [121.48292563638567, 25.077909263207683]}, "properties": {"city": "NTPC", "parking_id": "020135", "name": "三重區力行地下停車場", "area": "三重區", "address": "新北市三重區永福街10巷8號B1~B3", "service_time": "0~24時", "operator_type": "", "kind": "1", "total_car": 216, "available_car": 31, "availability_rate": 0.14351851851851852, "status": "偏滿", "lat": 25.077909263207683, "lon": 121.48292563638567}}, {"type": "Feature", "geometry": {"type": "Point", "coordinates": [121.66125883318249, 25.074712132418554]}, "properties": {"city": "NTPC", "parking_id": "110083", "name": "汐止區星光橋南側平面停車場", "area": "汐止區", "address": "新北市汐止區建成路178巷旁", "service_time": "0~24時", "operator_type": "", "kind": "1", "total_car": 83, "available_car": 15, "availability_rate": 0.18072289156626506, "status": "偏滿", "lat": 25.074712132418554, "lon": 121.66125883318249}}, {"type": "Feature", "geometry": {"type": "Point", "coordinates": [121.48140075159245, 24.999134754742233]}, "properties": {"city": "NTPC", "parking_id": "030120", "name": "積穗國小地下停車場", "area": "中和區", "address": "新北市中和區員山路154號B1、B2", "service_time": "0~24時", "operator_type": "", "kind": "1", "total_car": 247, "available_car": 31, "availability_rate": 0.12550607287449392, "status": "偏滿", "lat": 24.999134754742233, "lon": 121.48140075159245}}, {"type": "Feature", "geometry": {"type": "Point", "coordinates": [121.45131967808604, 24.99975901049489]}, "properties": {"city": "NTPC", "parking_id": "010277", "name": "板橋台65高架橋下湳仔溝C區停車場", "area": "板橋區", "address": "新北市板橋區板城路179-1號對面空地", "service_time": "0~24時", "operator_type": "", "kind": "1", "total_car": 7, "available_car": 3, "availability_rate": 0.42857142857142855, "status": "充足", "lat": 24.99975901049489, "lon": 121.45131967808604}}, {"type": "Feature", "geometry": {"type": "Point", "coordinates": [121.54209300795797, 24.96700246699394]}, "properties": {"city": "NTPC", "parking_id": "060138", "name": "新店行政園區市政廳地下停車場", "area": "新店區", "address": "新北市新店區北新路1段86號B1/76~145、213~250、495~496、555~804號機車格、B3/398~502號及B4/244~255、269~303、316~322號汽車格(新店區行政段891地號)", "service_time": "0~24時", "operator_type": "", "kind": "1", "total_car": 157, "available_car": 1, "availability_rate": 0.006369426751592357, "status": "緊張", "lat": 24.96700246699394, "lon": 121.54209300795797}}, {"type": "Feature", "geometry": {"type": "Point", "coordinates": [121.78242319494957, 25.046701070389425]}, "properties": {"city": "NTPC", "parking_id": "240001", "name": "平溪停三停車場", "area": "平溪區", "address": "新北市平溪區南山坪136號對面空地", "service_time": "0~24時", "operator_type": "", "kind": "1", "total_car": 124, "available_car": 37, "availability_rate": 0.29838709677419356, "status": "偏滿", "lat": 25.046701070389425, "lon": 121.78242319494957}}, {"type": "Feature", "geometry": {"type": "Point", "coordinates": [121.45081600162618, 25.023254591137096]}, "properties": {"city": "NTPC", "parking_id": "010175", "name": "板橋區江翠水岸特區停四平面停車場", "area": "板橋區", "address": "新北市板橋區藝文一街與板城路交叉處", "service_time": "0~24時", "operator_type": "", "kind": "1", "total_car": 56, "available_car": 11, "availability_rate": 0.19642857142857142, "status": "偏滿", "lat": 25.023254591137096, "lon": 121.45081600162618}}, {"type": "Feature", "geometry": {"type": "Point", "coordinates": [121.47384057840608, 25.03334868142287]}, "properties": {"city": "NTPC", "parking_id": "010174", "name": "江翠國小地下停車場", "area": "板橋區", "address": "新北市板橋區文化路2段413號B1、B2", "service_time": "0~24時", "operator_type": "", "kind": "1", "total_car": 261, "available_car": 24, "availability_rate": 0.09195402298850575, "status": "緊張", "lat": 25.03334868142287, "lon": 121.47384057840608}}, {"type": "Feature", "geometry": {"type": "Point", "coordinates": [121.50052310408992, 25.0723221739122]}, "properties": {"city": "NTPC", "parking_id": "020206", "name": "三重區光榮國小地下停車場", "area": "三重區", "address": "新北市三重區介壽路32號B1、B2", "service_time": "0~24時", "operator_type": "", "kind": "1", "total_car": 572, "available_car": 68, "availability_rate": 0.11888111888111888, "status": "偏滿", "lat": 25.0723221739122, "lon": 121.50052310408992}}, {"type": "Feature", "geometry": {"type": "Point", "coordinates": [121.48995405947187, 25.058268195639492]}, "properties": {"city": "NTPC", "parking_id": "020004", "name": "三重區重新立體停車場", "area": "三重區", "address": "新北市三重區重安街1號", "service_time": "0~24時", "operator_type": "", "kind": "1", "total_car": 322, "available_car": 59, "availability_rate": 0.18322981366459629, "status": "偏滿", "lat": 25.058268195639492, "lon": 121.48995405947187}}, {"type": "Feature", "geometry": {"type": "Point", "coordinates": [121.41406410759564, 25.16021875628265]}, "properties": {"city": "NTPC", "parking_id": "230009", "name": "埤頭平面停車場", "area": "八里區", "address": "新北市八里區中山路一段268巷旁", "service_time": "0~24時", "operator_type": "", "kind": "1", "total_car": 70, "available_car": 0, "availability_rate": 0.0, "status": "滿車", "lat": 25.16021875628265, "lon": 121.41406410759564}}, {"type": "Feature", "geometry": {"type": "Point", "coordinates": [121.47968634437261, 25.07746384922874]}, "properties": {"city": "NTPC", "parking_id": "020073", "name": "三重區永福國小地下停車場", "area": "三重區", "address": "新北市三重區永福街66號B1、B2", "service_time": "0~24時", "operator_type": "", "kind": "1", "total_car": 210, "available_car": 4, "availability_rate": 0.01904761904761905, "status": "緊張", "lat": 25.07746384922874, "lon": 121.47968634437261}}, {"type": "Feature", "geometry": {"type": "Point", "coordinates": [121.50653492985496, 25.011027136618942]}, "properties": {"city": "NTPC", "parking_id": "040001", "name": "永和仁愛公園地下停車場", "area": "永和區", "address": "新北市永和區仁愛路244-1號B1、B2", "service_time": "0~24時", "operator_type": "", "kind": "1", "total_car": 645, "available_car": 53, "availability_rate": 0.08217054263565891, "status": "緊張", "lat": 25.011027136618942, "lon": 121.50653492985496}}, {"type": "Feature", "geometry": {"type": "Point", "coordinates": [121.46481911117128, 25.03203197655187]}, "properties": {"city": "NTPC", "parking_id": "010284", "name": "板橋區江翠段190地號平面停車場", "area": "板橋區", "address": "新北市板橋區長江路2段73號後方空地停車場", "service_time": "0~24時", "operator_type": "", "kind": "1", "total_car": 71, "available_car": 18, "availability_rate": 0.2535211267605634, "status": "偏滿", "lat": 25.03203197655187, "lon": 121.46481911117128}}, {"type": "Feature", "geometry": {"type": "Point", "coordinates": [121.52510291947856, 25.003184999772518]}, "properties": {"city": "NTPC", "parking_id": "110064", "name": "永和國民運動中心地下停車場", "area": "永和區", "address": "新北市永和區永利路250號B1~B3", "service_time": "0~24時", "operator_type": "", "kind": "1", "total_car": 288, "available_car": 0, "availability_rate": 0.0, "status": "滿車", "lat": 25.003184999772518, "lon": 121.52510291947856}}, {"type": "Feature", "geometry": {"type": "Point", "coordinates": [121.46994781563151, 25.08418481647507]}, "properties": {"city": "NTPC", "parking_id": "140021", "name": "蘆洲區蘆洲國小地下停車場", "area": "蘆洲區", "address": "新北市蘆洲區中正路100號B1~B2", "service_time": "0~24時", "operator_type": "", "kind": "1", "total_car": 254, "available_car": 69, "availability_rate": 0.27165354330708663, "status": "偏滿", "lat": 25.08418481647507, "lon": 121.46994781563151}}, {"type": "Feature", "geometry": {"type": "Point", "coordinates": [121.45720846473196, 25.081890849927444]}, "properties": {"city": "NTPC", "parking_id": "140041", "name": "蘆洲區鴨母港抽水站平面停車場", "area": "蘆洲區", "address": "新北市蘆洲區永安南路與環堤大道交叉處及永安南路與長安街223巷交叉處", "service_time": "0~24時", "operator_type": "", "kind": "1", "total_car": 93, "available_car": 0, "availability_rate": 0.0, "status": "滿車", "lat": 25.081890849927444, "lon": 121.45720846473196}}, {"type": "Feature", "geometry": {"type": "Point", "coordinates": [121.36445441545511, 25.071061022538178]}, "properties": {"city": "NTPC", "parking_id": "170039", "name": "MITSUI  OUTLET  PARK  收費停車場", "area": "林口區", "address": "新北市林口區文化三路1段356號", "service_time": "0~24時", "operator_type": "", "kind": "1", "total_car": 2000, "available_car": 530, "availability_rate": 0.265, "status": "偏滿", "lat": 25.071061022538178, "lon": 121.36445441545511}}, {"type": "Feature", "geometry": {"type": "Point", "coordinates": [121.5131585556827, 24.98991016102682]}, "properties": {"city": "NTPC", "parking_id": "030126", "name": "中和景新立體停車場", "area": "中和區", "address": "新北市中和區景新街399巷12號", "service_time": "0~24時", "operator_type": "", "kind": "1", "total_car": 192, "available_car": 4, "availability_rate": 0.020833333333333332, "status": "緊張", "lat": 24.98991016102682, "lon": 121.5131585556827}}, {"type": "Feature", "geometry": {"type": "Point", "coordinates": [121.65714844456005, 25.06418126800285]}, "properties": {"city": "NTPC", "parking_id": "110001", "name": "汐止智興立體停車場", "area": "汐止區", "address": "新北市汐止區忠孝東路1號", "service_time": "0~24時", "operator_type": "", "kind": "1", "total_car": 404, "available_car": 123, "availability_rate": 0.30445544554455445, "status": "充足", "lat": 25.06418126800285, "lon": 121.65714844456005}}, {"type": "Feature", "geometry": {"type": "Point", "coordinates": [121.44745767254145, 25.039831422745888]}, "properties": {"city": "NTPC", "parking_id": "050072", "name": "新莊國民運動中心停車場", "area": "新莊區", "address": "新北市新莊區公園路11號1樓及B2、B3", "service_time": "0~24時", "operator_type": "", "kind": "1", "total_car": 344, "available_car": 135, "availability_rate": 0.39244186046511625, "status": "充足", "lat": 25.039831422745888, "lon": 121.44745767254145}}, {"type": "Feature", "geometry": {"type": "Point", "coordinates": [121.54620761659089, 24.975866617704238]}, "properties": {"city": "NTPC", "parking_id": "060038", "name": "家樂福新店城室內停車場", "area": "新店區", "address": "新北市新店區中興路三段1號B1、B2", "service_time": "0~24時", "operator_type": "", "kind": "1", "total_car": 487, "available_car": 174, "availability_rate": 0.35728952772073924, "status": "充足", "lat": 24.975866617704238, "lon": 121.54620761659089}}, {"type": "Feature", "geometry": {"type": "Point", "coordinates": [121.45892081364525, 25.15367212796751]}, "properties": {"city": "NTPC", "parking_id": "100009", "name": "嘟嘟房捷運紅樹林站停車場", "area": "淡水區", "address": "新北市淡水區中正東路2段68號", "service_time": "0~24時", "operator_type": "", "kind": "1", "total_car": 215, "available_car": 0, "availability_rate": 0.0, "status": "滿車", "lat": 25.15367212796751, "lon": 121.45892081364525}}, {"type": "Feature", "geometry": {"type": "Point", "coordinates": [121.46571630577647, 25.091136238979143]}, "properties": {"city": "NTPC", "parking_id": "140015", "name": "嘟嘟房捷運蘆洲站停車場", "area": "蘆洲區", "address": "新北市蘆洲區三民路386號B1", "service_time": "0~24時", "operator_type": "", "kind": "1", "total_car": 54, "available_car": 13, "availability_rate": 0.24074074074074073, "status": "偏滿", "lat": 25.091136238979143, "lon": 121.46571630577647}}, {"type": "Feature", "geometry": {"type": "Point", "coordinates": [121.46006455907605, 25.061749343495958]}, "properties": {"city": "NTPC", "parking_id": "050132", "name": "A3新北產業園區站停車場", "area": "新莊區", "address": "新北市新莊區五工路37號", "service_time": "0~24時", "operator_type": "", "kind": "1", "total_car": 68, "available_car": 0, "availability_rate": 0.0, "status": "滿車", "lat": 25.061749343495958, "lon": 121.46006455907605}}, {"type": "Feature", "geometry": {"type": "Point", "coordinates": [121.44611358197265, 25.059462652820198]}, "properties": {"city": "NTPC", "parking_id": "050131", "name": "A4新莊副都心站停車場", "area": "新莊區", "address": "新北市新莊區新北大道4段188號", "service_time": "0~24時", "operator_type": "", "kind": "1", "total_car": 19, "available_car": 7, "availability_rate": 0.3684210526315789, "status": "充足", "lat": 25.059462652820198, "lon": 121.44611358197265}}, {"type": "Feature", "geometry": {"type": "Point", "coordinates": [121.43962739093004, 25.05303590202757]}, "properties": {"city": "NTPC", "parking_id": "160017", "name": "A5泰山站停車場", "area": "泰山區", "address": "新北市泰山區新北大道4段431號", "service_time": "0~24時", "operator_type": "", "kind": "1", "total_car": 14, "available_car": 1, "availability_rate": 0.07142857142857142, "status": "緊張", "lat": 25.05303590202757, "lon": 121.43962739093004}}, {"type": "Feature", "geometry": {"type": "Point", "coordinates": [121.4225040800572, 25.03332292901507]}, "properties": {"city": "NTPC", "parking_id": "160018", "name": "A6泰山貴和站停車場", "area": "泰山區", "address": "新北市泰山區新北大道6段460號", "service_time": "0~24時", "operator_type": "", "kind": "1", "total_car": 28, "available_car": 4, "availability_rate": 0.14285714285714285, "status": "偏滿", "lat": 25.03332292901507, "lon": 121.4225040800572}}, {"type": "Feature", "geometry": {"type": "Point", "coordinates": [121.36154584664293, 25.06624708463172]}, "properties": {"city": "NTPC", "parking_id": "170052", "name": "A9林口站停車場", "area": "林口區", "address": "新北市林口區八德路290號", "service_time": "0~24時", "operator_type": "", "kind": "1", "total_car": 14, "available_car": 0, "availability_rate": 0.0, "status": "滿車", "lat": 25.06624708463172, "lon": 121.36154584664293}}, {"type": "Feature", "geometry": {"type": "Point", "coordinates": [121.4604833394939, 25.01198488547733]}, "properties": {"city": "NTPC", "parking_id": "010009", "name": "民權立體停車場", "area": "板橋區", "address": "新北市板橋區民權路89號", "service_time": "0~24時", "operator_type": "", "kind": "1", "total_car": 180, "available_car": 1, "availability_rate": 0.005555555555555556, "status": "緊張", "lat": 25.01198488547733, "lon": 121.4604833394939}}, {"type": "Feature", "geometry": {"type": "Point", "coordinates": [121.44982328933625, 25.05914992280008]}, "properties": {"city": "NTPC", "parking_id": "050189", "name": "新北宏匯公共停車場", "area": "新莊區", "address": "新北市新莊區新北大道4段3號B2~B3及B4/731~736、811~979號(856號現場無劃設)車格", "service_time": "0~24時", "operator_type": "", "kind": "1", "total_car": 456, "available_car": 1187, "availability_rate": 2.6030701754385963, "status": "充足", "lat": 25.05914992280008, "lon": 121.44982328933625}}, {"type": "Feature", "geometry": {"type": "Point", "coordinates": [121.48297931672658, 25.061518589353835]}, "properties": {"city": "NTPC", "parking_id": "020011", "name": "三重區中山高架橋下(中山段)平面停車場", "area": "三重區", "address": "新北市三重區中山高架橋下方橋墩編號P35至P51", "service_time": "0~24時", "operator_type": "", "kind": "1", "total_car": 144, "available_car": 0, "availability_rate": 0.0, "status": "滿車", "lat": 25.061518589353835, "lon": 121.48297931672658}}, {"type": "Feature", "geometry": {"type": "Point", "coordinates": [121.5042235098978, 25.0696815797137]}, "properties": {"city": "NTPC", "parking_id": "020020", "name": "三重區環河快速高架橋下平面停車場", "area": "三重區", "address": "新北市三重區河邊北街70號對面，位於環河北路近開元公園至環河北路128巷", "service_time": "0~24時", "operator_type": "", "kind": "1", "total_car": 128, "available_car": 0, "availability_rate": 0.0, "status": "滿車", "lat": 25.0696815797137, "lon": 121.5042235098978}}, {"type": "Feature", "geometry": {"type": "Point", "coordinates": [121.53953564603873, 24.957423839741423]}, "properties": {"city": "NTPC", "parking_id": "060016", "name": "新店區廣明平面停車場", "area": "新店區", "address": "新北市新店區北宜路1段39巷32號旁", "service_time": "0~24時", "operator_type": "", "kind": "1", "total_car": 37, "available_car": 0, "availability_rate": 0.0, "status": "滿車", "lat": 24.957423839741423, "lon": 121.53953564603873}}, {"type": "Feature", "geometry": {"type": "Point", "coordinates": [121.54290327594009, 24.96883674530859]}, "properties": {"city": "NTPC", "parking_id": "060003", "name": "新店北新公有停車場", "area": "新店區", "address": "新北市新店區北新路1段92號B1、B2", "service_time": "0~24時", "operator_type": "", "kind": "1", "total_car": 368, "available_car": 27, "availability_rate": 0.07336956521739131, "status": "緊張", "lat": 24.96883674530859, "lon": 121.54290327594009}}, {"type": "Feature", "geometry": {"type": "Point", "coordinates": [121.46151599998234, 25.137984999009937]}, "properties": {"city": "NTPC", "parking_id": "010181", "name": "淡水民生立體停車場", "area": "淡水區", "address": "新北市淡水區民生路27-1號", "service_time": "0~24時", "operator_type": "", "kind": "1", "total_car": 134, "available_car": 38, "availability_rate": 0.2835820895522388, "status": "偏滿", "lat": 25.137984999009937, "lon": 121.46151599998234}}, {"type": "Feature", "geometry": {"type": "Point", "coordinates": [121.48012929016605, 25.028320588413084]}, "properties": {"city": "NTPC", "parking_id": "010243", "name": "音樂公園地下停車場", "area": "板橋區", "address": "新北市板橋區大同街76號B1~B3", "service_time": "0~24時", "operator_type": "", "kind": "1", "total_car": 511, "available_car": 84, "availability_rate": 0.1643835616438356, "status": "偏滿", "lat": 25.028320588413084, "lon": 121.48012929016605}}, {"type": "Feature", "geometry": {"type": "Point", "coordinates": [121.45224050987834, 25.024243363400906]}, "properties": {"city": "NTPC", "parking_id": "010021", "name": "435藝文特區平面停車場", "area": "板橋區", "address": "新北市板橋區環河西路5段502號", "service_time": "0~24時", "operator_type": "", "kind": "1", "total_car": 10, "available_car": 0, "availability_rate": 0.0, "status": "滿車", "lat": 25.024243363400906, "lon": 121.45224050987834}}, {"type": "Feature", "geometry": {"type": "Point", "coordinates": [121.43800277276412, 24.995183591988894]}, "properties": {"city": "NTPC", "parking_id": "010027", "name": "板橋區浮洲橋下平面停車場", "area": "板橋區", "address": "新北市板橋區大觀路3段8-1號後方", "service_time": "0~24時", "operator_type": "", "kind": "1", "total_car": 30, "available_car": 0, "availability_rate": 0.0, "status": "滿車", "lat": 24.995183591988894, "lon": 121.43800277276412}}, {"type": "Feature", "geometry": {"type": "Point", "coordinates": [121.42781106795464, 24.985711032842257]}, "properties": {"city": "NTPC", "parking_id": "010016", "name": "板橋區溪洲公園平面停車場", "area": "板橋區", "address": "新北市板橋區滿平街84巷102號對面", "service_time": "0~24時", "operator_type": "", "kind": "1", "total_car": 59, "available_car": 14, "availability_rate": 0.23728813559322035, "status": "偏滿", "lat": 24.985711032842257, "lon": 121.42781106795464}}, {"type": "Feature", "geometry": {"type": "Point", "coordinates": [121.42933665692414, 24.992879569528785]}, "properties": {"city": "NTPC", "parking_id": "010015", "name": "板橋區崑崙公園停車場", "area": "板橋區", "address": "新北市板橋區大觀路3段160巷31弄5號對面", "service_time": "0~24時", "operator_type": "", "kind": "1", "total_car": 59, "available_car": 6, "availability_rate": 0.1016949152542373, "status": "偏滿", "lat": 24.992879569528785, "lon": 121.42933665692414}}, {"type": "Feature", "geometry": {"type": "Point", "coordinates": [121.48865517063699, 24.993080281942703]}, "properties": {"city": "NTPC", "parking_id": "030089", "name": "中和國民運動中心停車場", "area": "中和區", "address": "新北市中和區錦和路350之2號1樓、B1", "service_time": "0~24時", "operator_type": "", "kind": "1", "total_car": 83, "available_car": 23, "availability_rate": 0.27710843373493976, "status": "偏滿", "lat": 24.993080281942703, "lon": 121.48865517063699}}, {"type": "Feature", "geometry": {"type": "Point", "coordinates": [121.45096717599654, 24.98840530127157]}, "properties": {"city": "NTPC", "parking_id": "130071", "name": "學成公園地下停車場", "area": "土城區", "address": "新北市土城區學成路81號B1~B3", "service_time": "0~24時", "operator_type": "", "kind": "1", "total_car": 179, "available_car": 43, "availability_rate": 0.24022346368715083, "status": "偏滿", "lat": 24.98840530127157, "lon": 121.45096717599654}}, {"type": "Feature", "geometry": {"type": "Point", "coordinates": [121.44298699990617, 24.9788049993601]}, "properties": {"city": "NTPC", "parking_id": "130072", "name": "員和公園地下停車場", "area": "土城區", "address": "新北市土城區中央路2段59號B1", "service_time": "0~24時", "operator_type": "", "kind": "1", "total_car": 53, "available_car": 5, "availability_rate": 0.09433962264150944, "status": "緊張", "lat": 24.9788049993601, "lon": 121.44298699990617}}, {"type": "Feature", "geometry": {"type": "Point", "coordinates": [121.51089461287962, 24.959583263729368]}, "properties": {"city": "NTPC", "parking_id": "060018", "name": "新北市青少年圖書館地下平面停車場", "area": "新店區", "address": "新北市新店區安康路2段151號B1、B2汽車格及B1/4~38、53、54號機車格", "service_time": "0~24時", "operator_type": "", "kind": "1", "total_car": 62, "available_car": 12, "availability_rate": 0.1935483870967742, "status": "偏滿", "lat": 24.959583263729368, "lon": 121.51089461287962}}, {"type": "Feature", "geometry": {"type": "Point", "coordinates": [121.47427715692464, 25.003581444562165]}, "properties": {"city": "NTPC", "parking_id": "030008", "name": "中和民享市場地下停車場", "area": "中和區", "address": "新北市中和區民享街37號B1", "service_time": "0~24時", "operator_type": "", "kind": "1", "total_car": 55, "available_car": 0, "availability_rate": 0.0, "status": "滿車", "lat": 25.003581444562165, "lon": 121.47427715692464}}, {"type": "Feature", "geometry": {"type": "Point", "coordinates": [121.45524396162261, 25.025895378936205]}, "properties": {"city": "NTPC", "parking_id": "010012", "name": "玫瑰公園平面停車場", "area": "板橋區", "address": "新北市板橋區中正路437號及綠堤街41號對面", "service_time": "0~24時", "operator_type": "", "kind": "1", "total_car": 45, "available_car": 13, "availability_rate": 0.28888888888888886, "status": "偏滿", "lat": 25.025895378936205, "lon": 121.45524396162261}}, {"type": "Feature", "geometry": {"type": "Point", "coordinates": [121.45333282366784, 25.020840929395177]}, "properties": {"city": "NTPC", "parking_id": "010003", "name": "國光公園平面停車場", "area": "板橋區", "address": "新北市板橋區中正路375巷48號左右兩旁", "service_time": "0~24時", "operator_type": "", "kind": "1", "total_car": 35, "available_car": 2, "availability_rate": 0.05714285714285714, "status": "緊張", "lat": 25.020840929395177, "lon": 121.45333282366784}}, {"type": "Feature", "geometry": {"type": "Point", "coordinates": [121.46369765297626, 24.992000029555676]}, "properties": {"city": "NTPC", "parking_id": "010002", "name": "廣福公園平面停車場", "area": "板橋區", "address": "新北市板橋區廣權路60號/公園入口旁", "service_time": "0~24時", "operator_type": "", "kind": "1", "total_car": 41, "available_car": 24, "availability_rate": 0.5853658536585366, "status": "充足", "lat": 24.992000029555676, "lon": 121.46369765297626}}, {"type": "Feature", "geometry": {"type": "Point", "coordinates": [121.47137444083891, 25.026942024265615]}, "properties": {"city": "NTPC", "parking_id": "010026", "name": "雙十廣場平面停車場", "area": "板橋區", "address": "新北市板橋區文化路2段182巷7弄旁停車場", "service_time": "0~24時", "operator_type": "", "kind": "1", "total_car": 70, "available_car": 2, "availability_rate": 0.02857142857142857, "status": "緊張", "lat": 25.026942024265615, "lon": 121.47137444083891}}, {"type": "Feature", "geometry": {"type": "Point", "coordinates": [121.43555355190215, 25.15703792289329]}, "properties": {"city": "NTPC", "parking_id": "230008", "name": "八里區渡船頭平面停車場", "area": "八里區", "address": "新北市八里區龍米路2段156號對面", "service_time": "0~24時", "operator_type": "", "kind": "1", "total_car": 123, "available_car": 0, "availability_rate": 0.0, "status": "滿車", "lat": 25.15703792289329, "lon": 121.43555355190215}}, {"type": "Feature", "geometry": {"type": "Point", "coordinates": [121.43607010917265, 25.157528429944513]}, "properties": {"city": "NTPC", "parking_id": "230018", "name": "八里區龍米平面停車場", "area": "八里區", "address": "新北市八里區龍米路2段150號旁", "service_time": "0~24時", "operator_type": "", "kind": "1", "total_car": 167, "available_car": 1, "availability_rate": 0.005988023952095809, "status": "緊張", "lat": 25.157528429944513, "lon": 121.43607010917265}}, {"type": "Feature", "geometry": {"type": "Point", "coordinates": [121.37871723774788, 24.945349948772453]}, "properties": {"city": "NTPC", "parking_id": "070015", "name": "臺北大學特定區停一平面停車場", "area": "樹林區", "address": "新北市樹林區學成路481號旁空地", "service_time": "0~24時", "operator_type": "", "kind": "1", "total_car": 116, "available_car": 0, "availability_rate": 0.0, "status": "滿車", "lat": 24.945349948772453, "lon": 121.37871723774788}}, {"type": "Feature", "geometry": {"type": "Point", "coordinates": [121.47699327451407, 25.085972467104234]}, "properties": {"city": "NTPC", "parking_id": "140002", "name": "蘆洲區鷺江立體停車場", "area": "蘆洲區", "address": "新北市蘆洲區民權路26號", "service_time": "0~24時", "operator_type": "", "kind": "1", "total_car": 456, "available_car": 98, "availability_rate": 0.2149122807017544, "status": "偏滿", "lat": 25.085972467104234, "lon": 121.47699327451407}}, {"type": "Feature", "geometry": {"type": "Point", "coordinates": [121.42352228767136, 24.99014262189255]}, "properties": {"city": "NTPC", "parking_id": "070012", "name": "樹林區第七立體停車場", "area": "樹林區", "address": "新北市樹林區復興路202號", "service_time": "0~24時", "operator_type": "", "kind": "1", "total_car": 50, "available_car": 10, "availability_rate": 0.2, "status": "偏滿", "lat": 24.99014262189255, "lon": 121.42352228767136}}, {"type": "Feature", "geometry": {"type": "Point", "coordinates": [121.42428495758807, 24.99733143448296]}, "properties": {"city": "NTPC", "parking_id": "070004", "name": "樹林區第六平面停車場", "area": "樹林區", "address": "新北市樹林區潭興街文林國小旁", "service_time": "0~24時", "operator_type": "", "kind": "1", "total_car": 42, "available_car": 0, "availability_rate": 0.0, "status": "滿車", "lat": 24.99733143448296, "lon": 121.42428495758807}}, {"type": "Feature", "geometry": {"type": "Point", "coordinates": [121.42080629032911, 24.986710568169645]}, "properties": {"city": "NTPC", "parking_id": "070013", "name": "樹林區第十三平面停車場", "area": "樹林區", "address": "新北市樹林區中山路1段與文化街交叉路口", "service_time": "0~24時", "operator_type": "", "kind": "1", "total_car": 16, "available_car": 3, "availability_rate": 0.1875, "status": "偏滿", "lat": 24.986710568169645, "lon": 121.42080629032911}}, {"type": "Feature", "geometry": {"type": "Point", "coordinates": [121.4494520070936, 25.06007372192951]}, "properties": {"city": "NTPC", "parking_id": "050190", "name": "宏匯廣場停車場", "area": "新莊區", "address": "新北市新莊區新北大道4段3號B1、B4/737~810號車格及B5~B7", "service_time": "0~24時", "operator_type": "", "kind": "1", "total_car": 806, "available_car": 121, "availability_rate": 0.1501240694789082, "status": "偏滿", "lat": 25.06007372192951, "lon": 121.4494520070936}}, {"type": "Feature", "geometry": {"type": "Point", "coordinates": [121.45406753373305, 25.023939864427277]}, "properties": {"city": "NTPC", "parking_id": "010046", "name": "板橋國中地下停車場", "area": "板橋區", "address": "新北市板橋區中正路437號B1", "service_time": "0~24時", "operator_type": "", "kind": "1", "total_car": 100, "available_car": 4, "availability_rate": 0.04, "status": "緊張", "lat": 25.023939864427277, "lon": 121.45406753373305}}, {"type": "Feature", "geometry": {"type": "Point", "coordinates": [121.3880185167002, 25.08434491586689]}, "properties": {"city": "NTPC", "parking_id": "170001", "name": "林口區停一平面停車場", "area": "林口區", "address": "新北市林口區竹林路與竹林一路交叉口", "service_time": "0~24時", "operator_type": "", "kind": "1", "total_car": 56, "available_car": 52, "availability_rate": 0.9285714285714286, "status": "充足", "lat": 25.08434491586689, "lon": 121.3880185167002}}, {"type": "Feature", "geometry": {"type": "Point", "coordinates": [121.38969092440672, 25.081839736840266]}, "properties": {"city": "NTPC", "parking_id": "170002", "name": "林口區停二平面停車場", "area": "林口區", "address": "新北市林口區竹林路124巷與竹林路281巷交叉口", "service_time": "0~24時", "operator_type": "", "kind": "1", "total_car": 84, "available_car": 58, "availability_rate": 0.6904761904761905, "status": "充足", "lat": 25.081839736840266, "lon": 121.38969092440672}}, {"type": "Feature", "geometry": {"type": "Point", "coordinates": [121.38918044503237, 25.078721850274686]}, "properties": {"city": "NTPC", "parking_id": "170009", "name": "林口區停三立體停車場", "area": "林口區", "address": "新北市林口區中山路99號", "service_time": "0~24時", "operator_type": "", "kind": "1", "total_car": 141, "available_car": 63, "availability_rate": 0.44680851063829785, "status": "充足", "lat": 25.078721850274686, "lon": 121.38918044503237}}, {"type": "Feature", "geometry": {"type": "Point", "coordinates": [121.39008148898036, 25.07682808679805]}, "properties": {"city": "NTPC", "parking_id": "170004", "name": "林口區停四平面停車場", "area": "林口區", "address": "新北市林口區仁愛路1段與興林路交叉口", "service_time": "0~24時", "operator_type": "", "kind": "1", "total_car": 54, "available_car": 27, "availability_rate": 0.5, "status": "充足", "lat": 25.07682808679805, "lon": 121.39008148898036}}, {"type": "Feature", "geometry": {"type": "Point", "coordinates": [121.3937338804298, 25.078217806617722]}, "properties": {"city": "NTPC", "parking_id": "170008", "name": "林口區停五平面停車場", "area": "林口區", "address": "新北市林口區中山路71號", "service_time": "0~24時", "operator_type": "", "kind": "1", "total_car": 43, "available_car": 11, "availability_rate": 0.2558139534883721, "status": "偏滿", "lat": 25.078217806617722, "lon": 121.3937338804298}}, {"type": "Feature", "geometry": {"type": "Point", "coordinates": [121.39543687147504, 25.07603749500919]}, "properties": {"city": "NTPC", "parking_id": "170007", "name": "林口區停七平面停車場", "area": "林口區", "address": "新北市林口區仁愛路1段與中正路57巷交叉口東側", "service_time": "0~24時", "operator_type": "", "kind": "1", "total_car": 38, "available_car": 7, "availability_rate": 0.18421052631578946, "status": "偏滿", "lat": 25.07603749500919, "lon": 121.39543687147504}}, {"type": "Feature", "geometry": {"type": "Point", "coordinates": [121.39394899994697, 25.077194999073313]}, "properties": {"city": "NTPC", "parking_id": "170060", "name": "林口區行政段226地號平面停車場", "area": "林口區", "address": "新北市林口區中正路102號對面", "service_time": "0~24時", "operator_type": "", "kind": "1", "total_car": 67, "available_car": 26, "availability_rate": 0.3880597014925373, "status": "充足", "lat": 25.077194999073313, "lon": 121.39394899994697}}, {"type": "Feature", "geometry": {"type": "Point", "coordinates": [121.43939102790165, 25.083186036906604]}, "properties": {"city": "NTPC", "parking_id": "150010", "name": "五股區工商立體停車場", "area": "五股區", "address": "新北市五股區工商路3號B1、2F~5F、8F及頂樓", "service_time": "0~24時", "operator_type": "", "kind": "1", "total_car": 308, "available_car": 0, "availability_rate": 0.0, "status": "滿車", "lat": 25.083186036906604, "lon": 121.43939102790165}}, {"type": "Feature", "geometry": {"type": "Point", "coordinates": [121.44792617965055, 25.100814956401017]}, "properties": {"city": "NTPC", "parking_id": "150011", "name": "五股區成州平面停車場", "area": "五股區", "address": "新北市五股區凌雲路1段149巷61號後方", "service_time": "0~24時", "operator_type": "", "kind": "1", "total_car": 40, "available_car": 7, "availability_rate": 0.175, "status": "偏滿", "lat": 25.100814956401017, "lon": 121.44792617965055}}, {"type": "Feature", "geometry": {"type": "Point", "coordinates": [121.41628990003936, 25.052107336531623]}, "properties": {"city": "NTPC", "parking_id": "160045", "name": "泰山區南林段平面停車場", "area": "泰山區", "address": "新北市泰山區南林路77號旁", "service_time": "0~24時", "operator_type": "", "kind": "1", "total_car": 80, "available_car": 70, "availability_rate": 0.875, "status": "充足", "lat": 25.052107336531623, "lon": 121.41628990003936}}, {"type": "Feature", "geometry": {"type": "Point", "coordinates": [121.37076769330905, 24.935079844711918]}, "properties": {"city": "NTPC", "parking_id": "090025", "name": "三峽區三峽公有零售市場所屬停車場", "area": "三峽區", "address": "新北市三峽區民生街186號B1、B2", "service_time": "0~24時", "operator_type": "", "kind": "1", "total_car": 92, "available_car": 0, "availability_rate": 0.0, "status": "滿車", "lat": 24.935079844711918, "lon": 121.37076769330905}}, {"type": "Feature", "geometry": {"type": "Point", "coordinates": [121.7789075701081, 294.8227225775614]}, "properties": {"city": "NTPC", "parking_id": "170115", "name": "林口區林口轉運站平面停車場", "area": "林口區", "address": "新北市林口區文化三路1段2號旁", "service_time": "0~24時", "operator_type": "", "kind": "1", "total_car": 50, "available_car": 15, "availability_rate": 0.3, "status": "偏滿", "lat": 294.8227225775614, "lon": 121.7789075701081}}, {"type": "Feature", "geometry": {"type": "Point", "coordinates": [121.53645346330079, 24.985444841769393]}, "properties": {"city": "NTPC", "parking_id": "060034", "name": "新店慈濟醫院第一停車場", "area": "新店區", "address": "新北市新店區建國路289號1F、B1、B2", "service_time": "0~24時", "operator_type": "", "kind": "1", "total_car": 310, "available_car": 216, "availability_rate": 0.6967741935483871, "status": "充足", "lat": 24.985444841769393, "lon": 121.53645346330079}}, {"type": "Feature", "geometry": {"type": "Point", "coordinates": [121.43114029434696, 24.99990101915625]}, "properties": {"city": "NTPC", "parking_id": "050229", "name": "新莊樹新地下停車場", "area": "新莊區", "address": "新北市新莊區樹新路200號B1/703~748號車格位", "service_time": "0~24時", "operator_type": "", "kind": "1", "total_car": 46, "available_car": 14, "availability_rate": 0.30434782608695654, "status": "充足", "lat": 24.99990101915625, "lon": 121.43114029434696}}, {"type": "Feature", "geometry": {"type": "Point", "coordinates": [121.39487687356934, 25.076061556203122]}, "properties": {"city": "NTPC", "parking_id": "170006", "name": "林口區停六平面停車場", "area": "林口區", "address": "新北市林口區仁愛路1段及中正路57巷交叉口西側", "service_time": "0~24時", "operator_type": "", "kind": "1", "total_car": 36, "available_car": 4, "availability_rate": 0.1111111111111111, "status": "偏滿", "lat": 25.076061556203122, "lon": 121.39487687356934}}, {"type": "Feature", "geometry": {"type": "Point", "coordinates": [121.48143004339533, 25.05058606645859]}, "properties": {"city": "NTPC", "parking_id": "020079", "name": "觀光市集北側區停車場", "area": "三重區", "address": "新北市三重區重新橋北側/新莊堤外道路及疏洪十六路交叉口", "service_time": "0~24時", "operator_type": "", "kind": "1", "total_car": 263, "available_car": 145, "availability_rate": 0.5513307984790875, "status": "充足", "lat": 25.05058606645859, "lon": 121.48143004339533}}, {"type": "Feature", "geometry": {"type": "Point", "coordinates": [121.48181583282117, 25.05039973924201]}, "properties": {"city": "NTPC", "parking_id": "020060", "name": "幸福水漾公園區停車場", "area": "三重區", "address": "新北市三重區重新橋北側自行車道與疏洪十六路交叉口", "service_time": "0~24時", "operator_type": "", "kind": "1", "total_car": 177, "available_car": 44, "availability_rate": 0.24858757062146894, "status": "偏滿", "lat": 25.05039973924201, "lon": 121.48181583282117}}, {"type": "Feature", "geometry": {"type": "Point", "coordinates": [121.4771969717176, 25.06179458481548]}, "properties": {"city": "NTPC", "parking_id": "020127", "name": "萬善同停車場", "area": "三重區", "address": "新北市三重區大臺北公園中山橋下北側萬善同旁", "service_time": "0~24時", "operator_type": "", "kind": "1", "total_car": 93, "available_car": 6, "availability_rate": 0.06451612903225806, "status": "緊張", "lat": 25.06179458481548, "lon": 121.4771969717176}}, {"type": "Feature", "geometry": {"type": "Point", "coordinates": [121.47715546510146, 25.059266848223977]}, "properties": {"city": "NTPC", "parking_id": "020126", "name": "樂遊天地停車場", "area": "三重區", "address": "新北市三重區疏洪十二路與疏洪五路1段交叉口", "service_time": "0~24時", "operator_type": "", "kind": "1", "total_car": 185, "available_car": 38, "availability_rate": 0.20540540540540542, "status": "偏滿", "lat": 25.059266848223977, "lon": 121.47715546510146}}, {"type": "Feature", "geometry": {"type": "Point", "coordinates": [121.47241304166835, 25.062676579741677]}, "properties": {"city": "NTPC", "parking_id": "020067", "name": "疏洪籃球場區停車場", "area": "三重區", "address": "新北市三重區疏洪十二路及東西向快速公路八里新店線交叉口", "service_time": "0~24時", "operator_type": "", "kind": "1", "total_car": 75, "available_car": 26, "availability_rate": 0.3466666666666667, "status": "充足", "lat": 25.062676579741677, "lon": 121.47241304166835}}, {"type": "Feature", "geometry": {"type": "Point", "coordinates": [121.45880600075212, 25.07113319446047]}, "properties": {"city": "NTPC", "parking_id": "020081", "name": "疏洪壘球場區停車場", "area": "五股區", "address": "新北市五股區疏洪一路與疏洪八路交叉口", "service_time": "0~24時", "operator_type": "", "kind": "1", "total_car": 59, "available_car": 12, "availability_rate": 0.2033898305084746, "status": "偏滿", "lat": 25.07113319446047, "lon": 121.45880600075212}}, {"type": "Feature", "geometry": {"type": "Point", "coordinates": [121.46024307841039, 25.07265475087149]}, "properties": {"city": "NTPC", "parking_id": "150029", "name": "木槌球場區停車場", "area": "五股區", "address": "新北市五股區六號越堤道及疏洪八路交叉口", "service_time": "0~24時", "operator_type": "", "kind": "1", "total_car": 47, "available_car": 24, "availability_rate": 0.5106382978723404, "status": "充足", "lat": 25.07265475087149, "lon": 121.46024307841039}}, {"type": "Feature", "geometry": {"type": "Point", "coordinates": [121.45594563608536, 25.079782159610936]}, "properties": {"city": "NTPC", "parking_id": "150017", "name": "追風廣場區停車場", "area": "五股區", "address": "新北市五股區疏洪一路，追風直排輪競速場旁", "service_time": "0~24時", "operator_type": "", "kind": "1", "total_car": 85, "available_car": 45, "availability_rate": 0.5294117647058824, "status": "充足", "lat": 25.079782159610936, "lon": 121.45594563608536}}, {"type": "Feature", "geometry": {"type": "Point", "coordinates": [121.45714954378359, 25.098051309055656]}, "properties": {"city": "NTPC", "parking_id": "150020", "name": "五股溼地區停車場", "area": "五股區", "address": "新北市五股區成蘆橋下近荒野協會辦公室", "service_time": "0~24時", "operator_type": "", "kind": "1", "total_car": 82, "available_car": 1, "availability_rate": 0.012195121951219513, "status": "緊張", "lat": 25.098051309055656, "lon": 121.45714954378359}}, {"type": "Feature", "geometry": {"type": "Point", "coordinates": [121.4558837936101, 25.10857290943587]}, "properties": {"city": "NTPC", "parking_id": "150022", "name": "集福里區停車場", "area": "五股區", "address": "新北市五股區成泰路4段22巷29之6號對面高灘地河濱公園", "service_time": "0~24時", "operator_type": "", "kind": "1", "total_car": 67, "available_car": 13, "availability_rate": 0.19402985074626866, "status": "偏滿", "lat": 25.10857290943587, "lon": 121.4558837936101}}, {"type": "Feature", "geometry": {"type": "Point", "coordinates": [121.71033212501682, 24.935500460189953]}, "properties": {"city": "NTPC", "parking_id": "200001", "name": "水柳腳立體停車場", "area": "坪林區", "address": "新北市坪林區水柳腳34號之1", "service_time": "0~24時", "operator_type": "", "kind": "1", "total_car": 98, "available_car": 22, "availability_rate": 0.22448979591836735, "status": "偏滿", "lat": 24.935500460189953, "lon": 121.71033212501682}}, {"type": "Feature", "geometry": {"type": "Point", "coordinates": [121.53855214877706, 24.977194563797642]}, "properties": {"city": "NTPC", "parking_id": "060001", "name": "大豐地下停車場", "area": "新店區", "address": "新北市新店區民族路109號B1、B2", "service_time": "0~24時", "operator_type": "", "kind": "1", "total_car": 198, "available_car": 15, "availability_rate": 0.07575757575757576, "status": "緊張", "lat": 24.977194563797642, "lon": 121.53855214877706}}, {"type": "Feature", "geometry": {"type": "Point", "coordinates": [121.45301968623478, 24.992199944244053]}, "properties": {"city": "NTPC", "parking_id": "100221", "name": "板橋區華德公園平面停車場", "area": "板橋區", "address": "新北市板橋區四川路2段245巷111號旁", "service_time": "0~24時", "operator_type": "", "kind": "1", "total_car": 52, "available_car": 13, "availability_rate": 0.25, "status": "偏滿", "lat": 24.992199944244053, "lon": 121.45301968623478}}, {"type": "Feature", "geometry": {"type": "Point", "coordinates": [121.92562494685431, 25.053767900391904]}, "properties": {"city": "NTPC", "parking_id": "260005", "name": "貢寮澳底公園地下停車場", "area": "貢寮區", "address": "新北市貢寮區仁愛路43號B1", "service_time": "0~24時", "operator_type": "", "kind": "1", "total_car": 88, "available_car": 40, "availability_rate": 0.45454545454545453, "status": "充足", "lat": 25.053767900391904, "lon": 121.92562494685431}}, {"type": "Feature", "geometry": {"type": "Point", "coordinates": [121.458431909615, 24.983800674818372]}, "properties": {"city": "NTPC", "parking_id": "130006", "name": "金城立體停車場", "area": "土城區", "address": "新北市土城區金城路2段266號", "service_time": "0~24時", "operator_type": "", "kind": "1", "total_car": 537, "available_car": 120, "availability_rate": 0.22346368715083798, "status": "偏滿", "lat": 24.983800674818372, "lon": 121.458431909615}}, {"type": "Feature", "geometry": {"type": "Point", "coordinates": [121.46056856044878, 25.04968168986141]}, "properties": {"city": "NTPC", "parking_id": "050269", "name": "新莊區捷運幸福站立體停車場", "area": "新莊區", "address": "新北市新莊區思源路296巷2號", "service_time": "0~24時", "operator_type": "", "kind": "1", "total_car": 109, "available_car": 5, "availability_rate": 0.045871559633027525, "status": "緊張", "lat": 25.04968168986141, "lon": 121.46056856044878}}, {"type": "Feature", "geometry": {"type": "Point", "coordinates": [121.34335373568732, 24.949184599321395]}, "properties": {"city": "NTPC", "parking_id": "080008", "name": "鶯歌區老街第二平面停車場", "area": "鶯歌區", "address": "新北市鶯歌區尖山埔路295號旁", "service_time": "0~24時", "operator_type": "", "kind": "1", "total_car": 169, "available_car": 74, "availability_rate": 0.4378698224852071, "status": "充足", "lat": 24.949184599321395, "lon": 121.34335373568732}}, {"type": "Feature", "geometry": {"type": "Point", "coordinates": [121.355003013759, 24.955662207004075]}, "properties": {"city": "NTPC", "parking_id": "080001", "name": "鶯歌區建國路停一平面停車場", "area": "鶯歌區", "address": "新北市鶯歌區建國路66號", "service_time": "0~24時", "operator_type": "", "kind": "1", "total_car": 50, "available_car": 5, "availability_rate": 0.1, "status": "緊張", "lat": 24.955662207004075, "lon": 121.355003013759}}, {"type": "Feature", "geometry": {"type": "Point", "coordinates": [121.49638873566764, 25.078496812830625]}, "properties": {"city": "NTPC", "parking_id": "020139", "name": "三重仁信段平面停車場", "area": "三重區", "address": "新北市三重區元信二街及元富二街交叉口旁空地", "service_time": "0~24時", "operator_type": "", "kind": "1", "total_car": 290, "available_car": 70, "availability_rate": 0.2413793103448276, "status": "偏滿", "lat": 25.078496812830625, "lon": 121.49638873566764}}, {"type": "Feature", "geometry": {"type": "Point", "coordinates": [121.4437719946709, 24.97277197967243]}, "properties": {"city": "NTPC", "parking_id": "130018", "name": "土城區和平平面停車場", "area": "土城區", "address": "新北市土城區和平路26~28號對面", "service_time": "0~24時", "operator_type": "", "kind": "1", "total_car": 78, "available_car": 0, "availability_rate": 0.0, "status": "滿車", "lat": 24.97277197967243, "lon": 121.4437719946709}}, {"type": "Feature", "geometry": {"type": "Point", "coordinates": [121.45916889335302, 24.978205421929925]}, "properties": {"city": "NTPC", "parking_id": "130009", "name": "土城區青山平面停車場", "area": "土城區", "address": "新北市土城區青雲路351-1號旁", "service_time": "0~24時", "operator_type": "", "kind": "1", "total_car": 53, "available_car": 11, "availability_rate": 0.20754716981132076, "status": "偏滿", "lat": 24.978205421929925, "lon": 121.45916889335302}}, {"type": "Feature", "geometry": {"type": "Point", "coordinates": [121.4400557927242, 24.965244423437802]}, "properties": {"city": "NTPC", "parking_id": "130132", "name": "土城區忠義公園地下停車場", "area": "土城區", "address": "新北市土城區忠義路74號B1、B2", "service_time": "0~24時", "operator_type": "", "kind": "1", "total_car": 57, "available_car": 50, "availability_rate": 0.8771929824561403, "status": "充足", "lat": 24.965244423437802, "lon": 121.4400557927242}}, {"type": "Feature", "geometry": {"type": "Point", "coordinates": [121.46759698126515, 25.018855966048342]}, "properties": {"city": "NTPC", "parking_id": "010221", "name": "叭叭房新板傑仕堡A停車場", "area": "板橋區", "address": "新北市板橋區文化路1段188巷51號、53號B1、B2/12~32、34~40號車位及B3", "service_time": "0~24時", "operator_type": "", "kind": "1", "total_car": 67, "available_car": 42, "availability_rate": 0.6268656716417911, "status": "充足", "lat": 25.018855966048342, "lon": 121.46759698126515}}, {"type": "Feature", "geometry": {"type": "Point", "coordinates": [121.46846605154572, 25.018026882336606]}, "properties": {"city": "NTPC", "parking_id": "010223", "name": "叭叭房新板傑仕堡B停車場", "area": "板橋區", "address": "新北市板橋區文化路1段188巷59~69號B1~B3", "service_time": "0~24時", "operator_type": "", "kind": "1", "total_car": 147, "available_car": 39, "availability_rate": 0.2653061224489796, "status": "偏滿", "lat": 25.018026882336606, "lon": 121.46846605154572}}, {"type": "Feature", "geometry": {"type": "Point", "coordinates": [121.45772153175635, 25.159236188961863]}, "properties": {"city": "NTPC", "parking_id": "100237", "name": "尚海商場停車場", "area": "淡水區", "address": "新北市淡水區淡金路2、6、8、8-1、10、12、14號B1、B2/545~568、570~671、682~695、706~774、776~778號車格位", "service_time": "0~24時", "operator_type": "", "kind": "1", "total_car": 212, "available_car": 213, "availability_rate": 1.0047169811320755, "status": "充足", "lat": 25.159236188961863, "lon": 121.45772153175635}}, {"type": "Feature", "geometry": {"type": "Point", "coordinates": [121.47608999995141, 25.053694999162797]}, "properties": {"city": "NTPC", "parking_id": "020164", "name": "三重停八平面停車場", "area": "三重區", "address": "新北市三重區五谷王北街與興德路交叉口", "service_time": "0~24時", "operator_type": "", "kind": "1", "total_car": 37, "available_car": 0, "availability_rate": 0.0, "status": "滿車", "lat": 25.053694999162797, "lon": 121.47608999995141}}, {"type": "Feature", "geometry": {"type": "Point", "coordinates": [121.3471815062808, 24.95214605079742]}, "properties": {"city": "NTPC", "parking_id": "080023", "name": "鶯歌國民小學第一停車場", "area": "鶯歌區", "address": "新北市鶯歌區尖山埔路106號", "service_time": "0~24時", "operator_type": "", "kind": "1", "total_car": 49, "available_car": 2, "availability_rate": 0.04081632653061224, "status": "緊張", "lat": 24.95214605079742, "lon": 121.3471815062808}}, {"type": "Feature", "geometry": {"type": "Point", "coordinates": [121.41323325091098, 25.162694759014727]}, "properties": {"city": "NTPC", "parking_id": "230036", "name": "八里文化公園停車場", "area": "八里區", "address": "新北市八里區博物館路與忠孝路交叉口停車場", "service_time": "0~24時", "operator_type": "", "kind": "1", "total_car": 170, "available_car": 26, "availability_rate": 0.15294117647058825, "status": "偏滿", "lat": 25.162694759014727, "lon": 121.41323325091098}}, {"type": "Feature", "geometry": {"type": "Point", "coordinates": [121.49109395633334, 25.060778755383275]}, "properties": {"city": "NTPC", "parking_id": "020019", "name": "新北市立聯合醫院三重院區停車場", "area": "三重區", "address": "新北市三重區新北大道1段3號1樓/3~34、37~39、43~51、83、87~99號汽車位，1~86號機車位及新北大道1段3-1號B2、B3/1~20、22~42號汽車位", "service_time": "0~24時", "operator_type": "", "kind": "1", "total_car": 130, "available_car": 34, "availability_rate": 0.26153846153846155, "status": "偏滿", "lat": 25.060778755383275, "lon": 121.49109395633334}}, {"type": "Feature", "geometry": {"type": "Point", "coordinates": [121.50250985538626, 25.078467186776674]}, "properties": {"city": "NTPC", "parking_id": "020018", "name": "淡水河畔公園停車場", "area": "三重區", "address": "新北市三重區環河北路堤外中山高速公路高架橋下之河川高灘地", "service_time": "0~24時", "operator_type": "", "kind": "1", "total_car": 703, "available_car": 40, "availability_rate": 0.05689900426742532, "status": "緊張", "lat": 25.078467186776674, "lon": 121.50250985538626}}, {"type": "Feature", "geometry": {"type": "Point", "coordinates": [121.50109315154054, 24.99940828328682]}, "properties": {"city": "NTPC", "parking_id": "030004", "name": "中和區中和國小地下停車場", "area": "中和區", "address": "新北市中和區景平路632-8號B1-B2", "service_time": "0~24時", "operator_type": "", "kind": "1", "total_car": 622, "available_car": 117, "availability_rate": 0.18810289389067525, "status": "偏滿", "lat": 24.99940828328682, "lon": 121.50109315154054}}, {"type": "Feature", "geometry": {"type": "Point", "coordinates": [121.52335073564674, 24.99016717601141]}, "properties": {"city": "NTPC", "parking_id": "030150", "name": "中和區秀峰段平面停車場", "area": "中和區", "address": "新北市中和區秀峰街與秀峰街19巷口", "service_time": "0~24時", "operator_type": "", "kind": "1", "total_car": 25, "available_car": 11, "availability_rate": 0.44, "status": "充足", "lat": 24.99016717601141, "lon": 121.52335073564674}}, {"type": "Feature", "geometry": {"type": "Point", "coordinates": [121.48153877831687, 25.06116665766486]}, "properties": {"city": "NTPC", "parking_id": "020102", "name": "文中小平面停車場", "area": "三重區", "address": "新北市三重區新北大道1段159號對面停車場", "service_time": "0~24時", "operator_type": "", "kind": "1", "total_car": 262, "available_car": 4, "availability_rate": 0.015267175572519083, "status": "緊張", "lat": 25.06116665766486, "lon": 121.48153877831687}}, {"type": "Feature", "geometry": {"type": "Point", "coordinates": [121.50661660731272, 24.99349870220788]}, "properties": {"city": "NTPC", "parking_id": "030168", "name": "中和區景平路平面停車場", "area": "中和區", "address": "新北市中和區景平路446號旁空地", "service_time": "0~24時", "operator_type": "", "kind": "1", "total_car": 14, "available_car": 0, "availability_rate": 0.0, "status": "滿車", "lat": 24.99349870220788, "lon": 121.50661660731272}}, {"type": "Feature", "geometry": {"type": "Point", "coordinates": [121.3509120154928, 24.95217342338335]}, "properties": {"city": "NTPC", "parking_id": "080025", "name": "鶯歌區三號公園平面停車場", "area": "鶯歌區", "address": "新北市鶯歌區建國路253號之尖山埔區及重慶街30號旁之重慶區", "service_time": "0~24時", "operator_type": "", "kind": "1", "total_car": 167, "available_car": 35, "availability_rate": 0.20958083832335328, "status": "偏滿", "lat": 24.95217342338335, "lon": 121.3509120154928}}, {"type": "Feature", "geometry": {"type": "Point", "coordinates": [121.8056259999473, 25.109724998808133]}, "properties": {"city": "NTPC", "parking_id": "120014", "name": "瑞芳區後火車站平面停車場", "area": "瑞芳區", "address": "新北市瑞芳區瑞芳街54號對面", "service_time": "0~24時", "operator_type": "", "kind": "1", "total_car": 66, "available_car": 2, "availability_rate": 0.030303030303030304, "status": "緊張", "lat": 25.109724998808133, "lon": 121.8056259999473}}, {"type": "Feature", "geometry": {"type": "Point", "coordinates": [121.3646291181545, 25.068130046263747]}, "properties": {"city": "NTPC", "parking_id": "170120", "name": "MITSUI OUTLET PARK 林口二館收費停車場", "area": "林口區", "address": "新北市林口區文化二路1段123號B1、4F及頂樓", "service_time": "0~24時(其他詳如登記證所載)", "operator_type": "", "kind": "1", "total_car": 1121, "available_car": 653, "availability_rate": 0.5825156110615521, "status": "充足", "lat": 25.068130046263747, "lon": 121.3646291181545}}, {"type": "Feature", "geometry": {"type": "Point", "coordinates": [121.46230782301879, 25.003910737687608]}, "properties": {"city": "NTPC", "parking_id": "010266", "name": "板橋區忠孝國中地下停車場", "area": "板橋區", "address": "新北市板橋區重慶路168號B1、B2", "service_time": "0~24時", "operator_type": "", "kind": "1", "total_car": 480, "available_car": 73, "availability_rate": 0.15208333333333332, "status": "偏滿", "lat": 25.003910737687608, "lon": 121.46230782301879}}, {"type": "Feature", "geometry": {"type": "Point", "coordinates": [121.4499321751985, 24.995793511628907]}, "properties": {"city": "NTPC", "parking_id": "010024", "name": "華東停車場", "area": "板橋區", "address": "新北市板橋區南雅南路2段144巷88號對面空地", "service_time": "0~24時", "operator_type": "", "kind": "1", "total_car": 238, "available_car": 59, "availability_rate": 0.24789915966386555, "status": "偏滿", "lat": 24.995793511628907, "lon": 121.4499321751985}}, {"type": "Feature", "geometry": {"type": "Point", "coordinates": [121.51647853349705, 25.003075259133244]}, "properties": {"city": "NTPC", "parking_id": "040003", "name": "永和國小地下停車場", "area": "永和區", "address": "新北市永和區中正路299號B1、B2", "service_time": "0~24時", "operator_type": "", "kind": "1", "total_car": 283, "available_car": 27, "availability_rate": 0.09540636042402827, "status": "緊張", "lat": 25.003075259133244, "lon": 121.51647853349705}}, {"type": "Feature", "geometry": {"type": "Point", "coordinates": [121.45420749537712, 25.01081246587964]}, "properties": {"city": "NTPC", "parking_id": "010018", "name": "板橋區府中立體停車場", "area": "板橋區", "address": "新北市板橋區西門街59號", "service_time": "0~24時", "operator_type": "", "kind": "1", "total_car": 158, "available_car": 33, "availability_rate": 0.2088607594936709, "status": "偏滿", "lat": 25.01081246587964, "lon": 121.45420749537712}}, {"type": "Feature", "geometry": {"type": "Point", "coordinates": [121.45088144728952, 25.034656967347264]}, "properties": {"city": "NTPC", "parking_id": "050008", "name": "新莊國中地下停車場", "area": "新莊區", "address": "新北市新莊區景德路138號B1、B2", "service_time": "0~24時", "operator_type": "", "kind": "1", "total_car": 277, "available_car": 13, "availability_rate": 0.04693140794223827, "status": "緊張", "lat": 25.034656967347264, "lon": 121.45088144728952}}, {"type": "Feature", "geometry": {"type": "Point", "coordinates": [121.4286530985247, 25.025694562108725]}, "properties": {"city": "NTPC", "parking_id": "050011", "name": "後港新公園地下停車場", "area": "新莊區", "address": "新北市新莊區後港一路19號B2及B3", "service_time": "0~24時", "operator_type": "", "kind": "1", "total_car": 188, "available_car": 15, "availability_rate": 0.0797872340425532, "status": "緊張", "lat": 25.025694562108725, "lon": 121.4286530985247}}, {"type": "Feature", "geometry": {"type": "Point", "coordinates": [121.47148799999627, 25.090810999229777]}, "properties": {"city": "NTPC", "parking_id": "140044", "name": "蘆洲仁愛立體停車場", "area": "蘆洲區", "address": "新北市蘆洲區民權路141號", "service_time": "0~24時", "operator_type": "", "kind": "1", "total_car": 462, "available_car": 125, "availability_rate": 0.27056277056277056, "status": "偏滿", "lat": 25.090810999229777, "lon": 121.47148799999627}}, {"type": "Feature", "geometry": {"type": "Point", "coordinates": [121.42176603040767, 24.99219250533685]}, "properties": {"city": "NTPC", "parking_id": "070079", "name": "樹林區長壽公園地下停車場", "area": "樹林區", "address": "新北市樹林區樹德街40號B1~B3", "service_time": "0~24時", "operator_type": "", "kind": "1", "total_car": 224, "available_car": 11, "availability_rate": 0.049107142857142856, "status": "緊張", "lat": 24.99219250533685, "lon": 121.42176603040767}}, {"type": "Feature", "geometry": {"type": "Point", "coordinates": [121.47630676171501, 25.013514975005425]}, "properties": {"city": "NTPC", "parking_id": "010014", "name": "民生公園地下停車場", "area": "板橋區", "address": "新北市板橋區民生路1段30號B1", "service_time": "0~24時", "operator_type": "", "kind": "1", "total_car": 165, "available_car": 1, "availability_rate": 0.006060606060606061, "status": "緊張", "lat": 25.013514975005425, "lon": 121.47630676171501}}, {"type": "Feature", "geometry": {"type": "Point", "coordinates": [121.37562299996641, 25.077716998697962]}, "properties": {"city": "NTPC", "parking_id": "170074", "name": "林口世大運選手村社會住宅地下停車場A區", "area": "林口區", "address": "新北市林口區仁愛路2段496、498、500號、民治路1、3號及文化二路1段392號地下1層與2層合併空間", "service_time": "0~24時", "operator_type": "", "kind": "1", "total_car": 697, "available_car": 197, "availability_rate": 0.28263988522238165, "status": "偏滿", "lat": 25.077716998697962, "lon": 121.37562299996641}}, {"type": "Feature", "geometry": {"type": "Point", "coordinates": [121.37672899990733, 25.07572399926025]}, "properties": {"city": "NTPC", "parking_id": "170071", "name": "林口世大運選手村社會住宅地下停車B區", "area": "林口區", "address": "新北市林口區仁愛路2段492號及文化一路1段201、203、205、207號地下1層與2層合併空間", "service_time": "0~24時", "operator_type": "", "kind": "1", "total_car": 551, "available_car": 206, "availability_rate": 0.3738656987295826, "status": "充足", "lat": 25.07572399926025, "lon": 121.37672899990733}}, {"type": "Feature", "geometry": {"type": "Point", "coordinates": [121.37887099997246, 25.075254999051168]}, "properties": {"city": "NTPC", "parking_id": "170072", "name": "林口世大運選手村社會住宅地下停車場C區", "area": "林口區", "address": "新北市林口區文化一路1段186、190巷6、8號及仁愛路2段196、198、200、202號地下1層與2層合併空間", "service_time": "0~24時", "operator_type": "", "kind": "1", "total_car": 663, "available_car": 158, "availability_rate": 0.2383107088989442, "status": "偏滿", "lat": 25.075254999051168, "lon": 121.37887099997246}}, {"type": "Feature", "geometry": {"type": "Point", "coordinates": [121.37645799997593, 25.073322998633614]}, "properties": {"city": "NTPC", "parking_id": "170073", "name": "林口世大運選手村社會住宅地下停車場D區", "area": "林口區", "address": "新北市林口區文化一路1段140、142、146、148、150、152、156、158、160、162、166號地下1層及2層合併空間", "service_time": "0~24時", "operator_type": "", "kind": "1", "total_car": 850, "available_car": 1067, "availability_rate": 1.255294117647059, "status": "充足", "lat": 25.073322998633614, "lon": 121.37645799997593}}, {"type": "Feature", "geometry": {"type": "Point", "coordinates": [121.36445986062563, 25.06955149757265]}, "properties": {"city": "NTPC", "parking_id": "170121", "name": "林口區行政園區平面停車場", "area": "林口區", "address": "新北市林口區忠孝二路55號旁", "service_time": "0~24時", "operator_type": "", "kind": "1", "total_car": 82, "available_car": 30, "availability_rate": 0.36585365853658536, "status": "充足", "lat": 25.06955149757265, "lon": 121.36445986062563}}, {"type": "Feature", "geometry": {"type": "Point", "coordinates": [121.49611642138771, 25.065036860377493]}, "properties": {"city": "NTPC", "parking_id": "020038", "name": "正義國小地下停車場", "area": "三重區", "address": "新北市三重區信義西街31號B1、B2、B3", "service_time": "0~24時", "operator_type": "", "kind": "1", "total_car": 296, "available_car": 0, "availability_rate": 0.0, "status": "滿車", "lat": 25.065036860377493, "lon": 121.49611642138771}}, {"type": "Feature", "geometry": {"type": "Point", "coordinates": [121.46195042793175, 25.13900572511121]}, "properties": {"city": "NTPC", "parking_id": "100017", "name": "淡水馬偕紀念醫院附設收費停車場", "area": "淡水區", "address": "新北市淡水區民權路47號/馬偕樓B2、B3及綜研大樓1F、B1、B3", "service_time": "0~24時", "operator_type": "", "kind": "1", "total_car": 360, "available_car": 34, "availability_rate": 0.09444444444444444, "status": "緊張", "lat": 25.13900572511121, "lon": 121.46195042793175}}, {"type": "Feature", "geometry": {"type": "Point", "coordinates": [121.45811953233533, 25.085097528157547]}, "properties": {"city": "NTPC", "parking_id": "140007", "name": "蘆洲區成功地下停車場", "area": "蘆洲區", "address": "新北市蘆洲區長安街222號B1、B2", "service_time": "0~24時", "operator_type": "", "kind": "1", "total_car": 144, "available_car": 0, "availability_rate": 0.0, "status": "滿車", "lat": 25.085097528157547, "lon": 121.45811953233533}}, {"type": "Feature", "geometry": {"type": "Point", "coordinates": [121.45842568408432, 25.084784210672684]}, "properties": {"city": "NTPC", "parking_id": "140062", "name": "蘆洲區永康公園地下停車場", "area": "蘆洲區", "address": "新北市蘆洲區長安街222之1號B1~B3", "service_time": "0~24時", "operator_type": "", "kind": "1", "total_car": 120, "available_car": 44, "availability_rate": 0.36666666666666664, "status": "充足", "lat": 25.084784210672684, "lon": 121.45842568408432}}, {"type": "Feature", "geometry": {"type": "Point", "coordinates": [121.47495444201789, 25.085559201200002]}, "properties": {"city": "NTPC", "parking_id": "140013", "name": "蘆洲區民權平面停車場", "area": "蘆洲區", "address": "新北市蘆洲區民權路6號旁", "service_time": "0~24時", "operator_type": "", "kind": "1", "total_car": 47, "available_car": 0, "availability_rate": 0.0, "status": "滿車", "lat": 25.085559201200002, "lon": 121.47495444201789}}, {"type": "Feature", "geometry": {"type": "Point", "coordinates": [121.49050071477579, 24.99259120195588]}, "properties": {"city": "NTPC", "parking_id": "030009", "name": "中和區錦和運動公園停車場", "area": "中和區", "address": "新北市中和區錦和路352號1樓及B1、B2", "service_time": "0~24時", "operator_type": "", "kind": "1", "total_car": 541, "available_car": 119, "availability_rate": 0.2199630314232902, "status": "偏滿", "lat": 24.99259120195588, "lon": 121.49050071477579}}, {"type": "Feature", "geometry": {"type": "Point", "coordinates": [121.49802209071916, 25.074257176411724]}, "properties": {"city": "NTPC", "parking_id": "020016", "name": "三重區龍門公園地下停車場", "area": "三重區", "address": "新北市三重區公園街32號", "service_time": "0~24時", "operator_type": "", "kind": "1", "total_car": 427, "available_car": 56, "availability_rate": 0.13114754098360656, "status": "偏滿", "lat": 25.074257176411724, "lon": 121.49802209071916}}, {"type": "Feature", "geometry": {"type": "Point", "coordinates": [121.44647212272257, 24.987082678807806]}, "properties": {"city": "NTPC", "parking_id": "130056", "name": "土城區莒光四村平面停車場", "area": "土城區", "address": "新北市土城區中央路1段189巷口南側", "service_time": "0~24時", "operator_type": "", "kind": "1", "total_car": 313, "available_car": 62, "availability_rate": 0.19808306709265175, "status": "偏滿", "lat": 24.987082678807806, "lon": 121.44647212272257}}, {"type": "Feature", "geometry": {"type": "Point", "coordinates": [121.44410237094289, 24.976513199083932]}, "properties": {"city": "NTPC", "parking_id": "130003", "name": "土城區員林平面停車場", "area": "土城區", "address": "新北市土城區中正路67巷26號對面", "service_time": "0~24時", "operator_type": "", "kind": "1", "total_car": 46, "available_car": 15, "availability_rate": 0.32608695652173914, "status": "充足", "lat": 24.976513199083932, "lon": 121.44410237094289}}, {"type": "Feature", "geometry": {"type": "Point", "coordinates": [121.4664457356123, 24.983902169877215]}, "properties": {"city": "NTPC", "parking_id": "130048", "name": "土城區明德平面停車場", "area": "土城區", "address": "新北市土城區延吉街及永豐路交界處", "service_time": "0~24時", "operator_type": "", "kind": "1", "total_car": 40, "available_car": 0, "availability_rate": 0.0, "status": "滿車", "lat": 24.983902169877215, "lon": 121.4664457356123}}, {"type": "Feature", "geometry": {"type": "Point", "coordinates": [121.46444158081941, 24.98698705650924]}, "properties": {"city": "NTPC", "parking_id": "130008", "name": "土城區永豐平面停車場", "area": "土城區", "address": "新北市土城區立德路113號", "service_time": "0~24時", "operator_type": "", "kind": "1", "total_car": 102, "available_car": 19, "availability_rate": 0.18627450980392157, "status": "偏滿", "lat": 24.98698705650924, "lon": 121.46444158081941}}, {"type": "Feature", "geometry": {"type": "Point", "coordinates": [121.43266993432864, 24.965663309653923]}, "properties": {"city": "NTPC", "parking_id": "130051", "name": "土城區大安平面停車場", "area": "土城區", "address": "新北市土城區大安路20號對面", "service_time": "0~24時", "operator_type": "", "kind": "1", "total_car": 46, "available_car": 8, "availability_rate": 0.17391304347826086, "status": "偏滿", "lat": 24.965663309653923, "lon": 121.43266993432864}}, {"type": "Feature", "geometry": {"type": "Point", "coordinates": [121.46902050889004, 25.021573202410554]}, "properties": {"city": "NTPC", "parking_id": "010004", "name": "民生花市平面停車場", "area": "板橋區", "address": "新北市板橋區民生路2段200及207號對面", "service_time": "0~24時", "operator_type": "", "kind": "1", "total_car": 107, "available_car": 35, "availability_rate": 0.32710280373831774, "status": "充足", "lat": 25.021573202410554, "lon": 121.46902050889004}}, {"type": "Feature", "geometry": {"type": "Point", "coordinates": [121.45322218215344, 25.102300237858817]}, "properties": {"city": "NTPC", "parking_id": "150051", "name": "五股區成德平面停車場", "area": "五股區", "address": "新北市五股區成泰路3段544-1號旁", "service_time": "0~24時", "operator_type": "", "kind": "1", "total_car": 33, "available_car": 10, "availability_rate": 0.30303030303030304, "status": "充足", "lat": 25.102300237858817, "lon": 121.45322218215344}}, {"type": "Feature", "geometry": {"type": "Point", "coordinates": [121.44136858147223, 25.083416705018625]}, "properties": {"city": "NTPC", "parking_id": "150050", "name": "五股區芳洲平面停車場", "area": "五股區", "address": "新北市五股區芳洲路及新五路2段交叉口旁橋下", "service_time": "0~24時", "operator_type": "", "kind": "1", "total_car": 29, "available_car": 8, "availability_rate": 0.27586206896551724, "status": "偏滿", "lat": 25.083416705018625, "lon": 121.44136858147223}}, {"type": "Feature", "geometry": {"type": "Point", "coordinates": [121.4289940124341, 25.0653001339132]}, "properties": {"city": "NTPC", "parking_id": "160001", "name": "泰山區山腳平面停車場", "area": "泰山區", "address": "新北市泰山區憲訓路與美寧街交會處", "service_time": "0~24時", "operator_type": "", "kind": "1", "total_car": 57, "available_car": 5, "availability_rate": 0.08771929824561403, "status": "緊張", "lat": 25.0653001339132, "lon": 121.4289940124341}}, {"type": "Feature", "geometry": {"type": "Point", "coordinates": [121.43927295538982, 25.030329321043393]}, "properties": {"city": "NTPC", "parking_id": "050277", "name": "新莊廣(停)三臨時平面停車場", "area": "新莊區", "address": "新北市新莊區新樹路69號旁、新樹路67巷北側空地停車場", "service_time": "0~24時", "operator_type": "", "kind": "1", "total_car": 73, "available_car": 41, "availability_rate": 0.5616438356164384, "status": "充足", "lat": 25.030329321043393, "lon": 121.43927295538982}}, {"type": "Feature", "geometry": {"type": "Point", "coordinates": [121.4485739999589, 25.080202998727167]}, "properties": {"city": "NTPC", "parking_id": "150034", "name": "五股區永安橋下平面停車場", "area": "五股區", "address": "新北市五股區中興路與臺64高架橋交叉口", "service_time": "0~24時", "operator_type": "", "kind": "1", "total_car": 51, "available_car": 16, "availability_rate": 0.3137254901960784, "status": "充足", "lat": 25.080202998727167, "lon": 121.4485739999589}}, {"type": "Feature", "geometry": {"type": "Point", "coordinates": [121.43113400387927, 25.067000253491372]}, "properties": {"city": "NTPC", "parking_id": "160014", "name": "泰山區台貿三村平面停車場", "area": "泰山區", "address": "新北市泰山區半山雅路2號前", "service_time": "0~24時", "operator_type": "", "kind": "1", "total_car": 113, "available_car": 17, "availability_rate": 0.1504424778761062, "status": "偏滿", "lat": 25.067000253491372, "lon": 121.43113400387927}}, {"type": "Feature", "geometry": {"type": "Point", "coordinates": [121.6606392775068, 25.0700880886017]}, "properties": {"city": "NTPC", "parking_id": "110006", "name": "汐止區城中平面停車場", "area": "汐止區", "address": "新北市汐止區建成路78號對面", "service_time": "0~24時", "operator_type": "", "kind": "1", "total_car": 81, "available_car": 19, "availability_rate": 0.2345679012345679, "status": "偏滿", "lat": 25.0700880886017, "lon": 121.6606392775068}}, {"type": "Feature", "geometry": {"type": "Point", "coordinates": [121.46255387217015, 25.041283867430344]}, "properties": {"city": "NTPC", "parking_id": "050085", "name": "TimesUNIQLO新莊中正路店停車場", "area": "新莊區", "address": "新北市新莊區中正路52號", "service_time": "0~24時", "operator_type": "", "kind": "1", "total_car": 85, "available_car": 8, "availability_rate": 0.09411764705882353, "status": "緊張", "lat": 25.041283867430344, "lon": 121.46255387217015}}, {"type": "Feature", "geometry": {"type": "Point", "coordinates": [121.49585587489929, 25.084023770306505]}, "properties": {"city": "NTPC", "parking_id": "020014", "name": "三重區五常公園地下停車場", "area": "三重區", "address": "新北市三重區五華街7巷30號B1", "service_time": "0~24時", "operator_type": "", "kind": "1", "total_car": 80, "available_car": 0, "availability_rate": 0.0, "status": "滿車", "lat": 25.084023770306505, "lon": 121.49585587489929}}, {"type": "Feature", "geometry": {"type": "Point", "coordinates": [121.4890240638571, 25.07117240410307]}, "properties": {"city": "NTPC", "parking_id": "020058", "name": "三重區厚德國小地下停車場", "area": "三重區", "address": "新北市三重區忠孝路1段70號B1", "service_time": "0~24時", "operator_type": "", "kind": "1", "total_car": 95, "available_car": 0, "availability_rate": 0.0, "status": "滿車", "lat": 25.07117240410307, "lon": 121.4890240638571}}, {"type": "Feature", "geometry": {"type": "Point", "coordinates": [121.46613074262116, 25.026168596544192]}, "properties": {"city": "NTPC", "parking_id": "010106", "name": "大漢暨長江機車平面停車場", "area": "板橋區", "address": "新北市板橋區民生路3段109號對面", "service_time": "0~24時", "operator_type": "", "kind": "1", "total_car": 339, "available_car": 57, "availability_rate": 0.168141592920354, "status": "偏滿", "lat": 25.026168596544192, "lon": 121.46613074262116}}, {"type": "Feature", "geometry": {"type": "Point", "coordinates": [121.46990117100967, 25.010849473614886]}, "properties": {"city": "NTPC", "parking_id": "010053", "name": "第一運動場地下及海山路平面停車場", "area": "板橋區", "address": "新北市板橋區漢生東路278號B1/2、4~7、10~13、15、36~65號及1樓停車格位", "service_time": "0~24時", "operator_type": "", "kind": "1", "total_car": 79, "available_car": 3, "availability_rate": 0.0379746835443038, "status": "緊張", "lat": 25.010849473614886, "lon": 121.46990117100967}}, {"type": "Feature", "geometry": {"type": "Point", "coordinates": [121.4571583864549, 24.98656271160568]}, "properties": {"city": "NTPC", "parking_id": "130136", "name": "土城板院段平面停車場", "area": "土城區", "address": "新北市土城區學府路1段23巷與99巷交叉口", "service_time": "0~24時", "operator_type": "", "kind": "1", "total_car": 47, "available_car": 8, "availability_rate": 0.1702127659574468, "status": "偏滿", "lat": 24.98656271160568, "lon": 121.4571583864549}}, {"type": "Feature", "geometry": {"type": "Point", "coordinates": [121.36878499995136, 24.937167998686952]}, "properties": {"city": "NTPC", "parking_id": "090044", "name": "新北市三峽國民運動中心收費停車場", "area": "三峽區", "address": "新北市三峽區文化路210巷12號1樓及B1", "service_time": "0~24時", "operator_type": "", "kind": "1", "total_car": 132, "available_car": 0, "availability_rate": 0.0, "status": "滿車", "lat": 24.937167998686952, "lon": 121.36878499995136}}, {"type": "Feature", "geometry": {"type": "Point", "coordinates": [121.5177647975572, 24.966971681245745]}, "properties": {"city": "NTPC", "parking_id": "060087", "name": "新店區民安段臨時平面停車場", "area": "新店區", "address": "新北市新店區安民街78號旁", "service_time": "0~24時", "operator_type": "", "kind": "1", "total_car": 40, "available_car": 9, "availability_rate": 0.225, "status": "偏滿", "lat": 24.966971681245745, "lon": 121.5177647975572}}, {"type": "Feature", "geometry": {"type": "Point", "coordinates": [121.5168049583495, 24.970730739557585]}, "properties": {"city": "NTPC", "parking_id": "060086", "name": "新店區安和臨時平面停車場", "area": "新店區", "address": "新北市新店區安民街168巷對面", "service_time": "0~24時", "operator_type": "", "kind": "1", "total_car": 36, "available_car": 11, "availability_rate": 0.3055555555555556, "status": "充足", "lat": 24.970730739557585, "lon": 121.5168049583495}}, {"type": "Feature", "geometry": {"type": "Point", "coordinates": [121.51679421516462, 24.977641845604563]}, "properties": {"city": "NTPC", "parking_id": "060160", "name": "新店區陽光段平面停車場", "area": "新店區", "address": "新北市新店區安和路2段與安業街口", "service_time": "0~24時", "operator_type": "", "kind": "1", "total_car": 15, "available_car": 0, "availability_rate": 0.0, "status": "滿車", "lat": 24.977641845604563, "lon": 121.51679421516462}}, {"type": "Feature", "geometry": {"type": "Point", "coordinates": [121.49927698860208, 25.056151656018702]}, "properties": {"city": "NTPC", "parking_id": "020061", "name": "忠孝碼頭停車場", "area": "三重區", "address": "新北市三重區忠孝橋下高灘地臨時停車場/環河南路與大同南路交叉口附近", "service_time": "0~24時", "operator_type": "", "kind": "1", "total_car": 276, "available_car": 5, "availability_rate": 0.018115942028985508, "status": "緊張", "lat": 25.056151656018702, "lon": 121.49927698860208}}, {"type": "Feature", "geometry": {"type": "Point", "coordinates": [121.52210999991236, 24.986229999514947]}, "properties": {"city": "NTPC", "parking_id": "060111", "name": "新和臨時平面停車場", "area": "新店區", "address": "新北市新店區永安街109巷27號旁", "service_time": "0~24時", "operator_type": "", "kind": "1", "total_car": 31, "available_car": 0, "availability_rate": 0.0, "status": "滿車", "lat": 24.986229999514947, "lon": 121.52210999991236}}, {"type": "Feature", "geometry": {"type": "Point", "coordinates": [121.43580377357405, 25.17301948001807]}, "properties": {"city": "NTPC", "parking_id": "100230", "name": "淡水中正路平面停車場", "area": "淡水區", "address": "新北市淡水區中正路233號", "service_time": "0~24時", "operator_type": "", "kind": "1", "total_car": 17, "available_car": 0, "availability_rate": 0.0, "status": "滿車", "lat": 25.17301948001807, "lon": 121.43580377357405}}, {"type": "Feature", "geometry": {"type": "Point", "coordinates": [121.40330299997203, 25.153456998858225]}, "properties": {"city": "NTPC", "parking_id": "230020", "name": "八里停六平面停車場", "area": "八里區", "address": "新北市八里區商港一路與商港九路交叉口", "service_time": "0~24時", "operator_type": "", "kind": "1", "total_car": 87, "available_car": 43, "availability_rate": 0.4942528735632184, "status": "充足", "lat": 25.153456998858225, "lon": 121.40330299997203}}, {"type": "Feature", "geometry": {"type": "Point", "coordinates": [121.39754299996439, 25.148307998640952]}, "properties": {"city": "NTPC", "parking_id": "230021", "name": "八里停七平面停車場", "area": "八里區", "address": "新北市八里區商港一路及商港六路交叉口", "service_time": "0~24時", "operator_type": "", "kind": "1", "total_car": 72, "available_car": 38, "availability_rate": 0.5277777777777778, "status": "充足", "lat": 25.148307998640952, "lon": 121.39754299996439}}, {"type": "Feature", "geometry": {"type": "Point", "coordinates": [121.45925398220582, 25.017893114853795]}, "properties": {"city": "NTPC", "parking_id": "010125", "name": "大庭段平面停車場", "area": "板橋區", "address": "新北市板橋區國光路76號及156號旁空地", "service_time": "0~24時", "operator_type": "", "kind": "1", "total_car": 43, "available_car": 0, "availability_rate": 0.0, "status": "滿車", "lat": 25.017893114853795, "lon": 121.45925398220582}}, {"type": "Feature", "geometry": {"type": "Point", "coordinates": [121.50666480429751, 24.989548716163185]}, "properties": {"city": "NTPC", "parking_id": "030031", "name": "中和區復興大樓地下停車場", "area": "中和區", "address": "新北市中和區南山路236號B1/1、2、4~7、9、10、14~21、25~28、31號車格位及B2/2~10、15~26、28~51號車格位", "service_time": "0~24時", "operator_type": "", "kind": "1", "total_car": 66, "available_car": 34, "availability_rate": 0.5151515151515151, "status": "充足", "lat": 24.989548716163185, "lon": 121.50666480429751}}, {"type": "Feature", "geometry": {"type": "Point", "coordinates": [121.51900542759611, 25.01265885565989]}, "properties": {"city": "NTPC", "parking_id": "040013", "name": "中信平面汽車停車場", "area": "永和區", "address": "新北市永和區中興街88號對面空地", "service_time": "0~24時", "operator_type": "", "kind": "1", "total_car": 72, "available_car": 11, "availability_rate": 0.1527777777777778, "status": "偏滿", "lat": 25.01265885565989, "lon": 121.51900542759611}}, {"type": "Feature", "geometry": {"type": "Point", "coordinates": [121.52920434629921, 25.183640601062105]}, "properties": {"city": "NTPC", "parking_id": "210007", "name": "鞍部停車場", "area": "三芝區", "address": "新北市三芝區大屯山鞍部登山口對面", "service_time": "0~24時", "operator_type": "", "kind": "1", "total_car": 26, "available_car": 3, "availability_rate": 0.11538461538461539, "status": "偏滿", "lat": 25.183640601062105, "lon": 121.52920434629921}}, {"type": "Feature", "geometry": {"type": "Point", "coordinates": [121.52094460232323, 25.18546646660743]}, "properties": {"city": "NTPC", "parking_id": "210005", "name": "大屯2號停車場", "area": "三芝區", "address": "新北市三芝區大屯自然公園旁", "service_time": "0~24時", "operator_type": "", "kind": "1", "total_car": 37, "available_car": 24, "availability_rate": 0.6486486486486487, "status": "充足", "lat": 25.18546646660743, "lon": 121.52094460232323}}, {"type": "Feature", "geometry": {"type": "Point", "coordinates": [121.52228310293215, 25.186183981238432]}, "properties": {"city": "NTPC", "parking_id": "210004", "name": "大屯1號停車場", "area": "三芝區", "address": "新北市三芝區大屯自然公園旁", "service_time": "0~24時", "operator_type": "", "kind": "1", "total_car": 32, "available_car": 12, "availability_rate": 0.375, "status": "充足", "lat": 25.186183981238432, "lon": 121.52228310293215}}, {"type": "Feature", "geometry": {"type": "Point", "coordinates": [121.52565536061401, 25.18662343466448]}, "properties": {"city": "NTPC", "parking_id": "210006", "name": "二子坪停車場", "area": "三芝區", "address": "新北市三芝 區二子坪、大屯山車道入口處", "service_time": "0~24時", "operator_type": "", "kind": "1", "total_car": 65, "available_car": 6, "availability_rate": 0.09230769230769231, "status": "緊張", "lat": 25.18662343466448, "lon": 121.52565536061401}}, {"type": "Feature", "geometry": {"type": "Point", "coordinates": [121.5177662371407, 24.993810613111023]}, "properties": {"city": "NTPC", "parking_id": "030175", "name": "中和區大仁段平面停車場", "area": "中和區", "address": "新北市中和區大仁街與大勇街46巷交界處", "service_time": "0~24時", "operator_type": "", "kind": "1", "total_car": 4, "available_car": 15, "availability_rate": 3.75, "status": "充足", "lat": 24.993810613111023, "lon": 121.5177662371407}}, {"type": "Feature", "geometry": {"type": "Point", "coordinates": [121.49513269986346, 25.082177237393676]}, "properties": {"city": "NTPC", "parking_id": "020224", "name": "三重自強臨時平面停車場", "area": "三重區", "address": "新北市三重區自強路5段91號對面空地", "service_time": "0~24時", "operator_type": "", "kind": "1", "total_car": 208, "available_car": 8, "availability_rate": 0.038461538461538464, "status": "緊張", "lat": 25.082177237393676, "lon": 121.49513269986346}}, {"type": "Feature", "geometry": {"type": "Point", "coordinates": [121.48165631956678, 25.064104923226918]}, "properties": {"city": "NTPC", "parking_id": "020039", "name": "三重忠孝路臨時平面停車場", "area": "三重區", "address": "新北市三重區忠孝路3段84巷與洛陽街45巷交叉口", "service_time": "0~24時", "operator_type": "", "kind": "1", "total_car": 50, "available_car": 7, "availability_rate": 0.14, "status": "偏滿", "lat": 25.064104923226918, "lon": 121.48165631956678}}, {"type": "Feature", "geometry": {"type": "Point", "coordinates": [121.3423397689226, 24.955656638178095]}, "properties": {"city": "NTPC", "parking_id": "080050", "name": "鶯歌區公八公園平面停車場", "area": "鶯歌區", "address": "新北市鶯歌區國華路與永明街交叉口", "service_time": "0~24時", "operator_type": "", "kind": "1", "total_car": 116, "available_car": 95, "availability_rate": 0.8189655172413793, "status": "充足", "lat": 24.955656638178095, "lon": 121.3423397689226}}, {"type": "Feature", "geometry": {"type": "Point", "coordinates": [121.35919720495968, 24.95504364317302]}, "properties": {"city": "NTPC", "parking_id": "080051", "name": "鶯歌區三鶯轉運站南側平面停車場", "area": "鶯歌區", "address": "新北市鶯歌區館前路與文化路交叉口/三鶯轉運站南側", "service_time": "0~24時", "operator_type": "", "kind": "1", "total_car": 60, "available_car": 11, "availability_rate": 0.18333333333333332, "status": "偏滿", "lat": 24.95504364317302, "lon": 121.35919720495968}}, {"type": "Feature", "geometry": {"type": "Point", "coordinates": [121.35826036324242, 24.95470011454307]}, "properties": {"city": "NTPC", "parking_id": "080052", "name": "鶯歌區三鶯轉運站北側平面停車場", "area": "鶯歌區", "address": "新北市鶯歌區館前路與文化路交叉口/三鶯轉運站北側", "service_time": "0~24時", "operator_type": "", "kind": "1", "total_car": 37, "available_car": 36, "availability_rate": 0.972972972972973, "status": "充足", "lat": 24.95470011454307, "lon": 121.35826036324242}}, {"type": "Feature", "geometry": {"type": "Point", "coordinates": [121.47423475543077, 25.050557752027622]}, "properties": {"city": "NTPC", "parking_id": "020217", "name": "三重興穀國小地下停車場", "area": "三重區", "address": "新北市三重區五谷王北街46號B1", "service_time": "0~24時", "operator_type": "", "kind": "1", "total_car": 73, "available_car": 25, "availability_rate": 0.3424657534246575, "status": "充足", "lat": 25.050557752027622, "lon": 121.47423475543077}}, {"type": "Feature", "geometry": {"type": "Point", "coordinates": [121.43590052134756, 24.966484487400237]}, "properties": {"city": "NTPC", "parking_id": "130010", "name": "捷運永寧站轉乘停車場", "area": "土城區", "address": "新北市土城區中央路3段105號", "service_time": "0~24時", "operator_type": "", "kind": "1", "total_car": 236, "available_car": 10, "availability_rate": 0.0423728813559322, "status": "緊張", "lat": 24.966484487400237, "lon": 121.43590052134756}}, {"type": "Feature", "geometry": {"type": "Point", "coordinates": [121.49002157127279, 24.994168197565955]}, "properties": {"city": "NTPC", "parking_id": "030080", "name": "中和區和城路平面停車場", "area": "中和區", "address": "新北市中和區中正路501號旁", "service_time": "0~24時", "operator_type": "", "kind": "1", "total_car": 29, "available_car": 5, "availability_rate": 0.1724137931034483, "status": "偏滿", "lat": 24.994168197565955, "lon": 121.49002157127279}}, {"type": "Feature", "geometry": {"type": "Point", "coordinates": [121.47915514600238, 25.004554396098055]}, "properties": {"city": "NTPC", "parking_id": "030015", "name": "中和區民安平面停車場", "area": "中和區", "address": "新北市中和區員山路455巷10號前空地", "service_time": "0~24時", "operator_type": "", "kind": "1", "total_car": 37, "available_car": 0, "availability_rate": 0.0, "status": "滿車", "lat": 25.004554396098055, "lon": 121.47915514600238}}, {"type": "Feature", "geometry": {"type": "Point", "coordinates": [121.5049732814214, 25.01218353564937]}, "properties": {"city": "NTPC", "parking_id": "040044", "name": "永和區保生路平面停車場", "area": "永和區", "address": "新北市永和區保安路292號旁", "service_time": "0~24時", "operator_type": "", "kind": "1", "total_car": 31, "available_car": 24, "availability_rate": 0.7741935483870968, "status": "充足", "lat": 25.01218353564937, "lon": 121.5049732814214}}, {"type": "Feature", "geometry": {"type": "Point", "coordinates": [121.46406905554201, 24.999894028996778]}, "properties": {"city": "NTPC", "parking_id": "010011", "name": "重慶公園地下停車場", "area": "板橋區", "address": "新北市板橋區重慶路265號B1、B2", "service_time": "0~24時", "operator_type": "", "kind": "1", "total_car": 278, "available_car": 23, "availability_rate": 0.08273381294964029, "status": "緊張", "lat": 24.999894028996778, "lon": 121.46406905554201}}, {"type": "Feature", "geometry": {"type": "Point", "coordinates": [121.45031002906008, 25.01628998222171]}, "properties": {"city": "NTPC", "parking_id": "010219", "name": "環河公園臨時平面停車場", "area": "板橋區", "address": "新北市板橋區板城路與南雅西路2段301巷41弄交叉口", "service_time": "0~24時", "operator_type": "", "kind": "1", "total_car": 84, "available_car": 21, "availability_rate": 0.25, "status": "偏滿", "lat": 25.01628998222171, "lon": 121.45031002906008}}, {"type": "Feature", "geometry": {"type": "Point", "coordinates": [121.45187462384877, 25.009555626257296]}, "properties": {"city": "NTPC", "parking_id": "010045", "name": "聖若望平面停車場", "area": "板橋區", "address": "新北市板橋區南雅西路2段7巷底", "service_time": "0~24時", "operator_type": "", "kind": "1", "total_car": 76, "available_car": 5, "availability_rate": 0.06578947368421052, "status": "緊張", "lat": 25.009555626257296, "lon": 121.45187462384877}}, {"type": "Feature", "geometry": {"type": "Point", "coordinates": [121.45142204853867, 25.013132162983513]}, "properties": {"city": "NTPC", "parking_id": "010213", "name": "南雅西路環河平面停車場", "area": "板橋區", "address": "新北市板橋區南雅西路2段175巷口", "service_time": "0~24時", "operator_type": "", "kind": "1", "total_car": 43, "available_car": 1, "availability_rate": 0.023255813953488372, "status": "緊張", "lat": 25.013132162983513, "lon": 121.45142204853867}}, {"type": "Feature", "geometry": {"type": "Point", "coordinates": [121.46328057145601, 24.99965272542806]}, "properties": {"city": "NTPC", "parking_id": "010043", "name": "國慶平面停車場", "area": "板橋區", "address": "新北市板橋區重慶路277、279號對面", "service_time": "0~24時", "operator_type": "", "kind": "1", "total_car": 36, "available_car": 0, "availability_rate": 0.0, "status": "滿車", "lat": 24.99965272542806, "lon": 121.46328057145601}}, {"type": "Feature", "geometry": {"type": "Point", "coordinates": [121.46018138515187, 25.024006831871368]}, "properties": {"city": "NTPC", "parking_id": "010033", "name": "英士路平面停車場", "area": "板橋區", "address": "新北市板橋區新海路135巷口", "service_time": "0~24時", "operator_type": "", "kind": "1", "total_car": 23, "available_car": 0, "availability_rate": 0.0, "status": "滿車", "lat": 25.024006831871368, "lon": 121.46018138515187}}, {"type": "Feature", "geometry": {"type": "Point", "coordinates": [121.61590590551434, 25.001419331302145]}, "properties": {"city": "NTPC", "parking_id": "180005", "name": "深坑兒童遊戲場地下停車場", "area": "深坑區", "address": "新北市深坑區平埔街3號B1、B2", "service_time": "0~24時", "operator_type": "", "kind": "1", "total_car": 168, "available_car": 103, "availability_rate": 0.6130952380952381, "status": "充足", "lat": 25.001419331302145, "lon": 121.61590590551434}}, {"type": "Feature", "geometry": {"type": "Point", "coordinates": [121.46480872418365, 25.013488162332116]}, "properties": {"city": "NTPC", "parking_id": "010013", "name": "市民廣場地下停車場", "area": "板橋區", "address": "新北市板橋區縣民大道二段22號B1-B3", "service_time": "0~24時", "operator_type": "", "kind": "1", "total_car": 841, "available_car": 316, "availability_rate": 0.375743162901308, "status": "充足", "lat": 25.013488162332116, "lon": 121.46480872418365}}, {"type": "Feature", "geometry": {"type": "Point", "coordinates": [121.62022917929386, 25.00083260169761]}, "properties": {"city": "NTPC", "parking_id": "180004", "name": "深坑埔新段平面停車場", "area": "深坑區", "address": "新北市深坑區文化街17巷1號旁", "service_time": "0~24時", "operator_type": "", "kind": "1", "total_car": 130, "available_car": 34, "availability_rate": 0.26153846153846155, "status": "偏滿", "lat": 25.00083260169761, "lon": 121.62022917929386}}, {"type": "Feature", "geometry": {"type": "Point", "coordinates": [121.42706150833675, 25.04537334745515]}, "properties": {"city": "NTPC", "parking_id": "160035", "name": "泰山區明志國民小學前庭平面停車場", "area": "泰山區", "address": "新北市泰山區新生路2號", "service_time": "0~24時", "operator_type": "", "kind": "1", "total_car": 14, "available_car": 12, "availability_rate": 0.8571428571428571, "status": "充足", "lat": 25.04537334745515, "lon": 121.42706150833675}}, {"type": "Feature", "geometry": {"type": "Point", "coordinates": [121.47391223327747, 25.02852742325456]}, "properties": {"city": "NTPC", "parking_id": "010001", "name": "莊敬立體停車場", "area": "板橋區", "address": "新北市板橋區莊敬路2號", "service_time": "0~24時", "operator_type": "", "kind": "1", "total_car": 280, "available_car": 83, "availability_rate": 0.29642857142857143, "status": "偏滿", "lat": 25.02852742325456, "lon": 121.47391223327747}}, {"type": "Feature", "geometry": {"type": "Point", "coordinates": [121.4571390464947, 25.01078813548892]}, "properties": {"city": "NTPC", "parking_id": "010299", "name": "板橋黃石市場停車場", "area": "板橋區", "address": "新北市板橋區北門街11號B1~B3", "service_time": "0~24時", "operator_type": "", "kind": "1", "total_car": 48, "available_car": 5, "availability_rate": 0.10416666666666667, "status": "偏滿", "lat": 25.01078813548892, "lon": 121.4571390464947}}, {"type": "Feature", "geometry": {"type": "Point", "coordinates": [121.53664367207053, 24.96764514928345]}, "properties": {"city": "NTPC", "parking_id": "060078", "name": "新環停車場", "area": "新店區", "address": "新北市新店區環河路181-1號旁空地", "service_time": "0~24時", "operator_type": "", "kind": "1", "total_car": 143, "available_car": 12, "availability_rate": 0.08391608391608392, "status": "緊張", "lat": 24.96764514928345, "lon": 121.53664367207053}}, {"type": "Feature", "geometry": {"type": "Point", "coordinates": [121.48377312317332, 25.00146767905164]}, "properties": {"city": "NTPC", "parking_id": "030007", "name": "民樂立體停車場", "area": "中和區", "address": "新北市中和區民樂路65號", "service_time": "0~24時", "operator_type": "", "kind": "1", "total_car": 255, "available_car": 53, "availability_rate": 0.20784313725490197, "status": "偏滿", "lat": 25.00146767905164, "lon": 121.48377312317332}}, {"type": "Feature", "geometry": {"type": "Point", "coordinates": [121.50247878698293, 24.99056503692541]}, "properties": {"city": "NTPC", "parking_id": "030087", "name": "中和地政事務所及稅捐稽徵處中和分處地下停車場", "area": "中和區", "address": "新北市中和區復興路278號B1~B3", "service_time": "0~24時", "operator_type": "", "kind": "1", "total_car": 135, "available_car": 12, "availability_rate": 0.08888888888888889, "status": "緊張", "lat": 24.99056503692541, "lon": 121.50247878698293}}, {"type": "Feature", "geometry": {"type": "Point", "coordinates": [121.8483530011119, 25.11153319282152]}, "properties": {"city": "NTPC", "parking_id": "120021", "name": "隔頂平面停車場", "area": "瑞芳區", "address": "新北市瑞芳區瑞雙公路及瑞金公路口旁空地", "service_time": "0~24時", "operator_type": "", "kind": "1", "total_car": 61, "available_car": 0, "availability_rate": 0.0, "status": "滿車", "lat": 25.11153319282152, "lon": 121.8483530011119}}, {"type": "Feature", "geometry": {"type": "Point", "coordinates": [121.4358543182063, 25.196431618016426]}, "properties": {"city": "NTPC", "parking_id": "100240", "name": "新市段平面停車場", "area": "淡水區", "address": "新北市淡水區崁頂二路250號旁", "service_time": "0~24時", "operator_type": "", "kind": "1", "total_car": 40, "available_car": 26, "availability_rate": 0.65, "status": "充足", "lat": 25.196431618016426, "lon": 121.4358543182063}}, {"type": "Feature", "geometry": {"type": "Point", "coordinates": [121.49165547014064, 25.057431987682538]}, "properties": {"city": "NTPC", "parking_id": "020119", "name": "三重區光明公有零售市場所屬停車場", "area": "三重區", "address": "新北市三重區重安街70號1F及B1", "service_time": "0~24時", "operator_type": "", "kind": "1", "total_car": 50, "available_car": 0, "availability_rate": 0.0, "status": "滿車", "lat": 25.057431987682538, "lon": 121.49165547014064}}, {"type": "Feature", "geometry": {"type": "Point", "coordinates": [121.48181583282117, 25.05039973924201]}, "properties": {"city": "NTPC", "parking_id": "020060", "name": "幸福水漾公園區停車場", "area": "三重區", "address": "新北市三重區重新橋北側自行車道與疏洪十六路交叉口", "service_time": "0~24時", "operator_type": "", "kind": "1", "total_car": 173, "available_car": 44, "availability_rate": 0.2543352601156069, "status": "偏滿", "lat": 25.05039973924201, "lon": 121.48181583282117}}, {"type": "Feature", "geometry": {"type": "Point", "coordinates": [121.47138371129878, 25.066950145408025]}, "properties": {"city": "NTPC", "parking_id": "020078", "name": "親水公園區停車場", "area": "三重區", "address": "新北市三重區疏洪十二路及疏洪一路交叉口", "service_time": "0~24時", "operator_type": "", "kind": "1", "total_car": 277, "available_car": 59, "availability_rate": 0.21299638989169675, "status": "偏滿", "lat": 25.066950145408025, "lon": 121.47138371129878}}, {"type": "Feature", "geometry": {"type": "Point", "coordinates": [121.45332249805553, 25.082706271721577]}, "properties": {"city": "NTPC", "parking_id": "150018", "name": "微風運河2區停車場", "area": "五股區", "address": "新北市五股區疏洪一路土地公廟釣魚池旁", "service_time": "0~24時", "operator_type": "", "kind": "1", "total_car": 9, "available_car": 100, "availability_rate": 11.11111111111111, "status": "充足", "lat": 25.082706271721577, "lon": 121.45332249805553}}, {"type": "Feature", "geometry": {"type": "Point", "coordinates": [121.47243607540427, 25.066098158769655]}, "properties": {"city": "NTPC", "parking_id": "020071", "name": "荷花公園區停車場", "area": "三重區", "address": "新北市三重區疏洪十二路及疏洪一路交叉口", "service_time": "0~24時", "operator_type": "", "kind": "1", "total_car": 525, "available_car": 186, "availability_rate": 0.35428571428571426, "status": "充足", "lat": 25.066098158769655, "lon": 121.47243607540427}}, {"type": "Feature", "geometry": {"type": "Point", "coordinates": [121.48170951388363, 25.04982228465381]}, "properties": {"city": "NTPC", "parking_id": "020068", "name": "觀光市集南側區停車場", "area": "三重區", "address": "新北市三重區重新橋南側/新莊堤外道路與疏洪十六路交叉口", "service_time": "0~24時", "operator_type": "", "kind": "1", "total_car": 466, "available_car": 287, "availability_rate": 0.6158798283261803, "status": "充足", "lat": 25.04982228465381, "lon": 121.48170951388363}}, {"type": "Feature", "geometry": {"type": "Point", "coordinates": [121.43920433601396, 25.172401844206068]}, "properties": {"city": "NTPC", "parking_id": "100008", "name": "淡水三民立體停車場", "area": "淡水區", "address": "新北市淡水區建設街6號", "service_time": "0~24時", "operator_type": "", "kind": "1", "total_car": 57, "available_car": 0, "availability_rate": 0.0, "status": "滿車", "lat": 25.172401844206068, "lon": 121.43920433601396}}, {"type": "Feature", "geometry": {"type": "Point", "coordinates": [121.51252427924294, 24.962110073592587]}, "properties": {"city": "NTPC", "parking_id": "060010", "name": "新店區安康立體停車場", "area": "新店區", "address": "新北市新店區安康路2段120號4F~10F", "service_time": "0~24時", "operator_type": "", "kind": "1", "total_car": 200, "available_car": 29, "availability_rate": 0.145, "status": "偏滿", "lat": 24.962110073592587, "lon": 121.51252427924294}}, {"type": "Feature", "geometry": {"type": "Point", "coordinates": [121.46596292838815, 25.068551689804654]}, "properties": {"city": "NTPC", "parking_id": "150009", "name": "遙控賽車場區停車場", "area": "五股區", "address": "新北市五股區疏洪一路及疏洪十路交叉口", "service_time": "0~24時", "operator_type": "", "kind": "1", "total_car": 60, "available_car": 9, "availability_rate": 0.15, "status": "偏滿", "lat": 25.068551689804654, "lon": 121.46596292838815}}, {"type": "Feature", "geometry": {"type": "Point", "coordinates": [121.45965701435117, 25.072060711652536]}, "properties": {"city": "NTPC", "parking_id": "020083", "name": "陽光運河區停車場", "area": "五股區", "address": "新北市五股區疏洪一路及疏洪八路交叉口", "service_time": "0~24時", "operator_type": "", "kind": "1", "total_car": 115, "available_car": 66, "availability_rate": 0.5739130434782609, "status": "充足", "lat": 25.072060711652536, "lon": 121.45965701435117}}, {"type": "Feature", "geometry": {"type": "Point", "coordinates": [121.47317964536836, 25.062272388050776]}, "properties": {"city": "NTPC", "parking_id": "020065", "name": "中山棒球場區停車場", "area": "三重區", "address": "新北市三重區疏洪十二路及東西向快速公路八里新店線交叉口", "service_time": "0~24時", "operator_type": "", "kind": "1", "total_car": 115, "available_car": 67, "availability_rate": 0.5826086956521739, "status": "充足", "lat": 25.062272388050776, "lon": 121.47317964536836}}, {"type": "Feature", "geometry": {"type": "Point", "coordinates": [121.45266736792661, 25.084631256615932]}, "properties": {"city": "NTPC", "parking_id": "150019", "name": "微風運河3區停車場", "area": "五股區", "address": "新北市五股區疏洪一路近微風運河南側", "service_time": "0~24時", "operator_type": "", "kind": "1", "total_car": 91, "available_car": 60, "availability_rate": 0.6593406593406593, "status": "充足", "lat": 25.084631256615932, "lon": 121.45266736792661}}, {"type": "Feature", "geometry": {"type": "Point", "coordinates": [121.45411589728843, 25.09193055782308]}, "properties": {"city": "NTPC", "parking_id": "150016", "name": "微風運河4區停車場", "area": "五股區", "address": "新北市五股區疏洪一路距離微風運河500公尺處", "service_time": "0~24時", "operator_type": "", "kind": "1", "total_car": 67, "available_car": 34, "availability_rate": 0.5074626865671642, "status": "充足", "lat": 25.09193055782308, "lon": 121.45411589728843}}, {"type": "Feature", "geometry": {"type": "Point", "coordinates": [121.45666940779458, 25.09717706428306]}, "properties": {"city": "NTPC", "parking_id": "150015", "name": "微風運河5區停車場", "area": "五股區", "address": "新北市五股區成蘆橋距微風運河700公尺處", "service_time": "0~24時", "operator_type": "", "kind": "1", "total_car": 91, "available_car": 0, "availability_rate": 0.0, "status": "滿車", "lat": 25.09717706428306, "lon": 121.45666940779458}}, {"type": "Feature", "geometry": {"type": "Point", "coordinates": [121.53524475040437, 24.965474395986107]}, "properties": {"city": "NTPC", "parking_id": "060085", "name": "親情河濱公園2區停車場", "area": "新店區", "address": "新北市新店區環河路100號對面親情公園下方停車場", "service_time": "0~24時", "operator_type": "", "kind": "1", "total_car": 117, "available_car": 13, "availability_rate": 0.1111111111111111, "status": "偏滿", "lat": 24.965474395986107, "lon": 121.53524475040437}}, {"type": "Feature", "geometry": {"type": "Point", "coordinates": [121.53524475040437, 24.965474395986107]}, "properties": {"city": "NTPC", "parking_id": "060085", "name": "親情河濱公園2區停車場", "area": "新店區", "address": "新北市新店區環河路100號對面親情公園下方停車場", "service_time": "0~24時", "operator_type": "", "kind": "1", "total_car": 117, "available_car": 13, "availability_rate": 0.1111111111111111, "status": "偏滿", "lat": 24.965474395986107, "lon": 121.53524475040437}}, {"type": "Feature", "geometry": {"type": "Point", "coordinates": [121.53524475040437, 24.965474395986107]}, "properties": {"city": "NTPC", "parking_id": "060085", "name": "親情河濱公園2區停車場", "area": "新店區", "address": "新北市新店區環河路100號對面親情公園下方停車場", "service_time": "0~24時", "operator_type": "", "kind": "1", "total_car": 117, "available_car": 13, "availability_rate": 0.1111111111111111, "status": "偏滿", "lat": 24.965474395986107, "lon": 121.53524475040437}}, {"type": "Feature", "geometry": {"type": "Point", "coordinates": [121.53593160295482, 24.96559380585774]}, "properties": {"city": "NTPC", "parking_id": "060047", "name": "親情河濱公園1區停車場", "area": "新店區", "address": "新北市新店區親情河濱公園高灘地", "service_time": "0~24時", "operator_type": "", "kind": "1", "total_car": 151, "available_car": 40, "availability_rate": 0.26490066225165565, "status": "偏滿", "lat": 24.96559380585774, "lon": 121.53593160295482}}, {"type": "Feature", "geometry": {"type": "Point", "coordinates": [121.53593160295482, 24.96559380585774]}, "properties": {"city": "NTPC", "parking_id": "060047", "name": "親情河濱公園1區停車場", "area": "新店區", "address": "新北市新店區親情河濱公園高灘地", "service_time": "0~24時", "operator_type": "", "kind": "1", "total_car": 151, "available_car": 40, "availability_rate": 0.26490066225165565, "status": "偏滿", "lat": 24.96559380585774, "lon": 121.53593160295482}}, {"type": "Feature", "geometry": {"type": "Point", "coordinates": [121.51452701873488, 25.01975247050337]}, "properties": {"city": "NTPC", "parking_id": "040014", "name": "綠寶石區停車場", "area": "永和區", "address": "新北市永和區中正橋下綠寶石區高灘地", "service_time": "0~24時", "operator_type": "", "kind": "1", "total_car": 764, "available_car": 88, "availability_rate": 0.11518324607329843, "status": "偏滿", "lat": 25.01975247050337, "lon": 121.51452701873488}}, {"type": "Feature", "geometry": {"type": "Point", "coordinates": [121.51452701873488, 25.01975247050337]}, "properties": {"city": "NTPC", "parking_id": "040014", "name": "綠寶石區停車場", "area": "永和區", "address": "新北市永和區中正橋下綠寶石區高灘地", "service_time": "0~24時", "operator_type": "", "kind": "1", "total_car": 787, "available_car": 88, "availability_rate": 0.11181702668360864, "status": "偏滿", "lat": 25.01975247050337, "lon": 121.51452701873488}}, {"type": "Feature", "geometry": {"type": "Point", "coordinates": [121.51620269688367, 25.018852877864568]}, "properties": {"city": "NTPC", "parking_id": "040037", "name": "綠光河岸區停車場", "area": "永和區", "address": "新北市永和區中正橋下綠光河岸區高灘地", "service_time": "0~24時", "operator_type": "", "kind": "1", "total_car": 442, "available_car": 48, "availability_rate": 0.1085972850678733, "status": "偏滿", "lat": 25.018852877864568, "lon": 121.51620269688367}}, {"type": "Feature", "geometry": {"type": "Point", "coordinates": [121.51620269688367, 25.018852877864568]}, "properties": {"city": "NTPC", "parking_id": "040037", "name": "綠光河岸區停車場", "area": "永和區", "address": "新北市永和區中正橋下綠光河岸區高灘地", "service_time": "0~24時", "operator_type": "", "kind": "1", "total_car": 442, "available_car": 48, "availability_rate": 0.1085972850678733, "status": "偏滿", "lat": 25.018852877864568, "lon": 121.51620269688367}}, {"type": "Feature", "geometry": {"type": "Point", "coordinates": [121.522452336007, 24.98127398718842]}, "properties": {"city": "NTPC", "parking_id": "060068", "name": "萊茵區停車場", "area": "新店區", "address": "新北市新店區中安大橋下萊茵區高灘地", "service_time": "0~24時", "operator_type": "", "kind": "1", "total_car": 163, "available_car": 110, "availability_rate": 0.6748466257668712, "status": "充足", "lat": 24.98127398718842, "lon": 121.522452336007}}, {"type": "Feature", "geometry": {"type": "Point", "coordinates": [121.522452336007, 24.98127398718842]}, "properties": {"city": "NTPC", "parking_id": "060068", "name": "萊茵區停車場", "area": "新店區", "address": "新北市新店區中安大橋下萊茵區高灘地", "service_time": "0~24時", "operator_type": "", "kind": "1", "total_car": 163, "available_car": 110, "availability_rate": 0.6748466257668712, "status": "充足", "lat": 24.98127398718842, "lon": 121.522452336007}}, {"type": "Feature", "geometry": {"type": "Point", "coordinates": [121.51846353876037, 24.976782878674]}, "properties": {"city": "NTPC", "parking_id": "060021", "name": "陽光運動公園停車場", "area": "新店區", "address": "新北市新店區陽光橋下陽光運動公園區高灘地", "service_time": "0~24時", "operator_type": "", "kind": "1", "total_car": 227, "available_car": 0, "availability_rate": 0.0, "status": "滿車", "lat": 24.976782878674, "lon": 121.51846353876037}}, {"type": "Feature", "geometry": {"type": "Point", "coordinates": [121.51846353876037, 24.976782878674]}, "properties": {"city": "NTPC", "parking_id": "060021", "name": "陽光運動公園停車場", "area": "新店區", "address": "新北市新店區陽光橋下陽光運動公園區高灘地", "service_time": "0~24時", "operator_type": "", "kind": "1", "total_car": 227, "available_car": 0, "availability_rate": 0.0, "status": "滿車", "lat": 24.976782878674, "lon": 121.51846353876037}}, {"type": "Feature", "geometry": {"type": "Point", "coordinates": [121.52834439903818, 25.005259019305193]}, "properties": {"city": "NTPC", "parking_id": "040036", "name": "福和橋區停車場", "area": "永和區", "address": "新北市永和區福和水門正對面堤外停車場", "service_time": "0~24時", "operator_type": "", "kind": "1", "total_car": 276, "available_car": 12, "availability_rate": 0.043478260869565216, "status": "緊張", "lat": 25.005259019305193, "lon": 121.52834439903818}}, {"type": "Feature", "geometry": {"type": "Point", "coordinates": [121.4818536906875, 25.034726791928954]}, "properties": {"city": "NTPC", "parking_id": "010034", "name": "華江區停車場", "area": "板橋區", "address": "新北市板橋區江子翠水門進入後左轉至華江橋間堤外高灘地", "service_time": "0~24時", "operator_type": "", "kind": "1", "total_car": 356, "available_car": 76, "availability_rate": 0.21348314606741572, "status": "偏滿", "lat": 25.034726791928954, "lon": 121.4818536906875}}, {"type": "Feature", "geometry": {"type": "Point", "coordinates": [121.52919799996828, 25.002084998844534]}, "properties": {"city": "NTPC", "parking_id": "040066", "name": "長堤區停車場", "area": "永和區", "address": "新北市永和區民樂街31巷17弄對面堤外高灘地", "service_time": "0~24時", "operator_type": "", "kind": "1", "total_car": 95, "available_car": 20, "availability_rate": 0.21052631578947367, "status": "偏滿", "lat": 25.002084998844534, "lon": 121.52919799996828}}, {"type": "Feature", "geometry": {"type": "Point", "coordinates": [121.52812696187324, 24.990778660061764]}, "properties": {"city": "NTPC", "parking_id": "030119", "name": "秀朗追風區停車場", "area": "中和區", "address": "新北市中和區秀朗橋下河濱籃球場旁空地", "service_time": "0~24時", "operator_type": "", "kind": "1", "total_car": 428, "available_car": 116, "availability_rate": 0.27102803738317754, "status": "偏滿", "lat": 24.990778660061764, "lon": 121.52812696187324}}, {"type": "Feature", "geometry": {"type": "Point", "coordinates": [121.51914464451882, 24.98330786954104]}, "properties": {"city": "NTPC", "parking_id": "060164", "name": "新店區永安平面停車場", "area": "新店區", "address": "新北市新店區安和路3段46-14號", "service_time": "0~24時", "operator_type": "", "kind": "1", "total_car": 75, "available_car": 15, "availability_rate": 0.2, "status": "偏滿", "lat": 24.98330786954104, "lon": 121.51914464451882}}, {"type": "Feature", "geometry": {"type": "Point", "coordinates": [121.5343033258688, 24.97956170902197]}, "properties": {"city": "NTPC", "parking_id": "060163", "name": "新店區二十張平面停車場", "area": "新店區", "address": "新北市新店區二十張路231號", "service_time": "0~24時", "operator_type": "", "kind": "1", "total_car": 248, "available_car": 159, "availability_rate": 0.6411290322580645, "status": "充足", "lat": 24.97956170902197, "lon": 121.5343033258688}}, {"type": "Feature", "geometry": {"type": "Point", "coordinates": [121.60205499997619, 25.003474999027482]}, "properties": {"city": "NTPC", "parking_id": "180007", "name": "深坑北深路平面停車場", "area": "深坑區", "address": "新北市深坑區北深路3段165-1號旁空地", "service_time": "0~24時", "operator_type": "", "kind": "1", "total_car": 13, "available_car": 2, "availability_rate": 0.15384615384615385, "status": "偏滿", "lat": 25.003474999027482, "lon": 121.60205499997619}}, {"type": "Feature", "geometry": {"type": "Point", "coordinates": [121.63727199998922, 25.220235999042632]}, "properties": {"city": "NTPC", "parking_id": "270008", "name": "市地重劃B區臨時平面停車場", "area": "金山區", "address": "新北市金山區仁愛路與福德街交叉口路口市地重劃區", "service_time": "0~24時", "operator_type": "", "kind": "1", "total_car": 20, "available_car": 15, "availability_rate": 0.75, "status": "充足", "lat": 25.220235999042632, "lon": 121.63727199998922}}, {"type": "Feature", "geometry": {"type": "Point", "coordinates": [121.42512508962366, 25.022675735065043]}, "properties": {"city": "NTPC", "parking_id": "050003", "name": "八德立體停車場", "area": "新莊區", "address": "新北市新莊區八德街56號", "service_time": "0~24時", "operator_type": "", "kind": "1", "total_car": 200, "available_car": 0, "availability_rate": 0.0, "status": "滿車", "lat": 25.022675735065043, "lon": 121.42512508962366}}, {"type": "Feature", "geometry": {"type": "Point", "coordinates": [121.45160844011299, 25.047817804656813]}, "properties": {"city": "NTPC", "parking_id": "050002", "name": "中誠立體停車場", "area": "新莊區", "address": "新北市新莊區中誠街53巷1號", "service_time": "0~24時", "operator_type": "", "kind": "1", "total_car": 200, "available_car": 41, "availability_rate": 0.205, "status": "偏滿", "lat": 25.047817804656813, "lon": 121.45160844011299}}, {"type": "Feature", "geometry": {"type": "Point", "coordinates": [121.45671179525311, 25.047666780641443]}, "properties": {"city": "NTPC", "parking_id": "050051", "name": "思賢立體停車場", "area": "新莊區", "address": "新北市新莊區福樂街73號", "service_time": "0~24時", "operator_type": "", "kind": "1", "total_car": 254, "available_car": 0, "availability_rate": 0.0, "status": "滿車", "lat": 25.047666780641443, "lon": 121.45671179525311}}, {"type": "Feature", "geometry": {"type": "Point", "coordinates": [121.42620950265794, 25.036279911155898]}, "properties": {"city": "NTPC", "parking_id": "160042", "name": "文小一臨時平面停車場", "area": "泰山區", "address": "新北市泰山區新北大道6段與漢口街北側及西側街廓停車場", "service_time": "0~24時", "operator_type": "", "kind": "1", "total_car": 352, "available_car": 153, "availability_rate": 0.4346590909090909, "status": "充足", "lat": 25.036279911155898, "lon": 121.42620950265794}}, {"type": "Feature", "geometry": {"type": "Point", "coordinates": [121.42763203919205, 25.04385678006776]}, "properties": {"city": "NTPC", "parking_id": "160038", "name": "新明臨時平面停車場", "area": "泰山區", "address": "新北市泰山區中央路5巷25號旁", "service_time": "0~24時", "operator_type": "", "kind": "1", "total_car": 24, "available_car": 3, "availability_rate": 0.125, "status": "偏滿", "lat": 25.04385678006776, "lon": 121.42763203919205}}, {"type": "Feature", "geometry": {"type": "Point", "coordinates": [121.43850511432714, 25.04374112460294]}, "properties": {"city": "NTPC", "parking_id": "160041", "name": "泰山區文中二臨時平面停車場", "area": "泰山區", "address": "新北市泰山區莊泰路與磚雅厝路交叉口旁", "service_time": "0~24時", "operator_type": "", "kind": "1", "total_car": 109, "available_car": 91, "availability_rate": 0.8348623853211009, "status": "充足", "lat": 25.04374112460294, "lon": 121.43850511432714}}, {"type": "Feature", "geometry": {"type": "Point", "coordinates": [121.80893939371416, 25.108096417060604]}, "properties": {"city": "NTPC", "parking_id": "120002", "name": "瑞芳區立體停車場", "area": "瑞芳區", "address": "新北市瑞芳區民權街3之1號", "service_time": "0~24時", "operator_type": "", "kind": "1", "total_car": 348, "available_car": 48, "availability_rate": 0.13793103448275862, "status": "偏滿", "lat": 25.108096417060604, "lon": 121.80893939371416}}, {"type": "Feature", "geometry": {"type": "Point", "coordinates": [121.43597020277642, 25.05078061571764]}, "properties": {"city": "NTPC", "parking_id": "160044", "name": "泰山區停五平面停車場", "area": "泰山區", "address": "新北市泰山區新北大道5段及文程路交叉口", "service_time": "0~24時", "operator_type": "", "kind": "1", "total_car": 50, "available_car": 34, "availability_rate": 0.68, "status": "充足", "lat": 25.05078061571764, "lon": 121.43597020277642}}, {"type": "Feature", "geometry": {"type": "Point", "coordinates": [121.44907578763771, 25.04277874733826]}, "properties": {"city": "NTPC", "parking_id": "050242", "name": "新莊運動公園地下停車場", "area": "新莊區", "address": "新北市新莊區復興路1段28號B1~B3及平面之機車位", "service_time": "0~24時", "operator_type": "", "kind": "1", "total_car": 636, "available_car": 142, "availability_rate": 0.22327044025157233, "status": "偏滿", "lat": 25.04277874733826, "lon": 121.44907578763771}}, {"type": "Feature", "geometry": {"type": "Point", "coordinates": [121.465868638665, 25.01474427559494]}, "properties": {"city": "NTPC", "parking_id": "010093", "name": "東方富域停車場", "area": "板橋區", "address": "新北市板橋區縣民大道二段78號B1/1~50、186~425、428~440號機車位及B7、B8", "service_time": "0~24時", "operator_type": "", "kind": "1", "total_car": 184, "available_car": 349, "availability_rate": 1.8967391304347827, "status": "充足", "lat": 25.01474427559494, "lon": 121.465868638665}}, {"type": "Feature", "geometry": {"type": "Point", "coordinates": [121.44560269119931, 25.168193728681835]}, "properties": {"city": "NTPC", "parking_id": "100010", "name": "嘟嘟房捷運淡水站停車場", "area": "淡水區", "address": "新北市淡水區中正路1號B1、B2", "service_time": "0~24時", "operator_type": "", "kind": "1", "total_car": 553, "available_car": 469, "availability_rate": 0.8481012658227848, "status": "充足", "lat": 25.168193728681835, "lon": 121.44560269119931}}, {"type": "Feature", "geometry": {"type": "Point", "coordinates": [121.6417499999473, 25.220255998633718]}, "properties": {"city": "NTPC", "parking_id": "270007", "name": "金山區金山立體停車場", "area": "金山區", "address": "新北市金山區中興路101號", "service_time": "0~24時", "operator_type": "", "kind": "1", "total_car": 350, "available_car": 282, "availability_rate": 0.8057142857142857, "status": "充足", "lat": 25.220255998633718, "lon": 121.6417499999473}}, {"type": "Feature", "geometry": {"type": "Point", "coordinates": [121.37462855591149, 24.938437759032094]}, "properties": {"city": "NTPC", "parking_id": "090008", "name": "龍埔公園平面停車場", "area": "三峽區", "address": "新北市三峽區國光街60號", "service_time": "0~24時", "operator_type": "", "kind": "1", "total_car": 57, "available_car": 36, "availability_rate": 0.631578947368421, "status": "充足", "lat": 24.938437759032094, "lon": 121.37462855591149}}, {"type": "Feature", "geometry": {"type": "Point", "coordinates": [121.38203041198992, 24.947510488638883]}, "properties": {"city": "NTPC", "parking_id": "070038", "name": "樹林停二平面停車場", "area": "樹林區", "address": "新北市樹林區學成路及大成街交叉處", "service_time": "0~24時", "operator_type": "", "kind": "1", "total_car": 150, "available_car": 65, "availability_rate": 0.43333333333333335, "status": "充足", "lat": 24.947510488638883, "lon": 121.38203041198992}}, {"type": "Feature", "geometry": {"type": "Point", "coordinates": [121.3749328651728, 24.932654344943543]}, "properties": {"city": "NTPC", "parking_id": "090017", "name": "三角湧平面停車場", "area": "三峽區", "address": "新北市三峽區中華路與愛國路交界處", "service_time": "0~24時", "operator_type": "", "kind": "1", "total_car": 39, "available_car": 9, "availability_rate": 0.23076923076923078, "status": "偏滿", "lat": 24.932654344943543, "lon": 121.3749328651728}}, {"type": "Feature", "geometry": {"type": "Point", "coordinates": [121.37430220016749, 24.93037627394794]}, "properties": {"city": "NTPC", "parking_id": "090016", "name": "光明平面停車場", "area": "三峽區", "address": "新北市三峽區光明路39號之1", "service_time": "0~24時", "operator_type": "", "kind": "1", "total_car": 46, "available_car": 17, "availability_rate": 0.3695652173913043, "status": "充足", "lat": 24.93037627394794, "lon": 121.37430220016749}}, {"type": "Feature", "geometry": {"type": "Point", "coordinates": [121.48352889730349, 25.057599507036272]}, "properties": {"city": "NTPC", "parking_id": "020246", "name": "重陽公園地下停車場", "area": "三重區", "address": "新北市三重區朝陽街77號B1~B3", "service_time": "0~24時", "operator_type": "", "kind": "1", "total_car": 257, "available_car": 6, "availability_rate": 0.023346303501945526, "status": "緊張", "lat": 25.057599507036272, "lon": 121.48352889730349}}, {"type": "Feature", "geometry": {"type": "Point", "coordinates": [121.43086850706197, 25.034436464747653]}, "properties": {"city": "NTPC", "parking_id": "050026", "name": "明日之星收費停車場", "area": "新莊區", "address": "新北市新莊區中正路514巷99號", "service_time": "0~24時", "operator_type": "", "kind": "1", "total_car": 74, "available_car": 15, "availability_rate": 0.20270270270270271, "status": "偏滿", "lat": 25.034436464747653, "lon": 121.43086850706197}}, {"type": "Feature", "geometry": {"type": "Point", "coordinates": [121.35738373193911, 24.952570632785303]}, "properties": {"city": "NTPC", "parking_id": "080075", "name": "新北市美術館地下停車場", "area": "鶯歌區", "address": "新北市鶯歌區館前路298號B2、B3", "service_time": "0~24時", "operator_type": "", "kind": "1", "total_car": 82, "available_car": 0, "availability_rate": 0.0, "status": "滿車", "lat": 24.952570632785303, "lon": 121.35738373193911}}, {"type": "Feature", "geometry": {"type": "Point", "coordinates": [121.35436999999818, 24.951356999141353]}, "properties": {"city": "NTPC", "parking_id": "080031", "name": "鶯歌區北鶯平面停車場", "area": "鶯歌區", "address": "新北市鶯歌區館前路與文化路交叉口", "service_time": "0~24時", "operator_type": "", "kind": "1", "total_car": 110, "available_car": 60, "availability_rate": 0.5454545454545454, "status": "充足", "lat": 24.951356999141353, "lon": 121.35436999999818}}, {"type": "Feature", "geometry": {"type": "Point", "coordinates": [121.37226878506381, 24.932448856285557]}, "properties": {"city": "NTPC", "parking_id": "090003", "name": "長福平面停車場", "area": "三峽區", "address": "新北市三峽區光明路1號", "service_time": "0~24時", "operator_type": "", "kind": "1", "total_car": 50, "available_car": 18, "availability_rate": 0.36, "status": "充足", "lat": 24.932448856285557, "lon": 121.37226878506381}}, {"type": "Feature", "geometry": {"type": "Point", "coordinates": [121.4492898701851, 25.206290576090666]}, "properties": {"city": "NTPC", "parking_id": "100242", "name": "義山平面停車場", "area": "淡水區", "address": "新北市淡水區淡金路3段與奎柔山路交叉口", "service_time": "0~24時", "operator_type": "", "kind": "1", "total_car": 45, "available_car": 26, "availability_rate": 0.5777777777777777, "status": "充足", "lat": 25.206290576090666, "lon": 121.4492898701851}}, {"type": "Feature", "geometry": {"type": "Point", "coordinates": [121.8051008695875, 25.134508771978293]}, "properties": {"city": "NTPC", "parking_id": "120023", "name": "八斗子停車場", "area": "瑞芳區", "address": "新北市瑞芳區建基路2段121號旁空地", "service_time": "0~24時", "operator_type": "", "kind": "1", "total_car": 31, "available_car": 2, "availability_rate": 0.06451612903225806, "status": "緊張", "lat": 25.134508771978293, "lon": 121.8051008695875}}, {"type": "Feature", "geometry": {"type": "Point", "coordinates": [121.45475734273211, 25.00192704561986]}, "properties": {"city": "NTPC", "parking_id": "010131", "name": "新北市立圖書館地下停車場", "area": "板橋區", "address": "新北市板橋區貴興路139號B1~B3", "service_time": "0~24時", "operator_type": "", "kind": "1", "total_car": 225, "available_car": 0, "availability_rate": 0.0, "status": "滿車", "lat": 25.00192704561986, "lon": 121.45475734273211}}, {"type": "Feature", "geometry": {"type": "Point", "coordinates": [121.49743390470117, 25.068521806091397]}, "properties": {"city": "NTPC", "parking_id": "020005", "name": "正義公園地下停車場", "area": "三重區", "address": "新北市三重區雙園街1號B1、B2", "service_time": "0~24時", "operator_type": "", "kind": "1", "total_car": 196, "available_car": 12, "availability_rate": 0.061224489795918366, "status": "緊張", "lat": 25.068521806091397, "lon": 121.49743390470117}}, {"type": "Feature", "geometry": {"type": "Point", "coordinates": [121.4788047493408, 25.066159010511406]}, "properties": {"city": "NTPC", "parking_id": "020008", "name": "二重國中地下停車場", "area": "三重區", "address": "新北市三重區忠孝路3段89號B1、B2", "service_time": "0~24時", "operator_type": "", "kind": "1", "total_car": 207, "available_car": 34, "availability_rate": 0.1642512077294686, "status": "偏滿", "lat": 25.066159010511406, "lon": 121.4788047493408}}, {"type": "Feature", "geometry": {"type": "Point", "coordinates": [121.46968757289295, 24.987241438087366]}, "properties": {"city": "NTPC", "parking_id": "130005", "name": "土城區延吉立體停車場", "area": "土城區", "address": "新北市土城區德峰街65號", "service_time": "0~24時", "operator_type": "", "kind": "1", "total_car": 435, "available_car": 125, "availability_rate": 0.28735632183908044, "status": "偏滿", "lat": 24.987241438087366, "lon": 121.46968757289295}}, {"type": "Feature", "geometry": {"type": "Point", "coordinates": [121.4465778303481, 24.984536402945487]}, "properties": {"city": "NTPC", "parking_id": "130004", "name": "土城區裕生立體停車場", "area": "土城區", "address": "新北市土城區裕生路106號", "service_time": "0~24時", "operator_type": "", "kind": "1", "total_car": 177, "available_car": 29, "availability_rate": 0.1638418079096045, "status": "偏滿", "lat": 24.984536402945487, "lon": 121.4465778303481}}, {"type": "Feature", "geometry": {"type": "Point", "coordinates": [121.44384999355648, 24.982970040327096]}, "properties": {"city": "NTPC", "parking_id": "130084", "name": "土城區中央公園地下停車場", "area": "土城區", "address": "新北市土城區中央路1段325之1號B1~B4", "service_time": "0~24時", "operator_type": "", "kind": "1", "total_car": 318, "available_car": 88, "availability_rate": 0.27672955974842767, "status": "偏滿", "lat": 24.982970040327096, "lon": 121.44384999355648}}, {"type": "Feature", "geometry": {"type": "Point", "coordinates": [121.45951974130206, 25.012096204321306]}, "properties": {"city": "NTPC", "parking_id": "010110", "name": "板橋區板橋高中地下停車場", "area": "板橋區", "address": "新北市板橋區文化路1段25號B1", "service_time": "0~24時", "operator_type": "", "kind": "1", "total_car": 230, "available_car": 0, "availability_rate": 0.0, "status": "滿車", "lat": 25.012096204321306, "lon": 121.45951974130206}}, {"type": "Feature", "geometry": {"type": "Point", "coordinates": [121.48668899992666, 25.01909399903081]}, "properties": {"city": "NTPC", "parking_id": "010217", "name": "華翠區停車場", "area": "板橋區", "address": "新北市板橋區江子翠水門進入後右轉至光復水門間堤外高灘地", "service_time": "0~24時", "operator_type": "", "kind": "1", "total_car": 165, "available_car": 11, "availability_rate": 0.06666666666666667, "status": "緊張", "lat": 25.01909399903081, "lon": 121.48668899992666}}, {"type": "Feature", "geometry": {"type": "Point", "coordinates": [121.48960776760886, 25.060914570267418]}, "properties": {"city": "NTPC", "parking_id": "020002", "name": "三重區中山立體停車場", "area": "三重區", "address": "新北市三重區新北大道1段7號B1、B2、2F~7F及頂樓", "service_time": "0~24時", "operator_type": "", "kind": "1", "total_car": 466, "available_car": 2, "availability_rate": 0.004291845493562232, "status": "緊張", "lat": 25.060914570267418, "lon": 121.48960776760886}}, {"type": "Feature", "geometry": {"type": "Point", "coordinates": [121.48410981291752, 25.064187225217538]}, "properties": {"city": "NTPC", "parking_id": "020006", "name": "三重區聯邦地下停車場", "area": "三重區", "address": "新北市三重區中華路125號B2、B3", "service_time": "0~24時", "operator_type": "", "kind": "1", "total_car": 191, "available_car": 3, "availability_rate": 0.015706806282722512, "status": "緊張", "lat": 25.064187225217538, "lon": 121.48410981291752}}, {"type": "Feature", "geometry": {"type": "Point", "coordinates": [121.48514145041743, 25.08451961627363]}, "properties": {"city": "NTPC", "parking_id": "020034", "name": "三重區碧華平面停車場", "area": "三重區", "address": "新北市三重區仁華街118巷28號", "service_time": "0~24時", "operator_type": "", "kind": "1", "total_car": 7, "available_car": 0, "availability_rate": 0.0, "status": "滿車", "lat": 25.08451961627363, "lon": 121.48514145041743}}, {"type": "Feature", "geometry": {"type": "Point", "coordinates": [121.48630786236185, 25.071118130157032]}, "properties": {"city": "NTPC", "parking_id": "020072", "name": "三重區忠孝自強平面停車場", "area": "三重區", "address": "新北市三重區忠孝路2段35號對面", "service_time": "0~24時", "operator_type": "", "kind": "1", "total_car": 40, "available_car": 2, "availability_rate": 0.05, "status": "緊張", "lat": 25.071118130157032, "lon": 121.48630786236185}}, {"type": "Feature", "geometry": {"type": "Point", "coordinates": [121.37409888300976, 25.073556794779222]}, "properties": {"city": "NTPC", "parking_id": "170135", "name": "林口區國家檔案館地下停車場", "area": "林口區", "address": "新北市林口區檔案館路1號B1、B2", "service_time": "0~24時", "operator_type": "", "kind": "1", "total_car": 252, "available_car": 121, "availability_rate": 0.4801587301587302, "status": "充足", "lat": 25.073556794779222, "lon": 121.37409888300976}}, {"type": "Feature", "geometry": {"type": "Point", "coordinates": [121.47793417034839, 25.0653131740054]}, "properties": {"city": "NTPC", "parking_id": "020029", "name": "三重區二重國小地下停車場", "area": "三重區", "address": "新北市三重區大有街10號B1", "service_time": "0~24時", "operator_type": "", "kind": "1", "total_car": 92, "available_car": 14, "availability_rate": 0.15217391304347827, "status": "偏滿", "lat": 25.0653131740054, "lon": 121.47793417034839}}, {"type": "Feature", "geometry": {"type": "Point", "coordinates": [121.45882381136208, 25.063928959183144]}, "properties": {"city": "NTPC", "parking_id": "050018", "name": "新店大豐公園平面停車場", "area": "新店區", "address": "新北市新店區二十張路143之1號", "service_time": "0~24時", "operator_type": "", "kind": "1", "total_car": 61, "available_car": 9, "availability_rate": 0.14754098360655737, "status": "偏滿", "lat": 25.063928959183144, "lon": 121.45882381136208}}, {"type": "Feature", "geometry": {"type": "Point", "coordinates": [121.47487498656113, 25.050300210827533]}, "properties": {"city": "NTPC", "parking_id": "020251", "name": "三重區興穀國小操場地下停車場", "area": "三重區", "address": "新北市三重區五谷王北街46號B1、B2", "service_time": "0~24時", "operator_type": "", "kind": "1", "total_car": 332, "available_car": 147, "availability_rate": 0.4427710843373494, "status": "充足", "lat": 25.050300210827533, "lon": 121.47487498656113}}, {"type": "Feature", "geometry": {"type": "Point", "coordinates": [121.49651644153766, 24.955032015391453]}, "properties": {"city": "NTPC", "parking_id": "060048", "name": "新店區安坑平面停車場(辰淵)", "area": "新店區", "address": "新北市新店區安康路2段341巷口", "service_time": "0~24時", "operator_type": "", "kind": "1", "total_car": 41, "available_car": 18, "availability_rate": 0.43902439024390244, "status": "充足", "lat": 24.955032015391453, "lon": 121.49651644153766}}, {"type": "Feature", "geometry": {"type": "Point", "coordinates": [121.54633265660617, 24.979732912815514]}, "properties": {"city": "NTPC", "parking_id": "060147", "name": "綠湖公園地下停車場", "area": "新店區", "address": "新北市新店區寶中路36號B1~B3", "service_time": "0~24時", "operator_type": "", "kind": "1", "total_car": 358, "available_car": 91, "availability_rate": 0.2541899441340782, "status": "偏滿", "lat": 24.979732912815514, "lon": 121.54633265660617}}, {"type": "Feature", "geometry": {"type": "Point", "coordinates": [121.5186889259231, 24.97384342322408]}, "properties": {"city": "NTPC", "parking_id": "060011", "name": "新店區安和公園臨時平面停車場", "area": "新店區", "address": "新北市新店區安和路2段141號旁", "service_time": "0~24時", "operator_type": "", "kind": "1", "total_car": 67, "available_car": 10, "availability_rate": 0.14925373134328357, "status": "偏滿", "lat": 24.97384342322408, "lon": 121.5186889259231}}, {"type": "Feature", "geometry": {"type": "Point", "coordinates": [121.43443336117595, 25.061835569966647]}, "properties": {"city": "NTPC", "parking_id": "160004", "name": "泰山區楓樹腳公園地下停車場", "area": "泰山區", "address": "新北市泰山區楓江路26巷26號B2、B3", "service_time": "0~24時", "operator_type": "", "kind": "1", "total_car": 382, "available_car": 95, "availability_rate": 0.2486910994764398, "status": "偏滿", "lat": 25.061835569966647, "lon": 121.43443336117595}}, {"type": "Feature", "geometry": {"type": "Point", "coordinates": [121.4451899999833, 24.978367998790937]}, "properties": {"city": "NTPC", "parking_id": "130075", "name": "日月光廣場收費停車場", "area": "土城區", "address": "新北市土城區學府路2段210號B1及B3", "service_time": "0~24時", "operator_type": "", "kind": "1", "total_car": 522, "available_car": 53, "availability_rate": 0.10153256704980843, "status": "偏滿", "lat": 24.978367998790937, "lon": 121.4451899999833}}, {"type": "Feature", "geometry": {"type": "Point", "coordinates": [121.45814932509084, 25.02379191828808]}, "properties": {"city": "NTPC", "parking_id": "010010", "name": "新埔立體停車場", "area": "板橋區", "address": "新北市板橋區英士路199號B3~20F", "service_time": "0~24時", "operator_type": "", "kind": "1", "total_car": 280, "available_car": 30, "availability_rate": 0.10714285714285714, "status": "偏滿", "lat": 25.02379191828808, "lon": 121.45814932509084}}, {"type": "Feature", "geometry": {"type": "Point", "coordinates": [121.43148999998265, 25.057619999343846]}, "properties": {"city": "NTPC", "parking_id": "160028", "name": "泰山區同興平面停車場", "area": "泰山區", "address": "新北市泰山區福興ㄧ街與同義街18巷交叉口", "service_time": "0~24時", "operator_type": "", "kind": "1", "total_car": 32, "available_car": 33, "availability_rate": 1.03125, "status": "充足", "lat": 25.057619999343846, "lon": 121.43148999998265}}, {"type": "Feature", "geometry": {"type": "Point", "coordinates": [121.4539132223965, 25.104978559844696]}, "properties": {"city": "NTPC", "parking_id": "150038", "name": "五股區台64橋下停車場", "area": "五股區", "address": "新北市五股區疏洪北路與成洲八路交界處", "service_time": "0~24時", "operator_type": "", "kind": "1", "total_car": 121, "available_car": 1, "availability_rate": 0.008264462809917356, "status": "緊張", "lat": 25.104978559844696, "lon": 121.4539132223965}}, {"type": "Feature", "geometry": {"type": "Point", "coordinates": [121.42980930209451, 25.070848274143188]}, "properties": {"city": "NTPC", "parking_id": "150048", "name": "五股區水碓三路平面停車場", "area": "五股區", "address": "新北市五股區水碓二路1號旁", "service_time": "0~24時", "operator_type": "", "kind": "1", "total_car": 16, "available_car": 1, "availability_rate": 0.0625, "status": "緊張", "lat": 25.070848274143188, "lon": 121.42980930209451}}, {"type": "Feature", "geometry": {"type": "Point", "coordinates": [121.49062849082753, 25.078290264046785]}, "properties": {"city": "NTPC", "parking_id": "020001", "name": "溪美立體停車場", "area": "三重區", "address": "新北市三重區自強路4段55號", "service_time": "0~24時", "operator_type": "", "kind": "1", "total_car": 357, "available_car": 53, "availability_rate": 0.1484593837535014, "status": "偏滿", "lat": 25.078290264046785, "lon": 121.49062849082753}}, {"type": "Feature", "geometry": {"type": "Point", "coordinates": [121.47629839069869, 25.079582817881256]}, "properties": {"city": "NTPC", "parking_id": "140031", "name": "蘆洲區溪墘公園地下停車場", "area": "蘆洲區", "address": "新北市蘆洲區信義路65號B1、B2", "service_time": "0~24時", "operator_type": "", "kind": "1", "total_car": 173, "available_car": 25, "availability_rate": 0.14450867052023122, "status": "偏滿", "lat": 25.079582817881256, "lon": 121.47629839069869}}, {"type": "Feature", "geometry": {"type": "Point", "coordinates": [121.46158376060338, 25.09155993097395]}, "properties": {"city": "NTPC", "parking_id": "140010", "name": "蘆洲區鷺江國中地下停車場", "area": "蘆洲區", "address": "新北市蘆洲區長興路300號B2、B3", "service_time": "0~24時", "operator_type": "", "kind": "1", "total_car": 200, "available_car": 37, "availability_rate": 0.185, "status": "偏滿", "lat": 25.09155993097395, "lon": 121.46158376060338}}, {"type": "Feature", "geometry": {"type": "Point", "coordinates": [121.43457592649163, 25.055325861086057]}, "properties": {"city": "NTPC", "parking_id": "160016", "name": "泰山國民運動中心停車場", "area": "泰山區", "address": "新北市泰山區全興路167號B1、B2", "service_time": "0~24時", "operator_type": "", "kind": "1", "total_car": 217, "available_car": 6, "availability_rate": 0.027649769585253458, "status": "緊張", "lat": 25.055325861086057, "lon": 121.43457592649163}}, {"type": "Feature", "geometry": {"type": "Point", "coordinates": [121.43516186488486, 25.025329871356828]}, "properties": {"city": "NTPC", "parking_id": "050290", "name": "新莊建國段臨時平面停車場", "area": "新莊區", "address": "新北市新莊區建國一路162號對面停車場", "service_time": "0~24時", "operator_type": "", "kind": "1", "total_car": 39, "available_car": 6, "availability_rate": 0.15384615384615385, "status": "偏滿", "lat": 25.025329871356828, "lon": 121.43516186488486}}, {"type": "Feature", "geometry": {"type": "Point", "coordinates": [121.41429666493083, 24.958131808849508]}, "properties": {"city": "NTPC", "parking_id": "130016", "name": "中洲平面停車場", "area": "土城區", "address": "新北市土城區中州路11號對面空地", "service_time": "0~24時", "operator_type": "", "kind": "1", "total_car": 173, "available_car": 35, "availability_rate": 0.2023121387283237, "status": "偏滿", "lat": 24.958131808849508, "lon": 121.41429666493083}}, {"type": "Feature", "geometry": {"type": "Point", "coordinates": [121.42853001522067, 24.99642601515375]}, "properties": {"city": "NTPC", "parking_id": "070054", "name": "樹林區藝文綜合行政大樓共構地下停車場", "area": "樹林區", "address": "新北市樹林區樹新路40-7號B1~B3", "service_time": "0~24時", "operator_type": "", "kind": "1", "total_car": 231, "available_car": 52, "availability_rate": 0.22510822510822512, "status": "偏滿", "lat": 24.99642601515375, "lon": 121.42853001522067}}, {"type": "Feature", "geometry": {"type": "Point", "coordinates": [121.53089999993287, 24.97629999914106]}, "properties": {"city": "NTPC", "parking_id": "060109", "name": "新店區央北新村平面停車場", "area": "新店區", "address": "新北市新店區央北一路與啟文路交叉口", "service_time": "0~24時", "operator_type": "", "kind": "1", "total_car": 254, "available_car": 95, "availability_rate": 0.37401574803149606, "status": "充足", "lat": 24.97629999914106, "lon": 121.53089999993287}}, {"type": "Feature", "geometry": {"type": "Point", "coordinates": [121.4146480701236, 24.986154560212515]}, "properties": {"city": "NTPC", "parking_id": "070006", "name": "樹林區第八平面停車場", "area": "樹林區", "address": "新北市樹林區復興路390巷20號", "service_time": "0~24時", "operator_type": "", "kind": "1", "total_car": 49, "available_car": 9, "availability_rate": 0.1836734693877551, "status": "偏滿", "lat": 24.986154560212515, "lon": 121.4146480701236}}, {"type": "Feature", "geometry": {"type": "Point", "coordinates": [121.4112014684671, 24.989296924898106]}, "properties": {"city": "NTPC", "parking_id": "070002", "name": "樹林區第三平面停車場", "area": "樹林區", "address": "新北市樹林區光明街10號旁", "service_time": "0~24時", "operator_type": "", "kind": "1", "total_car": 16, "available_car": 8, "availability_rate": 0.5, "status": "充足", "lat": 24.989296924898106, "lon": 121.4112014684671}}, {"type": "Feature", "geometry": {"type": "Point", "coordinates": [121.49951289311348, 25.060312812470222]}, "properties": {"city": "NTPC", "parking_id": "020109", "name": "光興國小地下停車場", "area": "三重區", "address": "新北市三重區正義南路62號B1、B2", "service_time": "0~24時", "operator_type": "", "kind": "1", "total_car": 302, "available_car": 10, "availability_rate": 0.033112582781456956, "status": "緊張", "lat": 25.060312812470222, "lon": 121.49951289311348}}, {"type": "Feature", "geometry": {"type": "Point", "coordinates": [121.4137404394501, 25.183353968509483]}, "properties": {"city": "NTPC", "parking_id": "100003", "name": "淡水第二漁港停車場", "area": "淡水區", "address": "新北市淡水第二漁港(淡水區中正路2段51巷右轉接觀海路)", "service_time": "0~24時", "operator_type": "", "kind": "1", "total_car": 404, "available_car": 210, "availability_rate": 0.5198019801980198, "status": "充足", "lat": 25.183353968509483, "lon": 121.4137404394501}}, {"type": "Feature", "geometry": {"type": "Point", "coordinates": [121.36742899683084, 24.93511519770381]}, "properties": {"city": "NTPC", "parking_id": "090029", "name": "三峽國小地下停車場", "area": "三峽區", "address": "新北市三峽區中山路16號B1、B2", "service_time": "0~24時", "operator_type": "", "kind": "1", "total_car": 259, "available_car": 33, "availability_rate": 0.1274131274131274, "status": "偏滿", "lat": 24.93511519770381, "lon": 121.36742899683084}}, {"type": "Feature", "geometry": {"type": "Point", "coordinates": [121.40117256816643, 24.905469422139607]}, "properties": {"city": "NTPC", "parking_id": "090001", "name": "白雞停車場", "area": "三峽區", "address": "新北市三峽區白雞路與紫微路旁空地停車場", "service_time": "0~24時", "operator_type": "", "kind": "1", "total_car": 209, "available_car": 88, "availability_rate": 0.42105263157894735, "status": "充足", "lat": 24.905469422139607, "lon": 121.40117256816643}}, {"type": "Feature", "geometry": {"type": "Point", "coordinates": [121.49083794997217, 24.987710358515923]}, "properties": {"city": "NTPC", "parking_id": "030013", "name": "中和區圓通平面停車場", "area": "中和區", "address": "新北市中和區圓通路369巷33號旁", "service_time": "0~24時", "operator_type": "", "kind": "1", "total_car": 170, "available_car": 2, "availability_rate": 0.011764705882352941, "status": "緊張", "lat": 24.987710358515923, "lon": 121.49083794997217}}, {"type": "Feature", "geometry": {"type": "Point", "coordinates": [121.52351021034808, 24.99554377961027]}, "properties": {"city": "NTPC", "parking_id": "030003", "name": "中和秀山公園地下停車場", "area": "中和區", "address": "新北市中和區自立路15巷12號B1、B2", "service_time": "0~24時", "operator_type": "", "kind": "1", "total_car": 404, "available_car": 0, "availability_rate": 0.0, "status": "滿車", "lat": 24.99554377961027, "lon": 121.52351021034808}}, {"type": "Feature", "geometry": {"type": "Point", "coordinates": [121.48269996073034, 25.070511029597995]}, "properties": {"city": "NTPC", "parking_id": "020176", "name": "三重商工地下停車場", "area": "三重區", "address": "新北市三重區力行路1段88號B1、B2", "service_time": "0~24時", "operator_type": "", "kind": "1", "total_car": 497, "available_car": 85, "availability_rate": 0.1710261569416499, "status": "偏滿", "lat": 25.070511029597995, "lon": 121.48269996073034}}, {"type": "Feature", "geometry": {"type": "Point", "coordinates": [121.50051758168402, 25.001206802162848]}, "properties": {"city": "NTPC", "parking_id": "030025", "name": "枋寮平面停車場", "area": "中和區", "address": "新北市中和區中和路及泰和街口", "service_time": "0~24時", "operator_type": "", "kind": "1", "total_car": 38, "available_car": 0, "availability_rate": 0.0, "status": "滿車", "lat": 25.001206802162848, "lon": 121.50051758168402}}, {"type": "Feature", "geometry": {"type": "Point", "coordinates": [121.5032645411536, 25.004931773805264]}, "properties": {"city": "NTPC", "parking_id": "030006", "name": "佳和公園地下停車場", "area": "中和區", "address": "新北市中和區中山路2段64巷9號B1、B2", "service_time": "0~24時", "operator_type": "", "kind": "1", "total_car": 278, "available_car": 17, "availability_rate": 0.06115107913669065, "status": "緊張", "lat": 25.004931773805264, "lon": 121.5032645411536}}, {"type": "Feature", "geometry": {"type": "Point", "coordinates": [121.46799919808477, 24.999154947706465]}, "properties": {"city": "NTPC", "parking_id": "030001", "name": "民德立體停車場", "area": "中和區", "address": "新北市中和區民德路188號", "service_time": "0~24時", "operator_type": "", "kind": "1", "total_car": 473, "available_car": 163, "availability_rate": 0.34460887949260044, "status": "充足", "lat": 24.999154947706465, "lon": 121.46799919808477}}, {"type": "Feature", "geometry": {"type": "Point", "coordinates": [121.43332489718475, 25.040312981402977]}, "properties": {"city": "NTPC", "parking_id": "050291", "name": "新莊區領航路平面停車場", "area": "新莊區", "address": "新北市泰山區貴子路69號旁停車場", "service_time": "0~24時", "operator_type": "", "kind": "1", "total_car": 130, "available_car": 83, "availability_rate": 0.6384615384615384, "status": "充足", "lat": 25.040312981402977, "lon": 121.43332489718475}}, {"type": "Feature", "geometry": {"type": "Point", "coordinates": [121.43144093091233, 24.98839999572368]}, "properties": {"city": "NTPC", "parking_id": "010307", "name": "溪北公園地下停車場", "area": "板橋區", "address": "新北市板橋區篤行路2段133之1號B1、B2", "service_time": "0~24時", "operator_type": "", "kind": "1", "total_car": 280, "available_car": 35, "availability_rate": 0.125, "status": "偏滿", "lat": 24.98839999572368, "lon": 121.43144093091233}}, {"type": "Feature", "geometry": {"type": "Point", "coordinates": [121.45283061323778, 25.044636177378123]}, "properties": {"city": "NTPC", "parking_id": "050012", "name": "中港平面停車場", "area": "新莊區", "address": "新北市新莊區中港路與中華路2段交叉口空地", "service_time": "0~24時", "operator_type": "", "kind": "1", "total_car": 13, "available_car": 0, "availability_rate": 0.0, "status": "滿車", "lat": 25.044636177378123, "lon": 121.45283061323778}}, {"type": "Feature", "geometry": {"type": "Point", "coordinates": [121.45698536538526, 25.0367138955286]}, "properties": {"city": "NTPC", "parking_id": "050255", "name": "新莊登龍平面停車場", "area": "新莊區", "address": "新北市新莊區登龍街與中正路交叉口停車場", "service_time": "0~24時", "operator_type": "", "kind": "1", "total_car": 64, "available_car": 13, "availability_rate": 0.203125, "status": "偏滿", "lat": 25.0367138955286, "lon": 121.45698536538526}}, {"type": "Feature", "geometry": {"type": "Point", "coordinates": [121.44360815228607, 25.05263134214009]}, "properties": {"city": "NTPC", "parking_id": "050052", "name": "頭前國中地下停車場", "area": "新莊區", "address": "新北市新莊區思源路485號B1~B3", "service_time": "0~24時", "operator_type": "", "kind": "1", "total_car": 255, "available_car": 48, "availability_rate": 0.18823529411764706, "status": "偏滿", "lat": 25.05263134214009, "lon": 121.44360815228607}}, {"type": "Feature", "geometry": {"type": "Point", "coordinates": [121.4252139999697, 24.968375999381834]}, "properties": {"city": "NTPC", "parking_id": "130077", "name": "土城成功水門停車場", "area": "土城區", "address": "新北市土城區成功街水門旁", "service_time": "0~24時", "operator_type": "", "kind": "1", "total_car": 111, "available_car": 84, "availability_rate": 0.7567567567567568, "status": "充足", "lat": 24.968375999381834, "lon": 121.4252139999697}}, {"type": "Feature", "geometry": {"type": "Point", "coordinates": [121.41189090589617, 24.96193035871502]}, "properties": {"city": "NTPC", "parking_id": "130058", "name": "土城媽祖田運動公園停車場", "area": "土城區", "address": "新北市土城區柑城橋下北側", "service_time": "0~24時", "operator_type": "", "kind": "1", "total_car": 100, "available_car": 65, "availability_rate": 0.65, "status": "充足", "lat": 24.96193035871502, "lon": 121.41189090589617}}, {"type": "Feature", "geometry": {"type": "Point", "coordinates": [121.45913873795408, 25.058005538019486]}, "properties": {"city": "NTPC", "parking_id": "050206", "name": "宏匯思源停車場", "area": "新莊區", "address": "新北市新莊區思源路553號4~9F汽車位及B1機車位", "service_time": "7~23時", "operator_type": "", "kind": "1", "total_car": 738, "available_car": 18, "availability_rate": 0.024390243902439025, "status": "緊張", "lat": 25.058005538019486, "lon": 121.45913873795408}}, {"type": "Feature", "geometry": {"type": "Point", "coordinates": [121.44060671959954, 25.01978226494295]}, "properties": {"city": "NTPC", "parking_id": "050073", "name": "新莊西盛區停車場", "area": "新莊區", "address": "新北市新莊區新莊堤19越堤道旁", "service_time": "0~24時", "operator_type": "", "kind": "1", "total_car": 161, "available_car": 73, "availability_rate": 0.453416149068323, "status": "充足", "lat": 25.01978226494295, "lon": 121.44060671959954}}, {"type": "Feature", "geometry": {"type": "Point", "coordinates": [121.45294496910996, 25.03357099680294]}, "properties": {"city": "NTPC", "parking_id": "050066", "name": "新莊利濟街水門區停車場", "area": "新莊區", "address": "新北市新莊區利濟街水門旁", "service_time": "0~24時", "operator_type": "", "kind": "1", "total_car": 54, "available_car": 9, "availability_rate": 0.16666666666666666, "status": "偏滿", "lat": 25.03357099680294, "lon": 121.45294496910996}}, {"type": "Feature", "geometry": {"type": "Point", "coordinates": [121.44352599995672, 25.023443999332464]}, "properties": {"city": "NTPC", "parking_id": "050152", "name": "新莊塔寮坑1區停車場", "area": "新莊區", "address": "新北市新莊區台65橋下西盛環保公園旁", "service_time": "0~24時", "operator_type": "", "kind": "1", "total_car": 71, "available_car": 11, "availability_rate": 0.15492957746478872, "status": "偏滿", "lat": 25.023443999332464, "lon": 121.44352599995672}}, {"type": "Feature", "geometry": {"type": "Point", "coordinates": [121.44406547596664, 25.026054684719806]}, "properties": {"city": "NTPC", "parking_id": "050208", "name": "新莊塔寮坑2區停車場", "area": "新莊區", "address": "新北市新莊區瓊林路100巷對面堤外高灘地", "service_time": "0~24時", "operator_type": "", "kind": "1", "total_car": 72, "available_car": 29, "availability_rate": 0.4027777777777778, "status": "充足", "lat": 25.026054684719806, "lon": 121.44406547596664}}, {"type": "Feature", "geometry": {"type": "Point", "coordinates": [121.47716823541631, 25.012103819467928]}, "properties": {"city": "NTPC", "parking_id": "010040", "name": "正隆公園地下停車場", "area": "板橋區", "address": "新北市板橋區民生路1段26-1號B1、B2", "service_time": "0~24時", "operator_type": "", "kind": "1", "total_car": 275, "available_car": 51, "availability_rate": 0.18545454545454546, "status": "偏滿", "lat": 25.012103819467928, "lon": 121.47716823541631}}, {"type": "Feature", "geometry": {"type": "Point", "coordinates": [121.43466902577131, 25.02747370101328]}, "properties": {"city": "NTPC", "parking_id": "050126", "name": "好市多新莊店停車場", "area": "新莊區", "address": "新北市新莊區建國一路138號1樓至頂樓", "service_time": "9時30分~22時30分", "operator_type": "", "kind": "1", "total_car": 503, "available_car": 48, "availability_rate": 0.09542743538767395, "status": "緊張", "lat": 25.02747370101328, "lon": 121.43466902577131}}, {"type": "Feature", "geometry": {"type": "Point", "coordinates": [143.05347426856534, 2.467439838303599]}, "properties": {"city": "NTPC", "parking_id": "010197", "name": "板橋浮洲環保公園1區停車場", "area": "板橋區", "address": "新北市板橋區浮洲橋下浮洲藝術河濱公園旁", "service_time": "0~24時", "operator_type": "", "kind": "1", "total_car": 132, "available_car": 38, "availability_rate": 0.2878787878787879, "status": "偏滿", "lat": 2.467439838303599, "lon": 143.05347426856534}}, {"type": "Feature", "geometry": {"type": "Point", "coordinates": [121.44044699997414, 24.991988899061074]}, "properties": {"city": "NTPC", "parking_id": "010194", "name": "板橋浮洲環保公園2區停車場", "area": "板橋區", "address": "新北市板橋區浮洲橋下北側", "service_time": "0~24時", "operator_type": "", "kind": "1", "total_car": 422, "available_car": 119, "availability_rate": 0.28199052132701424, "status": "偏滿", "lat": 24.991988899061074, "lon": 121.44044699997414}}, {"type": "Feature", "geometry": {"type": "Point", "coordinates": [121.4500367081911, 25.031544811789452]}, "properties": {"city": "NTPC", "parking_id": "050097", "name": "新莊新月橋地區停車場", "area": "新莊區", "address": "新北市新莊區新月橋旁", "service_time": "0~24時", "operator_type": "", "kind": "1", "total_car": 176, "available_car": 29, "availability_rate": 0.16477272727272727, "status": "偏滿", "lat": 25.031544811789452, "lon": 121.4500367081911}}, {"type": "Feature", "geometry": {"type": "Point", "coordinates": [121.39037829702946, 24.968253935094744]}, "properties": {"city": "NTPC", "parking_id": "070034", "name": "樹林柑園河濱公園停車場", "area": "樹林區", "address": "新北市樹林區柑園河濱公園旁", "service_time": "0~24時", "operator_type": "", "kind": "1", "total_car": 72, "available_car": 3, "availability_rate": 0.041666666666666664, "status": "緊張", "lat": 24.968253935094744, "lon": 121.39037829702946}}, {"type": "Feature", "geometry": {"type": "Point", "coordinates": [121.4145740080223, 24.9705629687114]}, "properties": {"city": "NTPC", "parking_id": "070027", "name": "樹林鹿角溪人工濕地停車場", "area": "樹林區", "address": "新北市樹林區鹿角溪人工濕地旁", "service_time": "0~24時", "operator_type": "", "kind": "1", "total_car": 26, "available_car": 21, "availability_rate": 0.8076923076923077, "status": "充足", "lat": 24.9705629687114, "lon": 121.4145740080223}}, {"type": "Feature", "geometry": {"type": "Point", "coordinates": [121.37914182972344, 24.96238117263175]}, "properties": {"city": "NTPC", "parking_id": "080043", "name": "後村堰極限運動公園停車場", "area": "鶯歌區", "address": "新北市鶯歌區後村堰極限運動公園周邊停車場", "service_time": "0~24時", "operator_type": "", "kind": "1", "total_car": 61, "available_car": 21, "availability_rate": 0.3442622950819672, "status": "充足", "lat": 24.96238117263175, "lon": 121.37914182972344}}, {"type": "Feature", "geometry": {"type": "Point", "coordinates": [121.40016760916997, 25.146805162944283]}, "properties": {"city": "NTPC", "parking_id": "230001", "name": "八里第一立體停車場", "area": "八里區", "address": "新北市八里區舊城路12號", "service_time": "0~24時", "operator_type": "", "kind": "1", "total_car": 220, "available_car": 62, "availability_rate": 0.2818181818181818, "status": "偏滿", "lat": 25.146805162944283, "lon": 121.40016760916997}}, {"type": "Feature", "geometry": {"type": "Point", "coordinates": [121.42592015054042, 25.03972589246762]}, "properties": {"city": "NTPC", "parking_id": "160039", "name": "貴賢臨時平面停車場", "area": "泰山區", "address": "新北市泰山區明志路3段145巷12號旁", "service_time": "0~24時", "operator_type": "", "kind": "1", "total_car": 100, "available_car": 5, "availability_rate": 0.05, "status": "緊張", "lat": 25.03972589246762, "lon": 121.42592015054042}}, {"type": "Feature", "geometry": {"type": "Point", "coordinates": [121.4553613687799, 25.02817463112198]}, "properties": {"city": "NTPC", "parking_id": "010029", "name": "板橋新海抽水站平面停車場", "area": "板橋區", "address": "新北市板橋區中正路511號", "service_time": "0~24時", "operator_type": "", "kind": "1", "total_car": 34, "available_car": 10, "availability_rate": 0.29411764705882354, "status": "偏滿", "lat": 25.02817463112198, "lon": 121.4553613687799}}, {"type": "Feature", "geometry": {"type": "Point", "coordinates": [121.47549093363504, 25.00362722445593]}, "properties": {"city": "NTPC", "parking_id": "030083", "name": "中和區民享公園地下停車場", "area": "中和區", "address": "新北市中和區自治街67號B1、B2", "service_time": "0~24時", "operator_type": "", "kind": "1", "total_car": 118, "available_car": 6, "availability_rate": 0.05084745762711865, "status": "緊張", "lat": 25.00362722445593, "lon": 121.47549093363504}}, {"type": "Feature", "geometry": {"type": "Point", "coordinates": [121.48077140148747, 25.006308703613477]}, "properties": {"city": "NTPC", "parking_id": "030033", "name": "中和區員山市場臨時平面停車場", "area": "中和區", "address": "新北市中和區員山路466巷19號", "service_time": "0~24時", "operator_type": "", "kind": "1", "total_car": 35, "available_car": 13, "availability_rate": 0.37142857142857144, "status": "充足", "lat": 25.006308703613477, "lon": 121.48077140148747}}, {"type": "Feature", "geometry": {"type": "Point", "coordinates": [121.4421037148865, 25.04214060148817]}, "properties": {"city": "NTPC", "parking_id": "050070", "name": "新莊臺65高架橋下(橋墩編號P27至P47)新莊端停車場", "area": "新莊區", "address": "新北市新莊區中環路2段48之8號斜對面橋下", "service_time": "0~24時", "operator_type": "", "kind": "1", "total_car": 219, "available_car": 24, "availability_rate": 0.1095890410958904, "status": "偏滿", "lat": 25.04214060148817, "lon": 121.4421037148865}}, {"type": "Feature", "geometry": {"type": "Point", "coordinates": [121.55118648436907, 24.862675149607682]}, "properties": {"city": "NTPC", "parking_id": "290002", "name": "烏來立體停車場", "area": "烏來區", "address": "新北市烏來區烏來街47號", "service_time": "0~24時", "operator_type": "", "kind": "1", "total_car": 375, "available_car": 247, "availability_rate": 0.6586666666666666, "status": "充足", "lat": 24.862675149607682, "lon": 121.55118648436907}}, {"type": "Feature", "geometry": {"type": "Point", "coordinates": [121.47401227232, 25.043730490576237]}, "properties": {"city": "NTPC", "parking_id": "020092", "name": "三重環保公園1區停車場", "area": "三重區", "address": "新北市三重區環保公園旁", "service_time": "0~24時", "operator_type": "", "kind": "1", "total_car": 81, "available_car": 32, "availability_rate": 0.3950617283950617, "status": "充足", "lat": 25.043730490576237, "lon": 121.47401227232}}, {"type": "Feature", "geometry": {"type": "Point", "coordinates": [121.47600750222863, 25.04458178363251]}, "properties": {"city": "NTPC", "parking_id": "020091", "name": "三重環保公園2區停車場", "area": "三重區", "address": "新北市三重區環保公園旁", "service_time": "0~24時", "operator_type": "", "kind": "1", "total_car": 48, "available_car": 15, "availability_rate": 0.3125, "status": "充足", "lat": 25.04458178363251, "lon": 121.47600750222863}}, {"type": "Feature", "geometry": {"type": "Point", "coordinates": [121.53740149920417, 24.971104716437228]}, "properties": {"city": "NTPC", "parking_id": "060002", "name": "三民地下停車場", "area": "新店區", "address": "新北市新店區三民路20-1號B1、B2", "service_time": "0~24時", "operator_type": "", "kind": "1", "total_car": 243, "available_car": 22, "availability_rate": 0.09053497942386832, "status": "緊張", "lat": 24.971104716437228, "lon": 121.53740149920417}}, {"type": "Feature", "geometry": {"type": "Point", "coordinates": [121.5353642621368, 24.978673137991386]}, "properties": {"city": "NTPC", "parking_id": "060005", "name": "寶橋立體停車場", "area": "新店區", "address": "新北市新店區寶橋路10號", "service_time": "0~24時", "operator_type": "", "kind": "1", "total_car": 482, "available_car": 102, "availability_rate": 0.21161825726141079, "status": "偏滿", "lat": 24.978673137991386, "lon": 121.5353642621368}}, {"type": "Feature", "geometry": {"type": "Point", "coordinates": [121.46096098913046, 25.009888867808495]}, "properties": {"city": "NTPC", "parking_id": "010054", "name": "新北市板橋府中站汽、機車平面停車場", "area": "板橋區", "address": "新北市板橋區縣民大道1段與府中路交叉口及縣民大道1段與民族路交叉口", "service_time": "0~24時", "operator_type": "", "kind": "1", "total_car": 64, "available_car": 4, "availability_rate": 0.0625, "status": "緊張", "lat": 25.009888867808495, "lon": 121.46096098913046}}, {"type": "Feature", "geometry": {"type": "Point", "coordinates": [121.4247004434904, 24.989954185217453]}, "properties": {"city": "NTPC", "parking_id": "070063", "name": "樹林區公所平面停車場", "area": "樹林區", "address": "新北市樹林區鎮前街93號樹林區公所旁", "service_time": "0~24時", "operator_type": "", "kind": "1", "total_car": 37, "available_car": 2, "availability_rate": 0.05405405405405406, "status": "緊張", "lat": 24.989954185217453, "lon": 121.4247004434904}}, {"type": "Feature", "geometry": {"type": "Point", "coordinates": [121.43491720603504, 25.02929034771614]}, "properties": {"city": "NTPC", "parking_id": "050248", "name": "後港建國臨時平面停車場", "area": "新莊區", "address": "新北市新莊區建國一路73-1號旁", "service_time": "0~24時", "operator_type": "", "kind": "1", "total_car": 26, "available_car": 9, "availability_rate": 0.34615384615384615, "status": "充足", "lat": 25.02929034771614, "lon": 121.43491720603504}}, {"type": "Feature", "geometry": {"type": "Point", "coordinates": [121.47031705509701, 25.2516256454259]}, "properties": {"city": "NTPC", "parking_id": "210003", "name": "新北市淺水灣停車場", "area": "三芝區", "address": "新北市三芝區后厝里北勢子45-32號旁", "service_time": "0~24時", "operator_type": "", "kind": "1", "total_car": 100, "available_car": 107, "availability_rate": 1.07, "status": "充足", "lat": 25.2516256454259, "lon": 121.47031705509701}}, {"type": "Feature", "geometry": {"type": "Point", "coordinates": [121.48161319368862, 25.084756810890003]}, "properties": {"city": "NTPC", "parking_id": "140012", "name": "重陽大樓停車場", "area": "蘆洲區", "address": "新北蘆洲區集賢路245號B1/134、151~153號車格位及B2、B3", "service_time": "0~24時", "operator_type": "", "kind": "1", "total_car": 123, "available_car": 0, "availability_rate": 0.0, "status": "滿車", "lat": 25.084756810890003, "lon": 121.48161319368862}}, {"type": "Feature", "geometry": {"type": "Point", "coordinates": [121.43084306451125, 25.05778336492872]}, "properties": {"city": "NTPC", "parking_id": "160021", "name": "新北泰山停車場", "area": "泰山區", "address": "新北市泰山區明志路1段385號旁空地", "service_time": "0~24時", "operator_type": "", "kind": "1", "total_car": 9, "available_car": 11, "availability_rate": 1.2222222222222223, "status": "充足", "lat": 25.05778336492872, "lon": 121.43084306451125}}, {"type": "Feature", "geometry": {"type": "Point", "coordinates": [121.42688686413518, 24.9934508824322]}, "properties": {"city": "NTPC", "parking_id": "070003", "name": "樹林保安立體停車場", "area": "樹林區", "address": "新北市樹林區保安街1段7號", "service_time": "0~24時", "operator_type": "", "kind": "1", "total_car": 266, "available_car": 24, "availability_rate": 0.09022556390977443, "status": "緊張", "lat": 24.9934508824322, "lon": 121.42688686413518}}, {"type": "Feature", "geometry": {"type": "Point", "coordinates": [121.49184119717408, 24.988905988609567]}, "properties": {"city": "NTPC", "parking_id": "030189", "name": "錦昌平面停車場", "area": "中和區", "address": "新北市中和區圓通路367巷1-1號旁", "service_time": "0~24時", "operator_type": "", "kind": "1", "total_car": 82, "available_car": 14, "availability_rate": 0.17073170731707318, "status": "偏滿", "lat": 24.988905988609567, "lon": 121.49184119717408}}, {"type": "Feature", "geometry": {"type": "Point", "coordinates": [121.46336021132842, 25.026685543940005]}, "properties": {"city": "NTPC", "parking_id": "010260", "name": "(交通局轄管)新埔國小地下停車場", "area": "板橋區", "address": "新北市板橋區陽明街206號B1~B3", "service_time": "0~24時", "operator_type": "", "kind": "1", "total_car": 417, "available_car": 39, "availability_rate": 0.09352517985611511, "status": "緊張", "lat": 25.026685543940005, "lon": 121.46336021132842}}, {"type": "Feature", "geometry": {"type": "Point", "coordinates": [121.48363014578085, 25.027823524837782]}, "properties": {"city": "NTPC", "parking_id": "010020", "name": "萬板高架橋下停車場", "area": "板橋區", "address": "新北市板橋區萬板路558號對面高架橋下停車場", "service_time": "0~24時", "operator_type": "", "kind": "1", "total_car": 169, "available_car": 27, "availability_rate": 0.15976331360946747, "status": "偏滿", "lat": 25.027823524837782, "lon": 121.48363014578085}}, {"type": "Feature", "geometry": {"type": "Point", "coordinates": [121.4583399192592, 25.06387628492565]}, "properties": {"city": "NTPC", "parking_id": "050101", "name": "晶冠廣場地下停車場", "area": "新莊區", "address": "新北市新莊區五工路66號B1~B3", "service_time": "0~24時", "operator_type": "", "kind": "1", "total_car": 381, "available_car": 108, "availability_rate": 0.28346456692913385, "status": "偏滿", "lat": 25.06387628492565, "lon": 121.4583399192592}}, {"type": "Feature", "geometry": {"type": "Point", "coordinates": [121.42865813746145, 25.048814798807527]}, "properties": {"city": "NTPC", "parking_id": "160037", "name": "綠三臨時平面停車場", "area": "泰山區", "address": "新北市泰山區文程路26號旁", "service_time": "0~24時", "operator_type": "", "kind": "1", "total_car": 83, "available_car": 64, "availability_rate": 0.7710843373493976, "status": "充足", "lat": 25.048814798807527, "lon": 121.42865813746145}}, {"type": "Feature", "geometry": {"type": "Point", "coordinates": [121.46490754736034, 25.01605185439572]}, "properties": {"city": "NTPC", "parking_id": "010036", "name": "特專三平面停車場", "area": "板橋區", "address": "新北市板橋區漢生東路64號旁", "service_time": "0~24時", "operator_type": "", "kind": "1", "total_car": 271, "available_car": 79, "availability_rate": 0.2915129151291513, "status": "偏滿", "lat": 25.01605185439572, "lon": 121.46490754736034}}, {"type": "Feature", "geometry": {"type": "Point", "coordinates": [121.44768340098517, 25.002345744173383]}, "properties": {"city": "NTPC", "parking_id": "010222", "name": "板橋區中山國小地下停車場", "area": "板橋區", "address": "新北市板橋區大觀路59巷31號B1、B2", "service_time": "0~24時", "operator_type": "", "kind": "1", "total_car": 229, "available_car": 85, "availability_rate": 0.37117903930131, "status": "充足", "lat": 25.002345744173383, "lon": 121.44768340098517}}, {"type": "Feature", "geometry": {"type": "Point", "coordinates": [121.44878295896282, 24.984039537415477]}, "properties": {"city": "NTPC", "parking_id": "130121", "name": "新北高工地下停車場", "area": "土城區", "address": "新北市土城區海山路99號B1~B3", "service_time": "0~24時", "operator_type": "", "kind": "1", "total_car": 217, "available_car": 31, "availability_rate": 0.14285714285714285, "status": "偏滿", "lat": 24.984039537415477, "lon": 121.44878295896282}}, {"type": "Feature", "geometry": {"type": "Point", "coordinates": [121.46906523349136, 25.033860378136293]}, "properties": {"city": "NTPC", "parking_id": "010289", "name": "板橋區江翠段102地號平面停車場", "area": "板橋區", "address": "新北市板橋區華江一路及華江七路交叉口旁空地停車場", "service_time": "0~24時", "operator_type": "", "kind": "1", "total_car": 121, "available_car": 2, "availability_rate": 0.01652892561983471, "status": "緊張", "lat": 25.033860378136293, "lon": 121.46906523349136}}, {"type": "Feature", "geometry": {"type": "Point", "coordinates": [121.47341323211302, 25.020110259910275]}, "properties": {"city": "NTPC", "parking_id": "010239", "name": "板橋區華翠橋下平面停車場", "area": "板橋區", "address": "新北市板橋區縣民大道3段/環河西路4段至華翠橋A02號橋墩間", "service_time": "0~24時", "operator_type": "", "kind": "1", "total_car": 281, "available_car": 1, "availability_rate": 0.0035587188612099642, "status": "緊張", "lat": 25.020110259910275, "lon": 121.47341323211302}}, {"type": "Feature", "geometry": {"type": "Point", "coordinates": [121.4345949464386, 25.023883409005396]}, "properties": {"city": "NTPC", "parking_id": "050220", "name": "新莊區建國一路平面停車場", "area": "新莊區", "address": "新北市新莊區建國一路與建國二路口停車場", "service_time": "0~24時", "operator_type": "", "kind": "1", "total_car": 90, "available_car": 49, "availability_rate": 0.5444444444444444, "status": "充足", "lat": 25.023883409005396, "lon": 121.4345949464386}}, {"type": "Feature", "geometry": {"type": "Point", "coordinates": [121.37332901571293, 25.075959322871572]}, "properties": {"city": "NTPC", "parking_id": "010156", "name": "廣停一平面停車場", "area": "林口區", "address": "新北市林口區文化二路1段及文化二路1段525巷交叉口", "service_time": "0~24時", "operator_type": "", "kind": "1", "total_car": 166, "available_car": 0, "availability_rate": 0.0, "status": "滿車", "lat": 25.075959322871572, "lon": 121.37332901571293}}, {"type": "Feature", "geometry": {"type": "Point", "coordinates": [121.37206401917521, 25.07559234421023]}, "properties": {"city": "NTPC", "parking_id": "170048", "name": "廣停五平面停車場", "area": "林口區", "address": "新北市林口區仁愛一路及民富街交叉口", "service_time": "0~24時", "operator_type": "", "kind": "1", "total_car": 46, "available_car": 0, "availability_rate": 0.0, "status": "滿車", "lat": 25.07559234421023, "lon": 121.37206401917521}}, {"type": "Feature", "geometry": {"type": "Point", "coordinates": [121.52227037091028, 25.00454919247781]}, "properties": {"city": "NTPC", "parking_id": "040005", "name": "永和區福和國中地下停車場", "area": "永和區", "address": "新北市永和區永亨路96號B1、B2", "service_time": "0~24時", "operator_type": "", "kind": "1", "total_car": 554, "available_car": 66, "availability_rate": 0.11913357400722022, "status": "偏滿", "lat": 25.00454919247781, "lon": 121.52227037091028}}, {"type": "Feature", "geometry": {"type": "Point", "coordinates": [121.52154867031084, 24.999040046304863]}, "properties": {"city": "NTPC", "parking_id": "040006", "name": "永和區秀朗國小地下停車場", "area": "永和區", "address": "新北永和區民權路1號B1-B3", "service_time": "0~24時", "operator_type": "", "kind": "1", "total_car": 754, "available_car": 218, "availability_rate": 0.2891246684350133, "status": "偏滿", "lat": 24.999040046304863, "lon": 121.52154867031084}}, {"type": "Feature", "geometry": {"type": "Point", "coordinates": [121.49369922289665, 24.991808714666682]}, "properties": {"city": "NTPC", "parking_id": "030102", "name": "雙和醫院第二醫療大樓地下停車場", "area": "中和區", "address": "新北市中和區中正路291號B2~B5", "service_time": "0~24時", "operator_type": "", "kind": "1", "total_car": 336, "available_car": 253, "availability_rate": 0.7529761904761905, "status": "充足", "lat": 24.991808714666682, "lon": 121.49369922289665}}, {"type": "Feature", "geometry": {"type": "Point", "coordinates": [121.49413096595424, 24.991273716367907]}, "properties": {"city": "NTPC", "parking_id": "030158", "name": "雙和醫院雙和校區停車場", "area": "中和區", "address": "新北市中和區圓通路301號1F、2F、B1、B2", "service_time": "0~24時", "operator_type": "", "kind": "1", "total_car": 315, "available_car": 193, "availability_rate": 0.6126984126984127, "status": "充足", "lat": 24.991273716367907, "lon": 121.49413096595424}}, {"type": "Feature", "geometry": {"type": "Point", "coordinates": [121.45042517897534, 25.03589520880341]}, "properties": {"city": "NTPC", "parking_id": "050006", "name": "新莊區區政立體停車場", "area": "新莊區", "address": "新北市新莊區中正路176號後側", "service_time": "0~24時", "operator_type": "", "kind": "1", "total_car": 38, "available_car": 15, "availability_rate": 0.39473684210526316, "status": "充足", "lat": 25.03589520880341, "lon": 121.45042517897534}}, {"type": "Feature", "geometry": {"type": "Point", "coordinates": [121.4584957519683, 25.01035241174938]}, "properties": {"city": "NTPC", "parking_id": "010008", "name": "府後立體停車場", "area": "板橋區", "address": "新北市板橋區府中路32-1號1樓及4樓~屋頂層", "service_time": "0~24時", "operator_type": "", "kind": "1", "total_car": 147, "available_car": 0, "availability_rate": 0.0, "status": "滿車", "lat": 25.01035241174938, "lon": 121.4584957519683}}, {"type": "Feature", "geometry": {"type": "Point", "coordinates": [121.45811756630205, 25.0112293109581]}, "properties": {"city": "NTPC", "parking_id": "010085", "name": "板橋國小地下停車場", "area": "板橋區", "address": "新北市板橋區文化路1段23號B1~B3", "service_time": "0~24時", "operator_type": "", "kind": "1", "total_car": 224, "available_car": 0, "availability_rate": 0.0, "status": "滿車", "lat": 25.0112293109581, "lon": 121.45811756630205}}, {"type": "Feature", "geometry": {"type": "Point", "coordinates": [121.4653154259637, 24.992821059485202]}, "properties": {"city": "NTPC", "parking_id": "010280", "name": "板橋五權公園地下停車場", "area": "板橋區", "address": "新北市板橋區廣權路130號", "service_time": "0~24時", "operator_type": "", "kind": "1", "total_car": 355, "available_car": 160, "availability_rate": 0.4507042253521127, "status": "充足", "lat": 24.992821059485202, "lon": 121.4653154259637}}, {"type": "Feature", "geometry": {"type": "Point", "coordinates": [121.46649562964335, 25.032523272027376]}, "properties": {"city": "NTPC", "parking_id": "010140", "name": "板橋區江翠停一平面停車場", "area": "板橋區", "address": "新北市板橋區溪頭公園旁", "service_time": "0~24時", "operator_type": "", "kind": "1", "total_car": 27, "available_car": 0, "availability_rate": 0.0, "status": "滿車", "lat": 25.032523272027376, "lon": 121.46649562964335}}, {"type": "Feature", "geometry": {"type": "Point", "coordinates": [121.4724133763473, 25.034833840407053]}, "properties": {"city": "NTPC", "parking_id": "010139", "name": "板橋區江翠停二平面停車場", "area": "板橋區", "address": "新北市板橋區華江一路與華江五路交叉口", "service_time": "0~24時", "operator_type": "", "kind": "1", "total_car": 43, "available_car": 19, "availability_rate": 0.4418604651162791, "status": "充足", "lat": 25.034833840407053, "lon": 121.4724133763473}}, {"type": "Feature", "geometry": {"type": "Point", "coordinates": [121.54745708984458, 24.97665018498751]}, "properties": {"city": "NTPC", "parking_id": "060017", "name": "中興低碳立體停車場", "area": "新店區", "address": "新北市新店區中興路3段6號", "service_time": "0~24時", "operator_type": "", "kind": "1", "total_car": 354, "available_car": 77, "availability_rate": 0.2175141242937853, "status": "偏滿", "lat": 24.97665018498751, "lon": 121.54745708984458}}, {"type": "Feature", "geometry": {"type": "Point", "coordinates": [121.53417802715167, 24.974172349283972]}, "properties": {"city": "NTPC", "parking_id": "060082", "name": "新店高中停車場", "area": "新店區", "address": "新北市新店區三民路161號B1、B2", "service_time": "0~24時", "operator_type": "", "kind": "1", "total_car": 296, "available_car": 62, "availability_rate": 0.20945945945945946, "status": "偏滿", "lat": 24.974172349283972, "lon": 121.53417802715167}}, {"type": "Feature", "geometry": {"type": "Point", "coordinates": [121.43543431897098, 25.03683097029351]}, "properties": {"city": "NTPC", "parking_id": "050250", "name": "文中三平面停車場", "area": "新莊區", "address": "新北市新莊區三泰路56-6號旁空地", "service_time": "0~24時", "operator_type": "", "kind": "1", "total_car": 149, "available_car": 0, "availability_rate": 0.0, "status": "滿車", "lat": 25.03683097029351, "lon": 121.43543431897098}}, {"type": "Feature", "geometry": {"type": "Point", "coordinates": [121.42202633528031, 25.182913475041847]}, "properties": {"city": "NTPC", "parking_id": "100234", "name": "淡水沙崙段平面停車場", "area": "淡水區", "address": "新北市淡水區沙崙路與淡海路交叉口", "service_time": "0~24時", "operator_type": "", "kind": "1", "total_car": 140, "available_car": 1, "availability_rate": 0.007142857142857143, "status": "緊張", "lat": 25.182913475041847, "lon": 121.42202633528031}}, {"type": "Feature", "geometry": {"type": "Point", "coordinates": [121.45251857822839, 25.021711920394797]}, "properties": {"city": "NTPC", "parking_id": "010283", "name": "板橋區永翠路平面停車場", "area": "板橋區", "address": "新北市板橋區中正路379巷3弄20號對面空地停車場", "service_time": "0~24時", "operator_type": "", "kind": "1", "total_car": 29, "available_car": 18, "availability_rate": 0.6206896551724138, "status": "充足", "lat": 25.021711920394797, "lon": 121.45251857822839}}, {"type": "Feature", "geometry": {"type": "Point", "coordinates": [121.47566859736239, 25.00602815109896]}, "properties": {"city": "NTPC", "parking_id": "030070", "name": "環球購物中心停車場", "area": "中和區", "address": "新北市中和區中山路3段122號B1~B3、5樓、6樓及頂樓", "service_time": "0~24時", "operator_type": "", "kind": "1", "total_car": 1130, "available_car": 0, "availability_rate": 0.0, "status": "滿車", "lat": 25.00602815109896, "lon": 121.47566859736239}}, {"type": "Feature", "geometry": {"type": "Point", "coordinates": [121.48890648897847, 25.084498231639916]}, "properties": {"city": "NTPC", "parking_id": "020113", "name": "碧華國小地下停車場", "area": "三重區", "address": "新北市三重區五華街160號B1、B2", "service_time": "0~24時", "operator_type": "", "kind": "1", "total_car": 256, "available_car": 17, "availability_rate": 0.06640625, "status": "緊張", "lat": 25.084498231639916, "lon": 121.48890648897847}}, {"type": "Feature", "geometry": {"type": "Point", "coordinates": [121.53766466024933, 24.957588598457153]}, "properties": {"city": "NTPC", "parking_id": "060007", "name": "捷運新店站轉乘停車場", "area": "新店區", "address": "新北市新店區北宜路1段2號B2~B4", "service_time": "0~24時", "operator_type": "", "kind": "1", "total_car": 209, "available_car": 0, "availability_rate": 0.0, "status": "滿車", "lat": 24.957588598457153, "lon": 121.53766466024933}}, {"type": "Feature", "geometry": {"type": "Point", "coordinates": [121.50997952793453, 24.989848864739436]}, "properties": {"city": "NTPC", "parking_id": "030026", "name": "捷運南勢角站轉乘停車場", "area": "中和區", "address": "新北市中和區捷運路6號B1、B3", "service_time": "0~24時", "operator_type": "", "kind": "1", "total_car": 337, "available_car": 39, "availability_rate": 0.11572700296735905, "status": "偏滿", "lat": 24.989848864739436, "lon": 121.50997952793453}}, {"type": "Feature", "geometry": {"type": "Point", "coordinates": [121.42815953332808, 24.994801459642655]}, "properties": {"city": "NTPC", "parking_id": "070001", "name": "樹林區第一平面停車場", "area": "樹林區", "address": "新北市樹林區保順街107號", "service_time": "0~24時", "operator_type": "", "kind": "1", "total_car": 66, "available_car": 13, "availability_rate": 0.19696969696969696, "status": "偏滿", "lat": 24.994801459642655, "lon": 121.42815953332808}}, {"type": "Feature", "geometry": {"type": "Point", "coordinates": [121.42864692086742, 25.0453037788428]}, "properties": {"city": "NTPC", "parking_id": "160036", "name": "文中一臨時平面停車場", "area": "泰山區", "address": "新北市泰山區新生路與新生路31巷路口", "service_time": "0~24時", "operator_type": "", "kind": "1", "total_car": 507, "available_car": 128, "availability_rate": 0.252465483234714, "status": "偏滿", "lat": 25.0453037788428, "lon": 121.42864692086742}}, {"type": "Feature", "geometry": {"type": "Point", "coordinates": [121.43007523582298, 25.03968864531989]}, "properties": {"city": "NTPC", "parking_id": "160040", "name": "商一平面停車場", "area": "泰山區", "address": "新北市泰山區貴子路198-3號", "service_time": "0~24時", "operator_type": "", "kind": "1", "total_car": 150, "available_car": 87, "availability_rate": 0.58, "status": "充足", "lat": 25.03968864531989, "lon": 121.43007523582298}}, {"type": "Feature", "geometry": {"type": "Point", "coordinates": [121.4685267749035, 25.02775904716354]}, "properties": {"city": "NTPC", "parking_id": "010146", "name": "江翠國中游泳池共構地下停車場", "area": "板橋區", "address": "新北市板橋區松江街63號B2~B4", "service_time": "0~24時", "operator_type": "", "kind": "1", "total_car": 220, "available_car": 9, "availability_rate": 0.04090909090909091, "status": "緊張", "lat": 25.02775904716354, "lon": 121.4685267749035}}]}