{"type": "FeatureCollection", "features": [{"type": "Feature", "geometry": {"type": "Polygon", "coordinates": [[[121.524, 25.044], [121.536, 25.044], [121.536, 25.056], [121.524, 25.056], [121.524, 25.044]]]}, "properties": {"cell_id": "10127_2087", "city": "TPE", "area": "中山區", "lot_count": 24, "realtime_lot_count": 24, "total_capacity": 3723, "realtime_capacity": 3723, "total_available": 922, "utilization": 0.7523502551705614, "avg_available_rate": 0.36843642854050485, "tight_count": 4, "pressure_label": "偏高"}}, {"type": "Feature", "geometry": {"type": "Polygon", "coordinates": [[[121.56, 25.032], [121.572, 25.032], [121.572, 25.044], [121.56, 25.044], [121.56, 25.032]]]}, "properties": {"cell_id": "10130_2086", "city": "TPE", "area": "信義區", "lot_count": 29, "realtime_lot_count": 29, "total_capacity": 9245, "realtime_capacity": 9245, "total_available": 1940, "utilization": 0.7901568415359654, "avg_available_rate": 0.31857182548856805, "tight_count": 10, "pressure_label": "偏高"}}, {"type": "Feature", "geometry": {"type": "Polygon", "coordinates": [[[121.548, 25.056], [121.56, 25.056], [121.56, 25.068], [121.548, 25.068], [121.548, 25.056]]]}, "properties": {"cell_id": "10129_2088", "city": "TPE", "area": "松山區", "lot_count": 12, "realtime_lot_count": 12, "total_capacity": 2622, "realtime_capacity": 2622, "total_available": 630, "utilization": 0.7597254004576659, "avg_available_rate": 0.30194800240622965, "tight_count": 3, "pressure_label": "偏高"}}, {"type": "Feature", "geometry": {"type": "Polygon", "coordinates": [[[121.572, 24.996000000000002], [121.584, 24.996000000000002], [121.584, 25.008000000000003], [121.572, 25.008000000000003], [121.572, 24.996000000000002]]]}, "properties": {"cell_id": "10131_2083", "city": "TPE", "area": "文山區", "lot_count": 3, "realtime_lot_count": 3, "total_capacity": 1524, "realtime_capacity": 1524, "total_available": 511, "utilization": 0.6646981627296589, "avg_available_rate": 0.18381935458281895, "tight_count": 1, "pressure_label": "中等"}}, {"type": "Feature", "geometry": {"type": "Polygon", "coordinates": [[[121.5, 25.044], [121.512, 25.044], [121.512, 25.056], [121.5, 25.056], [121.5, 25.044]]]}, "properties": {"cell_id": "10125_2087", "city": "TPE", "area": "萬華區", "lot_count": 9, "realtime_lot_count": 9, "total_capacity": 3021, "realtime_capacity": 3021, "total_available": 306, "utilization": 0.8987090367428003, "avg_available_rate": 0.2780245471619039, "tight_count": 5, "pressure_label": "偏高"}}, {"type": "Feature", "geometry": {"type": "Polygon", "coordinates": [[[121.512, 25.068], [121.524, 25.068], [121.524, 25.080000000000002], [121.512, 25.080000000000002], [121.512, 25.068]]]}, "properties": {"cell_id": "10126_2089", "city": "TPE", "area": "大同區", "lot_count": 5, "realtime_lot_count": 5, "total_capacity": 503, "realtime_capacity": 503, "total_available": 65, "utilization": 0.8707753479125249, "avg_available_rate": 0.198875094713528, "tight_count": 3, "pressure_label": "偏高"}}, {"type": "Feature", "geometry": {"type": "Polygon", "coordinates": [[[121.548, 25.044], [121.56, 25.044], [121.56, 25.056], [121.548, 25.056], [121.548, 25.044]]]}, "properties": {"cell_id": "10129_2087", "city": "TPE", "area": "松山區", "lot_count": 23, "realtime_lot_count": 23, "total_capacity": 2467, "realtime_capacity": 2467, "total_available": 1012, "utilization": 0.5897851641670044, "avg_available_rate": 0.4328016234178428, "tight_count": 5, "pressure_label": "中等"}}, {"type": "Feature", "geometry": {"type": "Polygon", "coordinates": [[[121.524, 25.056], [121.536, 25.056], [121.536, 25.068], [121.524, 25.068], [121.524, 25.056]]]}, "properties": {"cell_id": "10127_2088", "city": "TPE", "area": "中山區", "lot_count": 15, "realtime_lot_count": 15, "total_capacity": 737, "realtime_capacity": 737, "total_available": 315, "utilization": 0.5725915875169607, "avg_available_rate": 0.48357222627609275, "tight_count": 3, "pressure_label": "中等"}}, {"type": "Feature", "geometry": {"type": "Polygon", "coordinates": [[[121.5, 25.032], [121.512, 25.032], [121.512, 25.044], [121.5, 25.044], [121.5, 25.032]]]}, "properties": {"cell_id": "10125_2086", "city": "TPE", "area": "萬華區", "lot_count": 15, "realtime_lot_count": 15, "total_capacity": 910, "realtime_capacity": 910, "total_available": 310, "utilization": 0.6593406593406593, "avg_available_rate": 0.32517926709203027, "tight_count": 5, "pressure_label": "中等"}}, {"type": "Feature", "geometry": {"type": "Polygon", "coordinates": [[[121.524, 25.032], [121.536, 25.032], [121.536, 25.044], [121.524, 25.044], [121.524, 25.032]]]}, "properties": {"cell_id": "10127_2086", "city": "TPE", "area": "中正區", "lot_count": 18, "realtime_lot_count": 18, "total_capacity": 644, "realtime_capacity": 644, "total_available": 227, "utilization": 0.6475155279503105, "avg_available_rate": 0.36087896739435, "tight_count": 4, "pressure_label": "中等"}}, {"type": "Feature", "geometry": {"type": "Polygon", "coordinates": [[[121.512, 25.044], [121.524, 25.044], [121.524, 25.056], [121.512, 25.056], [121.512, 25.044]]]}, "properties": {"cell_id": "10126_2087", "city": "TPE", "area": "中正區", "lot_count": 30, "realtime_lot_count": 30, "total_capacity": 4652, "realtime_capacity": 4652, "total_available": 1079, "utilization": 0.7680567497850387, "avg_available_rate": 0.323127550202414, "tight_count": 12, "pressure_label": "偏高"}}, {"type": "Feature", "geometry": {"type": "Polygon", "coordinates": [[[121.512, 25.092], [121.524, 25.092], [121.524, 25.104], [121.512, 25.104], [121.512, 25.092]]]}, "properties": {"cell_id": "10126_2091", "city": "TPE", "area": "士林區", "lot_count": 10, "realtime_lot_count": 10, "total_capacity": 2118, "realtime_capacity": 2118, "total_available": 544, "utilization": 0.7431539187913125, "avg_available_rate": 0.2320231871321136, "tight_count": 2, "pressure_label": "偏高"}}, {"type": "Feature", "geometry": {"type": "Polygon", "coordinates": [[[121.512, 25.116], [121.524, 25.116], [121.524, 25.128], [121.512, 25.128], [121.512, 25.116]]]}, "properties": {"cell_id": "10126_2093", "city": "TPE", "area": "北投區", "lot_count": 10, "realtime_lot_count": 10, "total_capacity": 1744, "realtime_capacity": 1744, "total_available": 2045, "utilization": -0.17259174311926606, "avg_available_rate": 5.851690143209959, "tight_count": 2, "pressure_label": "寬鬆"}}, {"type": "Feature", "geometry": {"type": "Polygon", "coordinates": [[[121.56, 25.044], [121.572, 25.044], [121.572, 25.056], [121.56, 25.056], [121.56, 25.044]]]}, "properties": {"cell_id": "10130_2087", "city": "TPE", "area": "松山區", "lot_count": 22, "realtime_lot_count": 22, "total_capacity": 2768, "realtime_capacity": 2768, "total_available": 829, "utilization": 0.7005057803468209, "avg_available_rate": 0.33969899961223654, "tight_count": 5, "pressure_label": "偏高"}}, {"type": "Feature", "geometry": {"type": "Polygon", "coordinates": [[[121.56, 25.056], [121.572, 25.056], [121.572, 25.068], [121.56, 25.068], [121.56, 25.056]]]}, "properties": {"cell_id": "10130_2088", "city": "TPE", "area": "松山區", "lot_count": 3, "realtime_lot_count": 3, "total_capacity": 361, "realtime_capacity": 361, "total_available": 26, "utilization": 0.9279778393351801, "avg_available_rate": 0.17343282919316716, "tight_count": 2, "pressure_label": "高壓"}}, {"type": "Feature", "geometry": {"type": "Polygon", "coordinates": [[[121.512, 25.080000000000002], [121.524, 25.080000000000002], [121.524, 25.092000000000002], [121.512, 25.092000000000002], [121.512, 25.080000000000002]]]}, "properties": {"cell_id": "10126_2090", "city": "TPE", "area": "士林區", "lot_count": 8, "realtime_lot_count": 8, "total_capacity": 1240, "realtime_capacity": 1240, "total_available": 202, "utilization": 0.8370967741935484, "avg_available_rate": 0.22730903150605303, "tight_count": 3, "pressure_label": "偏高"}}, {"type": "Feature", "geometry": {"type": "Polygon", "coordinates": [[[121.536, 25.044], [121.548, 25.044], [121.548, 25.056], [121.536, 25.056], [121.536, 25.044]]]}, "properties": {"cell_id": "10128_2087", "city": "TPE", "area": "中山區", "lot_count": 33, "realtime_lot_count": 33, "total_capacity": 4001, "realtime_capacity": 4001, "total_available": 1655, "utilization": 0.5863534116470882, "avg_available_rate": 0.6221243142235097, "tight_count": 4, "pressure_label": "中等"}}, {"type": "Feature", "geometry": {"type": "Polygon", "coordinates": [[[121.536, 25.032], [121.548, 25.032], [121.548, 25.044], [121.536, 25.044], [121.536, 25.032]]]}, "properties": {"cell_id": "10128_2086", "city": "TPE", "area": "大安區", "lot_count": 22, "realtime_lot_count": 22, "total_capacity": 2667, "realtime_capacity": 2667, "total_available": 323, "utilization": 0.8788901387326584, "avg_available_rate": 0.17979063534026138, "tight_count": 12, "pressure_label": "偏高"}}, {"type": "Feature", "geometry": {"type": "Polygon", "coordinates": [[[121.56, 24.984], [121.572, 24.984], [121.572, 24.996000000000002], [121.56, 24.996000000000002], [121.56, 24.984]]]}, "properties": {"cell_id": "10130_2082", "city": "TPE", "area": "文山區", "lot_count": 4, "realtime_lot_count": 4, "total_capacity": 619, "realtime_capacity": 619, "total_available": 183, "utilization": 0.7043618739903069, "avg_available_rate": 0.18699057729646645, "tight_count": 2, "pressure_label": "偏高"}}, {"type": "Feature", "geometry": {"type": "Polygon", "coordinates": [[[121.548, 25.02], [121.56, 25.02], [121.56, 25.032], [121.548, 25.032], [121.548, 25.02]]]}, "properties": {"cell_id": "10129_2085", "city": "TPE", "area": "大安區", "lot_count": 18, "realtime_lot_count": 18, "total_capacity": 2105, "realtime_capacity": 2105, "total_available": 691, "utilization": 0.6717339667458433, "avg_available_rate": 0.5273915082249099, "tight_count": 1, "pressure_label": "中等"}}, {"type": "Feature", "geometry": {"type": "Polygon", "coordinates": [[[121.572, 25.044], [121.584, 25.044], [121.584, 25.056], [121.572, 25.056], [121.572, 25.044]]]}, "properties": {"cell_id": "10131_2087", "city": "TPE", "area": "信義區", "lot_count": 12, "realtime_lot_count": 12, "total_capacity": 1680, "realtime_capacity": 1680, "total_available": 341, "utilization": 0.7970238095238096, "avg_available_rate": 0.23013767778941296, "tight_count": 4, "pressure_label": "偏高"}}, {"type": "Feature", "geometry": {"type": "Polygon", "coordinates": [[[121.536, 24.996000000000002], [121.548, 24.996000000000002], [121.548, 25.008000000000003], [121.536, 25.008000000000003], [121.536, 24.996000000000002]]]}, "properties": {"cell_id": "10128_2083", "city": "TPE", "area": "文山區", "lot_count": 4, "realtime_lot_count": 4, "total_capacity": 575, "realtime_capacity": 575, "total_available": 106, "utilization": 0.8156521739130435, "avg_available_rate": 0.23118012301138105, "tight_count": 0, "pressure_label": "偏高"}}, {"type": "Feature", "geometry": {"type": "Polygon", "coordinates": [[[121.488, 25.128], [121.5, 25.128], [121.5, 25.14], [121.488, 25.14], [121.488, 25.128]]]}, "properties": {"cell_id": "10124_2094", "city": "TPE", "area": "北投區", "lot_count": 3, "realtime_lot_count": 3, "total_capacity": 493, "realtime_capacity": 493, "total_available": 193, "utilization": 0.6085192697768762, "avg_available_rate": 0.4234552516339458, "tight_count": 0, "pressure_label": "中等"}}, {"type": "Feature", "geometry": {"type": "Polygon", "coordinates": [[[121.524, 25.02], [121.536, 25.02], [121.536, 25.032], [121.524, 25.032], [121.524, 25.02]]]}, "properties": {"cell_id": "10127_2085", "city": "TPE", "area": "大安區", "lot_count": 15, "realtime_lot_count": 15, "total_capacity": 561, "realtime_capacity": 561, "total_available": 62, "utilization": 0.8894830659536542, "avg_available_rate": 0.2328861276733813, "tight_count": 4, "pressure_label": "偏高"}}, {"type": "Feature", "geometry": {"type": "Polygon", "coordinates": [[[121.512, 25.032], [121.524, 25.032], [121.524, 25.044], [121.512, 25.044], [121.512, 25.032]]]}, "properties": {"cell_id": "10126_2086", "city": "TPE", "area": "中正區", "lot_count": 10, "realtime_lot_count": 10, "total_capacity": 1426, "realtime_capacity": 1426, "total_available": 416, "utilization": 0.7082748948106592, "avg_available_rate": 0.48604212444735867, "tight_count": 2, "pressure_label": "偏高"}}, {"type": "Feature", "geometry": {"type": "Polygon", "coordinates": [[[121.524, 25.116], [121.536, 25.116], [121.536, 25.128], [121.524, 25.128], [121.524, 25.116]]]}, "properties": {"cell_id": "10127_2093", "city": "TPE", "area": "士林區", "lot_count": 11, "realtime_lot_count": 11, "total_capacity": 772, "realtime_capacity": 772, "total_available": 34, "utilization": 0.9559585492227979, "avg_available_rate": 0.10241333041919552, "tight_count": 9, "pressure_label": "高壓"}}, {"type": "Feature", "geometry": {"type": "Polygon", "coordinates": [[[121.5, 25.02], [121.512, 25.02], [121.512, 25.032], [121.5, 25.032], [121.5, 25.02]]]}, "properties": {"cell_id": "10125_2085", "city": "TPE", "area": "萬華區", "lot_count": 11, "realtime_lot_count": 11, "total_capacity": 1791, "realtime_capacity": 1791, "total_available": 296, "utilization": 0.8347292015633724, "avg_available_rate": 0.21298526747481789, "tight_count": 4, "pressure_label": "偏高"}}, {"type": "Feature", "geometry": {"type": "Polygon", "coordinates": [[[121.536, 25.02], [121.548, 25.02], [121.548, 25.032], [121.536, 25.032], [121.536, 25.02]]]}, "properties": {"cell_id": "10128_2085", "city": "TPE", "area": "大安區", "lot_count": 19, "realtime_lot_count": 19, "total_capacity": 4042, "realtime_capacity": 4042, "total_available": 603, "utilization": 0.8508164275111331, "avg_available_rate": 0.3410829148813819, "tight_count": 7, "pressure_label": "偏高"}}, {"type": "Feature", "geometry": {"type": "Polygon", "coordinates": [[[121.5, 25.128], [121.512, 25.128], [121.512, 25.14], [121.5, 25.14], [121.5, 25.128]]]}, "properties": {"cell_id": "10125_2094", "city": "TPE", "area": "北投區", "lot_count": 6, "realtime_lot_count": 6, "total_capacity": 720, "realtime_capacity": 720, "total_available": 193, "utilization": 0.7319444444444445, "avg_available_rate": 0.4698698997479485, "tight_count": 1, "pressure_label": "偏高"}}, {"type": "Feature", "geometry": {"type": "Polygon", "coordinates": [[[121.5, 25.116], [121.512, 25.116], [121.512, 25.128], [121.5, 25.128], [121.5, 25.116]]]}, "properties": {"cell_id": "10125_2093", "city": "TPE", "area": "北投區", "lot_count": 9, "realtime_lot_count": 9, "total_capacity": 908, "realtime_capacity": 908, "total_available": 278, "utilization": 0.6938325991189427, "avg_available_rate": 0.32284183185745297, "tight_count": 3, "pressure_label": "中等"}}, {"type": "Feature", "geometry": {"type": "Polygon", "coordinates": [[[121.572, 25.032], [121.584, 25.032], [121.584, 25.044], [121.572, 25.044], [121.572, 25.032]]]}, "properties": {"cell_id": "10131_2086", "city": "TPE", "area": "信義區", "lot_count": 10, "realtime_lot_count": 10, "total_capacity": 2750, "realtime_capacity": 2750, "total_available": 587, "utilization": 0.7865454545454545, "avg_available_rate": 0.22673248634684243, "tight_count": 3, "pressure_label": "偏高"}}, {"type": "Feature", "geometry": {"type": "Polygon", "coordinates": [[[121.464, 25.128], [121.476, 25.128], [121.476, 25.14], [121.464, 25.14], [121.464, 25.128]]]}, "properties": {"cell_id": "10122_2094", "city": "TPE", "area": "北投區", "lot_count": 4, "realtime_lot_count": 4, "total_capacity": 804, "realtime_capacity": 804, "total_available": 251, "utilization": 0.6878109452736318, "avg_available_rate": 1.3644083060017378, "tight_count": 2, "pressure_label": "中等"}}, {"type": "Feature", "geometry": {"type": "Polygon", "coordinates": [[[121.548, 25.008], [121.56, 25.008], [121.56, 25.02], [121.548, 25.02], [121.548, 25.008]]]}, "properties": {"cell_id": "10129_2084", "city": "TPE", "area": "大安區", "lot_count": 4, "realtime_lot_count": 4, "total_capacity": 554, "realtime_capacity": 554, "total_available": 353, "utilization": 0.36281588447653434, "avg_available_rate": 0.5821307312416154, "tight_count": 0, "pressure_label": "寬鬆"}}, {"type": "Feature", "geometry": {"type": "Polygon", "coordinates": [[[121.524, 25.104], [121.536, 25.104], [121.536, 25.116], [121.524, 25.116], [121.524, 25.104]]]}, "properties": {"cell_id": "10127_2092", "city": "TPE", "area": "士林區", "lot_count": 12, "realtime_lot_count": 12, "total_capacity": 414, "realtime_capacity": 414, "total_available": 75, "utilization": 0.8188405797101449, "avg_available_rate": 0.2316133840733383, "tight_count": 6, "pressure_label": "偏高"}}, {"type": "Feature", "geometry": {"type": "Polygon", "coordinates": [[[121.524, 25.068], [121.536, 25.068], [121.536, 25.080000000000002], [121.524, 25.080000000000002], [121.524, 25.068]]]}, "properties": {"cell_id": "10127_2089", "city": "TPE", "area": "中山區", "lot_count": 1, "realtime_lot_count": 1, "total_capacity": 114, "realtime_capacity": 114, "total_available": 0, "utilization": 1.0, "avg_available_rate": 0.0, "tight_count": 1, "pressure_label": "高壓"}}, {"type": "Feature", "geometry": {"type": "Polygon", "coordinates": [[[121.548, 24.996000000000002], [121.56, 24.996000000000002], [121.56, 25.008000000000003], [121.548, 25.008000000000003], [121.548, 24.996000000000002]]]}, "properties": {"cell_id": "10129_2083", "city": "TPE", "area": "文山區", "lot_count": 6, "realtime_lot_count": 6, "total_capacity": 913, "realtime_capacity": 913, "total_available": 276, "utilization": 0.6976998904709748, "avg_available_rate": 0.22788175091964988, "tight_count": 1, "pressure_label": "中等"}}, {"type": "Feature", "geometry": {"type": "Polygon", "coordinates": [[[121.584, 24.996000000000002], [121.596, 24.996000000000002], [121.596, 25.008000000000003], [121.584, 25.008000000000003], [121.584, 24.996000000000002]]]}, "properties": {"cell_id": "10132_2083", "city": "TPE", "area": "文山區", "lot_count": 1, "realtime_lot_count": 1, "total_capacity": 678, "realtime_capacity": 678, "total_available": 0, "utilization": 1.0, "avg_available_rate": 0.0, "tight_count": 1, "pressure_label": "高壓"}}, {"type": "Feature", "geometry": {"type": "Polygon", "coordinates": [[[121.524, 25.092], [121.536, 25.092], [121.536, 25.104], [121.524, 25.104], [121.524, 25.092]]]}, "properties": {"cell_id": "10127_2091", "city": "TPE", "area": "士林區", "lot_count": 7, "realtime_lot_count": 7, "total_capacity": 624, "realtime_capacity": 624, "total_available": 147, "utilization": 0.7644230769230769, "avg_available_rate": 0.26410469650718554, "tight_count": 2, "pressure_label": "偏高"}}, {"type": "Feature", "geometry": {"type": "Polygon", "coordinates": [[[121.584, 25.044], [121.596, 25.044], [121.596, 25.056], [121.584, 25.056], [121.584, 25.044]]]}, "properties": {"cell_id": "10132_2087", "city": "TPE", "area": "南港區", "lot_count": 7, "realtime_lot_count": 7, "total_capacity": 1540, "realtime_capacity": 1540, "total_available": 917, "utilization": 0.40454545454545454, "avg_available_rate": 0.4267298856123496, "tight_count": 1, "pressure_label": "寬鬆"}}, {"type": "Feature", "geometry": {"type": "Polygon", "coordinates": [[[121.5, 25.080000000000002], [121.512, 25.080000000000002], [121.512, 25.092000000000002], [121.5, 25.092000000000002], [121.5, 25.080000000000002]]]}, "properties": {"cell_id": "10125_2090", "city": "TPE", "area": "士林區", "lot_count": 4, "realtime_lot_count": 4, "total_capacity": 433, "realtime_capacity": 433, "total_available": 63, "utilization": 0.8545034642032332, "avg_available_rate": 0.2630244967256852, "tight_count": 2, "pressure_label": "偏高"}}, {"type": "Feature", "geometry": {"type": "Polygon", "coordinates": [[[121.524, 25.008], [121.536, 25.008], [121.536, 25.02], [121.524, 25.02], [121.524, 25.008]]]}, "properties": {"cell_id": "10127_2084", "city": "TPE", "area": "中正區", "lot_count": 9, "realtime_lot_count": 9, "total_capacity": 598, "realtime_capacity": 598, "total_available": 275, "utilization": 0.540133779264214, "avg_available_rate": 0.4888744887136735, "tight_count": 3, "pressure_label": "中等"}}, {"type": "Feature", "geometry": {"type": "Polygon", "coordinates": [[[121.512, 25.056], [121.524, 25.056], [121.524, 25.068], [121.512, 25.068], [121.512, 25.056]]]}, "properties": {"cell_id": "10126_2088", "city": "TPE", "area": "中山區", "lot_count": 14, "realtime_lot_count": 14, "total_capacity": 1608, "realtime_capacity": 1608, "total_available": 575, "utilization": 0.6424129353233831, "avg_available_rate": 0.36970009550443067, "tight_count": 2, "pressure_label": "中等"}}, {"type": "Feature", "geometry": {"type": "Polygon", "coordinates": [[[121.536, 25.176000000000002], [121.548, 25.176000000000002], [121.548, 25.188000000000002], [121.536, 25.188000000000002], [121.536, 25.176000000000002]]]}, "properties": {"cell_id": "10128_2098", "city": "TPE", "area": "北投區", "lot_count": 3, "realtime_lot_count": 3, "total_capacity": 116, "realtime_capacity": 116, "total_available": 87, "utilization": 0.25, "avg_available_rate": 0.6388888888888888, "tight_count": 0, "pressure_label": "寬鬆"}}, {"type": "Feature", "geometry": {"type": "Polygon", "coordinates": [[[121.536, 25.152], [121.548, 25.152], [121.548, 25.164], [121.536, 25.164], [121.536, 25.152]]]}, "properties": {"cell_id": "10128_2096", "city": "TPE", "area": "北投區", "lot_count": 3, "realtime_lot_count": 3, "total_capacity": 355, "realtime_capacity": 355, "total_available": 121, "utilization": 0.6591549295774648, "avg_available_rate": 0.2974883733397666, "tight_count": 0, "pressure_label": "中等"}}, {"type": "Feature", "geometry": {"type": "Polygon", "coordinates": [[[121.572, 25.164], [121.584, 25.164], [121.584, 25.176000000000002], [121.572, 25.176000000000002], [121.572, 25.164]]]}, "properties": {"cell_id": "10131_2097", "city": "TPE", "area": "士林區", "lot_count": 1, "realtime_lot_count": 1, "total_capacity": 81, "realtime_capacity": 81, "total_available": 0, "utilization": 1.0, "avg_available_rate": 0.0, "tight_count": 1, "pressure_label": "高壓"}}, {"type": "Feature", "geometry": {"type": "Polygon", "coordinates": [[[121.584, 25.068], [121.596, 25.068], [121.596, 25.080000000000002], [121.584, 25.080000000000002], [121.584, 25.068]]]}, "properties": {"cell_id": "10132_2089", "city": "TPE", "area": "內湖區", "lot_count": 7, "realtime_lot_count": 7, "total_capacity": 1104, "realtime_capacity": 1104, "total_available": 579, "utilization": 0.4755434782608695, "avg_available_rate": 0.38048378771798574, "tight_count": 1, "pressure_label": "中等"}}, {"type": "Feature", "geometry": {"type": "Polygon", "coordinates": [[[121.536, 25.008], [121.548, 25.008], [121.548, 25.02], [121.536, 25.02], [121.536, 25.008]]]}, "properties": {"cell_id": "10128_2084", "city": "TPE", "area": "大安區", "lot_count": 6, "realtime_lot_count": 6, "total_capacity": 1156, "realtime_capacity": 1156, "total_available": 664, "utilization": 0.4256055363321799, "avg_available_rate": 0.4967276678868556, "tight_count": 0, "pressure_label": "寬鬆"}}, {"type": "Feature", "geometry": {"type": "Polygon", "coordinates": [[[121.5, 25.14], [121.512, 25.14], [121.512, 25.152], [121.5, 25.152], [121.5, 25.14]]]}, "properties": {"cell_id": "10125_2095", "city": "TPE", "area": "北投區", "lot_count": 3, "realtime_lot_count": 3, "total_capacity": 130, "realtime_capacity": 130, "total_available": 40, "utilization": 0.6923076923076923, "avg_available_rate": 0.3658014742628686, "tight_count": 0, "pressure_label": "中等"}}, {"type": "Feature", "geometry": {"type": "Polygon", "coordinates": [[[121.464, 25.116], [121.476, 25.116], [121.476, 25.128], [121.464, 25.128], [121.464, 25.116]]]}, "properties": {"cell_id": "10122_2093", "city": "TPE", "area": "北投區", "lot_count": 7, "realtime_lot_count": 7, "total_capacity": 454, "realtime_capacity": 454, "total_available": 339, "utilization": 0.2533039647577092, "avg_available_rate": 0.5660208758564529, "tight_count": 2, "pressure_label": "寬鬆"}}, {"type": "Feature", "geometry": {"type": "Polygon", "coordinates": [[[121.536, 25.056], [121.548, 25.056], [121.548, 25.068], [121.536, 25.068], [121.536, 25.056]]]}, "properties": {"cell_id": "10128_2088", "city": "TPE", "area": "中山區", "lot_count": 19, "realtime_lot_count": 19, "total_capacity": 3172, "realtime_capacity": 3172, "total_available": 1451, "utilization": 0.5425598991172762, "avg_available_rate": 8.09349343450397, "tight_count": 8, "pressure_label": "中等"}}, {"type": "Feature", "geometry": {"type": "Polygon", "coordinates": [[[121.56, 25.080000000000002], [121.572, 25.080000000000002], [121.572, 25.092000000000002], [121.56, 25.092000000000002], [121.56, 25.080000000000002]]]}, "properties": {"cell_id": "10130_2090", "city": "TPE", "area": "內湖區", "lot_count": 17, "realtime_lot_count": 17, "total_capacity": 1341, "realtime_capacity": 1341, "total_available": 704, "utilization": 0.47501864280387773, "avg_available_rate": 0.6010343838917916, "tight_count": 3, "pressure_label": "中等"}}, {"type": "Feature", "geometry": {"type": "Polygon", "coordinates": [[[121.596, 25.056], [121.608, 25.056], [121.608, 25.068], [121.596, 25.068], [121.596, 25.056]]]}, "properties": {"cell_id": "10133_2088", "city": "TPE", "area": "南港區", "lot_count": 1, "realtime_lot_count": 1, "total_capacity": 638, "realtime_capacity": 638, "total_available": 147, "utilization": 0.7695924764890282, "avg_available_rate": 0.2304075235109718, "tight_count": 0, "pressure_label": "偏高"}}, {"type": "Feature", "geometry": {"type": "Polygon", "coordinates": [[[121.572, 25.02], [121.584, 25.02], [121.584, 25.032], [121.572, 25.032], [121.572, 25.02]]]}, "properties": {"cell_id": "10131_2085", "city": "TPE", "area": "信義區", "lot_count": 2, "realtime_lot_count": 2, "total_capacity": 117, "realtime_capacity": 117, "total_available": 97, "utilization": 0.1709401709401709, "avg_available_rate": 0.8837209302325582, "tight_count": 0, "pressure_label": "寬鬆"}}, {"type": "Feature", "geometry": {"type": "Polygon", "coordinates": [[[121.5, 25.008], [121.512, 25.008], [121.512, 25.02], [121.5, 25.02], [121.5, 25.008]]]}, "properties": {"cell_id": "10125_2084", "city": "NTPC", "area": "永和區", "lot_count": 4, "realtime_lot_count": 4, "total_capacity": 1136, "realtime_capacity": 1136, "total_available": 106, "utilization": 0.9066901408450704, "avg_available_rate": 0.2307194631226614, "tight_count": 3, "pressure_label": "高壓"}}, {"type": "Feature", "geometry": {"type": "Polygon", "coordinates": [[[121.572, 25.080000000000002], [121.584, 25.080000000000002], [121.584, 25.092000000000002], [121.572, 25.092000000000002], [121.572, 25.080000000000002]]]}, "properties": {"cell_id": "10131_2090", "city": "TPE", "area": "內湖區", "lot_count": 3, "realtime_lot_count": 3, "total_capacity": 313, "realtime_capacity": 313, "total_available": 100, "utilization": 0.6805111821086263, "avg_available_rate": 0.3231049350865019, "tight_count": 1, "pressure_label": "中等"}}, {"type": "Feature", "geometry": {"type": "Polygon", "coordinates": [[[121.608, 25.068], [121.62, 25.068], [121.62, 25.080000000000002], [121.608, 25.080000000000002], [121.608, 25.068]]]}, "properties": {"cell_id": "10134_2089", "city": "TPE", "area": "內湖區", "lot_count": 5, "realtime_lot_count": 5, "total_capacity": 887, "realtime_capacity": 887, "total_available": 148, "utilization": 0.8331454340473506, "avg_available_rate": 0.22340248674733512, "tight_count": 2, "pressure_label": "偏高"}}, {"type": "Feature", "geometry": {"type": "Polygon", "coordinates": [[[121.488, 25.02], [121.5, 25.02], [121.5, 25.032], [121.488, 25.032], [121.488, 25.02]]]}, "properties": {"cell_id": "10124_2085", "city": "TPE", "area": "萬華區", "lot_count": 8, "realtime_lot_count": 8, "total_capacity": 2373, "realtime_capacity": 2373, "total_available": 1008, "utilization": 0.5752212389380531, "avg_available_rate": 0.41973815147884797, "tight_count": 0, "pressure_label": "中等"}}, {"type": "Feature", "geometry": {"type": "Polygon", "coordinates": [[[121.596, 25.068], [121.608, 25.068], [121.608, 25.080000000000002], [121.596, 25.080000000000002], [121.596, 25.068]]]}, "properties": {"cell_id": "10133_2089", "city": "TPE", "area": "內湖區", "lot_count": 3, "realtime_lot_count": 3, "total_capacity": 587, "realtime_capacity": 587, "total_available": 54, "utilization": 0.9080068143100511, "avg_available_rate": 0.11719464613317486, "tight_count": 1, "pressure_label": "高壓"}}, {"type": "Feature", "geometry": {"type": "Polygon", "coordinates": [[[121.572, 25.068], [121.584, 25.068], [121.584, 25.080000000000002], [121.572, 25.080000000000002], [121.572, 25.068]]]}, "properties": {"cell_id": "10131_2089", "city": "TPE", "area": "內湖區", "lot_count": 12, "realtime_lot_count": 12, "total_capacity": 1264, "realtime_capacity": 1264, "total_available": 514, "utilization": 0.5933544303797469, "avg_available_rate": 0.5237840029654562, "tight_count": 0, "pressure_label": "中等"}}, {"type": "Feature", "geometry": {"type": "Polygon", "coordinates": [[[121.548, 25.032], [121.56, 25.032], [121.56, 25.044], [121.548, 25.044], [121.548, 25.032]]]}, "properties": {"cell_id": "10129_2086", "city": "TPE", "area": "大安區", "lot_count": 14, "realtime_lot_count": 14, "total_capacity": 945, "realtime_capacity": 945, "total_available": 302, "utilization": 0.6804232804232804, "avg_available_rate": 0.6397459827694277, "tight_count": 4, "pressure_label": "中等"}}, {"type": "Feature", "geometry": {"type": "Polygon", "coordinates": [[[121.5, 25.068], [121.512, 25.068], [121.512, 25.080000000000002], [121.5, 25.080000000000002], [121.5, 25.068]]]}, "properties": {"cell_id": "10125_2089", "city": "TPE", "area": "大同區", "lot_count": 6, "realtime_lot_count": 6, "total_capacity": 1723, "realtime_capacity": 1723, "total_available": 129, "utilization": 0.9251305861868834, "avg_available_rate": 0.05444388567195585, "tight_count": 4, "pressure_label": "高壓"}}, {"type": "Feature", "geometry": {"type": "Polygon", "coordinates": [[[121.548, 25.092], [121.56, 25.092], [121.56, 25.104], [121.548, 25.104], [121.548, 25.092]]]}, "properties": {"cell_id": "10129_2091", "city": "TPE", "area": "士林區", "lot_count": 1, "realtime_lot_count": 1, "total_capacity": 87, "realtime_capacity": 87, "total_available": 108, "utilization": -0.24137931034482762, "avg_available_rate": 1.2413793103448276, "tight_count": 0, "pressure_label": "寬鬆"}}, {"type": "Feature", "geometry": {"type": "Polygon", "coordinates": [[[121.524, 24.996000000000002], [121.536, 24.996000000000002], [121.536, 25.008000000000003], [121.524, 25.008000000000003], [121.524, 24.996000000000002]]]}, "properties": {"cell_id": "10127_2083", "city": "NTPC", "area": "永和區", "lot_count": 4, "realtime_lot_count": 4, "total_capacity": 676, "realtime_capacity": 676, "total_available": 33, "utilization": 0.9511834319526628, "avg_available_rate": 0.0782070265177009, "tight_count": 3, "pressure_label": "高壓"}}, {"type": "Feature", "geometry": {"type": "Polygon", "coordinates": [[[121.452, 25.116], [121.464, 25.116], [121.464, 25.128], [121.452, 25.128], [121.452, 25.116]]]}, "properties": {"cell_id": "10121_2093", "city": "TPE", "area": "北投區", "lot_count": 1, "realtime_lot_count": 1, "total_capacity": 309, "realtime_capacity": 309, "total_available": 35, "utilization": 0.8867313915857605, "avg_available_rate": 0.11326860841423948, "tight_count": 0, "pressure_label": "偏高"}}, {"type": "Feature", "geometry": {"type": "Polygon", "coordinates": [[[121.488, 25.032], [121.5, 25.032], [121.5, 25.044], [121.488, 25.044], [121.488, 25.032]]]}, "properties": {"cell_id": "10124_2086", "city": "TPE", "area": "萬華區", "lot_count": 6, "realtime_lot_count": 6, "total_capacity": 1579, "realtime_capacity": 1579, "total_available": 170, "utilization": 0.8923369221025965, "avg_available_rate": 0.1250087229601549, "tight_count": 3, "pressure_label": "偏高"}}, {"type": "Feature", "geometry": {"type": "Polygon", "coordinates": [[[121.608, 25.056], [121.62, 25.056], [121.62, 25.068], [121.608, 25.068], [121.608, 25.056]]]}, "properties": {"cell_id": "10134_2088", "city": "TPE", "area": "南港區", "lot_count": 10, "realtime_lot_count": 10, "total_capacity": 5079, "realtime_capacity": 5079, "total_available": 2060, "utilization": 0.5944083481000197, "avg_available_rate": 0.4259681188041885, "tight_count": 1, "pressure_label": "中等"}}, {"type": "Feature", "geometry": {"type": "Polygon", "coordinates": [[[121.56, 25.02], [121.572, 25.02], [121.572, 25.032], [121.56, 25.032], [121.56, 25.02]]]}, "properties": {"cell_id": "10130_2085", "city": "TPE", "area": "信義區", "lot_count": 12, "realtime_lot_count": 12, "total_capacity": 1770, "realtime_capacity": 1770, "total_available": 573, "utilization": 0.676271186440678, "avg_available_rate": 0.31155042956789497, "tight_count": 3, "pressure_label": "中等"}}, {"type": "Feature", "geometry": {"type": "Polygon", "coordinates": [[[121.596, 25.044], [121.608, 25.044], [121.608, 25.056], [121.596, 25.056], [121.596, 25.044]]]}, "properties": {"cell_id": "10133_2087", "city": "TPE", "area": "南港區", "lot_count": 8, "realtime_lot_count": 8, "total_capacity": 2362, "realtime_capacity": 2362, "total_available": 539, "utilization": 0.7718035563082134, "avg_available_rate": 0.6834668192599122, "tight_count": 2, "pressure_label": "偏高"}}, {"type": "Feature", "geometry": {"type": "Polygon", "coordinates": [[[121.488, 25.104], [121.5, 25.104], [121.5, 25.116], [121.488, 25.116], [121.488, 25.104]]]}, "properties": {"cell_id": "10124_2092", "city": "TPE", "area": "北投區", "lot_count": 1, "realtime_lot_count": 1, "total_capacity": 88, "realtime_capacity": 88, "total_available": 48, "utilization": 0.4545454545454546, "avg_available_rate": 0.5454545454545454, "tight_count": 0, "pressure_label": "中等"}}, {"type": "Feature", "geometry": {"type": "Polygon", "coordinates": [[[121.56, 25.164], [121.572, 25.164], [121.572, 25.176000000000002], [121.56, 25.176000000000002], [121.56, 25.164]]]}, "properties": {"cell_id": "10130_2097", "city": "TPE", "area": "士林區", "lot_count": 3, "realtime_lot_count": 3, "total_capacity": 193, "realtime_capacity": 193, "total_available": 55, "utilization": 0.7150259067357513, "avg_available_rate": 0.36435095637223297, "tight_count": 2, "pressure_label": "偏高"}}, {"type": "Feature", "geometry": {"type": "Polygon", "coordinates": [[[121.584, 25.080000000000002], [121.596, 25.080000000000002], [121.596, 25.092000000000002], [121.584, 25.092000000000002], [121.584, 25.080000000000002]]]}, "properties": {"cell_id": "10132_2090", "city": "TPE", "area": "內湖區", "lot_count": 4, "realtime_lot_count": 4, "total_capacity": 781, "realtime_capacity": 781, "total_available": 218, "utilization": 0.7208706786171575, "avg_available_rate": 0.29532410571884254, "tight_count": 0, "pressure_label": "偏高"}}, {"type": "Feature", "geometry": {"type": "Polygon", "coordinates": [[[121.512, 25.02], [121.524, 25.02], [121.524, 25.032], [121.512, 25.032], [121.512, 25.02]]]}, "properties": {"cell_id": "10126_2085", "city": "TPE", "area": "中正區", "lot_count": 10, "realtime_lot_count": 10, "total_capacity": 223, "realtime_capacity": 223, "total_available": 55, "utilization": 0.7533632286995515, "avg_available_rate": 0.21711969350053323, "tight_count": 4, "pressure_label": "偏高"}}, {"type": "Feature", "geometry": {"type": "Polygon", "coordinates": [[[121.56, 25.068], [121.572, 25.068], [121.572, 25.080000000000002], [121.56, 25.080000000000002], [121.56, 25.068]]]}, "properties": {"cell_id": "10130_2089", "city": "TPE", "area": "內湖區", "lot_count": 11, "realtime_lot_count": 11, "total_capacity": 1172, "realtime_capacity": 1172, "total_available": 792, "utilization": 0.32423208191126285, "avg_available_rate": 0.6222187257678129, "tight_count": 1, "pressure_label": "寬鬆"}}, {"type": "Feature", "geometry": {"type": "Polygon", "coordinates": [[[121.5, 25.056], [121.512, 25.056], [121.512, 25.068], [121.5, 25.068], [121.5, 25.056]]]}, "properties": {"cell_id": "10125_2088", "city": "TPE", "area": "大同區", "lot_count": 3, "realtime_lot_count": 3, "total_capacity": 404, "realtime_capacity": 404, "total_available": 5, "utilization": 0.9876237623762376, "avg_available_rate": 0.005393743257820927, "tight_count": 3, "pressure_label": "高壓"}}, {"type": "Feature", "geometry": {"type": "Polygon", "coordinates": [[[121.62, 25.056], [121.632, 25.056], [121.632, 25.068], [121.62, 25.068], [121.62, 25.056]]]}, "properties": {"cell_id": "10135_2088", "city": "TPE", "area": "南港區", "lot_count": 2, "realtime_lot_count": 2, "total_capacity": 1169, "realtime_capacity": 1169, "total_available": 861, "utilization": 0.26347305389221554, "avg_available_rate": 0.7258519889535225, "tight_count": 0, "pressure_label": "寬鬆"}}, {"type": "Feature", "geometry": {"type": "Polygon", "coordinates": [[[121.512, 25.104], [121.524, 25.104], [121.524, 25.116], [121.512, 25.116], [121.512, 25.104]]]}, "properties": {"cell_id": "10126_2092", "city": "TPE", "area": "北投區", "lot_count": 7, "realtime_lot_count": 7, "total_capacity": 1121, "realtime_capacity": 1121, "total_available": 338, "utilization": 0.6984834968777878, "avg_available_rate": 0.20808842705780792, "tight_count": 2, "pressure_label": "中等"}}, {"type": "Feature", "geometry": {"type": "Polygon", "coordinates": [[[121.536, 25.116], [121.548, 25.116], [121.548, 25.128], [121.536, 25.128], [121.536, 25.116]]]}, "properties": {"cell_id": "10128_2093", "city": "TPE", "area": "士林區", "lot_count": 1, "realtime_lot_count": 1, "total_capacity": 472, "realtime_capacity": 472, "total_available": 0, "utilization": 1.0, "avg_available_rate": 0.0, "tight_count": 1, "pressure_label": "高壓"}}, {"type": "Feature", "geometry": {"type": "Polygon", "coordinates": [[[121.536, 25.068], [121.548, 25.068], [121.548, 25.080000000000002], [121.536, 25.080000000000002], [121.536, 25.068]]]}, "properties": {"cell_id": "10128_2089", "city": "TPE", "area": "中山區", "lot_count": 1, "realtime_lot_count": 1, "total_capacity": 606, "realtime_capacity": 606, "total_available": 55, "utilization": 0.9092409240924092, "avg_available_rate": 0.09075907590759076, "tight_count": 1, "pressure_label": "高壓"}}, {"type": "Feature", "geometry": {"type": "Polygon", "coordinates": [[[121.548, 25.080000000000002], [121.56, 25.080000000000002], [121.56, 25.092000000000002], [121.548, 25.092000000000002], [121.548, 25.080000000000002]]]}, "properties": {"cell_id": "10129_2090", "city": "TPE", "area": "中山區", "lot_count": 10, "realtime_lot_count": 10, "total_capacity": 612, "realtime_capacity": 612, "total_available": 273, "utilization": 0.553921568627451, "avg_available_rate": 0.4207543059337822, "tight_count": 2, "pressure_label": "中等"}}, {"type": "Feature", "geometry": {"type": "Polygon", "coordinates": [[[121.584, 25.032], [121.596, 25.032], [121.596, 25.044], [121.584, 25.044], [121.584, 25.032]]]}, "properties": {"cell_id": "10132_2086", "city": "TPE", "area": "南港區", "lot_count": 1, "realtime_lot_count": 1, "total_capacity": 412, "realtime_capacity": 412, "total_available": 87, "utilization": 0.7888349514563107, "avg_available_rate": 0.2111650485436893, "tight_count": 0, "pressure_label": "偏高"}}, {"type": "Feature", "geometry": {"type": "Polygon", "coordinates": [[[121.572, 25.056], [121.584, 25.056], [121.584, 25.068], [121.572, 25.068], [121.572, 25.056]]]}, "properties": {"cell_id": "10131_2088", "city": "TPE", "area": "內湖區", "lot_count": 15, "realtime_lot_count": 15, "total_capacity": 2535, "realtime_capacity": 2535, "total_available": 2224, "utilization": 0.12268244575936882, "avg_available_rate": 1.3955689838811074, "tight_count": 2, "pressure_label": "寬鬆"}}, {"type": "Feature", "geometry": {"type": "Polygon", "coordinates": [[[121.572, 24.984], [121.584, 24.984], [121.584, 24.996000000000002], [121.572, 24.996000000000002], [121.572, 24.984]]]}, "properties": {"cell_id": "10131_2082", "city": "TPE", "area": "文山區", "lot_count": 3, "realtime_lot_count": 3, "total_capacity": 275, "realtime_capacity": 275, "total_available": 60, "utilization": 0.7818181818181819, "avg_available_rate": 0.4503136348629911, "tight_count": 0, "pressure_label": "偏高"}}, {"type": "Feature", "geometry": {"type": "Polygon", "coordinates": [[[121.608, 25.032], [121.62, 25.032], [121.62, 25.044], [121.608, 25.044], [121.608, 25.032]]]}, "properties": {"cell_id": "10134_2086", "city": "TPE", "area": "南港區", "lot_count": 2, "realtime_lot_count": 2, "total_capacity": 96, "realtime_capacity": 96, "total_available": 63, "utilization": 0.34375, "avg_available_rate": 0.967540202501489, "tight_count": 0, "pressure_label": "寬鬆"}}, {"type": "Feature", "geometry": {"type": "Polygon", "coordinates": [[[121.596, 25.080000000000002], [121.608, 25.080000000000002], [121.608, 25.092000000000002], [121.596, 25.092000000000002], [121.596, 25.080000000000002]]]}, "properties": {"cell_id": "10133_2090", "city": "TPE", "area": "內湖區", "lot_count": 1, "realtime_lot_count": 1, "total_capacity": 221, "realtime_capacity": 221, "total_available": 32, "utilization": 0.8552036199095022, "avg_available_rate": 0.14479638009049775, "tight_count": 0, "pressure_label": "偏高"}}, {"type": "Feature", "geometry": {"type": "Polygon", "coordinates": [[[121.584, 25.056], [121.596, 25.056], [121.596, 25.068], [121.584, 25.068], [121.584, 25.056]]]}, "properties": {"cell_id": "10132_2088", "city": "TPE", "area": "內湖區", "lot_count": 13, "realtime_lot_count": 13, "total_capacity": 1317, "realtime_capacity": 1317, "total_available": 680, "utilization": 0.48367501898253606, "avg_available_rate": 0.550217780095814, "tight_count": 3, "pressure_label": "中等"}}, {"type": "Feature", "geometry": {"type": "Polygon", "coordinates": [[[121.536, 24.984], [121.548, 24.984], [121.548, 24.996000000000002], [121.536, 24.996000000000002], [121.536, 24.984]]]}, "properties": {"cell_id": "10128_2082", "city": "TPE", "area": "文山區", "lot_count": 5, "realtime_lot_count": 5, "total_capacity": 548, "realtime_capacity": 548, "total_available": 275, "utilization": 0.49817518248175185, "avg_available_rate": 0.3121590715139102, "tight_count": 2, "pressure_label": "中等"}}, {"type": "Feature", "geometry": {"type": "Polygon", "coordinates": [[[121.476, 25.128], [121.488, 25.128], [121.488, 25.14], [121.476, 25.14], [121.476, 25.128]]]}, "properties": {"cell_id": "10123_2094", "city": "TPE", "area": "北投區", "lot_count": 2, "realtime_lot_count": 2, "total_capacity": 136, "realtime_capacity": 136, "total_available": 18, "utilization": 0.8676470588235294, "avg_available_rate": 0.1388888888888889, "tight_count": 1, "pressure_label": "偏高"}}, {"type": "Feature", "geometry": {"type": "Polygon", "coordinates": [[[121.608, 25.044], [121.62, 25.044], [121.62, 25.056], [121.608, 25.056], [121.608, 25.044]]]}, "properties": {"cell_id": "10134_2087", "city": "TPE", "area": "南港區", "lot_count": 2, "realtime_lot_count": 2, "total_capacity": 76, "realtime_capacity": 76, "total_available": 38, "utilization": 0.5, "avg_available_rate": 0.3476190476190476, "tight_count": 0, "pressure_label": "中等"}}, {"type": "Feature", "geometry": {"type": "Polygon", "coordinates": [[[121.548, 24.984], [121.56, 24.984], [121.56, 24.996000000000002], [121.548, 24.996000000000002], [121.548, 24.984]]]}, "properties": {"cell_id": "10129_2082", "city": "TPE", "area": "文山區", "lot_count": 6, "realtime_lot_count": 6, "total_capacity": 529, "realtime_capacity": 529, "total_available": 167, "utilization": 0.6843100189035917, "avg_available_rate": 0.30101929548979894, "tight_count": 1, "pressure_label": "中等"}}, {"type": "Feature", "geometry": {"type": "Polygon", "coordinates": [[[121.536, 25.128], [121.548, 25.128], [121.548, 25.14], [121.536, 25.14], [121.536, 25.128]]]}, "properties": {"cell_id": "10128_2094", "city": "TPE", "area": "士林區", "lot_count": 4, "realtime_lot_count": 4, "total_capacity": 77, "realtime_capacity": 77, "total_available": 95, "utilization": -0.23376623376623384, "avg_available_rate": 1.9596088435374148, "tight_count": 0, "pressure_label": "寬鬆"}}, {"type": "Feature", "geometry": {"type": "Polygon", "coordinates": [[[121.548, 24.972], [121.56, 24.972], [121.56, 24.984], [121.548, 24.984], [121.548, 24.972]]]}, "properties": {"cell_id": "10129_2081", "city": "TPE", "area": "文山區", "lot_count": 3, "realtime_lot_count": 3, "total_capacity": 487, "realtime_capacity": 487, "total_available": 150, "utilization": 0.6919917864476386, "avg_available_rate": 0.27533188204829995, "tight_count": 0, "pressure_label": "中等"}}, {"type": "Feature", "geometry": {"type": "Polygon", "coordinates": [[[121.524, 25.080000000000002], [121.536, 25.080000000000002], [121.536, 25.092000000000002], [121.524, 25.092000000000002], [121.524, 25.080000000000002]]]}, "properties": {"cell_id": "10127_2090", "city": "TPE", "area": "士林區", "lot_count": 1, "realtime_lot_count": 1, "total_capacity": 8, "realtime_capacity": 8, "total_available": 4, "utilization": 0.5, "avg_available_rate": 0.5, "tight_count": 0, "pressure_label": "中等"}}, {"type": "Feature", "geometry": {"type": "Polygon", "coordinates": [[[121.5, 25.104], [121.512, 25.104], [121.512, 25.116], [121.5, 25.116], [121.5, 25.104]]]}, "properties": {"cell_id": "10125_2092", "city": "TPE", "area": "北投區", "lot_count": 1, "realtime_lot_count": 1, "total_capacity": 6, "realtime_capacity": 6, "total_available": 1, "utilization": 0.8333333333333334, "avg_available_rate": 0.16666666666666666, "tight_count": 0, "pressure_label": "偏高"}}, {"type": "Feature", "geometry": {"type": "Polygon", "coordinates": [[[121.62, 25.068], [121.632, 25.068], [121.632, 25.080000000000002], [121.62, 25.080000000000002], [121.62, 25.068]]]}, "properties": {"cell_id": "10135_2089", "city": "TPE", "area": "內湖區", "lot_count": 2, "realtime_lot_count": 2, "total_capacity": 252, "realtime_capacity": 252, "total_available": 116, "utilization": 0.5396825396825398, "avg_available_rate": 0.4628019323671497, "tight_count": 0, "pressure_label": "中等"}}, {"type": "Feature", "geometry": {"type": "Polygon", "coordinates": [[[121.632, 25.056], [121.644, 25.056], [121.644, 25.068], [121.632, 25.068], [121.632, 25.056]]]}, "properties": {"cell_id": "10136_2088", "city": "NTPC", "area": "汐止區", "lot_count": 1, "realtime_lot_count": 1, "total_capacity": 73, "realtime_capacity": 73, "total_available": 25, "utilization": 0.6575342465753424, "avg_available_rate": 0.3424657534246575, "tight_count": 0, "pressure_label": "中等"}}, {"type": "Feature", "geometry": {"type": "Polygon", "coordinates": [[[121.44, 25.164], [121.452, 25.164], [121.452, 25.176000000000002], [121.44, 25.176000000000002], [121.44, 25.164]]]}, "properties": {"cell_id": "10120_2097", "city": "NTPC", "area": "淡水區", "lot_count": 2, "realtime_lot_count": 2, "total_capacity": 625, "realtime_capacity": 625, "total_available": 483, "utilization": 0.22719999999999996, "avg_available_rate": 0.5212728551336147, "tight_count": 0, "pressure_label": "寬鬆"}}, {"type": "Feature", "geometry": {"type": "Polygon", "coordinates": [[[121.5, 25.248], [121.512, 25.248], [121.512, 25.26], [121.5, 25.26], [121.5, 25.248]]]}, "properties": {"cell_id": "10125_2104", "city": "NTPC", "area": "三芝區", "lot_count": 2, "realtime_lot_count": 2, "total_capacity": 415, "realtime_capacity": 415, "total_available": 94, "utilization": 0.7734939759036145, "avg_available_rate": 0.22799422799422797, "tight_count": 0, "pressure_label": "偏高"}}, {"type": "Feature", "geometry": {"type": "Polygon", "coordinates": [[[121.404, 25.02], [121.416, 25.02], [121.416, 25.032], [121.404, 25.032], [121.404, 25.02]]]}, "properties": {"cell_id": "10117_2085", "city": "NTPC", "area": "新莊區", "lot_count": 1, "realtime_lot_count": 1, "total_capacity": 254, "realtime_capacity": 254, "total_available": 55, "utilization": 0.7834645669291338, "avg_available_rate": 0.21653543307086615, "tight_count": 0, "pressure_label": "偏高"}}, {"type": "Feature", "geometry": {"type": "Polygon", "coordinates": [[[121.536, 24.948], [121.548, 24.948], [121.548, 24.96], [121.536, 24.96], [121.536, 24.948]]]}, "properties": {"cell_id": "10128_2079", "city": "NTPC", "area": "新店區", "lot_count": 3, "realtime_lot_count": 3, "total_capacity": 332, "realtime_capacity": 332, "total_available": 0, "utilization": 1.0, "avg_available_rate": 0.0, "tight_count": 3, "pressure_label": "高壓"}}, {"type": "Feature", "geometry": {"type": "Polygon", "coordinates": [[[121.524, 24.96], [121.536, 24.96], [121.536, 24.972], [121.524, 24.972], [121.524, 24.96]]]}, "properties": {"cell_id": "10127_2080", "city": "NTPC", "area": "新店區", "lot_count": 6, "realtime_lot_count": 6, "total_capacity": 739, "realtime_capacity": 739, "total_available": 119, "utilization": 0.8389715832205683, "avg_available_rate": 0.14385577630610744, "tight_count": 1, "pressure_label": "偏高"}}, {"type": "Feature", "geometry": {"type": "Polygon", "coordinates": [[[121.35600000000001, 25.068], [121.36800000000001, 25.068], [121.36800000000001, 25.080000000000002], [121.35600000000001, 25.080000000000002], [121.35600000000001, 25.068]]]}, "properties": {"cell_id": "10113_2089", "city": "NTPC", "area": "林口區", "lot_count": 6, "realtime_lot_count": 6, "total_capacity": 3470, "realtime_capacity": 3470, "total_available": 1238, "utilization": 0.6432276657060518, "avg_available_rate": 0.27937551047260056, "tight_count": 1, "pressure_label": "中等"}}, {"type": "Feature", "geometry": {"type": "Polygon", "coordinates": [[[121.416, 24.948], [121.428, 24.948], [121.428, 24.96], [121.416, 24.96], [121.416, 24.948]]]}, "properties": {"cell_id": "10118_2079", "city": "NTPC", "area": "土城區", "lot_count": 1, "realtime_lot_count": 1, "total_capacity": 77, "realtime_capacity": 77, "total_available": 4, "utilization": 0.948051948051948, "avg_available_rate": 0.05194805194805195, "tight_count": 1, "pressure_label": "高壓"}}, {"type": "Feature", "geometry": {"type": "Polygon", "coordinates": [[[121.44, 24.984], [121.452, 24.984], [121.452, 24.996000000000002], [121.44, 24.996000000000002], [121.44, 24.984]]]}, "properties": {"cell_id": "10120_2082", "city": "NTPC", "area": "土城區", "lot_count": 7, "realtime_lot_count": 7, "total_capacity": 1609, "realtime_capacity": 1609, "total_available": 343, "utilization": 0.7868241143567434, "avg_available_rate": 0.18212788036248995, "tight_count": 1, "pressure_label": "偏高"}}, {"type": "Feature", "geometry": {"type": "Polygon", "coordinates": [[[121.536, 24.972], [121.548, 24.972], [121.548, 24.984], [121.536, 24.984], [121.536, 24.972]]]}, "properties": {"cell_id": "10128_2081", "city": "NTPC", "area": "新店區", "lot_count": 7, "realtime_lot_count": 7, "total_capacity": 2507, "realtime_capacity": 2507, "total_available": 614, "utilization": 0.7550857598723574, "avg_available_rate": 0.3273703043588347, "tight_count": 2, "pressure_label": "偏高"}}, {"type": "Feature", "geometry": {"type": "Polygon", "coordinates": [[[121.44, 25.044], [121.452, 25.044], [121.452, 25.056], [121.44, 25.056], [121.44, 25.044]]]}, "properties": {"cell_id": "10120_2087", "city": "NTPC", "area": "新莊區", "lot_count": 3, "realtime_lot_count": 3, "total_capacity": 525, "realtime_capacity": 525, "total_available": 90, "utilization": 0.8285714285714285, "avg_available_rate": 0.1358403361344538, "tight_count": 1, "pressure_label": "偏高"}}, {"type": "Feature", "geometry": {"type": "Polygon", "coordinates": [[[121.464, 25.02], [121.476, 25.02], [121.476, 25.032], [121.464, 25.032], [121.464, 25.02]]]}, "properties": {"cell_id": "10122_2085", "city": "NTPC", "area": "板橋區", "lot_count": 8, "realtime_lot_count": 8, "total_capacity": 1690, "realtime_capacity": 1690, "total_available": 215, "utilization": 0.8727810650887574, "avg_available_rate": 0.12041971192794634, "tight_count": 5, "pressure_label": "偏高"}}, {"type": "Feature", "geometry": {"type": "Polygon", "coordinates": [[[121.488, 25.068], [121.5, 25.068], [121.5, 25.080000000000002], [121.488, 25.080000000000002], [121.488, 25.068]]]}, "properties": {"cell_id": "10124_2089", "city": "NTPC", "area": "三重區", "lot_count": 6, "realtime_lot_count": 6, "total_capacity": 1646, "realtime_capacity": 1646, "total_available": 205, "utilization": 0.8754556500607533, "avg_available_rate": 0.1053387981557989, "tight_count": 3, "pressure_label": "偏高"}}, {"type": "Feature", "geometry": {"type": "Polygon", "coordinates": [[[121.608, 24.996000000000002], [121.62, 24.996000000000002], [121.62, 25.008000000000003], [121.608, 25.008000000000003], [121.608, 24.996000000000002]]]}, "properties": {"cell_id": "10134_2083", "city": "NTPC", "area": "深坑區", "lot_count": 2, "realtime_lot_count": 2, "total_capacity": 448, "realtime_capacity": 448, "total_available": 182, "utilization": 0.59375, "avg_available_rate": 0.44761904761904764, "tight_count": 0, "pressure_label": "中等"}}, {"type": "Feature", "geometry": {"type": "Polygon", "coordinates": [[[121.428, 25.02], [121.44, 25.02], [121.44, 25.032], [121.428, 25.032], [121.428, 25.02]]]}, "properties": {"cell_id": "10119_2085", "city": "NTPC", "area": "新莊區", "lot_count": 7, "realtime_lot_count": 7, "total_capacity": 1087, "realtime_capacity": 1087, "total_available": 220, "utilization": 0.797608095676173, "avg_available_rate": 0.2986895370021313, "tight_count": 2, "pressure_label": "偏高"}}, {"type": "Feature", "geometry": {"type": "Polygon", "coordinates": [[[121.452, 25.008], [121.464, 25.008], [121.464, 25.02], [121.452, 25.02], [121.452, 25.008]]]}, "properties": {"cell_id": "10121_2084", "city": "NTPC", "area": "板橋區", "lot_count": 9, "realtime_lot_count": 9, "total_capacity": 1138, "realtime_capacity": 1138, "total_available": 43, "utilization": 0.9622144112478032, "avg_available_rate": 0.04234255352398812, "tight_count": 7, "pressure_label": "高壓"}}, {"type": "Feature", "geometry": {"type": "Polygon", "coordinates": [[[121.464, 25.056], [121.476, 25.056], [121.476, 25.068], [121.464, 25.068], [121.464, 25.056]]]}, "properties": {"cell_id": "10122_2088", "city": "NTPC", "area": "三重區", "lot_count": 6, "realtime_lot_count": 6, "total_capacity": 1559, "realtime_capacity": 1559, "total_available": 579, "utilization": 0.6286080821039128, "avg_available_rate": 0.3770181546976222, "tight_count": 0, "pressure_label": "中等"}}, {"type": "Feature", "geometry": {"type": "Polygon", "coordinates": [[[121.488, 24.984], [121.5, 24.984], [121.5, 24.996000000000002], [121.488, 24.996000000000002], [121.488, 24.984]]]}, "properties": {"cell_id": "10124_2082", "city": "NTPC", "area": "中和區", "lot_count": 8, "realtime_lot_count": 8, "total_capacity": 1928, "realtime_capacity": 1928, "total_available": 734, "utilization": 0.6192946058091287, "avg_available_rate": 0.3192097225015065, "tight_count": 1, "pressure_label": "中等"}}, {"type": "Feature", "geometry": {"type": "Polygon", "coordinates": [[[121.44, 24.996000000000002], [121.452, 24.996000000000002], [121.452, 25.008000000000003], [121.44, 25.008000000000003], [121.44, 24.996000000000002]]]}, "properties": {"cell_id": "10120_2083", "city": "NTPC", "area": "板橋區", "lot_count": 4, "realtime_lot_count": 4, "total_capacity": 495, "realtime_capacity": 495, "total_available": 160, "utilization": 0.6767676767676767, "avg_available_rate": 0.31316513019569786, "tight_count": 0, "pressure_label": "中等"}}, {"type": "Feature", "geometry": {"type": "Polygon", "coordinates": [[[121.464, 25.080000000000002], [121.476, 25.080000000000002], [121.476, 25.092000000000002], [121.464, 25.092000000000002], [121.464, 25.080000000000002]]]}, "properties": {"cell_id": "10122_2090", "city": "NTPC", "area": "蘆洲區", "lot_count": 5, "realtime_lot_count": 5, "total_capacity": 1045, "realtime_capacity": 1045, "total_available": 226, "utilization": 0.783732057416268, "avg_available_rate": 0.17325807758878625, "tight_count": 2, "pressure_label": "偏高"}}, {"type": "Feature", "geometry": {"type": "Polygon", "coordinates": [[[121.512, 24.972], [121.524, 24.972], [121.524, 24.984], [121.512, 24.984], [121.512, 24.972]]]}, "properties": {"cell_id": "10126_2081", "city": "NTPC", "area": "新店區", "lot_count": 8, "realtime_lot_count": 8, "total_capacity": 968, "realtime_capacity": 968, "total_available": 257, "utilization": 0.734504132231405, "avg_available_rate": 0.2607554696338218, "tight_count": 3, "pressure_label": "偏高"}}, {"type": "Feature", "geometry": {"type": "Polygon", "coordinates": [[[121.35600000000001, 24.948], [121.36800000000001, 24.948], [121.36800000000001, 24.96], [121.35600000000001, 24.96], [121.35600000000001, 24.948]]]}, "properties": {"cell_id": "10113_2079", "city": "NTPC", "area": "鶯歌區", "lot_count": 4, "realtime_lot_count": 4, "total_capacity": 227, "realtime_capacity": 227, "total_available": 56, "utilization": 0.7533039647577092, "avg_available_rate": 0.3359515765765766, "tight_count": 1, "pressure_label": "偏高"}}, {"type": "Feature", "geometry": {"type": "Polygon", "coordinates": [[[121.644, 25.056], [121.656, 25.056], [121.656, 25.068], [121.644, 25.068], [121.644, 25.056]]]}, "properties": {"cell_id": "10137_2088", "city": "NTPC", "area": "汐止區", "lot_count": 1, "realtime_lot_count": 1, "total_capacity": 772, "realtime_capacity": 772, "total_available": 223, "utilization": 0.711139896373057, "avg_available_rate": 0.28886010362694303, "tight_count": 0, "pressure_label": "偏高"}}, {"type": "Feature", "geometry": {"type": "Polygon", "coordinates": [[[121.44, 25.176000000000002], [121.452, 25.176000000000002], [121.452, 25.188000000000002], [121.44, 25.188000000000002], [121.44, 25.176000000000002]]]}, "properties": {"cell_id": "10120_2098", "city": "NTPC", "area": "淡水區", "lot_count": 1, "realtime_lot_count": 1, "total_capacity": 446, "realtime_capacity": 446, "total_available": 87, "utilization": 0.804932735426009, "avg_available_rate": 0.19506726457399104, "tight_count": 0, "pressure_label": "偏高"}}, {"type": "Feature", "geometry": {"type": "Polygon", "coordinates": [[[121.656, 25.068], [121.668, 25.068], [121.668, 25.080000000000002], [121.656, 25.080000000000002], [121.656, 25.068]]]}, "properties": {"cell_id": "10138_2089", "city": "NTPC", "area": "汐止區", "lot_count": 3, "realtime_lot_count": 3, "total_capacity": 262, "realtime_capacity": 262, "total_available": 46, "utilization": 0.8244274809160306, "avg_available_rate": 0.17924659079755656, "tight_count": 0, "pressure_label": "偏高"}}, {"type": "Feature", "geometry": {"type": "Polygon", "coordinates": [[[121.428, 25.056], [121.44, 25.056], [121.44, 25.068], [121.428, 25.068], [121.428, 25.056]]]}, "properties": {"cell_id": "10119_2088", "city": "NTPC", "area": "泰山區", "lot_count": 6, "realtime_lot_count": 6, "total_capacity": 721, "realtime_capacity": 721, "total_available": 207, "utilization": 0.7128987517337032, "avg_available_rate": 0.5166166829700637, "tight_count": 1, "pressure_label": "偏高"}}, {"type": "Feature", "geometry": {"type": "Polygon", "coordinates": [[[121.416, 25.02], [121.428, 25.02], [121.428, 25.032], [121.416, 25.032], [121.416, 25.02]]]}, "properties": {"cell_id": "10118_2085", "city": "NTPC", "area": "新莊區", "lot_count": 3, "realtime_lot_count": 3, "total_capacity": 606, "realtime_capacity": 606, "total_available": 16, "utilization": 0.9735973597359736, "avg_available_rate": 0.025636033229491175, "tight_count": 3, "pressure_label": "高壓"}}, {"type": "Feature", "geometry": {"type": "Polygon", "coordinates": [[[121.416, 25.044], [121.428, 25.044], [121.428, 25.056], [121.416, 25.056], [121.416, 25.044]]]}, "properties": {"cell_id": "10118_2087", "city": "NTPC", "area": "泰山區", "lot_count": 3, "realtime_lot_count": 3, "total_capacity": 649, "realtime_capacity": 649, "total_available": 246, "utilization": 0.6209553158705701, "avg_available_rate": 0.6758794508794509, "tight_count": 0, "pressure_label": "中等"}}, {"type": "Feature", "geometry": {"type": "Polygon", "coordinates": [[[121.464, 25.008], [121.476, 25.008], [121.476, 25.02], [121.464, 25.02], [121.464, 25.008]]]}, "properties": {"cell_id": "10122_2084", "city": "NTPC", "area": "板橋區", "lot_count": 7, "realtime_lot_count": 7, "total_capacity": 2472, "realtime_capacity": 2472, "total_available": 905, "utilization": 0.6338996763754046, "avg_available_rate": 0.5116206291581588, "tight_count": 2, "pressure_label": "中等"}}, {"type": "Feature", "geometry": {"type": "Polygon", "coordinates": [[[121.44, 25.008], [121.452, 25.008], [121.452, 25.02], [121.44, 25.02], [121.44, 25.008]]]}, "properties": {"cell_id": "10120_2084", "city": "NTPC", "area": "板橋區", "lot_count": 6, "realtime_lot_count": 6, "total_capacity": 466, "realtime_capacity": 466, "total_available": 124, "utilization": 0.7339055793991416, "avg_available_rate": 0.20070435709806247, "tight_count": 2, "pressure_label": "偏高"}}, {"type": "Feature", "geometry": {"type": "Polygon", "coordinates": [[[121.476, 25.032], [121.488, 25.032], [121.488, 25.044], [121.476, 25.044], [121.476, 25.032]]]}, "properties": {"cell_id": "10123_2086", "city": "NTPC", "area": "板橋區", "lot_count": 2, "realtime_lot_count": 2, "total_capacity": 785, "realtime_capacity": 785, "total_available": 217, "utilization": 0.7235668789808918, "avg_available_rate": 0.27107723736937217, "tight_count": 0, "pressure_label": "偏高"}}, {"type": "Feature", "geometry": {"type": "Polygon", "coordinates": [[[121.464, 25.032], [121.476, 25.032], [121.476, 25.044], [121.464, 25.044], [121.464, 25.032]]]}, "properties": {"cell_id": "10122_2086", "city": "NTPC", "area": "板橋區", "lot_count": 7, "realtime_lot_count": 7, "total_capacity": 659, "realtime_capacity": 659, "total_available": 95, "utilization": 0.8558421851289832, "avg_available_rate": 0.17127518126860636, "tight_count": 4, "pressure_label": "偏高"}}, {"type": "Feature", "geometry": {"type": "Polygon", "coordinates": [[[121.36800000000001, 25.068], [121.38000000000001, 25.068], [121.38000000000001, 25.080000000000002], [121.36800000000001, 25.080000000000002], [121.36800000000001, 25.068]]]}, "properties": {"cell_id": "10114_2089", "city": "NTPC", "area": "林口區", "lot_count": 10, "realtime_lot_count": 10, "total_capacity": 3454, "realtime_capacity": 3454, "total_available": 1770, "utilization": 0.48755066589461493, "avg_available_rate": 0.2930269140656698, "tight_count": 4, "pressure_label": "中等"}}, {"type": "Feature", "geometry": {"type": "Polygon", "coordinates": [[[121.488, 25.044], [121.5, 25.044], [121.5, 25.056], [121.488, 25.056], [121.488, 25.044]]]}, "properties": {"cell_id": "10124_2087", "city": "NTPC", "area": "三重區", "lot_count": 1, "realtime_lot_count": 1, "total_capacity": 38, "realtime_capacity": 38, "total_available": 7, "utilization": 0.8157894736842105, "avg_available_rate": 0.18421052631578946, "tight_count": 0, "pressure_label": "偏高"}}, {"type": "Feature", "geometry": {"type": "Polygon", "coordinates": [[[121.488, 25.056], [121.5, 25.056], [121.5, 25.068], [121.488, 25.068], [121.488, 25.056]]]}, "properties": {"cell_id": "10124_2088", "city": "NTPC", "area": "三重區", "lot_count": 9, "realtime_lot_count": 9, "total_capacity": 2211, "realtime_capacity": 2211, "total_available": 189, "utilization": 0.9145183175033922, "avg_available_rate": 0.10427573048434355, "tight_count": 5, "pressure_label": "高壓"}}, {"type": "Feature", "geometry": {"type": "Polygon", "coordinates": [[[121.512, 25.008], [121.524, 25.008], [121.524, 25.02], [121.512, 25.02], [121.512, 25.008]]]}, "properties": {"cell_id": "10126_2084", "city": "NTPC", "area": "永和區", "lot_count": 6, "realtime_lot_count": 6, "total_capacity": 3159, "realtime_capacity": 3159, "total_available": 415, "utilization": 0.8686293130737575, "avg_available_rate": 0.1332377680667488, "tight_count": 0, "pressure_label": "偏高"}}, {"type": "Feature", "geometry": {"type": "Polygon", "coordinates": [[[121.452, 24.996000000000002], [121.464, 24.996000000000002], [121.464, 25.008000000000003], [121.452, 25.008000000000003], [121.452, 24.996000000000002]]]}, "properties": {"cell_id": "10121_2083", "city": "NTPC", "area": "板橋區", "lot_count": 4, "realtime_lot_count": 4, "total_capacity": 766, "realtime_capacity": 766, "total_available": 83, "utilization": 0.891644908616188, "avg_available_rate": 0.13802083333333334, "tight_count": 2, "pressure_label": "偏高"}}, {"type": "Feature", "geometry": {"type": "Polygon", "coordinates": [[[121.416, 25.152], [121.428, 25.152], [121.428, 25.164], [121.416, 25.164], [121.416, 25.152]]]}, "properties": {"cell_id": "10118_2096", "city": "NTPC", "area": "八里區", "lot_count": 1, "realtime_lot_count": 1, "total_capacity": 42, "realtime_capacity": 42, "total_available": 19, "utilization": 0.5476190476190477, "avg_available_rate": 0.4523809523809524, "tight_count": 0, "pressure_label": "中等"}}, {"type": "Feature", "geometry": {"type": "Polygon", "coordinates": [[[121.404, 25.152], [121.416, 25.152], [121.416, 25.164], [121.404, 25.164], [121.404, 25.152]]]}, "properties": {"cell_id": "10117_2096", "city": "NTPC", "area": "八里區", "lot_count": 3, "realtime_lot_count": 3, "total_capacity": 343, "realtime_capacity": 343, "total_available": 110, "utilization": 0.6793002915451896, "avg_available_rate": 0.3228250523510375, "tight_count": 1, "pressure_label": "中等"}}, {"type": "Feature", "geometry": {"type": "Polygon", "coordinates": [[[121.44, 25.128], [121.452, 25.128], [121.452, 25.14], [121.44, 25.14], [121.44, 25.128]]]}, "properties": {"cell_id": "10120_2094", "city": "NTPC", "area": "八里區", "lot_count": 1, "realtime_lot_count": 1, "total_capacity": 62, "realtime_capacity": 62, "total_available": 3, "utilization": 0.9516129032258065, "avg_available_rate": 0.04838709677419355, "tight_count": 1, "pressure_label": "高壓"}}, {"type": "Feature", "geometry": {"type": "Polygon", "coordinates": [[[121.476, 25.068], [121.488, 25.068], [121.488, 25.080000000000002], [121.476, 25.080000000000002], [121.476, 25.068]]]}, "properties": {"cell_id": "10123_2089", "city": "NTPC", "area": "三重區", "lot_count": 5, "realtime_lot_count": 5, "total_capacity": 1136, "realtime_capacity": 1136, "total_available": 147, "utilization": 0.8705985915492958, "avg_available_rate": 0.10562019300560374, "tight_count": 2, "pressure_label": "偏高"}}, {"type": "Feature", "geometry": {"type": "Polygon", "coordinates": [[[121.476, 24.996000000000002], [121.488, 24.996000000000002], [121.488, 25.008000000000003], [121.476, 25.008000000000003], [121.476, 24.996000000000002]]]}, "properties": {"cell_id": "10123_2083", "city": "NTPC", "area": "中和區", "lot_count": 4, "realtime_lot_count": 4, "total_capacity": 574, "realtime_capacity": 574, "total_available": 97, "utilization": 0.8310104529616724, "avg_available_rate": 0.17619444538949183, "tight_count": 1, "pressure_label": "偏高"}}, {"type": "Feature", "geometry": {"type": "Polygon", "coordinates": [[[121.536, 24.96], [121.548, 24.96], [121.548, 24.972], [121.536, 24.972], [121.536, 24.96]]]}, "properties": {"cell_id": "10128_2080", "city": "NTPC", "area": "新店區", "lot_count": 4, "realtime_lot_count": 4, "total_capacity": 911, "realtime_capacity": 911, "total_available": 62, "utilization": 0.9319429198682766, "avg_available_rate": 0.06354751382723398, "tight_count": 4, "pressure_label": "高壓"}}, {"type": "Feature", "geometry": {"type": "Polygon", "coordinates": [[[121.776, 25.044], [121.788, 25.044], [121.788, 25.056], [121.776, 25.056], [121.776, 25.044]]]}, "properties": {"cell_id": "10148_2087", "city": "NTPC", "area": "平溪區", "lot_count": 1, "realtime_lot_count": 1, "total_capacity": 124, "realtime_capacity": 124, "total_available": 37, "utilization": 0.7016129032258065, "avg_available_rate": 0.29838709677419356, "tight_count": 0, "pressure_label": "偏高"}}, {"type": "Feature", "geometry": {"type": "Polygon", "coordinates": [[[121.44, 25.02], [121.452, 25.02], [121.452, 25.032], [121.44, 25.032], [121.44, 25.02]]]}, "properties": {"cell_id": "10120_2085", "city": "NTPC", "area": "新莊區", "lot_count": 4, "realtime_lot_count": 4, "total_capacity": 375, "realtime_capacity": 375, "total_available": 80, "utilization": 0.7866666666666666, "avg_available_rate": 0.2297271634859663, "tight_count": 0, "pressure_label": "偏高"}}, {"type": "Feature", "geometry": {"type": "Polygon", "coordinates": [[[121.452, 25.080000000000002], [121.464, 25.080000000000002], [121.464, 25.092000000000002], [121.452, 25.092000000000002], [121.452, 25.080000000000002]]]}, "properties": {"cell_id": "10121_2090", "city": "NTPC", "area": "蘆洲區", "lot_count": 7, "realtime_lot_count": 7, "total_capacity": 724, "realtime_capacity": 724, "total_available": 275, "utilization": 0.6201657458563536, "avg_available_rate": 1.8327973033836573, "tight_count": 2, "pressure_label": "中等"}}, {"type": "Feature", "geometry": {"type": "Polygon", "coordinates": [[[121.512, 24.984], [121.524, 24.984], [121.524, 24.996000000000002], [121.512, 24.996000000000002], [121.512, 24.984]]]}, "properties": {"cell_id": "10126_2082", "city": "NTPC", "area": "中和區", "lot_count": 5, "realtime_lot_count": 5, "total_capacity": 656, "realtime_capacity": 656, "total_available": 30, "utilization": 0.9542682926829268, "avg_available_rate": 0.8421666666666667, "tight_count": 3, "pressure_label": "高壓"}}, {"type": "Feature", "geometry": {"type": "Polygon", "coordinates": [[[121.656, 25.056], [121.668, 25.056], [121.668, 25.068], [121.656, 25.068], [121.656, 25.056]]]}, "properties": {"cell_id": "10138_2088", "city": "NTPC", "area": "汐止區", "lot_count": 1, "realtime_lot_count": 1, "total_capacity": 404, "realtime_capacity": 404, "total_available": 123, "utilization": 0.6955445544554455, "avg_available_rate": 0.30445544554455445, "tight_count": 0, "pressure_label": "中等"}}, {"type": "Feature", "geometry": {"type": "Polygon", "coordinates": [[[121.44, 25.032], [121.452, 25.032], [121.452, 25.044], [121.44, 25.044], [121.44, 25.032]]]}, "properties": {"cell_id": "10120_2086", "city": "NTPC", "area": "新莊區", "lot_count": 5, "realtime_lot_count": 5, "total_capacity": 1514, "realtime_capacity": 1514, "total_available": 329, "utilization": 0.7826948480845443, "avg_available_rate": 0.2333939183720161, "tight_count": 1, "pressure_label": "偏高"}}, {"type": "Feature", "geometry": {"type": "Polygon", "coordinates": [[[121.452, 25.152], [121.464, 25.152], [121.464, 25.164], [121.452, 25.164], [121.452, 25.152]]]}, "properties": {"cell_id": "10121_2096", "city": "NTPC", "area": "淡水區", "lot_count": 2, "realtime_lot_count": 2, "total_capacity": 427, "realtime_capacity": 427, "total_available": 213, "utilization": 0.5011709601873536, "avg_available_rate": 0.5023584905660378, "tight_count": 1, "pressure_label": "中等"}}, {"type": "Feature", "geometry": {"type": "Polygon", "coordinates": [[[121.452, 25.056], [121.464, 25.056], [121.464, 25.068], [121.452, 25.068], [121.452, 25.056]]]}, "properties": {"cell_id": "10121_2088", "city": "NTPC", "area": "新莊區", "lot_count": 4, "realtime_lot_count": 4, "total_capacity": 1248, "realtime_capacity": 1248, "total_available": 135, "utilization": 0.8918269230769231, "avg_available_rate": 0.11384894860953257, "tight_count": 2, "pressure_label": "偏高"}}, {"type": "Feature", "geometry": {"type": "Polygon", "coordinates": [[[121.44, 25.056], [121.452, 25.056], [121.452, 25.068], [121.44, 25.068], [121.44, 25.056]]]}, "properties": {"cell_id": "10120_2088", "city": "NTPC", "area": "新莊區", "lot_count": 3, "realtime_lot_count": 3, "total_capacity": 1281, "realtime_capacity": 1281, "total_available": 1315, "utilization": -0.02654176424668231, "avg_available_rate": 1.0405384325163611, "tight_count": 0, "pressure_label": "寬鬆"}}, {"type": "Feature", "geometry": {"type": "Polygon", "coordinates": [[[121.428, 25.044], [121.44, 25.044], [121.44, 25.056], [121.428, 25.056], [121.428, 25.044]]]}, "properties": {"cell_id": "10119_2087", "city": "NTPC", "area": "泰山區", "lot_count": 5, "realtime_lot_count": 5, "total_capacity": 871, "realtime_capacity": 871, "total_available": 233, "utilization": 0.7324913892078071, "avg_available_rate": 0.3605256323195873, "tight_count": 2, "pressure_label": "偏高"}}, {"type": "Feature", "geometry": {"type": "Polygon", "coordinates": [[[121.416, 25.032], [121.428, 25.032], [121.428, 25.044], [121.416, 25.044], [121.416, 25.032]]]}, "properties": {"cell_id": "10118_2086", "city": "NTPC", "area": "泰山區", "lot_count": 4, "realtime_lot_count": 4, "total_capacity": 504, "realtime_capacity": 504, "total_available": 165, "utilization": 0.6726190476190477, "avg_available_rate": 0.18812905844155844, "tight_count": 1, "pressure_label": "中等"}}, {"type": "Feature", "geometry": {"type": "Polygon", "coordinates": [[[121.35600000000001, 25.056], [121.36800000000001, 25.056], [121.36800000000001, 25.068], [121.35600000000001, 25.068], [121.35600000000001, 25.056]]]}, "properties": {"cell_id": "10113_2088", "city": "NTPC", "area": "林口區", "lot_count": 1, "realtime_lot_count": 1, "total_capacity": 14, "realtime_capacity": 14, "total_available": 0, "utilization": 1.0, "avg_available_rate": 0.0, "tight_count": 1, "pressure_label": "高壓"}}, {"type": "Feature", "geometry": {"type": "Polygon", "coordinates": [[[121.476, 25.056], [121.488, 25.056], [121.488, 25.068], [121.476, 25.068], [121.476, 25.056]]]}, "properties": {"cell_id": "10123_2088", "city": "NTPC", "area": "三重區", "lot_count": 9, "realtime_lot_count": 9, "total_capacity": 1481, "realtime_capacity": 1481, "total_available": 112, "utilization": 0.924375422012154, "avg_available_rate": 0.0867407711741997, "tight_count": 5, "pressure_label": "高壓"}}, {"type": "Feature", "geometry": {"type": "Polygon", "coordinates": [[[121.452, 25.128], [121.464, 25.128], [121.464, 25.14], [121.452, 25.14], [121.452, 25.128]]]}, "properties": {"cell_id": "10121_2094", "city": "NTPC", "area": "淡水區", "lot_count": 2, "realtime_lot_count": 2, "total_capacity": 494, "realtime_capacity": 494, "total_available": 72, "utilization": 0.854251012145749, "avg_available_rate": 0.18901326699834162, "tight_count": 1, "pressure_label": "偏高"}}, {"type": "Feature", "geometry": {"type": "Polygon", "coordinates": [[[121.476, 25.02], [121.488, 25.02], [121.488, 25.032], [121.476, 25.032], [121.476, 25.02]]]}, "properties": {"cell_id": "10123_2085", "city": "NTPC", "area": "板橋區", "lot_count": 2, "realtime_lot_count": 2, "total_capacity": 680, "realtime_capacity": 680, "total_available": 111, "utilization": 0.836764705882353, "avg_available_rate": 0.16207343762665155, "tight_count": 0, "pressure_label": "偏高"}}, {"type": "Feature", "geometry": {"type": "Polygon", "coordinates": [[[121.452, 25.02], [121.464, 25.02], [121.464, 25.032], [121.452, 25.032], [121.452, 25.02]]]}, "properties": {"cell_id": "10121_2085", "city": "NTPC", "area": "板橋區", "lot_count": 9, "realtime_lot_count": 9, "total_capacity": 973, "realtime_capacity": 973, "total_available": 116, "utilization": 0.880781089414183, "avg_available_rate": 0.16683412058466174, "tight_count": 5, "pressure_label": "偏高"}}, {"type": "Feature", "geometry": {"type": "Polygon", "coordinates": [[[121.428, 24.984], [121.44, 24.984], [121.44, 24.996000000000002], [121.428, 24.996000000000002], [121.428, 24.984]]]}, "properties": {"cell_id": "10119_2082", "city": "NTPC", "area": "板橋區", "lot_count": 4, "realtime_lot_count": 4, "total_capacity": 435, "realtime_capacity": 435, "total_available": 54, "utilization": 0.8758620689655172, "avg_available_rate": 0.10591615305598356, "tight_count": 1, "pressure_label": "偏高"}}, {"type": "Feature", "geometry": {"type": "Polygon", "coordinates": [[[121.416, 24.984], [121.428, 24.984], [121.428, 24.996000000000002], [121.416, 24.996000000000002], [121.416, 24.984]]]}, "properties": {"cell_id": "10118_2082", "city": "NTPC", "area": "樹林區", "lot_count": 6, "realtime_lot_count": 6, "total_capacity": 652, "realtime_capacity": 652, "total_available": 64, "utilization": 0.901840490797546, "avg_available_rate": 0.13636248273569862, "tight_count": 3, "pressure_label": "高壓"}}, {"type": "Feature", "geometry": {"type": "Polygon", "coordinates": [[[121.44, 24.972], [121.452, 24.972], [121.452, 24.984], [121.44, 24.984], [121.44, 24.972]]]}, "properties": {"cell_id": "10120_2081", "city": "NTPC", "area": "土城區", "lot_count": 5, "realtime_lot_count": 5, "total_capacity": 1017, "realtime_capacity": 1017, "total_available": 161, "utilization": 0.8416912487708947, "avg_available_rate": 0.15973774119229694, "tight_count": 2, "pressure_label": "偏高"}}, {"type": "Feature", "geometry": {"type": "Polygon", "coordinates": [[[121.5, 24.948], [121.512, 24.948], [121.512, 24.96], [121.5, 24.96], [121.5, 24.948]]]}, "properties": {"cell_id": "10125_2079", "city": "NTPC", "area": "新店區", "lot_count": 1, "realtime_lot_count": 1, "total_capacity": 62, "realtime_capacity": 62, "total_available": 12, "utilization": 0.8064516129032258, "avg_available_rate": 0.1935483870967742, "tight_count": 0, "pressure_label": "偏高"}}, {"type": "Feature", "geometry": {"type": "Polygon", "coordinates": [[[121.464, 24.996000000000002], [121.476, 24.996000000000002], [121.476, 25.008000000000003], [121.464, 25.008000000000003], [121.464, 24.996000000000002]]]}, "properties": {"cell_id": "10122_2083", "city": "NTPC", "area": "中和區", "lot_count": 5, "realtime_lot_count": 5, "total_capacity": 2054, "realtime_capacity": 2054, "total_available": 192, "utilization": 0.9065238558909445, "avg_available_rate": 0.09563803001387187, "tight_count": 4, "pressure_label": "高壓"}}, {"type": "Feature", "geometry": {"type": "Polygon", "coordinates": [[[121.452, 24.984], [121.464, 24.984], [121.464, 24.996000000000002], [121.452, 24.996000000000002], [121.452, 24.984]]]}, "properties": {"cell_id": "10121_2082", "city": "NTPC", "area": "板橋區", "lot_count": 3, "realtime_lot_count": 3, "total_capacity": 140, "realtime_capacity": 140, "total_available": 45, "utilization": 0.6785714285714286, "avg_available_rate": 0.33519287320532776, "tight_count": 0, "pressure_label": "中等"}}, {"type": "Feature", "geometry": {"type": "Polygon", "coordinates": [[[121.428, 25.152], [121.44, 25.152], [121.44, 25.164], [121.428, 25.164], [121.428, 25.152]]]}, "properties": {"cell_id": "10119_2096", "city": "NTPC", "area": "八里區", "lot_count": 2, "realtime_lot_count": 2, "total_capacity": 290, "realtime_capacity": 290, "total_available": 1, "utilization": 0.996551724137931, "avg_available_rate": 0.0029940119760479044, "tight_count": 2, "pressure_label": "高壓"}}, {"type": "Feature", "geometry": {"type": "Polygon", "coordinates": [[[121.36800000000001, 24.936], [121.38000000000001, 24.936], [121.38000000000001, 24.948], [121.36800000000001, 24.948], [121.36800000000001, 24.936]]]}, "properties": {"cell_id": "10114_2078", "city": "NTPC", "area": "三峽區", "lot_count": 3, "realtime_lot_count": 3, "total_capacity": 305, "realtime_capacity": 305, "total_available": 36, "utilization": 0.8819672131147541, "avg_available_rate": 0.21052631578947367, "tight_count": 2, "pressure_label": "偏高"}}, {"type": "Feature", "geometry": {"type": "Polygon", "coordinates": [[[121.476, 25.080000000000002], [121.488, 25.080000000000002], [121.488, 25.092000000000002], [121.476, 25.092000000000002], [121.476, 25.080000000000002]]]}, "properties": {"cell_id": "10123_2090", "city": "NTPC", "area": "蘆洲區", "lot_count": 3, "realtime_lot_count": 3, "total_capacity": 586, "realtime_capacity": 586, "total_available": 98, "utilization": 0.8327645051194539, "avg_available_rate": 0.07163742690058479, "tight_count": 2, "pressure_label": "偏高"}}, {"type": "Feature", "geometry": {"type": "Polygon", "coordinates": [[[121.416, 24.996000000000002], [121.428, 24.996000000000002], [121.428, 25.008000000000003], [121.416, 25.008000000000003], [121.416, 24.996000000000002]]]}, "properties": {"cell_id": "10118_2083", "city": "NTPC", "area": "樹林區", "lot_count": 1, "realtime_lot_count": 1, "total_capacity": 42, "realtime_capacity": 42, "total_available": 0, "utilization": 1.0, "avg_available_rate": 0.0, "tight_count": 1, "pressure_label": "高壓"}}, {"type": "Feature", "geometry": {"type": "Polygon", "coordinates": [[[121.38, 25.080000000000002], [121.392, 25.080000000000002], [121.392, 25.092000000000002], [121.38, 25.092000000000002], [121.38, 25.080000000000002]]]}, "properties": {"cell_id": "10115_2090", "city": "NTPC", "area": "林口區", "lot_count": 2, "realtime_lot_count": 2, "total_capacity": 140, "realtime_capacity": 140, "total_available": 110, "utilization": 0.2142857142857143, "avg_available_rate": 0.8095238095238095, "tight_count": 0, "pressure_label": "寬鬆"}}, {"type": "Feature", "geometry": {"type": "Polygon", "coordinates": [[[121.38, 25.068], [121.392, 25.068], [121.392, 25.080000000000002], [121.38, 25.080000000000002], [121.38, 25.068]]]}, "properties": {"cell_id": "10115_2089", "city": "NTPC", "area": "林口區", "lot_count": 2, "realtime_lot_count": 2, "total_capacity": 195, "realtime_capacity": 195, "total_available": 90, "utilization": 0.5384615384615384, "avg_available_rate": 0.4734042553191489, "tight_count": 0, "pressure_label": "中等"}}, {"type": "Feature", "geometry": {"type": "Polygon", "coordinates": [[[121.392, 25.068], [121.404, 25.068], [121.404, 25.080000000000002], [121.392, 25.080000000000002], [121.392, 25.068]]]}, "properties": {"cell_id": "10116_2089", "city": "NTPC", "area": "林口區", "lot_count": 4, "realtime_lot_count": 4, "total_capacity": 184, "realtime_capacity": 184, "total_available": 48, "utilization": 0.7391304347826086, "avg_available_rate": 0.2347988231019525, "tight_count": 0, "pressure_label": "偏高"}}, {"type": "Feature", "geometry": {"type": "Polygon", "coordinates": [[[121.428, 25.080000000000002], [121.44, 25.080000000000002], [121.44, 25.092000000000002], [121.428, 25.092000000000002], [121.428, 25.080000000000002]]]}, "properties": {"cell_id": "10119_2090", "city": "NTPC", "area": "五股區", "lot_count": 1, "realtime_lot_count": 1, "total_capacity": 308, "realtime_capacity": 308, "total_available": 0, "utilization": 1.0, "avg_available_rate": 0.0, "tight_count": 1, "pressure_label": "高壓"}}, {"type": "Feature", "geometry": {"type": "Polygon", "coordinates": [[[121.44, 25.092], [121.452, 25.092], [121.452, 25.104], [121.44, 25.104], [121.44, 25.092]]]}, "properties": {"cell_id": "10120_2091", "city": "NTPC", "area": "五股區", "lot_count": 1, "realtime_lot_count": 1, "total_capacity": 40, "realtime_capacity": 40, "total_available": 7, "utilization": 0.825, "avg_available_rate": 0.175, "tight_count": 0, "pressure_label": "偏高"}}, {"type": "Feature", "geometry": {"type": "Polygon", "coordinates": [[[121.36800000000001, 24.924], [121.38000000000001, 24.924], [121.38000000000001, 24.936], [121.36800000000001, 24.936], [121.36800000000001, 24.924]]]}, "properties": {"cell_id": "10114_2077", "city": "NTPC", "area": "三峽區", "lot_count": 4, "realtime_lot_count": 4, "total_capacity": 227, "realtime_capacity": 227, "total_available": 44, "utilization": 0.8061674008810573, "avg_available_rate": 0.24008361204013376, "tight_count": 1, "pressure_label": "偏高"}}, {"type": "Feature", "geometry": {"type": "Polygon", "coordinates": [[[121.776, 294.81600000000003], [121.788, 294.81600000000003], [121.788, 294.82800000000003], [121.776, 294.82800000000003], [121.776, 294.81600000000003]]]}, "properties": {"cell_id": "10148_24568", "city": "NTPC", "area": "林口區", "lot_count": 1, "realtime_lot_count": 1, "total_capacity": 50, "realtime_capacity": 50, "total_available": 15, "utilization": 0.7, "avg_available_rate": 0.3, "tight_count": 0, "pressure_label": "偏高"}}, {"type": "Feature", "geometry": {"type": "Polygon", "coordinates": [[[121.428, 24.996000000000002], [121.44, 24.996000000000002], [121.44, 25.008000000000003], [121.428, 25.008000000000003], [121.428, 24.996000000000002]]]}, "properties": {"cell_id": "10119_2083", "city": "NTPC", "area": "新莊區", "lot_count": 2, "realtime_lot_count": 2, "total_capacity": 277, "realtime_capacity": 277, "total_available": 66, "utilization": 0.7617328519855595, "avg_available_rate": 0.26472802559759084, "tight_count": 0, "pressure_label": "偏高"}}, {"type": "Feature", "geometry": {"type": "Polygon", "coordinates": [[[121.476, 25.044], [121.488, 25.044], [121.488, 25.056], [121.476, 25.056], [121.476, 25.044]]]}, "properties": {"cell_id": "10123_2087", "city": "NTPC", "area": "三重區", "lot_count": 6, "realtime_lot_count": 6, "total_capacity": 1164, "realtime_capacity": 1164, "total_available": 535, "utilization": 0.5403780068728523, "avg_available_rate": 0.3304389095903906, "tight_count": 1, "pressure_label": "中等"}}, {"type": "Feature", "geometry": {"type": "Polygon", "coordinates": [[[121.452, 25.068], [121.464, 25.068], [121.464, 25.080000000000002], [121.452, 25.080000000000002], [121.452, 25.068]]]}, "properties": {"cell_id": "10121_2089", "city": "NTPC", "area": "五股區", "lot_count": 4, "realtime_lot_count": 4, "total_capacity": 306, "realtime_capacity": 306, "total_available": 147, "utilization": 0.5196078431372548, "avg_available_rate": 0.4543382341412396, "tight_count": 0, "pressure_label": "中等"}}, {"type": "Feature", "geometry": {"type": "Polygon", "coordinates": [[[121.452, 25.092], [121.464, 25.092], [121.464, 25.104], [121.452, 25.104], [121.452, 25.092]]]}, "properties": {"cell_id": "10121_2091", "city": "NTPC", "area": "五股區", "lot_count": 3, "realtime_lot_count": 3, "total_capacity": 206, "realtime_capacity": 206, "total_available": 11, "utilization": 0.9466019417475728, "avg_available_rate": 0.10507514166050752, "tight_count": 2, "pressure_label": "高壓"}}, {"type": "Feature", "geometry": {"type": "Polygon", "coordinates": [[[121.452, 25.104], [121.464, 25.104], [121.464, 25.116], [121.452, 25.116], [121.452, 25.104]]]}, "properties": {"cell_id": "10121_2092", "city": "NTPC", "area": "五股區", "lot_count": 2, "realtime_lot_count": 2, "total_capacity": 188, "realtime_capacity": 188, "total_available": 14, "utilization": 0.925531914893617, "avg_available_rate": 0.10114715677809301, "tight_count": 1, "pressure_label": "高壓"}}, {"type": "Feature", "geometry": {"type": "Polygon", "coordinates": [[[121.70400000000001, 24.924], [121.71600000000001, 24.924], [121.71600000000001, 24.936], [121.70400000000001, 24.936], [121.70400000000001, 24.924]]]}, "properties": {"cell_id": "10142_2077", "city": "NTPC", "area": "坪林區", "lot_count": 1, "realtime_lot_count": 1, "total_capacity": 98, "realtime_capacity": 98, "total_available": 22, "utilization": 0.7755102040816326, "avg_available_rate": 0.22448979591836735, "tight_count": 0, "pressure_label": "偏高"}}, {"type": "Feature", "geometry": {"type": "Polygon", "coordinates": [[[121.92, 25.044], [121.932, 25.044], [121.932, 25.056], [121.92, 25.056], [121.92, 25.044]]]}, "properties": {"cell_id": "10160_2087", "city": "NTPC", "area": "貢寮區", "lot_count": 1, "realtime_lot_count": 1, "total_capacity": 88, "realtime_capacity": 88, "total_available": 40, "utilization": 0.5454545454545454, "avg_available_rate": 0.45454545454545453, "tight_count": 0, "pressure_label": "中等"}}, {"type": "Feature", "geometry": {"type": "Polygon", "coordinates": [[[121.452, 24.972], [121.464, 24.972], [121.464, 24.984], [121.452, 24.984], [121.452, 24.972]]]}, "properties": {"cell_id": "10121_2081", "city": "NTPC", "area": "土城區", "lot_count": 2, "realtime_lot_count": 2, "total_capacity": 590, "realtime_capacity": 590, "total_available": 131, "utilization": 0.7779661016949153, "avg_available_rate": 0.21550542848107937, "tight_count": 0, "pressure_label": "偏高"}}, {"type": "Feature", "geometry": {"type": "Polygon", "coordinates": [[[121.452, 25.044], [121.464, 25.044], [121.464, 25.056], [121.452, 25.056], [121.452, 25.044]]]}, "properties": {"cell_id": "10121_2087", "city": "NTPC", "area": "新莊區", "lot_count": 3, "realtime_lot_count": 3, "total_capacity": 376, "realtime_capacity": 376, "total_available": 5, "utilization": 0.9867021276595744, "avg_available_rate": 0.015290519877675842, "tight_count": 3, "pressure_label": "高壓"}}, {"type": "Feature", "geometry": {"type": "Polygon", "coordinates": [[[121.33200000000001, 24.948], [121.34400000000001, 24.948], [121.34400000000001, 24.96], [121.33200000000001, 24.96], [121.33200000000001, 24.948]]]}, "properties": {"cell_id": "10111_2079", "city": "NTPC", "area": "鶯歌區", "lot_count": 2, "realtime_lot_count": 2, "total_capacity": 285, "realtime_capacity": 285, "total_available": 169, "utilization": 0.40701754385964917, "avg_available_rate": 0.6284176698632933, "tight_count": 0, "pressure_label": "寬鬆"}}, {"type": "Feature", "geometry": {"type": "Polygon", "coordinates": [[[121.34400000000001, 24.948], [121.35600000000001, 24.948], [121.35600000000001, 24.96], [121.34400000000001, 24.96], [121.34400000000001, 24.948]]]}, "properties": {"cell_id": "10112_2079", "city": "NTPC", "area": "鶯歌區", "lot_count": 4, "realtime_lot_count": 4, "total_capacity": 376, "realtime_capacity": 376, "total_available": 102, "utilization": 0.7287234042553192, "avg_available_rate": 0.22396292757712774, "tight_count": 2, "pressure_label": "偏高"}}, {"type": "Feature", "geometry": {"type": "Polygon", "coordinates": [[[121.44, 24.96], [121.452, 24.96], [121.452, 24.972], [121.44, 24.972], [121.44, 24.96]]]}, "properties": {"cell_id": "10120_2080", "city": "NTPC", "area": "土城區", "lot_count": 1, "realtime_lot_count": 1, "total_capacity": 57, "realtime_capacity": 57, "total_available": 50, "utilization": 0.1228070175438597, "avg_available_rate": 0.8771929824561403, "tight_count": 0, "pressure_label": "寬鬆"}}, {"type": "Feature", "geometry": {"type": "Polygon", "coordinates": [[[121.5, 24.996000000000002], [121.512, 24.996000000000002], [121.512, 25.008000000000003], [121.5, 25.008000000000003], [121.5, 24.996000000000002]]]}, "properties": {"cell_id": "10125_2083", "city": "NTPC", "area": "中和區", "lot_count": 3, "realtime_lot_count": 3, "total_capacity": 938, "realtime_capacity": 938, "total_available": 134, "utilization": 0.8571428571428572, "avg_available_rate": 0.08308465767578864, "tight_count": 2, "pressure_label": "偏高"}}, {"type": "Feature", "geometry": {"type": "Polygon", "coordinates": [[[121.5, 24.984], [121.512, 24.984], [121.512, 24.996000000000002], [121.5, 24.996000000000002], [121.5, 24.984]]]}, "properties": {"cell_id": "10125_2082", "city": "NTPC", "area": "中和區", "lot_count": 4, "realtime_lot_count": 4, "total_capacity": 552, "realtime_capacity": 552, "total_available": 85, "utilization": 0.8460144927536232, "avg_available_rate": 0.17994185175194077, "tight_count": 2, "pressure_label": "偏高"}}, {"type": "Feature", "geometry": {"type": "Polygon", "coordinates": [[[121.8, 25.104], [121.812, 25.104], [121.812, 25.116], [121.8, 25.116], [121.8, 25.104]]]}, "properties": {"cell_id": "10150_2092", "city": "NTPC", "area": "瑞芳區", "lot_count": 2, "realtime_lot_count": 2, "total_capacity": 414, "realtime_capacity": 414, "total_available": 50, "utilization": 0.8792270531400966, "avg_available_rate": 0.08411703239289446, "tight_count": 1, "pressure_label": "偏高"}}, {"type": "Feature", "geometry": {"type": "Polygon", "coordinates": [[[121.512, 24.996000000000002], [121.524, 24.996000000000002], [121.524, 25.008000000000003], [121.512, 25.008000000000003], [121.512, 24.996000000000002]]]}, "properties": {"cell_id": "10126_2083", "city": "NTPC", "area": "永和區", "lot_count": 3, "realtime_lot_count": 3, "total_capacity": 1591, "realtime_capacity": 1591, "total_available": 311, "utilization": 0.8045254556882464, "avg_available_rate": 0.16788820095542056, "tight_count": 1, "pressure_label": "偏高"}}, {"type": "Feature", "geometry": {"type": "Polygon", "coordinates": [[[121.476, 25.008], [121.488, 25.008], [121.488, 25.02], [121.476, 25.02], [121.476, 25.008]]]}, "properties": {"cell_id": "10123_2084", "city": "NTPC", "area": "板橋區", "lot_count": 3, "realtime_lot_count": 3, "total_capacity": 605, "realtime_capacity": 605, "total_available": 63, "utilization": 0.8958677685950414, "avg_available_rate": 0.08606060606060606, "tight_count": 2, "pressure_label": "偏高"}}, {"type": "Feature", "geometry": {"type": "Polygon", "coordinates": [[[121.464, 24.972], [121.476, 24.972], [121.476, 24.984], [121.464, 24.984], [121.464, 24.972]]]}, "properties": {"cell_id": "10122_2081", "city": "NTPC", "area": "土城區", "lot_count": 1, "realtime_lot_count": 1, "total_capacity": 40, "realtime_capacity": 40, "total_available": 0, "utilization": 1.0, "avg_available_rate": 0.0, "tight_count": 1, "pressure_label": "高壓"}}, {"type": "Feature", "geometry": {"type": "Polygon", "coordinates": [[[121.464, 24.984], [121.476, 24.984], [121.476, 24.996000000000002], [121.464, 24.996000000000002], [121.464, 24.984]]]}, "properties": {"cell_id": "10122_2082", "city": "NTPC", "area": "土城區", "lot_count": 3, "realtime_lot_count": 3, "total_capacity": 892, "realtime_capacity": 892, "total_available": 304, "utilization": 0.6591928251121076, "avg_available_rate": 0.30811168566503827, "tight_count": 0, "pressure_label": "中等"}}, {"type": "Feature", "geometry": {"type": "Polygon", "coordinates": [[[121.428, 24.96], [121.44, 24.96], [121.44, 24.972], [121.428, 24.972], [121.428, 24.96]]]}, "properties": {"cell_id": "10119_2080", "city": "NTPC", "area": "土城區", "lot_count": 2, "realtime_lot_count": 2, "total_capacity": 282, "realtime_capacity": 282, "total_available": 18, "utilization": 0.9361702127659575, "avg_available_rate": 0.10814296241709653, "tight_count": 1, "pressure_label": "高壓"}}, {"type": "Feature", "geometry": {"type": "Polygon", "coordinates": [[[121.44, 25.080000000000002], [121.452, 25.080000000000002], [121.452, 25.092000000000002], [121.44, 25.092000000000002], [121.44, 25.080000000000002]]]}, "properties": {"cell_id": "10120_2090", "city": "NTPC", "area": "五股區", "lot_count": 2, "realtime_lot_count": 2, "total_capacity": 80, "realtime_capacity": 80, "total_available": 24, "utilization": 0.7, "avg_available_rate": 0.29479377958079783, "tight_count": 0, "pressure_label": "偏高"}}, {"type": "Feature", "geometry": {"type": "Polygon", "coordinates": [[[121.452, 25.032], [121.464, 25.032], [121.464, 25.044], [121.452, 25.044], [121.452, 25.032]]]}, "properties": {"cell_id": "10121_2086", "city": "NTPC", "area": "新莊區", "lot_count": 3, "realtime_lot_count": 3, "total_capacity": 203, "realtime_capacity": 203, "total_available": 30, "utilization": 0.8522167487684729, "avg_available_rate": 0.1546364379084967, "tight_count": 1, "pressure_label": "偏高"}}, {"type": "Feature", "geometry": {"type": "Polygon", "coordinates": [[[121.488, 25.080000000000002], [121.5, 25.080000000000002], [121.5, 25.092000000000002], [121.488, 25.092000000000002], [121.488, 25.080000000000002]]]}, "properties": {"cell_id": "10124_2090", "city": "NTPC", "area": "三重區", "lot_count": 3, "realtime_lot_count": 3, "total_capacity": 544, "realtime_capacity": 544, "total_available": 25, "utilization": 0.9540441176470589, "avg_available_rate": 0.03495592948717949, "tight_count": 3, "pressure_label": "高壓"}}, {"type": "Feature", "geometry": {"type": "Polygon", "coordinates": [[[121.512, 24.96], [121.524, 24.96], [121.524, 24.972], [121.512, 24.972], [121.512, 24.96]]]}, "properties": {"cell_id": "10126_2080", "city": "NTPC", "area": "新店區", "lot_count": 3, "realtime_lot_count": 3, "total_capacity": 276, "realtime_capacity": 276, "total_available": 49, "utilization": 0.822463768115942, "avg_available_rate": 0.22518518518518518, "tight_count": 0, "pressure_label": "偏高"}}, {"type": "Feature", "geometry": {"type": "Polygon", "coordinates": [[[121.428, 25.164], [121.44, 25.164], [121.44, 25.176000000000002], [121.428, 25.176000000000002], [121.428, 25.164]]]}, "properties": {"cell_id": "10119_2097", "city": "NTPC", "area": "淡水區", "lot_count": 2, "realtime_lot_count": 2, "total_capacity": 74, "realtime_capacity": 74, "total_available": 0, "utilization": 1.0, "avg_available_rate": 0.0, "tight_count": 2, "pressure_label": "高壓"}}, {"type": "Feature", "geometry": {"type": "Polygon", "coordinates": [[[121.392, 25.152], [121.404, 25.152], [121.404, 25.164], [121.392, 25.164], [121.392, 25.152]]]}, "properties": {"cell_id": "10116_2096", "city": "NTPC", "area": "八里區", "lot_count": 1, "realtime_lot_count": 1, "total_capacity": 87, "realtime_capacity": 87, "total_available": 43, "utilization": 0.5057471264367817, "avg_available_rate": 0.4942528735632184, "tight_count": 0, "pressure_label": "中等"}}, {"type": "Feature", "geometry": {"type": "Polygon", "coordinates": [[[121.392, 25.14], [121.404, 25.14], [121.404, 25.152], [121.392, 25.152], [121.392, 25.14]]]}, "properties": {"cell_id": "10116_2095", "city": "NTPC", "area": "八里區", "lot_count": 2, "realtime_lot_count": 2, "total_capacity": 292, "realtime_capacity": 292, "total_available": 100, "utilization": 0.6575342465753424, "avg_available_rate": 0.4047979797979798, "tight_count": 0, "pressure_label": "中等"}}, {"type": "Feature", "geometry": {"type": "Polygon", "coordinates": [[[121.524, 25.176000000000002], [121.536, 25.176000000000002], [121.536, 25.188000000000002], [121.524, 25.188000000000002], [121.524, 25.176000000000002]]]}, "properties": {"cell_id": "10127_2098", "city": "NTPC", "area": "三芝區", "lot_count": 2, "realtime_lot_count": 2, "total_capacity": 91, "realtime_capacity": 91, "total_available": 9, "utilization": 0.9010989010989011, "avg_available_rate": 0.10384615384615385, "tight_count": 1, "pressure_label": "高壓"}}, {"type": "Feature", "geometry": {"type": "Polygon", "coordinates": [[[121.512, 25.176000000000002], [121.524, 25.176000000000002], [121.524, 25.188000000000002], [121.512, 25.188000000000002], [121.512, 25.176000000000002]]]}, "properties": {"cell_id": "10126_2098", "city": "NTPC", "area": "三芝區", "lot_count": 2, "realtime_lot_count": 2, "total_capacity": 69, "realtime_capacity": 69, "total_available": 36, "utilization": 0.4782608695652174, "avg_available_rate": 0.5118243243243243, "tight_count": 0, "pressure_label": "中等"}}, {"type": "Feature", "geometry": {"type": "Polygon", "coordinates": [[[121.464, 25.044], [121.476, 25.044], [121.476, 25.056], [121.464, 25.056], [121.464, 25.044]]]}, "properties": {"cell_id": "10122_2087", "city": "NTPC", "area": "三重區", "lot_count": 2, "realtime_lot_count": 2, "total_capacity": 405, "realtime_capacity": 405, "total_available": 172, "utilization": 0.5753086419753086, "avg_available_rate": 0.39261841888100346, "tight_count": 0, "pressure_label": "中等"}}, {"type": "Feature", "geometry": {"type": "Polygon", "coordinates": [[[121.62, 24.996000000000002], [121.632, 24.996000000000002], [121.632, 25.008000000000003], [121.62, 25.008000000000003], [121.62, 24.996000000000002]]]}, "properties": {"cell_id": "10135_2083", "city": "NTPC", "area": "深坑區", "lot_count": 1, "realtime_lot_count": 1, "total_capacity": 130, "realtime_capacity": 130, "total_available": 34, "utilization": 0.7384615384615385, "avg_available_rate": 0.26153846153846155, "tight_count": 0, "pressure_label": "偏高"}}, {"type": "Feature", "geometry": {"type": "Polygon", "coordinates": [[[121.848, 25.104], [121.86, 25.104], [121.86, 25.116], [121.848, 25.116], [121.848, 25.104]]]}, "properties": {"cell_id": "10154_2092", "city": "NTPC", "area": "瑞芳區", "lot_count": 1, "realtime_lot_count": 1, "total_capacity": 61, "realtime_capacity": 61, "total_available": 0, "utilization": 1.0, "avg_available_rate": 0.0, "tight_count": 1, "pressure_label": "高壓"}}, {"type": "Feature", "geometry": {"type": "Polygon", "coordinates": [[[121.428, 25.188], [121.44, 25.188], [121.44, 25.2], [121.428, 25.2], [121.428, 25.188]]]}, "properties": {"cell_id": "10119_2099", "city": "NTPC", "area": "淡水區", "lot_count": 1, "realtime_lot_count": 1, "total_capacity": 40, "realtime_capacity": 40, "total_available": 26, "utilization": 0.35, "avg_available_rate": 0.65, "tight_count": 0, "pressure_label": "寬鬆"}}, {"type": "Feature", "geometry": {"type": "Polygon", "coordinates": [[[121.464, 25.068], [121.476, 25.068], [121.476, 25.080000000000002], [121.464, 25.080000000000002], [121.464, 25.068]]]}, "properties": {"cell_id": "10122_2089", "city": "NTPC", "area": "五股區", "lot_count": 1, "realtime_lot_count": 1, "total_capacity": 60, "realtime_capacity": 60, "total_available": 9, "utilization": 0.85, "avg_available_rate": 0.15, "tight_count": 0, "pressure_label": "偏高"}}, {"type": "Feature", "geometry": {"type": "Polygon", "coordinates": [[[121.524, 24.984], [121.536, 24.984], [121.536, 24.996000000000002], [121.524, 24.996000000000002], [121.524, 24.984]]]}, "properties": {"cell_id": "10127_2082", "city": "NTPC", "area": "中和區", "lot_count": 1, "realtime_lot_count": 1, "total_capacity": 428, "realtime_capacity": 428, "total_available": 116, "utilization": 0.7289719626168225, "avg_available_rate": 0.27102803738317754, "tight_count": 0, "pressure_label": "偏高"}}, {"type": "Feature", "geometry": {"type": "Polygon", "coordinates": [[[121.524, 24.972], [121.536, 24.972], [121.536, 24.984], [121.524, 24.984], [121.524, 24.972]]]}, "properties": {"cell_id": "10127_2081", "city": "NTPC", "area": "新店區", "lot_count": 4, "realtime_lot_count": 4, "total_capacity": 1280, "realtime_capacity": 1280, "total_available": 418, "utilization": 0.6734375, "avg_available_rate": 0.3590556242526077, "tight_count": 0, "pressure_label": "中等"}}, {"type": "Feature", "geometry": {"type": "Polygon", "coordinates": [[[121.596, 24.996000000000002], [121.608, 24.996000000000002], [121.608, 25.008000000000003], [121.596, 25.008000000000003], [121.596, 24.996000000000002]]]}, "properties": {"cell_id": "10133_2083", "city": "NTPC", "area": "深坑區", "lot_count": 1, "realtime_lot_count": 1, "total_capacity": 13, "realtime_capacity": 13, "total_available": 2, "utilization": 0.8461538461538461, "avg_available_rate": 0.15384615384615385, "tight_count": 0, "pressure_label": "偏高"}}, {"type": "Feature", "geometry": {"type": "Polygon", "coordinates": [[[121.632, 25.212], [121.644, 25.212], [121.644, 25.224], [121.632, 25.224], [121.632, 25.212]]]}, "properties": {"cell_id": "10136_2101", "city": "NTPC", "area": "金山區", "lot_count": 2, "realtime_lot_count": 2, "total_capacity": 370, "realtime_capacity": 370, "total_available": 297, "utilization": 0.19729729729729728, "avg_available_rate": 0.7778571428571428, "tight_count": 0, "pressure_label": "寬鬆"}}, {"type": "Feature", "geometry": {"type": "Polygon", "coordinates": [[[121.428, 25.032], [121.44, 25.032], [121.44, 25.044], [121.428, 25.044], [121.428, 25.032]]]}, "properties": {"cell_id": "10119_2086", "city": "NTPC", "area": "新莊區", "lot_count": 5, "realtime_lot_count": 5, "total_capacity": 612, "realtime_capacity": 612, "total_available": 276, "utilization": 0.5490196078431373, "avg_available_rate": 0.4512053252970684, "tight_count": 1, "pressure_label": "中等"}}, {"type": "Feature", "geometry": {"type": "Polygon", "coordinates": [[[121.38, 24.936], [121.392, 24.936], [121.392, 24.948], [121.38, 24.948], [121.38, 24.936]]]}, "properties": {"cell_id": "10115_2078", "city": "NTPC", "area": "樹林區", "lot_count": 1, "realtime_lot_count": 1, "total_capacity": 150, "realtime_capacity": 150, "total_available": 65, "utilization": 0.5666666666666667, "avg_available_rate": 0.43333333333333335, "tight_count": 0, "pressure_label": "中等"}}, {"type": "Feature", "geometry": {"type": "Polygon", "coordinates": [[[121.44, 25.2], [121.452, 25.2], [121.452, 25.212], [121.44, 25.212], [121.44, 25.2]]]}, "properties": {"cell_id": "10120_2100", "city": "NTPC", "area": "淡水區", "lot_count": 1, "realtime_lot_count": 1, "total_capacity": 45, "realtime_capacity": 45, "total_available": 26, "utilization": 0.4222222222222223, "avg_available_rate": 0.5777777777777777, "tight_count": 0, "pressure_label": "寬鬆"}}, {"type": "Feature", "geometry": {"type": "Polygon", "coordinates": [[[121.8, 25.128], [121.812, 25.128], [121.812, 25.14], [121.8, 25.14], [121.8, 25.128]]]}, "properties": {"cell_id": "10150_2094", "city": "NTPC", "area": "瑞芳區", "lot_count": 1, "realtime_lot_count": 1, "total_capacity": 31, "realtime_capacity": 31, "total_available": 2, "utilization": 0.935483870967742, "avg_available_rate": 0.06451612903225806, "tight_count": 1, "pressure_label": "高壓"}}, {"type": "Feature", "geometry": {"type": "Polygon", "coordinates": [[[121.488, 24.948], [121.5, 24.948], [121.5, 24.96], [121.488, 24.96], [121.488, 24.948]]]}, "properties": {"cell_id": "10124_2079", "city": "NTPC", "area": "新店區", "lot_count": 1, "realtime_lot_count": 1, "total_capacity": 41, "realtime_capacity": 41, "total_available": 18, "utilization": 0.5609756097560976, "avg_available_rate": 0.43902439024390244, "tight_count": 0, "pressure_label": "中等"}}, {"type": "Feature", "geometry": {"type": "Polygon", "coordinates": [[[121.428, 25.068], [121.44, 25.068], [121.44, 25.080000000000002], [121.428, 25.080000000000002], [121.428, 25.068]]]}, "properties": {"cell_id": "10119_2089", "city": "NTPC", "area": "五股區", "lot_count": 1, "realtime_lot_count": 1, "total_capacity": 16, "realtime_capacity": 16, "total_available": 1, "utilization": 0.9375, "avg_available_rate": 0.0625, "tight_count": 1, "pressure_label": "高壓"}}, {"type": "Feature", "geometry": {"type": "Polygon", "coordinates": [[[121.404, 24.948], [121.416, 24.948], [121.416, 24.96], [121.404, 24.96], [121.404, 24.948]]]}, "properties": {"cell_id": "10117_2079", "city": "NTPC", "area": "土城區", "lot_count": 1, "realtime_lot_count": 1, "total_capacity": 173, "realtime_capacity": 173, "total_available": 35, "utilization": 0.7976878612716762, "avg_available_rate": 0.2023121387283237, "tight_count": 0, "pressure_label": "偏高"}}, {"type": "Feature", "geometry": {"type": "Polygon", "coordinates": [[[121.404, 24.984], [121.416, 24.984], [121.416, 24.996000000000002], [121.404, 24.996000000000002], [121.404, 24.984]]]}, "properties": {"cell_id": "10117_2082", "city": "NTPC", "area": "樹林區", "lot_count": 2, "realtime_lot_count": 2, "total_capacity": 65, "realtime_capacity": 65, "total_available": 17, "utilization": 0.7384615384615385, "avg_available_rate": 0.34183673469387754, "tight_count": 0, "pressure_label": "偏高"}}, {"type": "Feature", "geometry": {"type": "Polygon", "coordinates": [[[121.404, 25.176000000000002], [121.416, 25.176000000000002], [121.416, 25.188000000000002], [121.404, 25.188000000000002], [121.404, 25.176000000000002]]]}, "properties": {"cell_id": "10117_2098", "city": "NTPC", "area": "淡水區", "lot_count": 1, "realtime_lot_count": 1, "total_capacity": 404, "realtime_capacity": 404, "total_available": 210, "utilization": 0.4801980198019802, "avg_available_rate": 0.5198019801980198, "tight_count": 0, "pressure_label": "中等"}}, {"type": "Feature", "geometry": {"type": "Polygon", "coordinates": [[[121.35600000000001, 24.924], [121.36800000000001, 24.924], [121.36800000000001, 24.936], [121.35600000000001, 24.936], [121.35600000000001, 24.924]]]}, "properties": {"cell_id": "10113_2077", "city": "NTPC", "area": "三峽區", "lot_count": 1, "realtime_lot_count": 1, "total_capacity": 259, "realtime_capacity": 259, "total_available": 33, "utilization": 0.8725868725868726, "avg_available_rate": 0.1274131274131274, "tight_count": 0, "pressure_label": "偏高"}}, {"type": "Feature", "geometry": {"type": "Polygon", "coordinates": [[[121.392, 24.900000000000002], [121.404, 24.900000000000002], [121.404, 24.912000000000003], [121.392, 24.912000000000003], [121.392, 24.900000000000002]]]}, "properties": {"cell_id": "10116_2075", "city": "NTPC", "area": "三峽區", "lot_count": 1, "realtime_lot_count": 1, "total_capacity": 209, "realtime_capacity": 209, "total_available": 88, "utilization": 0.5789473684210527, "avg_available_rate": 0.42105263157894735, "tight_count": 0, "pressure_label": "中等"}}, {"type": "Feature", "geometry": {"type": "Polygon", "coordinates": [[[121.416, 24.96], [121.428, 24.96], [121.428, 24.972], [121.416, 24.972], [121.416, 24.96]]]}, "properties": {"cell_id": "10118_2080", "city": "NTPC", "area": "土城區", "lot_count": 1, "realtime_lot_count": 1, "total_capacity": 111, "realtime_capacity": 111, "total_available": 84, "utilization": 0.2432432432432432, "avg_available_rate": 0.7567567567567568, "tight_count": 0, "pressure_label": "寬鬆"}}, {"type": "Feature", "geometry": {"type": "Polygon", "coordinates": [[[121.404, 24.96], [121.416, 24.96], [121.416, 24.972], [121.404, 24.972], [121.404, 24.96]]]}, "properties": {"cell_id": "10117_2080", "city": "NTPC", "area": "土城區", "lot_count": 2, "realtime_lot_count": 2, "total_capacity": 126, "realtime_capacity": 126, "total_available": 86, "utilization": 0.31746031746031744, "avg_available_rate": 0.7288461538461539, "tight_count": 0, "pressure_label": "寬鬆"}}, {"type": "Feature", "geometry": {"type": "Polygon", "coordinates": [[[143.052, 2.46], [143.064, 2.46], [143.064, 2.472], [143.052, 2.472], [143.052, 2.46]]]}, "properties": {"cell_id": "11921_205", "city": "NTPC", "area": "板橋區", "lot_count": 1, "realtime_lot_count": 1, "total_capacity": 132, "realtime_capacity": 132, "total_available": 38, "utilization": 0.7121212121212122, "avg_available_rate": 0.2878787878787879, "tight_count": 0, "pressure_label": "偏高"}}, {"type": "Feature", "geometry": {"type": "Polygon", "coordinates": [[[121.38, 24.96], [121.392, 24.96], [121.392, 24.972], [121.38, 24.972], [121.38, 24.96]]]}, "properties": {"cell_id": "10115_2080", "city": "NTPC", "area": "樹林區", "lot_count": 1, "realtime_lot_count": 1, "total_capacity": 72, "realtime_capacity": 72, "total_available": 3, "utilization": 0.9583333333333334, "avg_available_rate": 0.041666666666666664, "tight_count": 1, "pressure_label": "高壓"}}, {"type": "Feature", "geometry": {"type": "Polygon", "coordinates": [[[121.36800000000001, 24.96], [121.38000000000001, 24.96], [121.38000000000001, 24.972], [121.36800000000001, 24.972], [121.36800000000001, 24.96]]]}, "properties": {"cell_id": "10114_2080", "city": "NTPC", "area": "鶯歌區", "lot_count": 1, "realtime_lot_count": 1, "total_capacity": 61, "realtime_capacity": 61, "total_available": 21, "utilization": 0.6557377049180328, "avg_available_rate": 0.3442622950819672, "tight_count": 0, "pressure_label": "中等"}}, {"type": "Feature", "geometry": {"type": "Polygon", "coordinates": [[[121.548, 24.852], [121.56, 24.852], [121.56, 24.864], [121.548, 24.864], [121.548, 24.852]]]}, "properties": {"cell_id": "10129_2071", "city": "NTPC", "area": "烏來區", "lot_count": 1, "realtime_lot_count": 1, "total_capacity": 375, "realtime_capacity": 375, "total_available": 247, "utilization": 0.3413333333333334, "avg_available_rate": 0.6586666666666666, "tight_count": 0, "pressure_label": "寬鬆"}}, {"type": "Feature", "geometry": {"type": "Polygon", "coordinates": [[[121.464, 25.248], [121.476, 25.248], [121.476, 25.26], [121.464, 25.26], [121.464, 25.248]]]}, "properties": {"cell_id": "10122_2104", "city": "NTPC", "area": "三芝區", "lot_count": 1, "realtime_lot_count": 1, "total_capacity": 100, "realtime_capacity": 100, "total_available": 107, "utilization": -0.07000000000000006, "avg_available_rate": 1.07, "tight_count": 0, "pressure_label": "寬鬆"}}, {"type": "Feature", "geometry": {"type": "Polygon", "coordinates": [[[121.416, 25.176000000000002], [121.428, 25.176000000000002], [121.428, 25.188000000000002], [121.416, 25.188000000000002], [121.416, 25.176000000000002]]]}, "properties": {"cell_id": "10118_2098", "city": "NTPC", "area": "淡水區", "lot_count": 1, "realtime_lot_count": 1, "total_capacity": 140, "realtime_capacity": 140, "total_available": 1, "utilization": 0.9928571428571429, "avg_available_rate": 0.007142857142857143, "tight_count": 1, "pressure_label": "高壓"}}]}